[2026-08-18T18:37:18.400+0000] {local_task_job_runner.py:123} INFO - ::group::Pre task execution logs
[2026-08-18T18:37:18.413+0000] {taskinstance.py:2613} INFO - Dependencies all met for dep_context=non-requeueable deps ti=<TaskInstance: update_db.core_table manual__2026-08-18T18:37:02.256514+00:00 [queued]>
[2026-08-18T18:37:18.421+0000] {taskinstance.py:2613} INFO - Dependencies all met for dep_context=requeueable deps ti=<TaskInstance: update_db.core_table manual__2026-08-18T18:37:02.256514+00:00 [queued]>
[2026-08-18T18:37:18.423+0000] {taskinstance.py:2866} INFO - Starting attempt 1 of 1
[2026-08-18T18:37:18.435+0000] {taskinstance.py:2889} INFO - Executing <Task(_PythonDecoratedOperator): core_table> on 2026-08-18 18:37:02.256514+00:00
[2026-08-18T18:37:18.441+0000] {standard_task_runner.py:72} INFO - Started process 123 to run task
[2026-08-18T18:37:18.444+0000] {standard_task_runner.py:104} INFO - Running: ['airflow', 'tasks', 'run', 'update_db', 'core_table', 'manual__2026-08-18T18:37:02.256514+00:00', '--job-id', '288', '--raw', '--subdir', 'DAGS_FOLDER/main.py', '--cfg-path', '/tmp/tmped5eqd_s']
[2026-08-18T18:37:18.445+0000] {standard_task_runner.py:105} INFO - Job 288: Subtask core_table
[2026-08-18T18:37:18.503+0000] {task_command.py:467} INFO - Running <TaskInstance: update_db.core_table manual__2026-08-18T18:37:02.256514+00:00 [running]> on host 933b2a0e5d2b
[2026-08-18T18:37:18.568+0000] {taskinstance.py:3132} INFO - Exporting env vars: AIRFLOW_CTX_DAG_EMAIL='data@engineers.com' AIRFLOW_CTX_DAG_OWNER='rajashrigk' AIRFLOW_CTX_DAG_ID='update_db' AIRFLOW_CTX_TASK_ID='core_table' AIRFLOW_CTX_EXECUTION_DATE='2026-08-18T18:37:02.256514+00:00' AIRFLOW_CTX_TRY_NUMBER='1' AIRFLOW_CTX_DAG_RUN_ID='manual__2026-08-18T18:37:02.256514+00:00'
[2026-08-18T18:37:18.574+0000] {taskinstance.py:731} INFO - ::endgroup::
[2026-08-18T18:37:18.583+0000] {base.py:84} INFO - Retrieving connection 'postgres_db_yt_elt'
[2026-08-18T18:37:18.589+0000] {base.py:84} INFO - Retrieving connection 'postgres_db_yt_elt'
[2026-08-18T18:37:18.594+0000] {base.py:84} INFO - Retrieving connection 'postgres_db_yt_elt'
[2026-08-18T18:37:18.655+0000] {data_modification.py:83} INFO - Updated row with Video_ID: 7eW5WJGkt3Q
[2026-08-18T18:37:18.664+0000] {data_modification.py:83} INFO - Updated row with Video_ID: X1Q0ZCcPiC8
[2026-08-18T18:37:18.673+0000] {data_modification.py:83} INFO - Updated row with Video_ID: pQvJquX_YHs
[2026-08-18T18:37:18.686+0000] {data_modification.py:83} INFO - Updated row with Video_ID: H0fxuPaUKQo
[2026-08-18T18:37:18.694+0000] {data_modification.py:83} INFO - Updated row with Video_ID: aaHfX3yivXo
[2026-08-18T18:37:18.703+0000] {data_modification.py:83} INFO - Updated row with Video_ID: KPidb-8iw9I
[2026-08-18T18:37:18.711+0000] {data_modification.py:83} INFO - Updated row with Video_ID: a3UVcK612iU
[2026-08-18T18:37:18.719+0000] {data_modification.py:83} INFO - Updated row with Video_ID: xFzxzmCFmBs
[2026-08-18T18:37:18.728+0000] {data_modification.py:83} INFO - Updated row with Video_ID: TrPEIepZGx8
[2026-08-18T18:37:18.736+0000] {data_modification.py:83} INFO - Updated row with Video_ID: 79kKoUqmdq4
[2026-08-18T18:37:18.743+0000] {data_modification.py:83} INFO - Updated row with Video_ID: 9xHvA0I5ZBI
[2026-08-18T18:37:18.750+0000] {data_modification.py:83} INFO - Updated row with Video_ID: ArsuPyWKl8I
[2026-08-18T18:37:18.775+0000] {data_modification.py:83} INFO - Updated row with Video_ID: 6jBaJkwfL1s
[2026-08-18T18:37:18.792+0000] {data_modification.py:83} INFO - Updated row with Video_ID: xZQHS9NbkxM
[2026-08-18T18:37:18.808+0000] {data_modification.py:83} INFO - Updated row with Video_ID: GnCdluU-EIs
[2026-08-18T18:37:18.815+0000] {data_modification.py:83} INFO - Updated row with Video_ID: FMO-AP3fOh4
[2026-08-18T18:37:18.823+0000] {data_modification.py:83} INFO - Updated row with Video_ID: N_eeQVXZOeo
[2026-08-18T18:37:18.832+0000] {data_modification.py:83} INFO - Updated row with Video_ID: TJ4S7HE1LjQ
[2026-08-18T18:37:18.837+0000] {data_modification.py:83} INFO - Updated row with Video_ID: 27d7htd4RAs
[2026-08-18T18:37:18.843+0000] {data_modification.py:83} INFO - Updated row with Video_ID: 1S73MBFacFE
[2026-08-18T18:37:18.848+0000] {data_modification.py:83} INFO - Updated row with Video_ID: gOEI6ZvZhQc
[2026-08-18T18:37:18.852+0000] {data_modification.py:83} INFO - Updated row with Video_ID: 7C8vFzRv8dg
[2026-08-18T18:37:18.857+0000] {data_modification.py:83} INFO - Updated row with Video_ID: GxMxcYiXCgM
[2026-08-18T18:37:18.862+0000] {data_modification.py:83} INFO - Updated row with Video_ID: o-h3STaeFro
[2026-08-18T18:37:18.866+0000] {data_modification.py:83} INFO - Updated row with Video_ID: isNPa_fKPck
[2026-08-18T18:37:18.871+0000] {data_modification.py:83} INFO - Updated row with Video_ID: 9g_O05YEKQs
[2026-08-18T18:37:18.875+0000] {data_modification.py:83} INFO - Updated row with Video_ID: Zcpj0wGEEeY
[2026-08-18T18:37:18.880+0000] {data_modification.py:83} INFO - Updated row with Video_ID: 0TBjnUfulGw
[2026-08-18T18:37:18.886+0000] {data_modification.py:83} INFO - Updated row with Video_ID: 31brY-l0AyI
[2026-08-18T18:37:18.891+0000] {data_modification.py:83} INFO - Updated row with Video_ID: E-F5XJ2jJ1k
[2026-08-18T18:37:18.895+0000] {data_modification.py:83} INFO - Updated row with Video_ID: 10H_zj7AxjY
[2026-08-18T18:37:18.899+0000] {data_modification.py:83} INFO - Updated row with Video_ID: frOe2Vt9NeA
[2026-08-18T18:37:18.903+0000] {data_modification.py:83} INFO - Updated row with Video_ID: UVkmS2WTfFo
[2026-08-18T18:37:18.907+0000] {data_modification.py:83} INFO - Updated row with Video_ID: 02ZN57630Xg
[2026-08-18T18:37:18.911+0000] {data_modification.py:83} INFO - Updated row with Video_ID: BZg2howReh0
[2026-08-18T18:37:18.914+0000] {data_modification.py:83} INFO - Updated row with Video_ID: 9IxevWyzIhM
[2026-08-18T18:37:18.919+0000] {data_modification.py:83} INFO - Updated row with Video_ID: Y_VOz_0Nhyc
[2026-08-18T18:37:18.923+0000] {data_modification.py:83} INFO - Updated row with Video_ID: H8VLl6Y77NQ
[2026-08-18T18:37:18.926+0000] {data_modification.py:83} INFO - Updated row with Video_ID: CNCZGwqqSYI
[2026-08-18T18:37:18.930+0000] {data_modification.py:83} INFO - Updated row with Video_ID: t8sS6Lk3cYo
[2026-08-18T18:37:18.933+0000] {data_modification.py:83} INFO - Updated row with Video_ID: IT0AX-JkvQ0
[2026-08-18T18:37:18.940+0000] {data_modification.py:83} INFO - Updated row with Video_ID: 5UTkieEX-bA
[2026-08-18T18:37:18.945+0000] {data_modification.py:83} INFO - Updated row with Video_ID: Msu7c9K-WN4
[2026-08-18T18:37:18.949+0000] {data_modification.py:83} INFO - Updated row with Video_ID: jr0k_fOR1b0
[2026-08-18T18:37:18.953+0000] {data_modification.py:83} INFO - Updated row with Video_ID: YuccTqzNkLY
[2026-08-18T18:37:18.957+0000] {data_modification.py:83} INFO - Updated row with Video_ID: MPFrgj5iRfs
[2026-08-18T18:37:18.961+0000] {data_modification.py:83} INFO - Updated row with Video_ID: 2xVJvDR2Aco
[2026-08-18T18:37:18.964+0000] {data_modification.py:83} INFO - Updated row with Video_ID: pdOgW7mFgHo
[2026-08-18T18:37:18.969+0000] {data_modification.py:83} INFO - Updated row with Video_ID: 6FNRVY2vYXw
[2026-08-18T18:37:18.972+0000] {data_modification.py:83} INFO - Updated row with Video_ID: rQ-OVYSPAAQ
[2026-08-18T18:37:18.976+0000] {data_modification.py:83} INFO - Updated row with Video_ID: uokt0pavxhM
[2026-08-18T18:37:18.980+0000] {data_modification.py:83} INFO - Updated row with Video_ID: 00jncbQz5QM
[2026-08-18T18:37:18.985+0000] {data_modification.py:83} INFO - Updated row with Video_ID: UCSwVvqO6mk
[2026-08-18T18:37:18.991+0000] {data_modification.py:83} INFO - Updated row with Video_ID: lacFcgcHx6I
[2026-08-18T18:37:18.995+0000] {data_modification.py:83} INFO - Updated row with Video_ID: saxSOiLxpBs
[2026-08-18T18:37:19.000+0000] {data_modification.py:83} INFO - Updated row with Video_ID: LxKB2UJipQw
[2026-08-18T18:37:19.005+0000] {data_modification.py:83} INFO - Updated row with Video_ID: sGpc8-f2e8U
[2026-08-18T18:37:19.010+0000] {data_modification.py:83} INFO - Updated row with Video_ID: sdMHVIcPGwg
[2026-08-18T18:37:19.013+0000] {data_modification.py:83} INFO - Updated row with Video_ID: 9uUl6m0J9dg
[2026-08-18T18:37:19.017+0000] {data_modification.py:83} INFO - Updated row with Video_ID: q7L3qN_ucvQ
[2026-08-18T18:37:19.021+0000] {data_modification.py:83} INFO - Updated row with Video_ID: rdbtGeMVL_o
[2026-08-18T18:37:19.025+0000] {data_modification.py:83} INFO - Updated row with Video_ID: m7v7KLttM3k
[2026-08-18T18:37:19.029+0000] {data_modification.py:83} INFO - Updated row with Video_ID: USQpt4uF85w
[2026-08-18T18:37:19.032+0000] {data_modification.py:83} INFO - Updated row with Video_ID: SysG5lgX91Y
[2026-08-18T18:37:19.036+0000] {data_modification.py:83} INFO - Updated row with Video_ID: kKNoBH0iE1k
[2026-08-18T18:37:19.040+0000] {data_modification.py:83} INFO - Updated row with Video_ID: Tzd6exIs-aw
[2026-08-18T18:37:19.044+0000] {data_modification.py:83} INFO - Updated row with Video_ID: 8lRWZWacczA
[2026-08-18T18:37:19.048+0000] {data_modification.py:83} INFO - Updated row with Video_ID: fHBcc2oAcJU
[2026-08-18T18:37:19.052+0000] {data_modification.py:83} INFO - Updated row with Video_ID: phCov5GMOl4
[2026-08-18T18:37:19.055+0000] {data_modification.py:83} INFO - Updated row with Video_ID: wv36G-Cfc4U
[2026-08-18T18:37:19.059+0000] {data_modification.py:83} INFO - Updated row with Video_ID: JO-LZtQjwtQ
[2026-08-18T18:37:19.062+0000] {data_modification.py:83} INFO - Updated row with Video_ID: 9QTNP99Sj6Q
[2026-08-18T18:37:19.066+0000] {data_modification.py:83} INFO - Updated row with Video_ID: yW7uUoCrZFM
[2026-08-18T18:37:19.070+0000] {data_modification.py:83} INFO - Updated row with Video_ID: bRR9Hzi60YA
[2026-08-18T18:37:19.074+0000] {data_modification.py:83} INFO - Updated row with Video_ID: F0Krcd6kUNU
[2026-08-18T18:37:19.077+0000] {data_modification.py:83} INFO - Updated row with Video_ID: _wxlPGDLIE8
[2026-08-18T18:37:19.081+0000] {data_modification.py:83} INFO - Updated row with Video_ID: NuBo8fvnYw0
[2026-08-18T18:37:19.084+0000] {data_modification.py:83} INFO - Updated row with Video_ID: D1aX4l3VMpE
[2026-08-18T18:37:19.088+0000] {data_modification.py:83} INFO - Updated row with Video_ID: KstXIeCUo5k
[2026-08-18T18:37:19.092+0000] {data_modification.py:83} INFO - Updated row with Video_ID: disBIEWq5Jo
[2026-08-18T18:37:19.095+0000] {data_modification.py:83} INFO - Updated row with Video_ID: ZsPygh37hpw
[2026-08-18T18:37:19.098+0000] {data_modification.py:83} INFO - Updated row with Video_ID: MmMcs34BGQQ
[2026-08-18T18:37:19.102+0000] {data_modification.py:83} INFO - Updated row with Video_ID: Zmz5gE9nJqY
[2026-08-18T18:37:19.106+0000] {data_modification.py:83} INFO - Updated row with Video_ID: LBuUrYKQs1A
[2026-08-18T18:37:19.109+0000] {data_modification.py:83} INFO - Updated row with Video_ID: 6-tpoSaxH1E
[2026-08-18T18:37:19.113+0000] {data_modification.py:83} INFO - Updated row with Video_ID: u6Y0S1ZzyrE
[2026-08-18T18:37:19.116+0000] {data_modification.py:83} INFO - Updated row with Video_ID: axkyLmRS3mw
[2026-08-18T18:37:19.120+0000] {data_modification.py:83} INFO - Updated row with Video_ID: DTM6Rpq4lIc
[2026-08-18T18:37:19.124+0000] {data_modification.py:83} INFO - Updated row with Video_ID: FXPPMHDWMDM
[2026-08-18T18:37:19.128+0000] {data_modification.py:83} INFO - Updated row with Video_ID: N6FLYlaEhbc
[2026-08-18T18:37:19.131+0000] {data_modification.py:83} INFO - Updated row with Video_ID: YVlWj1LCv54
[2026-08-18T18:37:19.135+0000] {data_modification.py:83} INFO - Updated row with Video_ID: UCLWX5U3zz8
[2026-08-18T18:37:19.138+0000] {data_modification.py:83} INFO - Updated row with Video_ID: qt2XslRMOto
[2026-08-18T18:37:19.142+0000] {data_modification.py:83} INFO - Updated row with Video_ID: Gef8kiZSq3U
[2026-08-18T18:37:19.146+0000] {data_modification.py:83} INFO - Updated row with Video_ID: sX6gEwH-SA4
[2026-08-18T18:37:19.149+0000] {data_modification.py:83} INFO - Updated row with Video_ID: 3UPny7Ll9q0
[2026-08-18T18:37:19.153+0000] {data_modification.py:83} INFO - Updated row with Video_ID: mbUXjgUNC9A
[2026-08-18T18:37:19.157+0000] {data_modification.py:83} INFO - Updated row with Video_ID: ZfMEVzUKlcU
[2026-08-18T18:37:19.161+0000] {data_modification.py:83} INFO - Updated row with Video_ID: AozQaJkIVjo
[2026-08-18T18:37:19.164+0000] {data_modification.py:83} INFO - Updated row with Video_ID: SqZlk5PMlbg
[2026-08-18T18:37:19.168+0000] {data_modification.py:83} INFO - Updated row with Video_ID: umY8puBmIFE
[2026-08-18T18:37:19.171+0000] {data_modification.py:83} INFO - Updated row with Video_ID: I1hE85KMXYY
[2026-08-18T18:37:19.175+0000] {data_modification.py:83} INFO - Updated row with Video_ID: vJzN2GcR6O0
[2026-08-18T18:37:19.178+0000] {data_modification.py:83} INFO - Updated row with Video_ID: q1hvfs-VL5U
[2026-08-18T18:37:19.182+0000] {data_modification.py:83} INFO - Updated row with Video_ID: X6wtL19fxmg
[2026-08-18T18:37:19.185+0000] {data_modification.py:83} INFO - Updated row with Video_ID: gtTSk4RdZfc
[2026-08-18T18:37:19.189+0000] {data_modification.py:83} INFO - Updated row with Video_ID: U1NsJu_dJ_Q
[2026-08-18T18:37:19.192+0000] {data_modification.py:83} INFO - Updated row with Video_ID: ttTr-QWH7hU
[2026-08-18T18:37:19.196+0000] {data_modification.py:83} INFO - Updated row with Video_ID: 8LCrf5849AA
[2026-08-18T18:37:19.199+0000] {data_modification.py:83} INFO - Updated row with Video_ID: L60PCbrIjqk
[2026-08-18T18:37:19.203+0000] {data_modification.py:83} INFO - Updated row with Video_ID: 23dbj3silMU
[2026-08-18T18:37:19.206+0000] {data_modification.py:83} INFO - Updated row with Video_ID: iL8ER1H4bs0
[2026-08-18T18:37:19.210+0000] {data_modification.py:83} INFO - Updated row with Video_ID: FGHUDxPrYos
[2026-08-18T18:37:19.213+0000] {data_modification.py:83} INFO - Updated row with Video_ID: rb9536WrfDA
[2026-08-18T18:37:19.217+0000] {data_modification.py:83} INFO - Updated row with Video_ID: _drpwj1kfBI
[2026-08-18T18:37:19.220+0000] {data_modification.py:83} INFO - Updated row with Video_ID: kKnHSAJ3Vus
[2026-08-18T18:37:19.224+0000] {data_modification.py:83} INFO - Updated row with Video_ID: RZiQipNLX_k
[2026-08-18T18:37:19.228+0000] {data_modification.py:83} INFO - Updated row with Video_ID: w9TAdQxshhg
[2026-08-18T18:37:19.231+0000] {data_modification.py:83} INFO - Updated row with Video_ID: gSiClsQnsaQ
[2026-08-18T18:37:19.234+0000] {data_modification.py:83} INFO - Updated row with Video_ID: 7fsb6ZESyzE
[2026-08-18T18:37:19.239+0000] {data_modification.py:83} INFO - Updated row with Video_ID: NpqFaS2T0Sg
[2026-08-18T18:37:19.243+0000] {data_modification.py:83} INFO - Updated row with Video_ID: aXgv77_yj2M
[2026-08-18T18:37:19.246+0000] {data_modification.py:83} INFO - Updated row with Video_ID: D4VJ9LW1Ypw
[2026-08-18T18:37:19.250+0000] {data_modification.py:83} INFO - Updated row with Video_ID: 3dqWCppVKCU
[2026-08-18T18:37:19.253+0000] {data_modification.py:83} INFO - Updated row with Video_ID: GB613J8JG5U
[2026-08-18T18:37:19.257+0000] {data_modification.py:83} INFO - Updated row with Video_ID: U0RCgj1XvSk
[2026-08-18T18:37:19.260+0000] {data_modification.py:83} INFO - Updated row with Video_ID: 9Gr5RCoseGw
[2026-08-18T18:37:19.264+0000] {data_modification.py:83} INFO - Updated row with Video_ID: Uw1GCN_rz2A
[2026-08-18T18:37:19.268+0000] {data_modification.py:83} INFO - Updated row with Video_ID: pIAAJzElidg
[2026-08-18T18:37:19.272+0000] {data_modification.py:83} INFO - Updated row with Video_ID: re2glO6__Dg
[2026-08-18T18:37:19.276+0000] {data_modification.py:83} INFO - Updated row with Video_ID: vFrkf8WyJVc
[2026-08-18T18:37:19.280+0000] {data_modification.py:83} INFO - Updated row with Video_ID: n21Fns_hsI4
[2026-08-18T18:37:19.284+0000] {data_modification.py:83} INFO - Updated row with Video_ID: _baDbB8jUY0
[2026-08-18T18:37:19.287+0000] {data_modification.py:83} INFO - Updated row with Video_ID: rcxao2sgExE
[2026-08-18T18:37:19.290+0000] {data_modification.py:83} INFO - Updated row with Video_ID: 7DmnXvWmOfE
[2026-08-18T18:37:19.294+0000] {data_modification.py:83} INFO - Updated row with Video_ID: rdOENTn7RLQ
[2026-08-18T18:37:19.297+0000] {data_modification.py:83} INFO - Updated row with Video_ID: JEN3vtVadqE
[2026-08-18T18:37:19.300+0000] {data_modification.py:83} INFO - Updated row with Video_ID: Q0-su2NRmms
[2026-08-18T18:37:19.304+0000] {data_modification.py:83} INFO - Updated row with Video_ID: 5suNXiI1vjQ
[2026-08-18T18:37:19.308+0000] {data_modification.py:83} INFO - Updated row with Video_ID: GmbS0E2q98M
[2026-08-18T18:37:19.312+0000] {data_modification.py:83} INFO - Updated row with Video_ID: wQPCRXV-SMc
[2026-08-18T18:37:19.315+0000] {data_modification.py:83} INFO - Updated row with Video_ID: ZDr9-jZavd0
[2026-08-18T18:37:19.319+0000] {data_modification.py:83} INFO - Updated row with Video_ID: -MzmomicG-w
[2026-08-18T18:37:19.322+0000] {data_modification.py:83} INFO - Updated row with Video_ID: JZ5pYus_i-E
[2026-08-18T18:37:19.326+0000] {data_modification.py:83} INFO - Updated row with Video_ID: U_tKz2--CNw
[2026-08-18T18:37:19.329+0000] {data_modification.py:83} INFO - Updated row with Video_ID: s-Mb0owDp-M
[2026-08-18T18:37:19.335+0000] {data_modification.py:83} INFO - Updated row with Video_ID: x_YKMjhvCuI
[2026-08-18T18:37:19.339+0000] {data_modification.py:83} INFO - Updated row with Video_ID: wxkQrtYKofc
[2026-08-18T18:37:19.342+0000] {data_modification.py:83} INFO - Updated row with Video_ID: m46vU8_Z_TU
[2026-08-18T18:37:19.345+0000] {data_modification.py:83} INFO - Updated row with Video_ID: FOShWdqVbeI
[2026-08-18T18:37:19.351+0000] {data_modification.py:83} INFO - Updated row with Video_ID: N1tsv3Cd3y0
[2026-08-18T18:37:19.355+0000] {data_modification.py:83} INFO - Updated row with Video_ID: qrz1ANz2hgA
[2026-08-18T18:37:19.362+0000] {data_modification.py:83} INFO - Updated row with Video_ID: Jle_idA-_CI
[2026-08-18T18:37:19.365+0000] {data_modification.py:83} INFO - Updated row with Video_ID: 07GiK7JpgWM
[2026-08-18T18:37:19.368+0000] {data_modification.py:83} INFO - Updated row with Video_ID: zx3J1Z5JEcs
[2026-08-18T18:37:19.371+0000] {data_modification.py:83} INFO - Updated row with Video_ID: FdJn8GtmciU
[2026-08-18T18:37:19.377+0000] {data_modification.py:83} INFO - Updated row with Video_ID: t0ZYA4-_XCs
[2026-08-18T18:37:19.380+0000] {data_modification.py:83} INFO - Updated row with Video_ID: zaDMDLQB3RE
[2026-08-18T18:37:19.400+0000] {data_modification.py:83} INFO - Updated row with Video_ID: OMig8byHT0g
[2026-08-18T18:37:19.407+0000] {data_modification.py:83} INFO - Updated row with Video_ID: yhkwU_8nzcc
[2026-08-18T18:37:19.411+0000] {data_modification.py:83} INFO - Updated row with Video_ID: kCZdE_zfZf0
[2026-08-18T18:37:19.414+0000] {data_modification.py:83} INFO - Updated row with Video_ID: mGpaIjdRDdw
[2026-08-18T18:37:19.417+0000] {data_modification.py:83} INFO - Updated row with Video_ID: INfL9UeWkfg
[2026-08-18T18:37:19.424+0000] {data_modification.py:83} INFO - Updated row with Video_ID: hJZ43EXfUDA
[2026-08-18T18:37:19.431+0000] {data_modification.py:83} INFO - Updated row with Video_ID: YjMIEulKtx4
[2026-08-18T18:37:19.434+0000] {data_modification.py:83} INFO - Updated row with Video_ID: VAtgcFtqIqw
[2026-08-18T18:37:19.439+0000] {data_modification.py:83} INFO - Updated row with Video_ID: S_9eF68GVEI
[2026-08-18T18:37:19.443+0000] {data_modification.py:83} INFO - Updated row with Video_ID: XN3VW6rUlLE
[2026-08-18T18:37:19.447+0000] {data_modification.py:83} INFO - Updated row with Video_ID: UtQmQYSTQ1c
[2026-08-18T18:37:19.451+0000] {data_modification.py:83} INFO - Updated row with Video_ID: LuE8IZarvMc
[2026-08-18T18:37:19.455+0000] {data_modification.py:83} INFO - Updated row with Video_ID: UgKt9bI0p7g
[2026-08-18T18:37:19.459+0000] {data_modification.py:83} INFO - Updated row with Video_ID: ZiiSoLb7WvU
[2026-08-18T18:37:19.463+0000] {data_modification.py:83} INFO - Updated row with Video_ID: loggLZ4Gs60
[2026-08-18T18:37:19.467+0000] {data_modification.py:83} INFO - Updated row with Video_ID: Tq_h9XvND8s
[2026-08-18T18:37:19.470+0000] {data_modification.py:83} INFO - Updated row with Video_ID: cwg7LzVc1BE
[2026-08-18T18:37:19.474+0000] {data_modification.py:83} INFO - Updated row with Video_ID: ZOU-ekl1H9M
[2026-08-18T18:37:19.477+0000] {data_modification.py:83} INFO - Updated row with Video_ID: eN3pFGLYXDA
[2026-08-18T18:37:19.480+0000] {data_modification.py:83} INFO - Updated row with Video_ID: F1VGhCbn-Dk
[2026-08-18T18:37:19.483+0000] {data_modification.py:83} INFO - Updated row with Video_ID: -heydX6ivVs
[2026-08-18T18:37:19.487+0000] {data_modification.py:83} INFO - Updated row with Video_ID: dREGcZFpBZk
[2026-08-18T18:37:19.490+0000] {data_modification.py:83} INFO - Updated row with Video_ID: nEZc0_IhFlQ
[2026-08-18T18:37:19.494+0000] {data_modification.py:83} INFO - Updated row with Video_ID: Y-uaajHkbh8
[2026-08-18T18:37:19.497+0000] {data_modification.py:83} INFO - Updated row with Video_ID: JaXo8o6Pk08
[2026-08-18T18:37:19.500+0000] {data_modification.py:83} INFO - Updated row with Video_ID: x5lkswNc1Wc
[2026-08-18T18:37:19.503+0000] {data_modification.py:83} INFO - Updated row with Video_ID: R878NxqapRA
[2026-08-18T18:37:19.507+0000] {data_modification.py:83} INFO - Updated row with Video_ID: tRDN-MEJdho
[2026-08-18T18:37:19.510+0000] {data_modification.py:83} INFO - Updated row with Video_ID: 05g8p2CDayI
[2026-08-18T18:37:19.513+0000] {data_modification.py:83} INFO - Updated row with Video_ID: d0lw6NABcxE
[2026-08-18T18:37:19.517+0000] {data_modification.py:83} INFO - Updated row with Video_ID: Ga-5vbe6OCU
[2026-08-18T18:37:19.524+0000] {data_modification.py:83} INFO - Updated row with Video_ID: rMvHPSJywWY
[2026-08-18T18:37:19.527+0000] {data_modification.py:83} INFO - Updated row with Video_ID: TD-1xFts04M
[2026-08-18T18:37:19.530+0000] {data_modification.py:83} INFO - Updated row with Video_ID: lRjZiOAtmQE
[2026-08-18T18:37:19.534+0000] {data_modification.py:83} INFO - Updated row with Video_ID: -iEwd-caPiQ
[2026-08-18T18:37:19.538+0000] {data_modification.py:83} INFO - Updated row with Video_ID: 7p92MFHMmUs
[2026-08-18T18:37:19.541+0000] {data_modification.py:83} INFO - Updated row with Video_ID: D3Fekckw9S0
[2026-08-18T18:37:19.544+0000] {data_modification.py:83} INFO - Updated row with Video_ID: JGC3_S9ZrRk
[2026-08-18T18:37:19.548+0000] {data_modification.py:83} INFO - Updated row with Video_ID: tdD3dPp2dbc
[2026-08-18T18:37:19.552+0000] {data_modification.py:83} INFO - Updated row with Video_ID: --FjBwCYwM4
[2026-08-18T18:37:19.555+0000] {data_modification.py:83} INFO - Updated row with Video_ID: gC8hO8fyFGk
[2026-08-18T18:37:19.559+0000] {data_modification.py:83} INFO - Updated row with Video_ID: XSakz034hio
[2026-08-18T18:37:19.562+0000] {data_modification.py:83} INFO - Updated row with Video_ID: PHKqlwL0xg8
[2026-08-18T18:37:19.566+0000] {data_modification.py:83} INFO - Updated row with Video_ID: rAlYj2PdwiM
[2026-08-18T18:37:19.569+0000] {data_modification.py:83} INFO - Updated row with Video_ID: usmu9LUPhfw
[2026-08-18T18:37:19.572+0000] {data_modification.py:83} INFO - Updated row with Video_ID: zcEU9UxE8ss
[2026-08-18T18:37:19.576+0000] {data_modification.py:83} INFO - Updated row with Video_ID: PUUcXsf1l4w
[2026-08-18T18:37:19.579+0000] {data_modification.py:83} INFO - Updated row with Video_ID: khZ8WyYuSao
[2026-08-18T18:37:19.582+0000] {data_modification.py:83} INFO - Updated row with Video_ID: Td4wlQcIDTY
[2026-08-18T18:37:19.586+0000] {data_modification.py:83} INFO - Updated row with Video_ID: etgQjtdNEtc
[2026-08-18T18:37:19.597+0000] {data_modification.py:83} INFO - Updated row with Video_ID: ugtBVLLzIg4
[2026-08-18T18:37:19.600+0000] {data_modification.py:83} INFO - Updated row with Video_ID: uSc1wDvZeWw
[2026-08-18T18:37:19.604+0000] {data_modification.py:83} INFO - Updated row with Video_ID: 7H7RKqSmRc4
[2026-08-18T18:37:19.607+0000] {data_modification.py:83} INFO - Updated row with Video_ID: 90lLQVZe2Nc
[2026-08-18T18:37:19.611+0000] {data_modification.py:83} INFO - Updated row with Video_ID: DFPYpMXG21w
[2026-08-18T18:37:19.615+0000] {data_modification.py:83} INFO - Updated row with Video_ID: Tpsh3qUaaKc
[2026-08-18T18:37:19.618+0000] {data_modification.py:83} INFO - Updated row with Video_ID: fOr6DbfRP1k
[2026-08-18T18:37:19.622+0000] {data_modification.py:83} INFO - Updated row with Video_ID: g_27766gCE4
[2026-08-18T18:37:19.626+0000] {data_modification.py:83} INFO - Updated row with Video_ID: 8pFVGR-9SLk
[2026-08-18T18:37:19.633+0000] {data_modification.py:83} INFO - Updated row with Video_ID: d7ZYuRglhvw
[2026-08-18T18:37:19.639+0000] {data_modification.py:83} INFO - Updated row with Video_ID: uTJhC9sZp-c
[2026-08-18T18:37:19.644+0000] {data_modification.py:83} INFO - Updated row with Video_ID: Tbz35Mc8pzE
[2026-08-18T18:37:19.648+0000] {data_modification.py:83} INFO - Updated row with Video_ID: 9QXCkMTbrSk
[2026-08-18T18:37:19.652+0000] {data_modification.py:83} INFO - Updated row with Video_ID: V1synzyOknI
[2026-08-18T18:37:19.657+0000] {data_modification.py:83} INFO - Updated row with Video_ID: jTbePZRfntY
[2026-08-18T18:37:19.661+0000] {data_modification.py:83} INFO - Updated row with Video_ID: Z3_qBGrDNDY
[2026-08-18T18:37:19.665+0000] {data_modification.py:83} INFO - Updated row with Video_ID: mAqdcwQi3tg
[2026-08-18T18:37:19.669+0000] {data_modification.py:83} INFO - Updated row with Video_ID: 0HrbKJkvjS8
[2026-08-18T18:37:19.674+0000] {data_modification.py:83} INFO - Updated row with Video_ID: _t4HoffKe7g
[2026-08-18T18:37:19.677+0000] {data_modification.py:83} INFO - Updated row with Video_ID: zpe8I9yEUbc
[2026-08-18T18:37:19.681+0000] {data_modification.py:83} INFO - Updated row with Video_ID: CG9oTjCob7U
[2026-08-18T18:37:19.685+0000] {data_modification.py:83} INFO - Updated row with Video_ID: YN16_b04Xd0
[2026-08-18T18:37:19.689+0000] {data_modification.py:83} INFO - Updated row with Video_ID: 5q9yOjEW14s
[2026-08-18T18:37:19.693+0000] {data_modification.py:83} INFO - Updated row with Video_ID: afdx8HUX3RA
[2026-08-18T18:37:19.696+0000] {data_modification.py:83} INFO - Updated row with Video_ID: xw5rBMEqTGk
[2026-08-18T18:37:19.700+0000] {data_modification.py:83} INFO - Updated row with Video_ID: L6-uAaty3YY
[2026-08-18T18:37:19.705+0000] {data_modification.py:83} INFO - Updated row with Video_ID: MGdHHVuTlH0
[2026-08-18T18:37:19.708+0000] {data_modification.py:83} INFO - Updated row with Video_ID: AZXB_yUU6DY
[2026-08-18T18:37:19.712+0000] {data_modification.py:83} INFO - Updated row with Video_ID: aMePYSyr5sM
[2026-08-18T18:37:19.716+0000] {data_modification.py:83} INFO - Updated row with Video_ID: J2GKwMI_J_I
[2026-08-18T18:37:19.719+0000] {data_modification.py:83} INFO - Updated row with Video_ID: c23uT-LLl1M
[2026-08-18T18:37:19.723+0000] {data_modification.py:83} INFO - Updated row with Video_ID: dyUR_E7WRfI
[2026-08-18T18:37:19.727+0000] {data_modification.py:83} INFO - Updated row with Video_ID: KGoSZNcbIaE
[2026-08-18T18:37:19.730+0000] {data_modification.py:83} INFO - Updated row with Video_ID: JftX6q6GVes
[2026-08-18T18:37:19.734+0000] {data_modification.py:83} INFO - Updated row with Video_ID: MU4raR9LS3I
[2026-08-18T18:37:19.738+0000] {data_modification.py:83} INFO - Updated row with Video_ID: it6TU7xcruc
[2026-08-18T18:37:19.741+0000] {data_modification.py:83} INFO - Updated row with Video_ID: J9J4TICzBxE
[2026-08-18T18:37:19.745+0000] {data_modification.py:83} INFO - Updated row with Video_ID: nZrBQqxYe2A
[2026-08-18T18:37:19.748+0000] {data_modification.py:83} INFO - Updated row with Video_ID: g4PwWIvRSdY
[2026-08-18T18:37:19.751+0000] {data_modification.py:83} INFO - Updated row with Video_ID: ikJI7cFLdl4
[2026-08-18T18:37:19.755+0000] {data_modification.py:83} INFO - Updated row with Video_ID: 1Iz-wq5W4WE
[2026-08-18T18:37:19.758+0000] {data_modification.py:83} INFO - Updated row with Video_ID: lf7AS1cl6GI
[2026-08-18T18:37:19.762+0000] {data_modification.py:83} INFO - Updated row with Video_ID: DQw6xoIXZGI
[2026-08-18T18:37:19.765+0000] {data_modification.py:83} INFO - Updated row with Video_ID: NIid9qPMWe8
[2026-08-18T18:37:19.769+0000] {data_modification.py:83} INFO - Updated row with Video_ID: qMhkCmO_MAA
[2026-08-18T18:37:19.772+0000] {data_modification.py:83} INFO - Updated row with Video_ID: RcbO4Yo2bII
[2026-08-18T18:37:19.776+0000] {data_modification.py:83} INFO - Updated row with Video_ID: RyaaCDMjlDo
[2026-08-18T18:37:19.779+0000] {data_modification.py:83} INFO - Updated row with Video_ID: nLCc7BE8qnw
[2026-08-18T18:37:19.783+0000] {data_modification.py:83} INFO - Updated row with Video_ID: lMN7779M4h4
[2026-08-18T18:37:19.787+0000] {data_modification.py:83} INFO - Updated row with Video_ID: CYkPnOFTX_U
[2026-08-18T18:37:19.790+0000] {data_modification.py:83} INFO - Updated row with Video_ID: WKpGfM1VJn8
[2026-08-18T18:37:19.794+0000] {data_modification.py:83} INFO - Updated row with Video_ID: hVBpr7-SsSw
[2026-08-18T18:37:19.797+0000] {data_modification.py:83} INFO - Updated row with Video_ID: eiIDHP2xpCI
[2026-08-18T18:37:19.801+0000] {data_modification.py:83} INFO - Updated row with Video_ID: 2KX22j0oZg0
[2026-08-18T18:37:19.805+0000] {data_modification.py:83} INFO - Updated row with Video_ID: aEC0Q0OhlvM
[2026-08-18T18:37:19.808+0000] {data_modification.py:83} INFO - Updated row with Video_ID: nrVyl0awWsw
[2026-08-18T18:37:19.812+0000] {data_modification.py:83} INFO - Updated row with Video_ID: F8Kg91YJRGE
[2026-08-18T18:37:19.816+0000] {data_modification.py:83} INFO - Updated row with Video_ID: KhFGtYvasuU
[2026-08-18T18:37:19.820+0000] {data_modification.py:83} INFO - Updated row with Video_ID: vgeQVBqZ86U
[2026-08-18T18:37:19.824+0000] {data_modification.py:83} INFO - Updated row with Video_ID: Rg-hYS-QkEo
[2026-08-18T18:37:19.830+0000] {data_modification.py:83} INFO - Updated row with Video_ID: lOg7AJVF8SQ
[2026-08-18T18:37:19.839+0000] {data_modification.py:83} INFO - Updated row with Video_ID: fBxZPQZyNp0
[2026-08-18T18:37:19.846+0000] {data_modification.py:83} INFO - Updated row with Video_ID: di0eIQOpIck
[2026-08-18T18:37:19.852+0000] {data_modification.py:83} INFO - Updated row with Video_ID: wuTd4yVSWAk
[2026-08-18T18:37:19.858+0000] {data_modification.py:83} INFO - Updated row with Video_ID: OaNnGkjir-0
[2026-08-18T18:37:19.866+0000] {data_modification.py:83} INFO - Updated row with Video_ID: V7ZrhGma3l8
[2026-08-18T18:37:19.871+0000] {data_modification.py:83} INFO - Updated row with Video_ID: jg8bcFcJMkQ
[2026-08-18T18:37:19.877+0000] {data_modification.py:83} INFO - Updated row with Video_ID: J1wun_gH_JA
[2026-08-18T18:37:19.883+0000] {data_modification.py:83} INFO - Updated row with Video_ID: fGzd12i7MOE
[2026-08-18T18:37:19.891+0000] {data_modification.py:83} INFO - Updated row with Video_ID: nuSVg6J91Wc
[2026-08-18T18:37:19.901+0000] {data_modification.py:83} INFO - Updated row with Video_ID: Pkk7pGFfxxQ
[2026-08-18T18:37:19.907+0000] {data_modification.py:83} INFO - Updated row with Video_ID: pm1RIvAZk2w
[2026-08-18T18:37:19.916+0000] {data_modification.py:83} INFO - Updated row with Video_ID: s7KrsWVqAMs
[2026-08-18T18:37:19.924+0000] {data_modification.py:83} INFO - Updated row with Video_ID: rCntwNsgQgI
[2026-08-18T18:37:19.930+0000] {data_modification.py:83} INFO - Updated row with Video_ID: RQPSeIv0ZE0
[2026-08-18T18:37:19.936+0000] {data_modification.py:83} INFO - Updated row with Video_ID: l8P-1IkZYS8
[2026-08-18T18:37:19.942+0000] {data_modification.py:83} INFO - Updated row with Video_ID: toTXl4NYAQM
[2026-08-18T18:37:19.950+0000] {data_modification.py:83} INFO - Updated row with Video_ID: U5JHNP3R3ME
[2026-08-18T18:37:19.957+0000] {data_modification.py:83} INFO - Updated row with Video_ID: brl7lbSKo2Y
[2026-08-18T18:37:19.962+0000] {data_modification.py:83} INFO - Updated row with Video_ID: -MhSrFcrXYI
[2026-08-18T18:37:19.967+0000] {data_modification.py:83} INFO - Updated row with Video_ID: ke3Pb9_oMrg
[2026-08-18T18:37:19.975+0000] {data_modification.py:83} INFO - Updated row with Video_ID: RdDMOdj2AtI
[2026-08-18T18:37:19.981+0000] {data_modification.py:83} INFO - Updated row with Video_ID: D5_GE9pq_cg
[2026-08-18T18:37:19.987+0000] {data_modification.py:83} INFO - Updated row with Video_ID: syyxrt8_mBA
[2026-08-18T18:37:19.993+0000] {data_modification.py:83} INFO - Updated row with Video_ID: I4GIZf8uYSk
[2026-08-18T18:37:20.000+0000] {data_modification.py:83} INFO - Updated row with Video_ID: 9XYPdiREZvs
[2026-08-18T18:37:20.006+0000] {data_modification.py:83} INFO - Updated row with Video_ID: JqxZGXQf0qg
[2026-08-18T18:37:20.012+0000] {data_modification.py:83} INFO - Updated row with Video_ID: z1lPXO0pv_4
[2026-08-18T18:37:20.017+0000] {data_modification.py:83} INFO - Updated row with Video_ID: UEtS3ENzajQ
[2026-08-18T18:37:20.024+0000] {data_modification.py:83} INFO - Updated row with Video_ID: LyTH5rp4heo
[2026-08-18T18:37:20.030+0000] {data_modification.py:83} INFO - Updated row with Video_ID: JOsrihef5gM
[2026-08-18T18:37:20.037+0000] {data_modification.py:83} INFO - Updated row with Video_ID: lEFcoM16t4Q
[2026-08-18T18:37:20.047+0000] {data_modification.py:83} INFO - Updated row with Video_ID: P0o7gaxED3w
[2026-08-18T18:37:20.053+0000] {data_modification.py:83} INFO - Updated row with Video_ID: qVKV6iTUmGE
[2026-08-18T18:37:20.059+0000] {data_modification.py:83} INFO - Updated row with Video_ID: r9gAFGR7GxI
[2026-08-18T18:37:20.065+0000] {data_modification.py:83} INFO - Updated row with Video_ID: rDLa6JT7upM
[2026-08-18T18:37:20.073+0000] {data_modification.py:83} INFO - Updated row with Video_ID: d699MWNsNew
[2026-08-18T18:37:20.079+0000] {data_modification.py:83} INFO - Updated row with Video_ID: TDW4iMVcZzs
[2026-08-18T18:37:20.086+0000] {data_modification.py:83} INFO - Updated row with Video_ID: WuQuVIt1vwo
[2026-08-18T18:37:20.093+0000] {data_modification.py:83} INFO - Updated row with Video_ID: sgCiOz79i3w
[2026-08-18T18:37:20.101+0000] {data_modification.py:83} INFO - Updated row with Video_ID: Xik34jh-doc
[2026-08-18T18:37:20.108+0000] {data_modification.py:83} INFO - Updated row with Video_ID: wS1VG6Hl-xQ
[2026-08-18T18:37:20.122+0000] {data_modification.py:83} INFO - Updated row with Video_ID: ceMDkQgVsqo
[2026-08-18T18:37:20.130+0000] {data_modification.py:83} INFO - Updated row with Video_ID: DdQhoqjWqbc
[2026-08-18T18:37:20.138+0000] {data_modification.py:83} INFO - Updated row with Video_ID: pZB9Y3OHL1w
[2026-08-18T18:37:20.147+0000] {data_modification.py:83} INFO - Updated row with Video_ID: aATA0jI-SGQ
[2026-08-18T18:37:20.155+0000] {data_modification.py:83} INFO - Updated row with Video_ID: 0zXDy8ZTJ3I
[2026-08-18T18:37:20.162+0000] {data_modification.py:83} INFO - Updated row with Video_ID: fuiqQVeGLNQ
[2026-08-18T18:37:20.168+0000] {data_modification.py:83} INFO - Updated row with Video_ID: tVxHIqiWWbo
[2026-08-18T18:37:20.177+0000] {data_modification.py:83} INFO - Updated row with Video_ID: 483owj7dzIw
[2026-08-18T18:37:20.183+0000] {data_modification.py:83} INFO - Updated row with Video_ID: nqrMwzafyoA
[2026-08-18T18:37:20.192+0000] {data_modification.py:83} INFO - Updated row with Video_ID: eq2-9dJaSpc
[2026-08-18T18:37:20.200+0000] {data_modification.py:83} INFO - Updated row with Video_ID: n-PkAPZZwn0
[2026-08-18T18:37:20.209+0000] {data_modification.py:83} INFO - Updated row with Video_ID: t7lAcalTmeM
[2026-08-18T18:37:20.213+0000] {data_modification.py:83} INFO - Updated row with Video_ID: hUT0Vait9Mg
[2026-08-18T18:37:20.223+0000] {data_modification.py:83} INFO - Updated row with Video_ID: FdJG8pXwOio
[2026-08-18T18:37:20.229+0000] {data_modification.py:83} INFO - Updated row with Video_ID: 1Fu2BJnYi0g
[2026-08-18T18:37:20.239+0000] {data_modification.py:83} INFO - Updated row with Video_ID: meh2dLqYq6w
[2026-08-18T18:37:20.245+0000] {data_modification.py:83} INFO - Updated row with Video_ID: JmMZztHdyM4
[2026-08-18T18:37:20.261+0000] {data_modification.py:83} INFO - Updated row with Video_ID: EqLekFkXlKg
[2026-08-18T18:37:20.272+0000] {data_modification.py:83} INFO - Updated row with Video_ID: SsSjKGny1No
[2026-08-18T18:37:20.280+0000] {data_modification.py:83} INFO - Updated row with Video_ID: mDLQGESS2X0
[2026-08-18T18:37:20.287+0000] {data_modification.py:83} INFO - Updated row with Video_ID: Po1kAXrqqSM
[2026-08-18T18:37:20.293+0000] {data_modification.py:83} INFO - Updated row with Video_ID: 1_SmoGwqjd8
[2026-08-18T18:37:20.302+0000] {data_modification.py:83} INFO - Updated row with Video_ID: kbtOilKqaIg
[2026-08-18T18:37:20.308+0000] {data_modification.py:83} INFO - Updated row with Video_ID: jSqw1b0Pp6M
[2026-08-18T18:37:20.315+0000] {data_modification.py:83} INFO - Updated row with Video_ID: hHDXze1iyKE
[2026-08-18T18:37:20.321+0000] {data_modification.py:83} INFO - Updated row with Video_ID: W7uGxt67CQI
[2026-08-18T18:37:20.329+0000] {data_modification.py:83} INFO - Updated row with Video_ID: 1PrRa-wWbSI
[2026-08-18T18:37:20.336+0000] {data_modification.py:83} INFO - Updated row with Video_ID: lQH8zaEl9Mk
[2026-08-18T18:37:20.342+0000] {data_modification.py:83} INFO - Updated row with Video_ID: R7w7ixf9sUQ
[2026-08-18T18:37:20.350+0000] {data_modification.py:83} INFO - Updated row with Video_ID: BAtiDbFG2_o
[2026-08-18T18:37:20.359+0000] {data_modification.py:83} INFO - Updated row with Video_ID: SbY0rONwQU8
[2026-08-18T18:37:20.365+0000] {data_modification.py:83} INFO - Updated row with Video_ID: J2l35NphGEg
[2026-08-18T18:37:20.371+0000] {data_modification.py:83} INFO - Updated row with Video_ID: OTtBrwkfr1U
[2026-08-18T18:37:20.377+0000] {data_modification.py:83} INFO - Updated row with Video_ID: Lg7BdO49v2E
[2026-08-18T18:37:20.385+0000] {data_modification.py:83} INFO - Updated row with Video_ID: xKderCGKZtg
[2026-08-18T18:37:20.392+0000] {data_modification.py:83} INFO - Updated row with Video_ID: yJCdrGQfxQ4
[2026-08-18T18:37:20.399+0000] {data_modification.py:83} INFO - Updated row with Video_ID: 0uOo8LRW-oI
[2026-08-18T18:37:20.405+0000] {data_modification.py:83} INFO - Updated row with Video_ID: CQKW2TUU04Q
[2026-08-18T18:37:20.413+0000] {data_modification.py:83} INFO - Updated row with Video_ID: AuNT4Oq4UG4
[2026-08-18T18:37:20.420+0000] {data_modification.py:83} INFO - Updated row with Video_ID: MB81icl6Sag
[2026-08-18T18:37:20.426+0000] {data_modification.py:83} INFO - Updated row with Video_ID: TeGqUHWEHaY
[2026-08-18T18:37:20.432+0000] {data_modification.py:83} INFO - Updated row with Video_ID: LQ1sKcehbaw
[2026-08-18T18:37:20.439+0000] {data_modification.py:83} INFO - Updated row with Video_ID: Lj3phFrIvOA
[2026-08-18T18:37:20.445+0000] {data_modification.py:83} INFO - Updated row with Video_ID: Qm1vXsytMnw
[2026-08-18T18:37:20.451+0000] {data_modification.py:83} INFO - Updated row with Video_ID: RMAux-sD1bA
[2026-08-18T18:37:20.457+0000] {data_modification.py:83} INFO - Updated row with Video_ID: vHQK1wrAtB0
[2026-08-18T18:37:20.465+0000] {data_modification.py:83} INFO - Updated row with Video_ID: 2hl-uVjXZzc
[2026-08-18T18:37:20.471+0000] {data_modification.py:83} INFO - Updated row with Video_ID: PCx7S7q9hPM
[2026-08-18T18:37:20.478+0000] {data_modification.py:83} INFO - Updated row with Video_ID: rIHGrEz52po
[2026-08-18T18:37:20.485+0000] {data_modification.py:83} INFO - Updated row with Video_ID: Ut8n_2Bclmw
[2026-08-18T18:37:20.494+0000] {data_modification.py:83} INFO - Updated row with Video_ID: XsFSTd20lW8
[2026-08-18T18:37:20.500+0000] {data_modification.py:83} INFO - Updated row with Video_ID: PZBBDdlA5uA
[2026-08-18T18:37:20.509+0000] {data_modification.py:83} INFO - Updated row with Video_ID: IevlkYSl2U0
[2026-08-18T18:37:20.520+0000] {data_modification.py:83} INFO - Updated row with Video_ID: rNr8WFaYlhI
[2026-08-18T18:37:20.527+0000] {data_modification.py:83} INFO - Updated row with Video_ID: JJ3CguQdBpM
[2026-08-18T18:37:20.533+0000] {data_modification.py:83} INFO - Updated row with Video_ID: 9FUj29yc1Zg
[2026-08-18T18:37:20.539+0000] {data_modification.py:83} INFO - Updated row with Video_ID: ofi7RT0SbLI
[2026-08-18T18:37:20.545+0000] {data_modification.py:83} INFO - Updated row with Video_ID: cAdxP7mOKoo
[2026-08-18T18:37:20.551+0000] {data_modification.py:83} INFO - Updated row with Video_ID: sHUWy3YV5bs
[2026-08-18T18:37:20.569+0000] {data_modification.py:83} INFO - Updated row with Video_ID: 3qE6Co5u9ns
[2026-08-18T18:37:20.577+0000] {data_modification.py:83} INFO - Updated row with Video_ID: Xvtwj6GGEhc
[2026-08-18T18:37:20.583+0000] {data_modification.py:83} INFO - Updated row with Video_ID: x9KRb4JS82M
[2026-08-18T18:37:20.589+0000] {data_modification.py:83} INFO - Updated row with Video_ID: ejiePMck88s
[2026-08-18T18:37:20.595+0000] {data_modification.py:83} INFO - Updated row with Video_ID: icIL15AIQBk
[2026-08-18T18:37:20.604+0000] {data_modification.py:83} INFO - Updated row with Video_ID: Z3Z1hdqFlwI
[2026-08-18T18:37:20.609+0000] {data_modification.py:83} INFO - Updated row with Video_ID: uBUCHEFaMqo
[2026-08-18T18:37:20.615+0000] {data_modification.py:83} INFO - Updated row with Video_ID: iIqHXu9G21w
[2026-08-18T18:37:20.622+0000] {data_modification.py:83} INFO - Updated row with Video_ID: OfPSvgps61M
[2026-08-18T18:37:20.631+0000] {data_modification.py:83} INFO - Updated row with Video_ID: x3qyh9XpqAk
[2026-08-18T18:37:20.637+0000] {data_modification.py:83} INFO - Updated row with Video_ID: gT0h7vtHf94
[2026-08-18T18:37:20.643+0000] {data_modification.py:83} INFO - Updated row with Video_ID: uTj6YC5eZCM
[2026-08-18T18:37:20.648+0000] {data_modification.py:83} INFO - Updated row with Video_ID: K-Q4r37XgVw
[2026-08-18T18:37:20.657+0000] {data_modification.py:83} INFO - Updated row with Video_ID: ckmpW70n6Pw
[2026-08-18T18:37:20.665+0000] {data_modification.py:83} INFO - Updated row with Video_ID: 3ImPBSnDd0A
[2026-08-18T18:37:20.671+0000] {data_modification.py:83} INFO - Updated row with Video_ID: jfUW78Vo-Bk
[2026-08-18T18:37:20.679+0000] {data_modification.py:83} INFO - Updated row with Video_ID: J7NUcBL8h3c
[2026-08-18T18:37:20.687+0000] {data_modification.py:83} INFO - Updated row with Video_ID: PsfMpZA9yD4
[2026-08-18T18:37:20.695+0000] {data_modification.py:83} INFO - Updated row with Video_ID: maA_Y0bkr6I
[2026-08-18T18:37:20.702+0000] {data_modification.py:83} INFO - Updated row with Video_ID: voM-zksN4nA
[2026-08-18T18:37:20.707+0000] {data_modification.py:83} INFO - Updated row with Video_ID: BPfIpbKNqsc
[2026-08-18T18:37:20.711+0000] {data_modification.py:83} INFO - Updated row with Video_ID: P2bJ6CASHPI
[2026-08-18T18:37:20.716+0000] {data_modification.py:83} INFO - Updated row with Video_ID: NcTcYDjBNNk
[2026-08-18T18:37:20.721+0000] {data_modification.py:83} INFO - Updated row with Video_ID: FegAK9CkPEw
[2026-08-18T18:37:20.725+0000] {data_modification.py:83} INFO - Updated row with Video_ID: -x3xXtrpRYk
[2026-08-18T18:37:20.731+0000] {data_modification.py:83} INFO - Updated row with Video_ID: 3xKubDLHKrA
[2026-08-18T18:37:20.737+0000] {data_modification.py:83} INFO - Updated row with Video_ID: b__Q5B0J6GY
[2026-08-18T18:37:20.741+0000] {data_modification.py:83} INFO - Updated row with Video_ID: vczYVrdxWrg
[2026-08-18T18:37:20.747+0000] {data_modification.py:83} INFO - Updated row with Video_ID: bA5UANrRhe0
[2026-08-18T18:37:20.751+0000] {data_modification.py:83} INFO - Updated row with Video_ID: yiH-I47ySsc
[2026-08-18T18:37:20.755+0000] {data_modification.py:83} INFO - Updated row with Video_ID: wVD4VF9eSGk
[2026-08-18T18:37:20.758+0000] {data_modification.py:83} INFO - Updated row with Video_ID: SttyZBzamuw
[2026-08-18T18:37:20.762+0000] {data_modification.py:83} INFO - Updated row with Video_ID: ONEkk8WZx-4
[2026-08-18T18:37:20.766+0000] {data_modification.py:83} INFO - Updated row with Video_ID: rCU5kv4VIDc
[2026-08-18T18:37:20.770+0000] {data_modification.py:83} INFO - Updated row with Video_ID: lYjE0p9dkVY
[2026-08-18T18:37:20.775+0000] {data_modification.py:83} INFO - Updated row with Video_ID: I081CMGPckM
[2026-08-18T18:37:20.779+0000] {data_modification.py:83} INFO - Updated row with Video_ID: 4B1jfMeMBqg
[2026-08-18T18:37:20.783+0000] {data_modification.py:83} INFO - Updated row with Video_ID: ppcwOAKabKQ
[2026-08-18T18:37:20.786+0000] {data_modification.py:83} INFO - Updated row with Video_ID: CoNtWmqgc3E
[2026-08-18T18:37:20.790+0000] {data_modification.py:83} INFO - Updated row with Video_ID: Lv-AyjLYsVE
[2026-08-18T18:37:20.794+0000] {data_modification.py:83} INFO - Updated row with Video_ID: Qbb4rBxA9uk
[2026-08-18T18:37:20.797+0000] {data_modification.py:83} INFO - Updated row with Video_ID: 5cuIHGNrngs
[2026-08-18T18:37:20.805+0000] {data_modification.py:83} INFO - Updated row with Video_ID: IcIo8A4Jw0k
[2026-08-18T18:37:20.809+0000] {data_modification.py:83} INFO - Updated row with Video_ID: ynaWClAA3Is
[2026-08-18T18:37:20.812+0000] {data_modification.py:83} INFO - Updated row with Video_ID: 4fAO73_Lkbs
[2026-08-18T18:37:20.816+0000] {data_modification.py:83} INFO - Updated row with Video_ID: MAXdPEwhvoo
[2026-08-18T18:37:20.820+0000] {data_modification.py:83} INFO - Updated row with Video_ID: EfHKaMELVjI
[2026-08-18T18:37:20.824+0000] {data_modification.py:83} INFO - Updated row with Video_ID: x8gX-YL9Ahk
[2026-08-18T18:37:20.828+0000] {data_modification.py:83} INFO - Updated row with Video_ID: Wtlu-AffPzI
[2026-08-18T18:37:20.832+0000] {data_modification.py:83} INFO - Updated row with Video_ID: 9kUFRCsAilE
[2026-08-18T18:37:20.836+0000] {data_modification.py:83} INFO - Updated row with Video_ID: aIILep6_WYo
[2026-08-18T18:37:20.840+0000] {data_modification.py:83} INFO - Updated row with Video_ID: wXMOUcw6rwQ
[2026-08-18T18:37:20.844+0000] {data_modification.py:83} INFO - Updated row with Video_ID: f68L9JaTDgI
[2026-08-18T18:37:20.849+0000] {data_modification.py:83} INFO - Updated row with Video_ID: UBPTePKZZUk
[2026-08-18T18:37:20.857+0000] {data_modification.py:83} INFO - Updated row with Video_ID: o3g8IkwmYm0
[2026-08-18T18:37:20.866+0000] {data_modification.py:83} INFO - Updated row with Video_ID: GxRfvcpk-g8
[2026-08-18T18:37:20.873+0000] {data_modification.py:83} INFO - Updated row with Video_ID: ldtdBzQBqzc
[2026-08-18T18:37:20.879+0000] {data_modification.py:83} INFO - Updated row with Video_ID: 2OtcC1G0_VY
[2026-08-18T18:37:20.884+0000] {data_modification.py:83} INFO - Updated row with Video_ID: CcY_s9AtqnY
[2026-08-18T18:37:20.888+0000] {data_modification.py:83} INFO - Updated row with Video_ID: uLnJy8LddgM
[2026-08-18T18:37:20.893+0000] {data_modification.py:83} INFO - Updated row with Video_ID: W7vXo-bI5bc
[2026-08-18T18:37:20.898+0000] {data_modification.py:83} INFO - Updated row with Video_ID: qaAgIAFSihA
[2026-08-18T18:37:20.903+0000] {data_modification.py:83} INFO - Updated row with Video_ID: zrdFjOltFJ0
[2026-08-18T18:37:20.908+0000] {data_modification.py:83} INFO - Updated row with Video_ID: tkqAdXwXQls
[2026-08-18T18:37:20.912+0000] {data_modification.py:83} INFO - Updated row with Video_ID: tizkqD3xKZ0
[2026-08-18T18:37:20.916+0000] {data_modification.py:83} INFO - Updated row with Video_ID: RKxuKMhaMnI
[2026-08-18T18:37:20.923+0000] {data_modification.py:83} INFO - Updated row with Video_ID: TdkGQxqdAkY
[2026-08-18T18:37:20.932+0000] {data_modification.py:83} INFO - Updated row with Video_ID: 7v6tDBOAy0k
[2026-08-18T18:37:20.936+0000] {data_modification.py:83} INFO - Updated row with Video_ID: 9LPDYoPrkB8
[2026-08-18T18:37:20.940+0000] {data_modification.py:83} INFO - Updated row with Video_ID: yQP4RVgCWso
[2026-08-18T18:37:20.944+0000] {data_modification.py:83} INFO - Updated row with Video_ID: lrbWRIzvZKc
[2026-08-18T18:37:20.948+0000] {data_modification.py:83} INFO - Updated row with Video_ID: ojZn9TnpNRs
[2026-08-18T18:37:20.951+0000] {data_modification.py:83} INFO - Updated row with Video_ID: T7dcQhjvTWU
[2026-08-18T18:37:20.955+0000] {data_modification.py:83} INFO - Updated row with Video_ID: JOPqfdh_o_g
[2026-08-18T18:37:20.959+0000] {data_modification.py:83} INFO - Updated row with Video_ID: d4NLSoghYhI
[2026-08-18T18:37:20.963+0000] {data_modification.py:83} INFO - Updated row with Video_ID: 1DnB_fw1zM4
[2026-08-18T18:37:20.966+0000] {data_modification.py:83} INFO - Updated row with Video_ID: qZGuWSzL_gc
[2026-08-18T18:37:20.970+0000] {data_modification.py:83} INFO - Updated row with Video_ID: XYjyQLkzs6M
[2026-08-18T18:37:20.974+0000] {data_modification.py:83} INFO - Updated row with Video_ID: KesQF-BcVBE
[2026-08-18T18:37:20.978+0000] {data_modification.py:83} INFO - Updated row with Video_ID: J9jWCz_6lZ0
[2026-08-18T18:37:20.982+0000] {data_modification.py:83} INFO - Updated row with Video_ID: TLIKrH4mkkE
[2026-08-18T18:37:20.987+0000] {data_modification.py:83} INFO - Updated row with Video_ID: 3fsfXa-x1k8
[2026-08-18T18:37:20.991+0000] {data_modification.py:83} INFO - Updated row with Video_ID: WtjOB5ra8XU
[2026-08-18T18:37:20.995+0000] {data_modification.py:83} INFO - Updated row with Video_ID: QEoQ_NxtPpM
[2026-08-18T18:37:20.998+0000] {data_modification.py:83} INFO - Updated row with Video_ID: 7ij9e-rkRrA
[2026-08-18T18:37:21.002+0000] {data_modification.py:83} INFO - Updated row with Video_ID: zqKKCOHRrww
[2026-08-18T18:37:21.006+0000] {data_modification.py:83} INFO - Updated row with Video_ID: YH6X5m0xico
[2026-08-18T18:37:21.009+0000] {data_modification.py:83} INFO - Updated row with Video_ID: bPfxBfLgXgs
[2026-08-18T18:37:21.013+0000] {data_modification.py:83} INFO - Updated row with Video_ID: EF3UfscxyrY
[2026-08-18T18:37:21.017+0000] {data_modification.py:83} INFO - Updated row with Video_ID: ApnZrR84F8s
[2026-08-18T18:37:21.020+0000] {data_modification.py:83} INFO - Updated row with Video_ID: oAvsdws5bSw
[2026-08-18T18:37:21.024+0000] {data_modification.py:83} INFO - Updated row with Video_ID: pt6HbNMxUdk
[2026-08-18T18:37:21.027+0000] {data_modification.py:83} INFO - Updated row with Video_ID: GRNbwuHnlv8
[2026-08-18T18:37:21.031+0000] {data_modification.py:83} INFO - Updated row with Video_ID: iQL7RWCAbh4
[2026-08-18T18:37:21.035+0000] {data_modification.py:83} INFO - Updated row with Video_ID: 5mJYfliinXI
[2026-08-18T18:37:21.038+0000] {data_modification.py:83} INFO - Updated row with Video_ID: giZk-zQKGSI
[2026-08-18T18:37:21.042+0000] {data_modification.py:83} INFO - Updated row with Video_ID: DfMnlzRglrY
[2026-08-18T18:37:21.045+0000] {data_modification.py:83} INFO - Updated row with Video_ID: rp3e8vX6Iww
[2026-08-18T18:37:21.049+0000] {data_modification.py:83} INFO - Updated row with Video_ID: Dl2Wrle3kr0
[2026-08-18T18:37:21.052+0000] {data_modification.py:83} INFO - Updated row with Video_ID: GMjSHcYNeio
[2026-08-18T18:37:21.056+0000] {data_modification.py:83} INFO - Updated row with Video_ID: gGzjvm4_Wq0
[2026-08-18T18:37:21.060+0000] {data_modification.py:83} INFO - Updated row with Video_ID: fqCEf0GaohI
[2026-08-18T18:37:21.063+0000] {data_modification.py:83} INFO - Updated row with Video_ID: 5lxAunI40Eo
[2026-08-18T18:37:21.067+0000] {data_modification.py:83} INFO - Updated row with Video_ID: d2Guar7BFxw
[2026-08-18T18:37:21.071+0000] {data_modification.py:83} INFO - Updated row with Video_ID: ixNpmM5FdlE
[2026-08-18T18:37:21.074+0000] {data_modification.py:83} INFO - Updated row with Video_ID: Wb5Zy9wMDBc
[2026-08-18T18:37:21.077+0000] {data_modification.py:83} INFO - Updated row with Video_ID: CPscYNjJZ6E
[2026-08-18T18:37:21.081+0000] {data_modification.py:83} INFO - Updated row with Video_ID: 9U0ycVJkgQk
[2026-08-18T18:37:21.084+0000] {data_modification.py:83} INFO - Updated row with Video_ID: 5aYxLtqHlZg
[2026-08-18T18:37:21.087+0000] {data_modification.py:83} INFO - Updated row with Video_ID: LvOeeHHK7v4
[2026-08-18T18:37:21.091+0000] {data_modification.py:83} INFO - Updated row with Video_ID: 7bA2xkI0PiE
[2026-08-18T18:37:21.094+0000] {data_modification.py:83} INFO - Updated row with Video_ID: VrgW3KEFx-0
[2026-08-18T18:37:21.097+0000] {data_modification.py:83} INFO - Updated row with Video_ID: WztZlaAGWPk
[2026-08-18T18:37:21.100+0000] {data_modification.py:83} INFO - Updated row with Video_ID: UFG0W57X0NE
[2026-08-18T18:37:21.105+0000] {data_modification.py:83} INFO - Updated row with Video_ID: VXnTPk-WBqo
[2026-08-18T18:37:21.112+0000] {data_modification.py:83} INFO - Updated row with Video_ID: 6-FafJwCaeo
[2026-08-18T18:37:21.116+0000] {data_modification.py:83} INFO - Updated row with Video_ID: 0QZ1yJj0WBg
[2026-08-18T18:37:21.121+0000] {data_modification.py:83} INFO - Updated row with Video_ID: J0TkybCKaJI
[2026-08-18T18:37:21.125+0000] {data_modification.py:83} INFO - Updated row with Video_ID: sB_UVeLCcW8
[2026-08-18T18:37:21.128+0000] {data_modification.py:83} INFO - Updated row with Video_ID: QFAPvU9HNKs
[2026-08-18T18:37:21.132+0000] {data_modification.py:83} INFO - Updated row with Video_ID: 2H6UJ8gWez8
[2026-08-18T18:37:21.136+0000] {data_modification.py:83} INFO - Updated row with Video_ID: tstLK-hNqwI
[2026-08-18T18:37:21.140+0000] {data_modification.py:83} INFO - Updated row with Video_ID: XNzaV1F3Lxg
[2026-08-18T18:37:21.143+0000] {data_modification.py:83} INFO - Updated row with Video_ID: TXkP_OrUVNs
[2026-08-18T18:37:21.147+0000] {data_modification.py:83} INFO - Updated row with Video_ID: QDryDofxJx0
[2026-08-18T18:37:21.150+0000] {data_modification.py:83} INFO - Updated row with Video_ID: ucxYHgCUT2w
[2026-08-18T18:37:21.154+0000] {data_modification.py:83} INFO - Updated row with Video_ID: KpmtuC-6ZMg
[2026-08-18T18:37:21.158+0000] {data_modification.py:83} INFO - Updated row with Video_ID: En8wK5jKu28
[2026-08-18T18:37:21.161+0000] {data_modification.py:83} INFO - Updated row with Video_ID: uTvE5UtdN24
[2026-08-18T18:37:21.167+0000] {data_modification.py:83} INFO - Updated row with Video_ID: mEHRR6r75po
[2026-08-18T18:37:21.171+0000] {data_modification.py:83} INFO - Updated row with Video_ID: oSXXo4SyiYY
[2026-08-18T18:37:21.175+0000] {data_modification.py:83} INFO - Updated row with Video_ID: ohrZOzZiC7U
[2026-08-18T18:37:21.178+0000] {data_modification.py:83} INFO - Updated row with Video_ID: e-kcBLqdzW8
[2026-08-18T18:37:21.182+0000] {data_modification.py:83} INFO - Updated row with Video_ID: EdKdkGK34AU
[2026-08-18T18:37:21.185+0000] {data_modification.py:83} INFO - Updated row with Video_ID: 2yVUZyaDS9g
[2026-08-18T18:37:21.189+0000] {data_modification.py:83} INFO - Updated row with Video_ID: n80jMTMljcQ
[2026-08-18T18:37:21.193+0000] {data_modification.py:83} INFO - Updated row with Video_ID: mcp_fX9TSYg
[2026-08-18T18:37:21.196+0000] {data_modification.py:83} INFO - Updated row with Video_ID: kWBRBQgDBAE
[2026-08-18T18:37:21.200+0000] {data_modification.py:83} INFO - Updated row with Video_ID: LoKCWdD_5R4
[2026-08-18T18:37:21.204+0000] {data_modification.py:83} INFO - Updated row with Video_ID: UcU67xgPkbc
[2026-08-18T18:37:21.212+0000] {data_modification.py:83} INFO - Updated row with Video_ID: R2PujibGGiM
[2026-08-18T18:37:21.215+0000] {data_modification.py:83} INFO - Updated row with Video_ID: 69eABcQr2fA
[2026-08-18T18:37:21.220+0000] {data_modification.py:83} INFO - Updated row with Video_ID: QBfMH_1sAB8
[2026-08-18T18:37:21.224+0000] {data_modification.py:83} INFO - Updated row with Video_ID: oPvYl1NoAwA
[2026-08-18T18:37:21.231+0000] {data_modification.py:83} INFO - Updated row with Video_ID: cntzOnaWxoc
[2026-08-18T18:37:21.234+0000] {data_modification.py:83} INFO - Updated row with Video_ID: IiII3rBs_xQ
[2026-08-18T18:37:21.238+0000] {data_modification.py:83} INFO - Updated row with Video_ID: YH_3hzFeubM
[2026-08-18T18:37:21.242+0000] {data_modification.py:83} INFO - Updated row with Video_ID: 8OgwKBiDu5w
[2026-08-18T18:37:21.246+0000] {data_modification.py:83} INFO - Updated row with Video_ID: DabQkRH6UnQ
[2026-08-18T18:37:21.249+0000] {data_modification.py:83} INFO - Updated row with Video_ID: 3jIZTvVC6Rk
[2026-08-18T18:37:21.254+0000] {data_modification.py:83} INFO - Updated row with Video_ID: fHBR1j1kJ1I
[2026-08-18T18:37:21.259+0000] {data_modification.py:83} INFO - Updated row with Video_ID: CY8dk_fXafA
[2026-08-18T18:37:21.263+0000] {data_modification.py:83} INFO - Updated row with Video_ID: ynM2Qg66zF4
[2026-08-18T18:37:21.267+0000] {data_modification.py:83} INFO - Updated row with Video_ID: 5nUd5md4oVA
[2026-08-18T18:37:21.270+0000] {data_modification.py:83} INFO - Updated row with Video_ID: b1z6DMPzG9s
[2026-08-18T18:37:21.274+0000] {data_modification.py:83} INFO - Updated row with Video_ID: Muu17c3ges0
[2026-08-18T18:37:21.277+0000] {data_modification.py:83} INFO - Updated row with Video_ID: Iyk1MbNkU1s
[2026-08-18T18:37:21.280+0000] {data_modification.py:83} INFO - Updated row with Video_ID: rwWwc9hTXWc
[2026-08-18T18:37:21.283+0000] {data_modification.py:83} INFO - Updated row with Video_ID: jDVcjNINjz8
[2026-08-18T18:37:21.287+0000] {data_modification.py:83} INFO - Updated row with Video_ID: LcIbkn9tfgY
[2026-08-18T18:37:21.291+0000] {data_modification.py:83} INFO - Updated row with Video_ID: lmjQ4ymSqnw
[2026-08-18T18:37:21.294+0000] {data_modification.py:83} INFO - Updated row with Video_ID: -N6O3-5DZwE
[2026-08-18T18:37:21.297+0000] {data_modification.py:83} INFO - Updated row with Video_ID: qUkehK2wpD4
[2026-08-18T18:37:21.300+0000] {data_modification.py:83} INFO - Updated row with Video_ID: mbCsdfd-N4E
[2026-08-18T18:37:21.304+0000] {data_modification.py:83} INFO - Updated row with Video_ID: zTTyUjzXJxc
[2026-08-18T18:37:21.307+0000] {data_modification.py:83} INFO - Updated row with Video_ID: 72fYRTvvMRU
[2026-08-18T18:37:21.310+0000] {data_modification.py:83} INFO - Updated row with Video_ID: -mBFOLc-Gyk
[2026-08-18T18:37:21.314+0000] {data_modification.py:83} INFO - Updated row with Video_ID: fTyV7qqR1X8
[2026-08-18T18:37:21.317+0000] {data_modification.py:83} INFO - Updated row with Video_ID: VFIzaIbMsTA
[2026-08-18T18:37:21.321+0000] {data_modification.py:83} INFO - Updated row with Video_ID: 5TlvW_1lReA
[2026-08-18T18:37:21.324+0000] {data_modification.py:83} INFO - Updated row with Video_ID: bzLl_k26nM0
[2026-08-18T18:37:21.328+0000] {data_modification.py:83} INFO - Updated row with Video_ID: 8OU4D731NVE
[2026-08-18T18:37:21.331+0000] {data_modification.py:83} INFO - Updated row with Video_ID: JR7-TY87ZJI
[2026-08-18T18:37:21.335+0000] {data_modification.py:83} INFO - Updated row with Video_ID: tef3pUoVn8g
[2026-08-18T18:37:21.339+0000] {data_modification.py:83} INFO - Updated row with Video_ID: mfWswgJ-OoE
[2026-08-18T18:37:21.342+0000] {data_modification.py:83} INFO - Updated row with Video_ID: N7Q_56f39MQ
[2026-08-18T18:37:21.346+0000] {data_modification.py:83} INFO - Updated row with Video_ID: HHobKQxriIU
[2026-08-18T18:37:21.349+0000] {data_modification.py:83} INFO - Updated row with Video_ID: JCvcsz6HGg4
[2026-08-18T18:37:21.353+0000] {data_modification.py:83} INFO - Updated row with Video_ID: PY6chbMDWh8
[2026-08-18T18:37:21.355+0000] {data_modification.py:83} INFO - Updated row with Video_ID: q7hALpLxGVc
[2026-08-18T18:37:21.358+0000] {data_modification.py:83} INFO - Updated row with Video_ID: rgCA3lPgAV0
[2026-08-18T18:37:21.362+0000] {data_modification.py:83} INFO - Updated row with Video_ID: FqHQY_Gg46s
[2026-08-18T18:37:21.365+0000] {data_modification.py:83} INFO - Updated row with Video_ID: WQShd883DRk
[2026-08-18T18:37:21.369+0000] {data_modification.py:83} INFO - Updated row with Video_ID: FOt-AK0PGOk
[2026-08-18T18:37:21.372+0000] {data_modification.py:83} INFO - Updated row with Video_ID: wVRoiMcaLAw
[2026-08-18T18:37:21.375+0000] {data_modification.py:83} INFO - Updated row with Video_ID: qW0ou3zshaA
[2026-08-18T18:37:21.379+0000] {data_modification.py:83} INFO - Updated row with Video_ID: B2uImFJqFOQ
[2026-08-18T18:37:21.382+0000] {data_modification.py:83} INFO - Updated row with Video_ID: JhA3IsErX9g
[2026-08-18T18:37:21.385+0000] {data_modification.py:83} INFO - Updated row with Video_ID: _9_0AyCLDNY
[2026-08-18T18:37:21.389+0000] {data_modification.py:83} INFO - Updated row with Video_ID: NCFR_9hhI74
[2026-08-18T18:37:21.393+0000] {data_modification.py:83} INFO - Updated row with Video_ID: 3-gjnxP2caQ
[2026-08-18T18:37:21.397+0000] {data_modification.py:83} INFO - Updated row with Video_ID: aGJsQxfz41w
[2026-08-18T18:37:21.400+0000] {data_modification.py:83} INFO - Updated row with Video_ID: 3LhCwAyk0rM
[2026-08-18T18:37:21.403+0000] {data_modification.py:83} INFO - Updated row with Video_ID: GJHMwsokoxM
[2026-08-18T18:37:21.407+0000] {data_modification.py:83} INFO - Updated row with Video_ID: zycHikdEjoM
[2026-08-18T18:37:21.410+0000] {data_modification.py:83} INFO - Updated row with Video_ID: WMXGoc5n2uM
[2026-08-18T18:37:21.413+0000] {data_modification.py:83} INFO - Updated row with Video_ID: 30chzcdom_g
[2026-08-18T18:37:21.417+0000] {data_modification.py:83} INFO - Updated row with Video_ID: wM1UZSid0Kc
[2026-08-18T18:37:21.420+0000] {data_modification.py:83} INFO - Updated row with Video_ID: HgMrUVpqQXU
[2026-08-18T18:37:21.424+0000] {data_modification.py:83} INFO - Updated row with Video_ID: WEN24L7xo8U
[2026-08-18T18:37:21.427+0000] {data_modification.py:83} INFO - Updated row with Video_ID: MmH-IJonb5M
[2026-08-18T18:37:21.431+0000] {data_modification.py:83} INFO - Updated row with Video_ID: o8qpFPU4WXs
[2026-08-18T18:37:21.434+0000] {data_modification.py:83} INFO - Updated row with Video_ID: OFbuYpYcALU
[2026-08-18T18:37:21.438+0000] {data_modification.py:83} INFO - Updated row with Video_ID: W1rDAzoAs9g
[2026-08-18T18:37:21.441+0000] {data_modification.py:83} INFO - Updated row with Video_ID: uQjOeedwYq8
[2026-08-18T18:37:21.445+0000] {data_modification.py:83} INFO - Updated row with Video_ID: mxgJlyjRsOg
[2026-08-18T18:37:21.448+0000] {data_modification.py:83} INFO - Updated row with Video_ID: RZBJnyLyPb8
[2026-08-18T18:37:21.451+0000] {data_modification.py:83} INFO - Updated row with Video_ID: 0e92T7imZE4
[2026-08-18T18:37:21.454+0000] {data_modification.py:83} INFO - Updated row with Video_ID: oyMaBpf4IG0
[2026-08-18T18:37:21.457+0000] {data_modification.py:83} INFO - Updated row with Video_ID: 1_MhaUYSXMg
[2026-08-18T18:37:21.461+0000] {data_modification.py:83} INFO - Updated row with Video_ID: JqI6Xd6TMkM
[2026-08-18T18:37:21.465+0000] {data_modification.py:83} INFO - Updated row with Video_ID: Lt9iwQ_Pru0
[2026-08-18T18:37:21.468+0000] {data_modification.py:83} INFO - Updated row with Video_ID: zzIWpBEPEMU
[2026-08-18T18:37:21.473+0000] {data_modification.py:83} INFO - Updated row with Video_ID: vIE1Fiz72Oc
[2026-08-18T18:37:21.477+0000] {data_modification.py:83} INFO - Updated row with Video_ID: 7Oo6JxzzKc4
[2026-08-18T18:37:21.480+0000] {data_modification.py:83} INFO - Updated row with Video_ID: l1m1oLxhQHU
[2026-08-18T18:37:21.483+0000] {data_modification.py:83} INFO - Updated row with Video_ID: fNh9vOakPPw
[2026-08-18T18:37:21.487+0000] {data_modification.py:83} INFO - Updated row with Video_ID: 9ZBm6KW8K_k
[2026-08-18T18:37:21.490+0000] {data_modification.py:83} INFO - Updated row with Video_ID: ftVNoXn-uAo
[2026-08-18T18:37:21.493+0000] {data_modification.py:83} INFO - Updated row with Video_ID: itg6Btj2P1w
[2026-08-18T18:37:21.496+0000] {data_modification.py:83} INFO - Updated row with Video_ID: tsOAQgwt7wk
[2026-08-18T18:37:21.500+0000] {data_modification.py:83} INFO - Updated row with Video_ID: V285NwW_e3M
[2026-08-18T18:37:21.504+0000] {data_modification.py:83} INFO - Updated row with Video_ID: tukNhR0s6VU
[2026-08-18T18:37:21.508+0000] {data_modification.py:83} INFO - Updated row with Video_ID: XcW5MRN-FGY
[2026-08-18T18:37:21.511+0000] {data_modification.py:83} INFO - Updated row with Video_ID: I0o3utVvztQ
[2026-08-18T18:37:21.515+0000] {data_modification.py:83} INFO - Updated row with Video_ID: LEbUD0ldAqs
[2026-08-18T18:37:21.518+0000] {data_modification.py:83} INFO - Updated row with Video_ID: WYfONnyamY0
[2026-08-18T18:37:21.523+0000] {data_modification.py:83} INFO - Updated row with Video_ID: aJtvLS3WdMI
[2026-08-18T18:37:21.526+0000] {data_modification.py:83} INFO - Updated row with Video_ID: Vy56q4AygPU
[2026-08-18T18:37:21.530+0000] {data_modification.py:83} INFO - Updated row with Video_ID: QMKdEO6nINk
[2026-08-18T18:37:21.533+0000] {data_modification.py:83} INFO - Updated row with Video_ID: LFO9HoPWktg
[2026-08-18T18:37:21.536+0000] {data_modification.py:83} INFO - Updated row with Video_ID: Bhm5an9tGIc
[2026-08-18T18:37:21.539+0000] {data_modification.py:83} INFO - Updated row with Video_ID: v0C75ZSwsrs
[2026-08-18T18:37:21.543+0000] {data_modification.py:83} INFO - Updated row with Video_ID: IGDT2okNulY
[2026-08-18T18:37:21.547+0000] {data_modification.py:83} INFO - Updated row with Video_ID: Uw12mXq1DXg
[2026-08-18T18:37:21.551+0000] {data_modification.py:83} INFO - Updated row with Video_ID: TUr52qVGTXY
[2026-08-18T18:37:21.555+0000] {data_modification.py:83} INFO - Updated row with Video_ID: XnA_0T-rcR8
[2026-08-18T18:37:21.558+0000] {data_modification.py:83} INFO - Updated row with Video_ID: ApiXFXHatwo
[2026-08-18T18:37:21.561+0000] {data_modification.py:83} INFO - Updated row with Video_ID: FDm_nKzpfYM
[2026-08-18T18:37:21.564+0000] {data_modification.py:83} INFO - Updated row with Video_ID: N8NVKxRq15U
[2026-08-18T18:37:21.569+0000] {data_modification.py:83} INFO - Updated row with Video_ID: pQpmexoItU8
[2026-08-18T18:37:21.572+0000] {data_modification.py:83} INFO - Updated row with Video_ID: mPNo0-D38vY
[2026-08-18T18:37:21.576+0000] {data_modification.py:83} INFO - Updated row with Video_ID: 8Wt9T-EM5-M
[2026-08-18T18:37:21.579+0000] {data_modification.py:83} INFO - Updated row with Video_ID: 8Kv0r9rIB4c
[2026-08-18T18:37:21.582+0000] {data_modification.py:83} INFO - Updated row with Video_ID: PgFFJ_CLQPM
[2026-08-18T18:37:21.585+0000] {data_modification.py:83} INFO - Updated row with Video_ID: -40VKMDl2x4
[2026-08-18T18:37:21.589+0000] {data_modification.py:83} INFO - Updated row with Video_ID: IhssiXQMLUM
[2026-08-18T18:37:21.592+0000] {data_modification.py:83} INFO - Updated row with Video_ID: wK7UUfJBbW8
[2026-08-18T18:37:21.595+0000] {data_modification.py:83} INFO - Updated row with Video_ID: E8QYIC6WVvY
[2026-08-18T18:37:21.598+0000] {data_modification.py:83} INFO - Updated row with Video_ID: 2Gp2jqpPOas
[2026-08-18T18:37:21.601+0000] {data_modification.py:83} INFO - Updated row with Video_ID: 9f_UL8BH9ZA
[2026-08-18T18:37:21.605+0000] {data_modification.py:83} INFO - Updated row with Video_ID: EMmwfjhR5JY
[2026-08-18T18:37:21.608+0000] {data_modification.py:83} INFO - Updated row with Video_ID: IKUGgkHRypg
[2026-08-18T18:37:21.611+0000] {data_modification.py:83} INFO - Updated row with Video_ID: bLWK7lsZp3U
[2026-08-18T18:37:21.615+0000] {data_modification.py:83} INFO - Updated row with Video_ID: z_k5keq1qKs
[2026-08-18T18:37:21.639+0000] {data_modification.py:83} INFO - Updated row with Video_ID: 8vuGXlsW2rk
[2026-08-18T18:37:21.643+0000] {data_modification.py:83} INFO - Updated row with Video_ID: YgSbMW235Yk
[2026-08-18T18:37:21.646+0000] {data_modification.py:83} INFO - Updated row with Video_ID: 3UPw6vuziEE
[2026-08-18T18:37:21.650+0000] {data_modification.py:83} INFO - Updated row with Video_ID: leeLTPxN8lo
[2026-08-18T18:37:21.654+0000] {data_modification.py:83} INFO - Updated row with Video_ID: A4fVaHlGjAs
[2026-08-18T18:37:21.657+0000] {data_modification.py:83} INFO - Updated row with Video_ID: Z3iCvANHu0Q
[2026-08-18T18:37:21.661+0000] {data_modification.py:83} INFO - Updated row with Video_ID: cRprPuKwkyY
[2026-08-18T18:37:21.664+0000] {data_modification.py:83} INFO - Updated row with Video_ID: YIszsqhLGIs
[2026-08-18T18:37:21.667+0000] {data_modification.py:83} INFO - Updated row with Video_ID: zlNQ7q0SSRw
[2026-08-18T18:37:21.670+0000] {data_modification.py:83} INFO - Updated row with Video_ID: 2cxPeFL2GEY
[2026-08-18T18:37:21.674+0000] {data_modification.py:83} INFO - Updated row with Video_ID: 0-FUhQKe-eU
[2026-08-18T18:37:21.677+0000] {data_modification.py:83} INFO - Updated row with Video_ID: wV8Gcv45Wb0
[2026-08-18T18:37:21.680+0000] {data_modification.py:83} INFO - Updated row with Video_ID: gLoLW6r_O8U
[2026-08-18T18:37:21.685+0000] {data_modification.py:83} INFO - Updated row with Video_ID: 5QBkK11ED9Q
[2026-08-18T18:37:21.688+0000] {data_modification.py:83} INFO - Updated row with Video_ID: YkuAm0ZLTfY
[2026-08-18T18:37:21.691+0000] {data_modification.py:83} INFO - Updated row with Video_ID: BnMITKdPhXg
[2026-08-18T18:37:21.695+0000] {data_modification.py:83} INFO - Updated row with Video_ID: sfyuqhp7M80
[2026-08-18T18:37:21.698+0000] {data_modification.py:83} INFO - Updated row with Video_ID: z8AhJlRVJZI
[2026-08-18T18:37:21.702+0000] {data_modification.py:83} INFO - Updated row with Video_ID: 71xri_SCszU
[2026-08-18T18:37:21.706+0000] {data_modification.py:83} INFO - Updated row with Video_ID: 20_sCsJ8NA0
[2026-08-18T18:37:21.710+0000] {data_modification.py:83} INFO - Updated row with Video_ID: xh2tA8yf3hU
[2026-08-18T18:37:21.714+0000] {data_modification.py:83} INFO - Updated row with Video_ID: m1DQx1_mweE
[2026-08-18T18:37:21.718+0000] {data_modification.py:83} INFO - Updated row with Video_ID: WNdSw0vzzOs
[2026-08-18T18:37:21.723+0000] {data_modification.py:83} INFO - Updated row with Video_ID: we9VSegCFyo
[2026-08-18T18:37:21.727+0000] {data_modification.py:83} INFO - Updated row with Video_ID: NB4TlMvCqJY
[2026-08-18T18:37:21.730+0000] {data_modification.py:83} INFO - Updated row with Video_ID: BWu-VAuok3Y
[2026-08-18T18:37:21.734+0000] {data_modification.py:83} INFO - Updated row with Video_ID: mdNplEYgGV8
[2026-08-18T18:37:21.737+0000] {data_modification.py:83} INFO - Updated row with Video_ID: r8pDXO6zRUg
[2026-08-18T18:37:21.740+0000] {data_modification.py:83} INFO - Updated row with Video_ID: q_xbvQdkqZw
[2026-08-18T18:37:21.744+0000] {data_modification.py:83} INFO - Updated row with Video_ID: gj7oiYJkFcc
[2026-08-18T18:37:21.747+0000] {data_modification.py:83} INFO - Updated row with Video_ID: xoZw93EHxSw
[2026-08-18T18:37:21.751+0000] {data_modification.py:83} INFO - Updated row with Video_ID: LYvLh1NDVNs
[2026-08-18T18:37:21.754+0000] {data_modification.py:83} INFO - Updated row with Video_ID: yQ_6xi__utU
[2026-08-18T18:37:21.757+0000] {data_modification.py:83} INFO - Updated row with Video_ID: lx-S1WiqwTc
[2026-08-18T18:37:21.760+0000] {data_modification.py:83} INFO - Updated row with Video_ID: D4184a_RTJI
[2026-08-18T18:37:21.764+0000] {data_modification.py:83} INFO - Updated row with Video_ID: 8Ssx232ZXa4
[2026-08-18T18:37:21.767+0000] {data_modification.py:83} INFO - Updated row with Video_ID: EwXRBUvKPBs
[2026-08-18T18:37:21.771+0000] {data_modification.py:83} INFO - Updated row with Video_ID: kde-4jnnHNk
[2026-08-18T18:37:21.774+0000] {data_modification.py:83} INFO - Updated row with Video_ID: jFXxHwTwlRg
[2026-08-18T18:37:21.777+0000] {data_modification.py:83} INFO - Updated row with Video_ID: 7_VNqBeRQd0
[2026-08-18T18:37:21.780+0000] {data_modification.py:83} INFO - Updated row with Video_ID: z5KAKDuvXD4
[2026-08-18T18:37:21.784+0000] {data_modification.py:83} INFO - Updated row with Video_ID: IHBDe-MKS8Q
[2026-08-18T18:37:21.787+0000] {data_modification.py:83} INFO - Updated row with Video_ID: BY2C3liFlU4
[2026-08-18T18:37:21.790+0000] {data_modification.py:83} INFO - Updated row with Video_ID: sMuheiO3E-U
[2026-08-18T18:37:21.793+0000] {data_modification.py:83} INFO - Updated row with Video_ID: ud6TOa3G_Go
[2026-08-18T18:37:21.796+0000] {data_modification.py:83} INFO - Updated row with Video_ID: GnYmmUkO4qQ
[2026-08-18T18:37:21.799+0000] {data_modification.py:83} INFO - Updated row with Video_ID: FsIUH_kV-gY
[2026-08-18T18:37:21.803+0000] {data_modification.py:83} INFO - Updated row with Video_ID: R4IDFZ3ja9k
[2026-08-18T18:37:21.806+0000] {data_modification.py:83} INFO - Updated row with Video_ID: PetV_jKmpEg
[2026-08-18T18:37:21.809+0000] {data_modification.py:83} INFO - Updated row with Video_ID: XzMcJR2UFE4
[2026-08-18T18:37:21.812+0000] {data_modification.py:83} INFO - Updated row with Video_ID: sYtkfS4wo3s
[2026-08-18T18:37:21.815+0000] {data_modification.py:83} INFO - Updated row with Video_ID: WJV8PaL_8-g
[2026-08-18T18:37:21.819+0000] {data_modification.py:83} INFO - Updated row with Video_ID: PGX-a7wWsfo
[2026-08-18T18:37:21.822+0000] {data_modification.py:83} INFO - Updated row with Video_ID: N9CiAfXrrPg
[2026-08-18T18:37:21.825+0000] {data_modification.py:83} INFO - Updated row with Video_ID: jrRtVtRcwDA
[2026-08-18T18:37:21.829+0000] {data_modification.py:83} INFO - Updated row with Video_ID: QY6yHJC2DIE
[2026-08-18T18:37:21.832+0000] {data_modification.py:83} INFO - Updated row with Video_ID: 0npa2x2aVek
[2026-08-18T18:37:21.835+0000] {data_modification.py:83} INFO - Updated row with Video_ID: rdc-toYy_90
[2026-08-18T18:37:21.838+0000] {data_modification.py:83} INFO - Updated row with Video_ID: T4CTPjKZ8j0
[2026-08-18T18:37:21.842+0000] {data_modification.py:83} INFO - Updated row with Video_ID: Okg3ujCxEnw
[2026-08-18T18:37:21.845+0000] {data_modification.py:83} INFO - Updated row with Video_ID: VIbLpdxPB2g
[2026-08-18T18:37:21.848+0000] {data_modification.py:83} INFO - Updated row with Video_ID: u-3Qf9-LEoE
[2026-08-18T18:37:21.851+0000] {data_modification.py:83} INFO - Updated row with Video_ID: e1Rj4UCisEk
[2026-08-18T18:37:21.855+0000] {data_modification.py:83} INFO - Updated row with Video_ID: PUr7-Kg36M8
[2026-08-18T18:37:21.858+0000] {data_modification.py:83} INFO - Updated row with Video_ID: E6gJozQEvfs
[2026-08-18T18:37:21.861+0000] {data_modification.py:83} INFO - Updated row with Video_ID: UCKqNBZbjmw
[2026-08-18T18:37:21.865+0000] {data_modification.py:83} INFO - Updated row with Video_ID: bRXA6myu4zc
[2026-08-18T18:37:21.868+0000] {data_modification.py:83} INFO - Updated row with Video_ID: zSezq0KRgjo
[2026-08-18T18:37:21.872+0000] {data_modification.py:83} INFO - Updated row with Video_ID: nNVm9hRNVKY
[2026-08-18T18:37:21.876+0000] {data_modification.py:83} INFO - Updated row with Video_ID: _yxZkzJFZIQ
[2026-08-18T18:37:21.879+0000] {data_modification.py:83} INFO - Updated row with Video_ID: QkxkL6Hq8eU
[2026-08-18T18:37:21.892+0000] {data_modification.py:83} INFO - Updated row with Video_ID: E3oG313_kps
[2026-08-18T18:37:21.896+0000] {data_modification.py:83} INFO - Updated row with Video_ID: Vjo75RHTyeQ
[2026-08-18T18:37:21.899+0000] {data_modification.py:83} INFO - Updated row with Video_ID: 71AXHaLA8LQ
[2026-08-18T18:37:21.902+0000] {data_modification.py:83} INFO - Updated row with Video_ID: _-riyNdYtP8
[2026-08-18T18:37:21.906+0000] {data_modification.py:83} INFO - Updated row with Video_ID: AbkmNUlkVtE
[2026-08-18T18:37:21.910+0000] {data_modification.py:83} INFO - Updated row with Video_ID: GNGOGRLuDuc
[2026-08-18T18:37:21.914+0000] {data_modification.py:83} INFO - Updated row with Video_ID: aeOCLTgX5Ss
[2026-08-18T18:37:21.917+0000] {data_modification.py:83} INFO - Updated row with Video_ID: 5FYlSWbdsQg
[2026-08-18T18:37:21.920+0000] {data_modification.py:83} INFO - Updated row with Video_ID: a5z3Mu313k4
[2026-08-18T18:37:21.924+0000] {data_modification.py:83} INFO - Updated row with Video_ID: UzIH-osgcLo
[2026-08-18T18:37:21.927+0000] {data_modification.py:83} INFO - Updated row with Video_ID: ohSbY-mERJ0
[2026-08-18T18:37:21.931+0000] {data_modification.py:83} INFO - Updated row with Video_ID: NLLbRsN3-Jc
[2026-08-18T18:37:21.935+0000] {data_modification.py:83} INFO - Updated row with Video_ID: 7QjqotwmuCs
[2026-08-18T18:37:21.939+0000] {data_modification.py:83} INFO - Updated row with Video_ID: 3kLouMWROSg
[2026-08-18T18:37:21.943+0000] {data_modification.py:83} INFO - Updated row with Video_ID: 6IRTqXfKSfc
[2026-08-18T18:37:21.946+0000] {data_modification.py:83} INFO - Updated row with Video_ID: Zw_1fYAuwE8
[2026-08-18T18:37:21.950+0000] {data_modification.py:83} INFO - Updated row with Video_ID: p4z2JTtTIqQ
[2026-08-18T18:37:21.953+0000] {data_modification.py:83} INFO - Updated row with Video_ID: 2jUNkslI9gE
[2026-08-18T18:37:21.957+0000] {data_modification.py:83} INFO - Updated row with Video_ID: 0jZ7GpjnlGE
[2026-08-18T18:37:21.960+0000] {data_modification.py:83} INFO - Updated row with Video_ID: zMXn5_nbGJs
[2026-08-18T18:37:21.964+0000] {data_modification.py:83} INFO - Updated row with Video_ID: r33vEVmjmTk
[2026-08-18T18:37:21.967+0000] {data_modification.py:83} INFO - Updated row with Video_ID: z2zoHLDuFfI
[2026-08-18T18:37:21.971+0000] {data_modification.py:83} INFO - Updated row with Video_ID: ZU_Ilxn-qEI
[2026-08-18T18:37:21.974+0000] {data_modification.py:83} INFO - Updated row with Video_ID: h7V-cfkihNU
[2026-08-18T18:37:21.977+0000] {data_modification.py:83} INFO - Updated row with Video_ID: y39gxQS_TsM
[2026-08-18T18:37:21.981+0000] {data_modification.py:83} INFO - Updated row with Video_ID: kr5CthExmB0
[2026-08-18T18:37:21.985+0000] {data_modification.py:83} INFO - Updated row with Video_ID: F2yu8GeeIAw
[2026-08-18T18:37:21.988+0000] {data_modification.py:83} INFO - Updated row with Video_ID: FweUFTz7LYk
[2026-08-18T18:37:21.994+0000] {data_modification.py:83} INFO - Updated row with Video_ID: ndTkM5X7msg
[2026-08-18T18:37:21.997+0000] {data_modification.py:83} INFO - Updated row with Video_ID: jAZtATAb4TY
[2026-08-18T18:37:22.001+0000] {data_modification.py:83} INFO - Updated row with Video_ID: sWXrQhVogsA
[2026-08-18T18:37:22.005+0000] {data_modification.py:83} INFO - Updated row with Video_ID: gZk6Ur8U3do
[2026-08-18T18:37:22.008+0000] {data_modification.py:83} INFO - Updated row with Video_ID: X1hgEZKw5ek
[2026-08-18T18:37:22.011+0000] {data_modification.py:83} INFO - Updated row with Video_ID: MLni5qW8kn4
[2026-08-18T18:37:22.014+0000] {data_modification.py:83} INFO - Updated row with Video_ID: aUKY3z0CSSo
[2026-08-18T18:37:22.021+0000] {data_modification.py:83} INFO - Updated row with Video_ID: ppWYc-RWLG8
[2026-08-18T18:37:22.024+0000] {data_modification.py:83} INFO - Updated row with Video_ID: DKmCx3LGVqc
[2026-08-18T18:37:22.027+0000] {data_modification.py:83} INFO - Updated row with Video_ID: 8AUd8lmbOAQ
[2026-08-18T18:37:22.031+0000] {data_modification.py:83} INFO - Updated row with Video_ID: eGgd-0nv49A
[2026-08-18T18:37:22.036+0000] {data_modification.py:83} INFO - Updated row with Video_ID: 46NbyTDD2OI
[2026-08-18T18:37:22.039+0000] {data_modification.py:83} INFO - Updated row with Video_ID: gIY_2da2VzA
[2026-08-18T18:37:22.043+0000] {data_modification.py:83} INFO - Updated row with Video_ID: WoR2NGxojnE
[2026-08-18T18:37:22.046+0000] {data_modification.py:83} INFO - Updated row with Video_ID: 4xg2FOscsVE
[2026-08-18T18:37:22.049+0000] {data_modification.py:83} INFO - Updated row with Video_ID: AFzQKSXxG-o
[2026-08-18T18:37:22.053+0000] {data_modification.py:83} INFO - Updated row with Video_ID: 38rQkVCn75M
[2026-08-18T18:37:22.056+0000] {data_modification.py:83} INFO - Updated row with Video_ID: THGefY77N8I
[2026-08-18T18:37:22.060+0000] {data_modification.py:83} INFO - Updated row with Video_ID: jkBXlbe9pbc
[2026-08-18T18:37:22.064+0000] {data_modification.py:83} INFO - Updated row with Video_ID: MuBT7Nccyao
[2026-08-18T18:37:22.067+0000] {data_modification.py:83} INFO - Updated row with Video_ID: Hei6CIowr3Y
[2026-08-18T18:37:22.071+0000] {data_modification.py:83} INFO - Updated row with Video_ID: dCaL4Afb7_4
[2026-08-18T18:37:22.074+0000] {data_modification.py:83} INFO - Updated row with Video_ID: Q4TWkjKfXv8
[2026-08-18T18:37:22.078+0000] {data_modification.py:83} INFO - Updated row with Video_ID: T6Ctk5OCYTQ
[2026-08-18T18:37:22.082+0000] {data_modification.py:83} INFO - Updated row with Video_ID: ygIbo23Lijs
[2026-08-18T18:37:22.086+0000] {data_modification.py:83} INFO - Updated row with Video_ID: -XsznJ-w1do
[2026-08-18T18:37:22.089+0000] {data_modification.py:83} INFO - Updated row with Video_ID: 4F1azWFXyaU
[2026-08-18T18:37:22.093+0000] {data_modification.py:83} INFO - Updated row with Video_ID: OTcfAG7cPF4
[2026-08-18T18:37:22.096+0000] {data_modification.py:83} INFO - Updated row with Video_ID: KsM-ZIeFVAw
[2026-08-18T18:37:22.100+0000] {data_modification.py:83} INFO - Updated row with Video_ID: nfdkEKNadEE
[2026-08-18T18:37:22.104+0000] {data_modification.py:83} INFO - Updated row with Video_ID: gwNXIT4DhYg
[2026-08-18T18:37:22.108+0000] {data_modification.py:83} INFO - Updated row with Video_ID: FdWqEvpmiDg
[2026-08-18T18:37:22.111+0000] {data_modification.py:83} INFO - Updated row with Video_ID: 5hi4X6uULbg
[2026-08-18T18:37:22.114+0000] {data_modification.py:83} INFO - Updated row with Video_ID: 61e-USQyGeY
[2026-08-18T18:37:22.117+0000] {data_modification.py:83} INFO - Updated row with Video_ID: kcXtCoW6CwU
[2026-08-18T18:37:22.127+0000] {data_modification.py:83} INFO - Updated row with Video_ID: Q_s0jc1lxfI
[2026-08-18T18:37:22.131+0000] {data_modification.py:83} INFO - Updated row with Video_ID: mbgn72lIYLo
[2026-08-18T18:37:22.134+0000] {data_modification.py:83} INFO - Updated row with Video_ID: kREl-WnfAw4
[2026-08-18T18:37:22.138+0000] {data_modification.py:83} INFO - Updated row with Video_ID: 6gU7j1Mehgo
[2026-08-18T18:37:22.141+0000] {data_modification.py:83} INFO - Updated row with Video_ID: vBqy_e1h83Q
[2026-08-18T18:37:22.144+0000] {data_modification.py:83} INFO - Updated row with Video_ID: w-kHX-YZ9wg
[2026-08-18T18:37:22.147+0000] {data_modification.py:83} INFO - Updated row with Video_ID: G0Iibyfxwis
[2026-08-18T18:37:22.150+0000] {data_modification.py:83} INFO - Updated row with Video_ID: 4N4X43yZGrE
[2026-08-18T18:37:22.154+0000] {data_modification.py:83} INFO - Updated row with Video_ID: 0WjYJGwWCX8
[2026-08-18T18:37:22.157+0000] {data_modification.py:83} INFO - Updated row with Video_ID: _WMumo_XbNU
[2026-08-18T18:37:22.160+0000] {data_modification.py:83} INFO - Updated row with Video_ID: HAXQdV1GTA4
[2026-08-18T18:37:22.163+0000] {data_modification.py:83} INFO - Updated row with Video_ID: JiuEVw45_Ac
[2026-08-18T18:37:22.166+0000] {data_modification.py:83} INFO - Updated row with Video_ID: T0T6YroBPE0
[2026-08-18T18:37:22.170+0000] {data_modification.py:83} INFO - Updated row with Video_ID: -4lvgpX28CY
[2026-08-18T18:37:22.173+0000] {data_modification.py:83} INFO - Updated row with Video_ID: vLU3aTFPalk
[2026-08-18T18:37:22.176+0000] {data_modification.py:83} INFO - Updated row with Video_ID: QXlcH4QCbGk
[2026-08-18T18:37:22.179+0000] {data_modification.py:83} INFO - Updated row with Video_ID: D8GQ0Dzzlr4
[2026-08-18T18:37:22.182+0000] {data_modification.py:83} INFO - Updated row with Video_ID: 2MKsmr76zLs
[2026-08-18T18:37:22.186+0000] {data_modification.py:83} INFO - Updated row with Video_ID: pZNNGgCDKI8
[2026-08-18T18:37:22.189+0000] {data_modification.py:83} INFO - Updated row with Video_ID: PJnrwzmRGXs
[2026-08-18T18:37:22.192+0000] {data_modification.py:83} INFO - Updated row with Video_ID: eMRfRCcNtY4
[2026-08-18T18:37:22.195+0000] {data_modification.py:83} INFO - Updated row with Video_ID: aN8IB3VkKH8
[2026-08-18T18:37:22.199+0000] {data_modification.py:83} INFO - Updated row with Video_ID: ItCQjfeR7bE
[2026-08-18T18:37:22.202+0000] {data_modification.py:83} INFO - Updated row with Video_ID: GEkA8Eeqeuc
[2026-08-18T18:37:22.206+0000] {data_modification.py:83} INFO - Updated row with Video_ID: pjnu2KTBYCU
[2026-08-18T18:37:22.209+0000] {data_modification.py:83} INFO - Updated row with Video_ID: Z2u_N06mhTM
[2026-08-18T18:37:22.212+0000] {data_modification.py:83} INFO - Updated row with Video_ID: q4--eli2vBk
[2026-08-18T18:37:22.215+0000] {data_modification.py:83} INFO - Updated row with Video_ID: VAa_x7-3Cp4
[2026-08-18T18:37:22.219+0000] {data_modification.py:83} INFO - Updated row with Video_ID: RPnllDiXryM
[2026-08-18T18:37:22.222+0000] {data_modification.py:83} INFO - Updated row with Video_ID: z3RjpYAmsss
[2026-08-18T18:37:22.225+0000] {data_modification.py:83} INFO - Updated row with Video_ID: a68ke61TQUk
[2026-08-18T18:37:22.228+0000] {data_modification.py:83} INFO - Updated row with Video_ID: 9HayplMrh8s
[2026-08-18T18:37:22.231+0000] {data_modification.py:83} INFO - Updated row with Video_ID: 3bzsPuq_rBE
[2026-08-18T18:37:22.235+0000] {data_modification.py:83} INFO - Updated row with Video_ID: yP-fJMqWYCI
[2026-08-18T18:37:22.238+0000] {data_modification.py:83} INFO - Updated row with Video_ID: B24Eib3kag8
[2026-08-18T18:37:22.241+0000] {data_modification.py:83} INFO - Updated row with Video_ID: 2HEbyupSdgo
[2026-08-18T18:37:22.244+0000] {data_modification.py:83} INFO - Updated row with Video_ID: Kzto8yKmRn4
[2026-08-18T18:37:22.247+0000] {data_modification.py:83} INFO - Updated row with Video_ID: 7NnInGdCXIY
[2026-08-18T18:37:22.251+0000] {data_modification.py:83} INFO - Updated row with Video_ID: y43t9zahJRo
[2026-08-18T18:37:22.254+0000] {data_modification.py:83} INFO - Updated row with Video_ID: 8MtboUDeBSc
[2026-08-18T18:37:22.258+0000] {data_modification.py:83} INFO - Updated row with Video_ID: dR361ulqYSM
[2026-08-18T18:37:22.261+0000] {data_modification.py:83} INFO - Updated row with Video_ID: DJLH3lBnqqo
[2026-08-18T18:37:22.264+0000] {data_modification.py:83} INFO - Updated row with Video_ID: Ie85Ngf6Qts
[2026-08-18T18:37:22.268+0000] {data_modification.py:83} INFO - Updated row with Video_ID: uGUJUeWEPpo
[2026-08-18T18:37:22.271+0000] {data_modification.py:83} INFO - Updated row with Video_ID: 8MAOSB9sKqA
[2026-08-18T18:37:22.274+0000] {data_modification.py:83} INFO - Updated row with Video_ID: JxcRlHzFbaw
[2026-08-18T18:37:22.277+0000] {data_modification.py:83} INFO - Updated row with Video_ID: EeXOBZDwGMY
[2026-08-18T18:37:22.280+0000] {data_modification.py:83} INFO - Updated row with Video_ID: mcS4MdSUsC8
[2026-08-18T18:37:22.284+0000] {data_modification.py:83} INFO - Updated row with Video_ID: PIPU1Q_p2fo
[2026-08-18T18:37:22.287+0000] {data_modification.py:83} INFO - Updated row with Video_ID: sN4mfM8C1fg
[2026-08-18T18:37:22.290+0000] {data_modification.py:83} INFO - Updated row with Video_ID: Qz_lJh57l80
[2026-08-18T18:37:22.293+0000] {data_modification.py:83} INFO - Updated row with Video_ID: kgLcrYpSnIU
[2026-08-18T18:37:22.296+0000] {data_modification.py:83} INFO - Updated row with Video_ID: S6h0DHyy2y0
[2026-08-18T18:37:22.300+0000] {data_modification.py:83} INFO - Updated row with Video_ID: cJeeq30GX7w
[2026-08-18T18:37:22.303+0000] {data_modification.py:83} INFO - Updated row with Video_ID: biB111TfDI4
[2026-08-18T18:37:22.306+0000] {data_modification.py:83} INFO - Updated row with Video_ID: BiBPu2SIFtg
[2026-08-18T18:37:22.309+0000] {data_modification.py:83} INFO - Updated row with Video_ID: VFKQb8b7H3k
[2026-08-18T18:37:22.313+0000] {data_modification.py:83} INFO - Updated row with Video_ID: PuhuMyd0P1M
[2026-08-18T18:37:22.316+0000] {data_modification.py:83} INFO - Updated row with Video_ID: SQk4_p0j71c
[2026-08-18T18:37:22.321+0000] {data_modification.py:83} INFO - Updated row with Video_ID: eBwg3FS1ASA
[2026-08-18T18:37:22.324+0000] {data_modification.py:83} INFO - Updated row with Video_ID: 4IiDP7GKdtc
[2026-08-18T18:37:22.327+0000] {data_modification.py:83} INFO - Updated row with Video_ID: iYRxmW84RQg
[2026-08-18T18:37:22.330+0000] {data_modification.py:83} INFO - Updated row with Video_ID: vzXOSxNTmoI
[2026-08-18T18:37:22.334+0000] {data_modification.py:83} INFO - Updated row with Video_ID: 0daiK7nyr3Y
[2026-08-18T18:37:22.337+0000] {data_modification.py:83} INFO - Updated row with Video_ID: Ez2Yq1BJXBQ
[2026-08-18T18:37:22.340+0000] {data_modification.py:83} INFO - Updated row with Video_ID: WG7wihryVbE
[2026-08-18T18:37:22.343+0000] {data_modification.py:83} INFO - Updated row with Video_ID: RqH0px3NIOw
[2026-08-18T18:37:22.347+0000] {data_modification.py:83} INFO - Updated row with Video_ID: JTliDkQYKwI
[2026-08-18T18:37:22.350+0000] {data_modification.py:83} INFO - Updated row with Video_ID: eeHX_QmPDho
[2026-08-18T18:37:22.353+0000] {data_modification.py:83} INFO - Updated row with Video_ID: suiFG_qSOdY
[2026-08-18T18:37:22.356+0000] {data_modification.py:83} INFO - Updated row with Video_ID: 2ZNzIdjljVM
[2026-08-18T18:37:22.363+0000] {data_modification.py:83} INFO - Updated row with Video_ID: xD63TqCq-1M
[2026-08-18T18:37:22.366+0000] {data_modification.py:83} INFO - Updated row with Video_ID: JPqWTvxQFls
[2026-08-18T18:37:22.369+0000] {data_modification.py:83} INFO - Updated row with Video_ID: J9C1LgSJeLo
[2026-08-18T18:37:22.372+0000] {data_modification.py:83} INFO - Updated row with Video_ID: Sm8vGzQFpzA
[2026-08-18T18:37:22.377+0000] {data_modification.py:83} INFO - Updated row with Video_ID: 5jlAFt84v7o
[2026-08-18T18:37:22.380+0000] {data_modification.py:83} INFO - Updated row with Video_ID: _fjGrnKm1EA
[2026-08-18T18:37:22.389+0000] {data_modification.py:83} INFO - Updated row with Video_ID: YoK-sJPz2rI
[2026-08-18T18:37:22.394+0000] {data_modification.py:83} INFO - Updated row with Video_ID: YcGXViwXItM
[2026-08-18T18:37:22.400+0000] {data_modification.py:83} INFO - Updated row with Video_ID: q-hvHek0kp4
[2026-08-18T18:37:22.404+0000] {data_modification.py:83} INFO - Updated row with Video_ID: D7a1cpDmC5w
[2026-08-18T18:37:22.408+0000] {data_modification.py:83} INFO - Updated row with Video_ID: _klirwpR8DQ
[2026-08-18T18:37:22.411+0000] {data_modification.py:83} INFO - Updated row with Video_ID: OK4AgsFR4NE
[2026-08-18T18:37:22.414+0000] {data_modification.py:83} INFO - Updated row with Video_ID: 7AgxgbTc4K0
[2026-08-18T18:37:22.417+0000] {data_modification.py:83} INFO - Updated row with Video_ID: 1PPbbbkz7lU
[2026-08-18T18:37:22.420+0000] {data_modification.py:83} INFO - Updated row with Video_ID: ybW2-c0D2PU
[2026-08-18T18:37:22.424+0000] {data_modification.py:83} INFO - Updated row with Video_ID: 3BgIqFB09Ec
[2026-08-18T18:37:22.429+0000] {data_modification.py:83} INFO - Updated row with Video_ID: Qv4BdSIWHUY
[2026-08-18T18:37:22.433+0000] {data_modification.py:83} INFO - Updated row with Video_ID: lx2crBcZvf4
[2026-08-18T18:37:22.437+0000] {data_modification.py:83} INFO - Updated row with Video_ID: wfRBGFmsMdw
[2026-08-18T18:37:22.440+0000] {data_modification.py:83} INFO - Updated row with Video_ID: 6H5SYyRkZkg
[2026-08-18T18:37:22.444+0000] {data_modification.py:83} INFO - Updated row with Video_ID: f_7Ty2m7H8w
[2026-08-18T18:37:22.447+0000] {data_modification.py:83} INFO - Updated row with Video_ID: 0lKJaD_NYf4
[2026-08-18T18:37:22.450+0000] {data_modification.py:83} INFO - Updated row with Video_ID: YRkHKxwM7uk
[2026-08-18T18:37:22.453+0000] {data_modification.py:83} INFO - Updated row with Video_ID: 0zCFiKIx5x0
[2026-08-18T18:37:22.456+0000] {data_modification.py:83} INFO - Updated row with Video_ID: N6O8FkknwdM
[2026-08-18T18:37:22.460+0000] {data_modification.py:83} INFO - Updated row with Video_ID: cVU8tI0K7yw
[2026-08-18T18:37:22.463+0000] {data_modification.py:83} INFO - Updated row with Video_ID: ov9Kepoz0rs
[2026-08-18T18:37:22.466+0000] {data_modification.py:83} INFO - Updated row with Video_ID: emG_KnLGNDY
[2026-08-18T18:37:22.469+0000] {data_modification.py:83} INFO - Updated row with Video_ID: WIi5d_hQuCQ
[2026-08-18T18:37:22.473+0000] {data_modification.py:83} INFO - Updated row with Video_ID: _ddxEjBm__0
[2026-08-18T18:37:22.476+0000] {data_modification.py:83} INFO - Updated row with Video_ID: 8J-IqnbTQCY
[2026-08-18T18:37:22.479+0000] {data_modification.py:83} INFO - Updated row with Video_ID: wWOx3RYi_0w
[2026-08-18T18:37:22.482+0000] {data_modification.py:83} INFO - Updated row with Video_ID: JOJHCRwABLc
[2026-08-18T18:37:22.486+0000] {data_modification.py:83} INFO - Updated row with Video_ID: x1xGbxNrDqE
[2026-08-18T18:37:22.489+0000] {data_modification.py:83} INFO - Updated row with Video_ID: K5EmoERq3XQ
[2026-08-18T18:37:22.493+0000] {data_modification.py:83} INFO - Updated row with Video_ID: FN4YIJ3PXwQ
[2026-08-18T18:37:22.496+0000] {data_modification.py:83} INFO - Updated row with Video_ID: 3YAvrHHyivQ
[2026-08-18T18:37:22.500+0000] {data_modification.py:83} INFO - Updated row with Video_ID: qMU6gZf6K6I
[2026-08-18T18:37:22.504+0000] {data_modification.py:83} INFO - Updated row with Video_ID: 19oYYYnYnJc
[2026-08-18T18:37:22.507+0000] {data_modification.py:83} INFO - Updated row with Video_ID: jKptpq7pTh0
[2026-08-18T18:37:22.510+0000] {data_modification.py:83} INFO - Updated row with Video_ID: Wuzc1BwmvgQ
[2026-08-18T18:37:22.514+0000] {data_modification.py:83} INFO - Updated row with Video_ID: KNgxG5wL_Yw
[2026-08-18T18:37:22.517+0000] {data_modification.py:83} INFO - Updated row with Video_ID: hTJUBvPiviM
[2026-08-18T18:37:22.521+0000] {data_modification.py:83} INFO - Updated row with Video_ID: mRwUmtqIVYE
[2026-08-18T18:37:22.524+0000] {data_modification.py:83} INFO - Updated row with Video_ID: zJYccJWvxWo
[2026-08-18T18:37:22.528+0000] {data_modification.py:83} INFO - Updated row with Video_ID: DrxcDiXD1_U
[2026-08-18T18:37:22.531+0000] {data_modification.py:83} INFO - Updated row with Video_ID: LtISh21t6Kg
[2026-08-18T18:37:22.537+0000] {data_modification.py:83} INFO - Updated row with Video_ID: iQmDwj3vL7g
[2026-08-18T18:37:22.540+0000] {data_modification.py:83} INFO - Updated row with Video_ID: ctxZgsPfpo0
[2026-08-18T18:37:22.543+0000] {data_modification.py:83} INFO - Updated row with Video_ID: oKvkxyVr7Jo
[2026-08-18T18:37:22.546+0000] {data_modification.py:83} INFO - Updated row with Video_ID: L7WEF-XjnSE
[2026-08-18T18:37:22.550+0000] {data_modification.py:83} INFO - Updated row with Video_ID: esnscPfzDeo
[2026-08-18T18:37:22.553+0000] {data_modification.py:83} INFO - Updated row with Video_ID: 4kBGs3Ya7y8
[2026-08-18T18:37:22.556+0000] {data_modification.py:83} INFO - Updated row with Video_ID: URfOK9CPDzY
[2026-08-18T18:37:22.559+0000] {data_modification.py:83} INFO - Updated row with Video_ID: bc-TLLNXn7M
[2026-08-18T18:37:22.562+0000] {data_modification.py:83} INFO - Updated row with Video_ID: aA1vpcAJEug
[2026-08-18T18:37:22.566+0000] {data_modification.py:83} INFO - Updated row with Video_ID: 23p38JIhe0s
[2026-08-18T18:37:22.569+0000] {data_modification.py:83} INFO - Updated row with Video_ID: cBsHFf5VGOw
[2026-08-18T18:37:22.572+0000] {data_modification.py:83} INFO - Updated row with Video_ID: FSf9DU5vz9c
[2026-08-18T18:37:22.575+0000] {data_modification.py:83} INFO - Updated row with Video_ID: xDvLqGMM18k
[2026-08-18T18:37:22.579+0000] {data_modification.py:83} INFO - Updated row with Video_ID: Pyq87354XnA
[2026-08-18T18:37:22.582+0000] {data_modification.py:83} INFO - Updated row with Video_ID: mKtLclKoA24
[2026-08-18T18:37:22.586+0000] {data_modification.py:83} INFO - Updated row with Video_ID: UJMV8uzADDk
[2026-08-18T18:37:22.589+0000] {data_modification.py:83} INFO - Updated row with Video_ID: sHaJFMbgxu4
[2026-08-18T18:37:22.592+0000] {data_modification.py:83} INFO - Updated row with Video_ID: 96-MKTfzPeI
[2026-08-18T18:37:22.596+0000] {data_modification.py:83} INFO - Updated row with Video_ID: n3aLbjYrpXk
[2026-08-18T18:37:22.602+0000] {data_modification.py:83} INFO - Updated row with Video_ID: jWFHOY2Gcf4
[2026-08-18T18:37:22.609+0000] {data_modification.py:83} INFO - Updated row with Video_ID: TTMs7_YUUhs
[2026-08-18T18:37:22.614+0000] {data_modification.py:83} INFO - Updated row with Video_ID: A9kYEGFU49k
[2026-08-18T18:37:22.620+0000] {data_modification.py:83} INFO - Updated row with Video_ID: J0bhMLqOMcE
[2026-08-18T18:37:22.626+0000] {data_modification.py:83} INFO - Updated row with Video_ID: OTq8OhIY_C8
[2026-08-18T18:37:22.631+0000] {data_modification.py:83} INFO - Updated row with Video_ID: S4j8-10TXsU
[2026-08-18T18:37:22.635+0000] {data_modification.py:83} INFO - Updated row with Video_ID: x-efd-s6GVk
[2026-08-18T18:37:22.638+0000] {data_modification.py:83} INFO - Updated row with Video_ID: AuGfojDwT3Q
[2026-08-18T18:37:22.642+0000] {data_modification.py:83} INFO - Updated row with Video_ID: y8zYMjEoBwk
[2026-08-18T18:37:22.646+0000] {data_modification.py:83} INFO - Updated row with Video_ID: 7GqRVb3RFwE
[2026-08-18T18:37:22.650+0000] {data_modification.py:83} INFO - Updated row with Video_ID: R9C9Qu77bsw
[2026-08-18T18:37:22.655+0000] {data_modification.py:83} INFO - Updated row with Video_ID: iNZlRiOxvlg
[2026-08-18T18:37:22.659+0000] {data_modification.py:83} INFO - Updated row with Video_ID: AjNvnX93Deo
[2026-08-18T18:37:22.663+0000] {data_modification.py:83} INFO - Updated row with Video_ID: jK-9APd3JL0
[2026-08-18T18:37:22.667+0000] {data_modification.py:83} INFO - Updated row with Video_ID: ZQWLERvigQI
[2026-08-18T18:37:22.671+0000] {data_modification.py:83} INFO - Updated row with Video_ID: 3f7x5MicAMc
[2026-08-18T18:37:22.675+0000] {data_modification.py:83} INFO - Updated row with Video_ID: k3HIsDtvFWE
[2026-08-18T18:37:22.679+0000] {data_modification.py:83} INFO - Updated row with Video_ID: 6-A3CNc3Z98
[2026-08-18T18:37:22.682+0000] {data_modification.py:83} INFO - Updated row with Video_ID: su0CW24Ko4k
[2026-08-18T18:37:22.686+0000] {data_modification.py:83} INFO - Updated row with Video_ID: eA615UAqJFs
[2026-08-18T18:37:22.690+0000] {data_modification.py:83} INFO - Updated row with Video_ID: JABjvOCl4Mg
[2026-08-18T18:37:22.694+0000] {data_modification.py:83} INFO - Updated row with Video_ID: gzukPbYCJGU
[2026-08-18T18:37:22.698+0000] {data_modification.py:83} INFO - Updated row with Video_ID: yxr_HG-Chcw
[2026-08-18T18:37:22.702+0000] {data_modification.py:83} INFO - Updated row with Video_ID: J9k3kDwTYO0
[2026-08-18T18:37:22.706+0000] {data_modification.py:83} INFO - Updated row with Video_ID: APtVqB2M2d0
[2026-08-18T18:37:22.709+0000] {data_modification.py:83} INFO - Updated row with Video_ID: 4cE_VVfpYyI
[2026-08-18T18:37:22.712+0000] {data_modification.py:83} INFO - Updated row with Video_ID: awnWdQYYGkg
[2026-08-18T18:37:22.716+0000] {data_modification.py:83} INFO - Updated row with Video_ID: S6O_E9J_doU
[2026-08-18T18:37:22.720+0000] {data_modification.py:83} INFO - Updated row with Video_ID: gtxGVZPY2R8
[2026-08-18T18:37:22.724+0000] {data_modification.py:83} INFO - Updated row with Video_ID: UDGyNFZpcDs
[2026-08-18T18:37:22.727+0000] {data_modification.py:83} INFO - Updated row with Video_ID: 7siiwizPzxU
[2026-08-18T18:37:22.730+0000] {data_modification.py:83} INFO - Updated row with Video_ID: hcvmq-hcDIE
[2026-08-18T18:37:22.734+0000] {data_modification.py:83} INFO - Updated row with Video_ID: r6VbzJmtx84
[2026-08-18T18:37:22.737+0000] {data_modification.py:83} INFO - Updated row with Video_ID: DlFqlrgzWQU
[2026-08-18T18:37:22.741+0000] {data_modification.py:83} INFO - Updated row with Video_ID: D6Euf9rWXjs
[2026-08-18T18:37:22.745+0000] {data_modification.py:83} INFO - Updated row with Video_ID: F6dDtyXv8K8
[2026-08-18T18:37:22.750+0000] {data_modification.py:83} INFO - Updated row with Video_ID: D3To87TA4tE
[2026-08-18T18:37:22.754+0000] {data_modification.py:83} INFO - Updated row with Video_ID: UspvR3JaDlw
[2026-08-18T18:37:22.757+0000] {data_modification.py:83} INFO - Updated row with Video_ID: 5z9t8Hp_mHk
[2026-08-18T18:37:22.761+0000] {data_modification.py:83} INFO - Updated row with Video_ID: 9ijXFi_RowE
[2026-08-18T18:37:22.765+0000] {data_modification.py:83} INFO - Updated row with Video_ID: ef2O_ZhKp0A
[2026-08-18T18:37:22.770+0000] {data_modification.py:83} INFO - Updated row with Video_ID: SMEQZojl8H0
[2026-08-18T18:37:22.774+0000] {data_modification.py:83} INFO - Updated row with Video_ID: GpN_oCtTLj4
[2026-08-18T18:37:22.777+0000] {data_modification.py:83} INFO - Updated row with Video_ID: 9WUBV7o-b-Y
[2026-08-18T18:37:22.781+0000] {data_modification.py:83} INFO - Updated row with Video_ID: 1l-5kCivLdE
[2026-08-18T18:37:22.785+0000] {data_modification.py:83} INFO - Updated row with Video_ID: XkfJbowy934
[2026-08-18T18:37:22.788+0000] {data_modification.py:83} INFO - Updated row with Video_ID: I6ArjolrYDo
[2026-08-18T18:37:22.792+0000] {data_modification.py:83} INFO - Updated row with Video_ID: -izIQXq_xVE
[2026-08-18T18:37:22.795+0000] {data_modification.py:83} INFO - Updated row with Video_ID: teo54tfx4Vc
[2026-08-18T18:37:22.799+0000] {data_modification.py:83} INFO - Updated row with Video_ID: 1lQ4bfQqRRo
[2026-08-18T18:37:22.803+0000] {data_modification.py:83} INFO - Updated row with Video_ID: twodNJMspgU
[2026-08-18T18:37:22.807+0000] {data_modification.py:83} INFO - Updated row with Video_ID: 8OWHBZQlCT0
[2026-08-18T18:37:22.811+0000] {data_modification.py:83} INFO - Updated row with Video_ID: Wx_2B-fjLJ4
[2026-08-18T18:37:22.814+0000] {data_modification.py:83} INFO - Updated row with Video_ID: VXxa_KR1EnA
[2026-08-18T18:37:22.817+0000] {data_modification.py:83} INFO - Updated row with Video_ID: F4X1wz6pw9Y
[2026-08-18T18:37:22.821+0000] {data_modification.py:83} INFO - Updated row with Video_ID: 9CHzBmOe6qM
[2026-08-18T18:37:22.824+0000] {data_modification.py:83} INFO - Updated row with Video_ID: 1rPRtcuPkes
[2026-08-18T18:37:22.828+0000] {data_modification.py:83} INFO - Updated row with Video_ID: BMK9RTPsFmg
[2026-08-18T18:37:22.831+0000] {data_modification.py:83} INFO - Updated row with Video_ID: _ITnCEHA5DI
[2026-08-18T18:37:22.834+0000] {data_modification.py:83} INFO - Updated row with Video_ID: 1-pojsb7DuI
[2026-08-18T18:37:22.838+0000] {data_modification.py:83} INFO - Updated row with Video_ID: kk1V5fJuFvI
[2026-08-18T18:37:22.842+0000] {data_modification.py:83} INFO - Updated row with Video_ID: Rv2lTAvl8Vg
[2026-08-18T18:37:22.848+0000] {data_modification.py:83} INFO - Updated row with Video_ID: 6LxfTrlXNJ4
[2026-08-18T18:37:22.852+0000] {data_modification.py:83} INFO - Updated row with Video_ID: MgFQpQAps0o
[2026-08-18T18:37:22.855+0000] {data_modification.py:83} INFO - Updated row with Video_ID: oCfdR4ImbXo
[2026-08-18T18:37:22.859+0000] {data_modification.py:83} INFO - Updated row with Video_ID: yEVLbPiN1xA
[2026-08-18T18:37:22.863+0000] {data_modification.py:83} INFO - Updated row with Video_ID: A3KI5iBJe_4
[2026-08-18T18:37:22.866+0000] {data_modification.py:83} INFO - Updated row with Video_ID: k2MO4x-qSPs
[2026-08-18T18:37:22.870+0000] {data_modification.py:83} INFO - Updated row with Video_ID: LpXluxcspXo
[2026-08-18T18:37:22.873+0000] {data_modification.py:83} INFO - Updated row with Video_ID: 8IkjqoAAunc
[2026-08-18T18:37:22.877+0000] {data_modification.py:83} INFO - Updated row with Video_ID: zUZ0YL7G5fw
[2026-08-18T18:37:22.880+0000] {data_modification.py:83} INFO - Updated row with Video_ID: E68lRUZVQVM
[2026-08-18T18:37:22.884+0000] {data_modification.py:83} INFO - Updated row with Video_ID: KrxNYQy7k_0
[2026-08-18T18:37:22.887+0000] {data_modification.py:83} INFO - Updated row with Video_ID: PtHAJfOblCQ
[2026-08-18T18:37:22.890+0000] {data_modification.py:83} INFO - Updated row with Video_ID: ejHSpMhtxa0
[2026-08-18T18:37:22.894+0000] {data_modification.py:83} INFO - Updated row with Video_ID: mKZXLtgogJI
[2026-08-18T18:37:22.898+0000] {data_modification.py:83} INFO - Updated row with Video_ID: KeXYpgMU_n0
[2026-08-18T18:37:22.901+0000] {data_modification.py:83} INFO - Updated row with Video_ID: LAybkaLrtD0
[2026-08-18T18:37:22.905+0000] {data_modification.py:83} INFO - Updated row with Video_ID: 8HNVZT_kOW0
[2026-08-18T18:37:22.909+0000] {data_modification.py:83} INFO - Updated row with Video_ID: QeY8Xxwsu4g
[2026-08-18T18:37:22.913+0000] {data_modification.py:83} INFO - Updated row with Video_ID: XK-vMrk2qXA
[2026-08-18T18:37:22.917+0000] {data_modification.py:83} INFO - Updated row with Video_ID: vXSq5gS5x6U
[2026-08-18T18:37:22.920+0000] {data_modification.py:83} INFO - Updated row with Video_ID: WY3EuFaQT40
[2026-08-18T18:37:22.924+0000] {data_modification.py:83} INFO - Updated row with Video_ID: vcxg5j3u7UQ
[2026-08-18T18:37:22.928+0000] {data_modification.py:83} INFO - Updated row with Video_ID: BELiyff0K7Y
[2026-08-18T18:37:22.931+0000] {data_modification.py:83} INFO - Updated row with Video_ID: -Jhn5bvzxDY
[2026-08-18T18:37:22.935+0000] {data_modification.py:83} INFO - Updated row with Video_ID: -H3VcLCrc58
[2026-08-18T18:37:22.938+0000] {data_modification.py:83} INFO - Updated row with Video_ID: lBXznBzxa5k
[2026-08-18T18:37:22.941+0000] {data_modification.py:83} INFO - Updated row with Video_ID: VdrlN6AXAro
[2026-08-18T18:37:22.945+0000] {data_modification.py:83} INFO - Updated row with Video_ID: dHI2RKLw2mA
[2026-08-18T18:37:22.948+0000] {data_modification.py:83} INFO - Updated row with Video_ID: xfVjlZlEfLQ
[2026-08-18T18:37:22.953+0000] {data_modification.py:83} INFO - Updated row with Video_ID: 8hHn2RpsU54
[2026-08-18T18:37:22.956+0000] {data_modification.py:83} INFO - Updated row with Video_ID: 1E727gnGsrI
[2026-08-18T18:37:22.959+0000] {data_modification.py:83} INFO - Updated row with Video_ID: psigAW5EJ74
[2026-08-18T18:37:22.963+0000] {data_modification.py:83} INFO - Updated row with Video_ID: 3sXAb6eJqUc
[2026-08-18T18:37:22.966+0000] {data_modification.py:83} INFO - Updated row with Video_ID: ik9HtM1-HlQ
[2026-08-18T18:37:22.969+0000] {data_modification.py:83} INFO - Updated row with Video_ID: JezGSAcVPDI
[2026-08-18T18:37:22.973+0000] {data_modification.py:83} INFO - Updated row with Video_ID: G6I5SG8NXD8
[2026-08-18T18:37:22.976+0000] {data_modification.py:83} INFO - Updated row with Video_ID: Z-aR18f4aKg
[2026-08-18T18:37:22.979+0000] {data_modification.py:83} INFO - Updated row with Video_ID: JJIyYUu2P_g
[2026-08-18T18:37:22.982+0000] {data_modification.py:83} INFO - Updated row with Video_ID: NJWq211Xyj0
[2026-08-18T18:37:22.985+0000] {data_modification.py:83} INFO - Updated row with Video_ID: J1bSpJuh-OE
[2026-08-18T18:37:22.988+0000] {data_modification.py:83} INFO - Updated row with Video_ID: 9udZyCUPG7g
[2026-08-18T18:37:22.992+0000] {data_modification.py:83} INFO - Updated row with Video_ID: HkgvZ-BohDg
[2026-08-18T18:37:22.995+0000] {data_modification.py:83} INFO - Updated row with Video_ID: 0-KxtVKCnHM
[2026-08-18T18:37:22.998+0000] {data_modification.py:83} INFO - Updated row with Video_ID: f9GIauiKplc
[2026-08-18T18:37:23.004+0000] {data_modification.py:83} INFO - Updated row with Video_ID: ClsFac6SyOk
[2026-08-18T18:37:23.010+0000] {data_modification.py:83} INFO - Updated row with Video_ID: Cda-fUJ-GjE
[2026-08-18T18:37:23.013+0000] {data_modification.py:83} INFO - Updated row with Video_ID: 0RnfZnLcYzA
[2026-08-18T18:37:23.017+0000] {data_modification.py:83} INFO - Updated row with Video_ID: h3N3E6HOo0k
[2026-08-18T18:37:23.020+0000] {data_modification.py:83} INFO - Updated row with Video_ID: iBv78MX35iY
[2026-08-18T18:37:23.023+0000] {data_modification.py:83} INFO - Updated row with Video_ID: gdopuuYVCSo
[2026-08-18T18:37:23.026+0000] {data_modification.py:83} INFO - Updated row with Video_ID: _f9P6xXd--k
[2026-08-18T18:37:23.030+0000] {data_modification.py:83} INFO - Updated row with Video_ID: 8X9cgGz-ljo
[2026-08-18T18:37:23.033+0000] {data_modification.py:83} INFO - Updated row with Video_ID: LvizmMLG1tE
[2026-08-18T18:37:23.036+0000] {data_modification.py:83} INFO - Updated row with Video_ID: aGbVyGOoAHs
[2026-08-18T18:37:23.039+0000] {data_modification.py:83} INFO - Updated row with Video_ID: rksqqWp78y8
[2026-08-18T18:37:23.043+0000] {data_modification.py:83} INFO - Updated row with Video_ID: _GqqXyXQ0nE
[2026-08-18T18:37:23.046+0000] {data_modification.py:83} INFO - Updated row with Video_ID: _Kj74_NzK44
[2026-08-18T18:37:23.049+0000] {data_modification.py:83} INFO - Updated row with Video_ID: xxGWutYuE2g
[2026-08-18T18:37:23.053+0000] {data_modification.py:83} INFO - Updated row with Video_ID: vzJC9VyFC0o
[2026-08-18T18:37:23.056+0000] {data_modification.py:83} INFO - Updated row with Video_ID: 5gyq6VcDhNc
[2026-08-18T18:37:23.059+0000] {data_modification.py:83} INFO - Updated row with Video_ID: TyT1gTEjcfI
[2026-08-18T18:37:23.062+0000] {data_modification.py:83} INFO - Updated row with Video_ID: 4AUs95yrUXw
[2026-08-18T18:37:23.065+0000] {data_modification.py:83} INFO - Updated row with Video_ID: _F49L6UrnR0
[2026-08-18T18:37:23.068+0000] {data_modification.py:83} INFO - Updated row with Video_ID: IpbaW4j7UXk
[2026-08-18T18:37:23.071+0000] {data_modification.py:83} INFO - Updated row with Video_ID: z8bDIFFurVc
[2026-08-18T18:37:23.074+0000] {data_modification.py:83} INFO - Updated row with Video_ID: 9a4lm6yBZlA
[2026-08-18T18:37:23.078+0000] {data_modification.py:83} INFO - Updated row with Video_ID: zG3OZERE-Dg
[2026-08-18T18:37:23.081+0000] {data_modification.py:83} INFO - Updated row with Video_ID: z6Qo9p-6hWg
[2026-08-18T18:37:23.084+0000] {data_modification.py:83} INFO - Updated row with Video_ID: vDuDFbfkukc
[2026-08-18T18:37:23.087+0000] {data_modification.py:83} INFO - Updated row with Video_ID: bx5gL2RlFog
[2026-08-18T18:37:23.091+0000] {data_modification.py:83} INFO - Updated row with Video_ID: ScfyBzOAkgs
[2026-08-18T18:37:23.094+0000] {data_modification.py:83} INFO - Updated row with Video_ID: GqSUKruZww8
[2026-08-18T18:37:23.097+0000] {data_modification.py:83} INFO - Updated row with Video_ID: DTFfbGwYz2g
[2026-08-18T18:37:23.100+0000] {data_modification.py:83} INFO - Updated row with Video_ID: xVuCwbDb-ec
[2026-08-18T18:37:23.103+0000] {data_modification.py:83} INFO - Updated row with Video_ID: x8VcPs_Udlg
[2026-08-18T18:37:23.106+0000] {data_modification.py:83} INFO - Updated row with Video_ID: vtoqXlzA2uk
[2026-08-18T18:37:23.109+0000] {data_modification.py:83} INFO - Updated row with Video_ID: c8hzez8PVN4
[2026-08-18T18:37:23.113+0000] {data_modification.py:83} INFO - Updated row with Video_ID: 6mD_rWTTLU0
[2026-08-18T18:37:23.116+0000] {data_modification.py:83} INFO - Updated row with Video_ID: AT2hTP2Awtw
[2026-08-18T18:37:23.119+0000] {data_modification.py:83} INFO - Updated row with Video_ID: 8B3jyCIr3X4
[2026-08-18T18:37:23.123+0000] {data_modification.py:83} INFO - Updated row with Video_ID: WlRKZOOlGwE
[2026-08-18T18:37:23.126+0000] {data_modification.py:83} INFO - Updated row with Video_ID: Kh3q0owg52E
[2026-08-18T18:37:23.131+0000] {data_modification.py:83} INFO - Updated row with Video_ID: tla-rqQed4Y
[2026-08-18T18:37:23.134+0000] {data_modification.py:83} INFO - Updated row with Video_ID: d4fPx30Ut7I
[2026-08-18T18:37:23.138+0000] {data_modification.py:83} INFO - Updated row with Video_ID: Np4vJfI4iUY
[2026-08-18T18:37:23.141+0000] {data_modification.py:83} INFO - Updated row with Video_ID: HIGKVSSlq4E
[2026-08-18T18:37:23.144+0000] {data_modification.py:83} INFO - Updated row with Video_ID: HOYKYSR-ETo
[2026-08-18T18:37:23.147+0000] {data_modification.py:83} INFO - Updated row with Video_ID: nyokkazOMnw
[2026-08-18T18:37:23.150+0000] {data_modification.py:83} INFO - Updated row with Video_ID: EZmu6zjRCag
[2026-08-18T18:37:23.153+0000] {data_modification.py:83} INFO - Updated row with Video_ID: UjbTqXCUEK4
[2026-08-18T18:37:23.157+0000] {data_modification.py:83} INFO - Updated row with Video_ID: iGXXbvFWs-Y
[2026-08-18T18:37:23.160+0000] {data_modification.py:83} INFO - Updated row with Video_ID: Iai73vNjeMw
[2026-08-18T18:37:23.163+0000] {data_modification.py:83} INFO - Updated row with Video_ID: Q4HxtBNovao
[2026-08-18T18:37:23.166+0000] {data_modification.py:83} INFO - Updated row with Video_ID: 1OrYOIbOghg
[2026-08-18T18:37:23.170+0000] {data_modification.py:83} INFO - Updated row with Video_ID: OWi8e0RUEX0
[2026-08-18T18:37:23.173+0000] {data_modification.py:83} INFO - Updated row with Video_ID: 6-BdFAjJ0_I
[2026-08-18T18:37:23.176+0000] {data_modification.py:83} INFO - Updated row with Video_ID: 05YWGsDQrFo
[2026-08-18T18:37:23.179+0000] {data_modification.py:83} INFO - Updated row with Video_ID: kMqSaMKVZoc
[2026-08-18T18:37:23.182+0000] {data_modification.py:83} INFO - Updated row with Video_ID: 7_SRwwgA3Ws
[2026-08-18T18:37:23.186+0000] {data_modification.py:83} INFO - Updated row with Video_ID: MNbfiDXZBsg
[2026-08-18T18:37:23.189+0000] {data_modification.py:83} INFO - Updated row with Video_ID: 8HG3TM22kHk
[2026-08-18T18:37:23.192+0000] {data_modification.py:83} INFO - Updated row with Video_ID: l3J1JxpTvK0
[2026-08-18T18:37:23.195+0000] {data_modification.py:83} INFO - Updated row with Video_ID: LAs9-qaAYNE
[2026-08-18T18:37:23.198+0000] {data_modification.py:83} INFO - Updated row with Video_ID: B4McAav9Ra4
[2026-08-18T18:37:23.202+0000] {data_modification.py:83} INFO - Updated row with Video_ID: -Qf8KGmTqus
[2026-08-18T18:37:23.205+0000] {data_modification.py:83} INFO - Updated row with Video_ID: oivvXPLoWzg
[2026-08-18T18:37:23.209+0000] {data_modification.py:83} INFO - Updated row with Video_ID: NznN6df13FU
[2026-08-18T18:37:23.212+0000] {data_modification.py:83} INFO - Updated row with Video_ID: 2n0LAUwiEWg
[2026-08-18T18:37:23.215+0000] {data_modification.py:83} INFO - Updated row with Video_ID: kBXvkotAOuo
[2026-08-18T18:37:23.219+0000] {data_modification.py:83} INFO - Updated row with Video_ID: Le8kYQ7coYE
[2026-08-18T18:37:23.222+0000] {data_modification.py:83} INFO - Updated row with Video_ID: bGHBrpFi-84
[2026-08-18T18:37:23.225+0000] {data_modification.py:83} INFO - Updated row with Video_ID: b_11gsmVKqY
[2026-08-18T18:37:23.228+0000] {data_modification.py:83} INFO - Updated row with Video_ID: lPqjpUQO7D0
[2026-08-18T18:37:23.232+0000] {data_modification.py:83} INFO - Updated row with Video_ID: vZ6FIMv14ZM
[2026-08-18T18:37:23.235+0000] {data_modification.py:83} INFO - Updated row with Video_ID: KvbLepJMnb8
[2026-08-18T18:37:23.238+0000] {data_modification.py:83} INFO - Updated row with Video_ID: iQIkg3QU-Gg
[2026-08-18T18:37:23.241+0000] {data_modification.py:83} INFO - Updated row with Video_ID: oNtkGU9a6YI
[2026-08-18T18:37:23.245+0000] {data_modification.py:83} INFO - Updated row with Video_ID: XtCJTNxTN64
[2026-08-18T18:37:23.248+0000] {data_modification.py:83} INFO - Updated row with Video_ID: 8t3yAzCHCQ8
[2026-08-18T18:37:23.251+0000] {data_modification.py:83} INFO - Updated row with Video_ID: 133hzok0GYk
[2026-08-18T18:37:23.255+0000] {data_modification.py:83} INFO - Updated row with Video_ID: 4AjTTb8-hY8
[2026-08-18T18:37:23.258+0000] {data_modification.py:83} INFO - Updated row with Video_ID: YZ5is-x349M
[2026-08-18T18:37:23.261+0000] {data_modification.py:83} INFO - Updated row with Video_ID: pVj9y3znEAQ
[2026-08-18T18:37:23.266+0000] {data_modification.py:83} INFO - Updated row with Video_ID: 5IWW442QkqA
[2026-08-18T18:37:23.269+0000] {data_modification.py:83} INFO - Updated row with Video_ID: ynL7qxMI9Ig
[2026-08-18T18:37:23.273+0000] {data_modification.py:83} INFO - Updated row with Video_ID: lw8b2ozpRyE
[2026-08-18T18:37:23.276+0000] {data_modification.py:83} INFO - Updated row with Video_ID: C8D2HrFfwAg
[2026-08-18T18:37:23.279+0000] {data_modification.py:83} INFO - Updated row with Video_ID: KCK6G9MCGg4
[2026-08-18T18:37:23.283+0000] {data_modification.py:83} INFO - Updated row with Video_ID: UO2UxpX-lvU
[2026-08-18T18:37:23.286+0000] {data_modification.py:83} INFO - Updated row with Video_ID: cHvwEpok3fc
[2026-08-18T18:37:23.289+0000] {data_modification.py:83} INFO - Updated row with Video_ID: J8ziNOuyxX0
[2026-08-18T18:37:23.292+0000] {data_modification.py:83} INFO - Updated row with Video_ID: fWqxgy_JwK8
[2026-08-18T18:37:23.296+0000] {data_modification.py:83} INFO - Updated row with Video_ID: ia4zjq5aDF4
[2026-08-18T18:37:23.299+0000] {data_modification.py:83} INFO - Updated row with Video_ID: D7y9UnGb8hc
[2026-08-18T18:37:23.308+0000] {data_modification.py:83} INFO - Updated row with Video_ID: C-MMxrLna_8
[2026-08-18T18:37:23.313+0000] {data_modification.py:83} INFO - Updated row with Video_ID: oxfyAk2IKvo
[2026-08-18T18:37:23.316+0000] {data_modification.py:83} INFO - Updated row with Video_ID: akvtYUNrn8w
[2026-08-18T18:37:23.319+0000] {data_modification.py:83} INFO - Updated row with Video_ID: 4qHrMGh8KV0
[2026-08-18T18:37:23.323+0000] {data_modification.py:83} INFO - Updated row with Video_ID: xFBPvyAgoZY
[2026-08-18T18:37:23.326+0000] {data_modification.py:83} INFO - Updated row with Video_ID: 9aUmtVBw7kQ
[2026-08-18T18:37:23.329+0000] {data_modification.py:83} INFO - Updated row with Video_ID: FmMmixxMG7E
[2026-08-18T18:37:23.332+0000] {data_modification.py:83} INFO - Updated row with Video_ID: Zw-HGTI5E1U
[2026-08-18T18:37:23.336+0000] {data_modification.py:83} INFO - Updated row with Video_ID: XfXt1GNi8VM
[2026-08-18T18:37:23.339+0000] {data_modification.py:83} INFO - Updated row with Video_ID: P1xlaM6OMOE
[2026-08-18T18:37:23.342+0000] {data_modification.py:83} INFO - Updated row with Video_ID: FQrkfxiH78U
[2026-08-18T18:37:23.346+0000] {data_modification.py:83} INFO - Updated row with Video_ID: CTJisZ8dxf0
[2026-08-18T18:37:23.352+0000] {data_modification.py:83} INFO - Updated row with Video_ID: 4dJ7hDZ9QTU
[2026-08-18T18:37:23.356+0000] {data_modification.py:83} INFO - Updated row with Video_ID: ULsBP-AZZuI
[2026-08-18T18:37:23.359+0000] {data_modification.py:83} INFO - Updated row with Video_ID: Q6-rlcsE4V4
[2026-08-18T18:37:23.362+0000] {data_modification.py:83} INFO - Updated row with Video_ID: L4B-xHbhk4U
[2026-08-18T18:37:23.366+0000] {data_modification.py:83} INFO - Updated row with Video_ID: gHQo3UafM54
[2026-08-18T18:37:23.369+0000] {data_modification.py:83} INFO - Updated row with Video_ID: ywzOobuGoAg
[2026-08-18T18:37:23.373+0000] {data_modification.py:83} INFO - Updated row with Video_ID: Feknej-oYVI
[2026-08-18T18:37:23.376+0000] {data_modification.py:83} INFO - Updated row with Video_ID: uH532wJHpeA
[2026-08-18T18:37:23.379+0000] {data_modification.py:83} INFO - Updated row with Video_ID: ErL4gvqCgCo
[2026-08-18T18:37:23.382+0000] {data_modification.py:83} INFO - Updated row with Video_ID: YPet33BhJpA
[2026-08-18T18:37:23.386+0000] {data_modification.py:83} INFO - Updated row with Video_ID: 8ABFMpazxZ8
[2026-08-18T18:37:23.389+0000] {data_modification.py:83} INFO - Updated row with Video_ID: qr9NC50pFNU
[2026-08-18T18:37:23.392+0000] {data_modification.py:83} INFO - Updated row with Video_ID: F-570E9P3xE
[2026-08-18T18:37:23.396+0000] {data_modification.py:83} INFO - Updated row with Video_ID: yEXCi6gYvwI
[2026-08-18T18:37:23.399+0000] {data_modification.py:83} INFO - Updated row with Video_ID: eHkzdRjdRx4
[2026-08-18T18:37:23.402+0000] {data_modification.py:83} INFO - Updated row with Video_ID: JLwqylKvsJY
[2026-08-18T18:37:23.405+0000] {data_modification.py:83} INFO - Updated row with Video_ID: MmAElbM7AG4
[2026-08-18T18:37:23.409+0000] {data_modification.py:83} INFO - Updated row with Video_ID: _IFCOYAReyU
[2026-08-18T18:37:23.412+0000] {data_modification.py:83} INFO - Updated row with Video_ID: a4BHsLgeHxE
[2026-08-18T18:37:23.415+0000] {data_modification.py:83} INFO - Updated row with Video_ID: tg8dlsUIaQU
[2026-08-18T18:37:23.418+0000] {data_modification.py:83} INFO - Updated row with Video_ID: ELb75NfJFk8
[2026-08-18T18:37:23.421+0000] {data_modification.py:83} INFO - Updated row with Video_ID: L7lAI70ErIY
[2026-08-18T18:37:23.425+0000] {data_modification.py:83} INFO - Updated row with Video_ID: LSCtzkiNBXM
[2026-08-18T18:37:23.428+0000] {data_modification.py:83} INFO - Updated row with Video_ID: cq-Ajgs2oec
[2026-08-18T18:37:23.431+0000] {data_modification.py:83} INFO - Updated row with Video_ID: 6D3bU6mjXWc
[2026-08-18T18:37:23.434+0000] {data_modification.py:83} INFO - Updated row with Video_ID: KFsXCPXC-1o
[2026-08-18T18:37:23.438+0000] {data_modification.py:83} INFO - Updated row with Video_ID: V5fEszds2Z8
[2026-08-18T18:37:23.441+0000] {data_modification.py:83} INFO - Updated row with Video_ID: rgB3kL_Rk4g
[2026-08-18T18:37:23.444+0000] {data_modification.py:83} INFO - Updated row with Video_ID: 4TShQEvPgw8
[2026-08-18T18:37:23.448+0000] {data_modification.py:83} INFO - Updated row with Video_ID: cvddvAqZLMg
[2026-08-18T18:37:23.451+0000] {data_modification.py:83} INFO - Updated row with Video_ID: dkrbzSuaQ20
[2026-08-18T18:37:23.455+0000] {data_modification.py:83} INFO - Updated row with Video_ID: bFRigw5OrrI
[2026-08-18T18:37:23.459+0000] {data_modification.py:83} INFO - Updated row with Video_ID: 1STb_sXwm9E
[2026-08-18T18:37:23.462+0000] {data_modification.py:83} INFO - Updated row with Video_ID: 1Snac5FE3bs
[2026-08-18T18:37:23.467+0000] {data_modification.py:83} INFO - Updated row with Video_ID: bgZk25Ksc4E
[2026-08-18T18:37:23.470+0000] {data_modification.py:83} INFO - Updated row with Video_ID: 79DjiX5AJW0
[2026-08-18T18:37:23.473+0000] {data_modification.py:83} INFO - Updated row with Video_ID: Gds2bNjstes
[2026-08-18T18:37:23.480+0000] {data_modification.py:83} INFO - Updated row with Video_ID: gqCS8RVpaCg
[2026-08-18T18:37:23.486+0000] {data_modification.py:83} INFO - Updated row with Video_ID: TYqyvHds_58
[2026-08-18T18:37:23.490+0000] {data_modification.py:83} INFO - Updated row with Video_ID: X5Re2M9Lcq8
[2026-08-18T18:37:23.494+0000] {data_modification.py:83} INFO - Updated row with Video_ID: lIUHoxTxUe0
[2026-08-18T18:37:23.497+0000] {data_modification.py:83} INFO - Updated row with Video_ID: KMXiu4Rk648
[2026-08-18T18:37:23.500+0000] {data_modification.py:83} INFO - Updated row with Video_ID: 2y--RG8WoLM
[2026-08-18T18:37:23.504+0000] {data_modification.py:83} INFO - Updated row with Video_ID: 8VgIj_VN_sE
[2026-08-18T18:37:23.507+0000] {data_modification.py:83} INFO - Updated row with Video_ID: thu9j5W7M_8
[2026-08-18T18:37:23.510+0000] {data_modification.py:83} INFO - Updated row with Video_ID: M1l9HqDWHOY
[2026-08-18T18:37:23.514+0000] {data_modification.py:83} INFO - Updated row with Video_ID: IYPPUrcgu2E
[2026-08-18T18:37:23.517+0000] {data_modification.py:83} INFO - Updated row with Video_ID: g93IhHW600U
[2026-08-18T18:37:23.521+0000] {data_modification.py:83} INFO - Updated row with Video_ID: 0rioSOYk3vs
[2026-08-18T18:37:23.524+0000] {data_modification.py:83} INFO - Updated row with Video_ID: YxJ3AeBfykk
[2026-08-18T18:37:23.527+0000] {data_modification.py:83} INFO - Updated row with Video_ID: h2MdeFNchJE
[2026-08-18T18:37:23.531+0000] {data_modification.py:83} INFO - Updated row with Video_ID: bdupSoZWTZY
[2026-08-18T18:37:23.534+0000] {data_modification.py:83} INFO - Updated row with Video_ID: u2itg6IXgdY
[2026-08-18T18:37:23.538+0000] {data_modification.py:83} INFO - Updated row with Video_ID: V51uIW56M70
[2026-08-18T18:37:23.541+0000] {data_modification.py:83} INFO - Updated row with Video_ID: 5hrrVCl4Lkw
[2026-08-18T18:37:23.545+0000] {data_modification.py:83} INFO - Updated row with Video_ID: OEIsO9HlmUQ
[2026-08-18T18:37:23.548+0000] {data_modification.py:83} INFO - Updated row with Video_ID: QrhfqLtY550
[2026-08-18T18:37:23.551+0000] {data_modification.py:83} INFO - Updated row with Video_ID: kIEp_2mPRo8
[2026-08-18T18:37:23.555+0000] {data_modification.py:83} INFO - Updated row with Video_ID: l__uXGsUIFQ
[2026-08-18T18:37:23.558+0000] {data_modification.py:83} INFO - Updated row with Video_ID: BBbts90DW3w
[2026-08-18T18:37:23.561+0000] {data_modification.py:83} INFO - Updated row with Video_ID: XbF660mEWvM
[2026-08-18T18:37:23.565+0000] {data_modification.py:83} INFO - Updated row with Video_ID: dgqSPA-MrKA
[2026-08-18T18:37:23.568+0000] {data_modification.py:83} INFO - Updated row with Video_ID: oJLcH1ZNTas
[2026-08-18T18:37:23.572+0000] {data_modification.py:83} INFO - Updated row with Video_ID: 6xi5RxMMyF4
[2026-08-18T18:37:23.575+0000] {data_modification.py:83} INFO - Updated row with Video_ID: v-CEx1P54ng
[2026-08-18T18:37:23.578+0000] {data_modification.py:83} INFO - Updated row with Video_ID: R9oK5J367-s
[2026-08-18T18:37:23.581+0000] {data_modification.py:83} INFO - Updated row with Video_ID: 7YEw2POwBxc
[2026-08-18T18:37:23.585+0000] {data_modification.py:83} INFO - Updated row with Video_ID: HqwOuvrP2Tg
[2026-08-18T18:37:23.588+0000] {data_modification.py:83} INFO - Updated row with Video_ID: 66CibydGEJA
[2026-08-18T18:37:23.591+0000] {data_modification.py:83} INFO - Updated row with Video_ID: anFPI9BQClk
[2026-08-18T18:37:23.595+0000] {data_modification.py:83} INFO - Updated row with Video_ID: u7KLl9Kv0RE
[2026-08-18T18:37:23.598+0000] {data_modification.py:83} INFO - Updated row with Video_ID: ILV6IyNfMoA
[2026-08-18T18:37:23.601+0000] {data_modification.py:83} INFO - Updated row with Video_ID: 54m5Yk-LhFc
[2026-08-18T18:37:23.605+0000] {data_modification.py:83} INFO - Updated row with Video_ID: o7VT_AFp2PE
[2026-08-18T18:37:23.609+0000] {data_modification.py:83} INFO - Updated row with Video_ID: SxP4tO45qcE
[2026-08-18T18:37:23.615+0000] {data_modification.py:83} INFO - Updated row with Video_ID: nKbFlEJ2IPA
[2026-08-18T18:37:23.621+0000] {data_modification.py:83} INFO - Updated row with Video_ID: H-Zy59kDKyk
[2026-08-18T18:37:23.625+0000] {data_modification.py:83} INFO - Updated row with Video_ID: L4_JT6YVm-0
[2026-08-18T18:37:23.630+0000] {data_modification.py:83} INFO - Updated row with Video_ID: UJ_7_ls_dHw
[2026-08-18T18:37:23.634+0000] {data_modification.py:83} INFO - Updated row with Video_ID: jtAddPTc1q8
[2026-08-18T18:37:23.638+0000] {data_modification.py:83} INFO - Updated row with Video_ID: -f2ft1LX268
[2026-08-18T18:37:23.641+0000] {data_modification.py:83} INFO - Updated row with Video_ID: yYWNXot97AM
[2026-08-18T18:37:23.644+0000] {data_modification.py:83} INFO - Updated row with Video_ID: nfpGbXlNBbk
[2026-08-18T18:37:23.647+0000] {data_modification.py:83} INFO - Updated row with Video_ID: HzsmBgSe0ak
[2026-08-18T18:37:23.651+0000] {data_modification.py:83} INFO - Updated row with Video_ID: FAnM8EDUUKc
[2026-08-18T18:37:23.655+0000] {data_modification.py:83} INFO - Updated row with Video_ID: 4jwPZvQhxmc
[2026-08-18T18:37:23.658+0000] {data_modification.py:83} INFO - Updated row with Video_ID: 5WnaCmkNsiE
[2026-08-18T18:37:23.661+0000] {data_modification.py:83} INFO - Updated row with Video_ID: M68AOUnP8sU
[2026-08-18T18:37:23.665+0000] {data_modification.py:83} INFO - Updated row with Video_ID: Zf0idCv5BGU
[2026-08-18T18:37:23.668+0000] {data_modification.py:83} INFO - Updated row with Video_ID: Nrf2QXpjgCQ
[2026-08-18T18:37:23.672+0000] {data_modification.py:83} INFO - Updated row with Video_ID: sFm2hrXlu4k
[2026-08-18T18:37:23.675+0000] {data_modification.py:83} INFO - Updated row with Video_ID: KzBnQViIBhM
[2026-08-18T18:37:23.678+0000] {data_modification.py:83} INFO - Updated row with Video_ID: 1MrXqUNeXs8
[2026-08-18T18:37:23.682+0000] {data_modification.py:83} INFO - Updated row with Video_ID: pRj0IgzoIEY
[2026-08-18T18:37:23.685+0000] {data_modification.py:83} INFO - Updated row with Video_ID: OYxsopDNe9g
[2026-08-18T18:37:23.689+0000] {data_modification.py:83} INFO - Updated row with Video_ID: prhX-RStuVc
[2026-08-18T18:37:23.692+0000] {data_modification.py:83} INFO - Updated row with Video_ID: 2Gkf7MK6Qmg
[2026-08-18T18:37:23.695+0000] {data_modification.py:83} INFO - Updated row with Video_ID: D74vLgMYOxM
[2026-08-18T18:37:23.698+0000] {data_modification.py:83} INFO - Updated row with Video_ID: ZrcMc-FtzIM
[2026-08-18T18:37:23.703+0000] {data_modification.py:83} INFO - Updated row with Video_ID: EcQOjiVIsNI
[2026-08-18T18:37:23.706+0000] {data_modification.py:83} INFO - Updated row with Video_ID: TCdfCskufks
[2026-08-18T18:37:23.709+0000] {data_modification.py:83} INFO - Updated row with Video_ID: Qly5PzhxOuo
[2026-08-18T18:37:23.712+0000] {data_modification.py:83} INFO - Updated row with Video_ID: xWTGQPUFow4
[2026-08-18T18:37:23.716+0000] {data_modification.py:83} INFO - Updated row with Video_ID: NENj8W71b80
[2026-08-18T18:37:23.719+0000] {data_modification.py:83} INFO - Updated row with Video_ID: 6Y-3OSNaZ_8
[2026-08-18T18:37:23.723+0000] {data_modification.py:83} INFO - Updated row with Video_ID: rdLO-jvanMI
[2026-08-18T18:37:23.726+0000] {data_modification.py:83} INFO - Updated row with Video_ID: Wmt4To1ru-8
[2026-08-18T18:37:23.729+0000] {data_modification.py:83} INFO - Updated row with Video_ID: Q1F59wszZ_M
[2026-08-18T18:37:23.733+0000] {data_modification.py:83} INFO - Updated row with Video_ID: 0xpud4K1olM
[2026-08-18T18:37:23.737+0000] {data_modification.py:83} INFO - Updated row with Video_ID: QwLBIiUnhEQ
[2026-08-18T18:37:23.740+0000] {data_modification.py:83} INFO - Updated row with Video_ID: 1FNnjGa2BrE
[2026-08-18T18:37:23.744+0000] {data_modification.py:83} INFO - Updated row with Video_ID: 8vxoUj3QPSo
[2026-08-18T18:37:23.747+0000] {data_modification.py:83} INFO - Updated row with Video_ID: q4IfGGORAsM
[2026-08-18T18:37:23.750+0000] {data_modification.py:83} INFO - Updated row with Video_ID: 3M_nitkMVRI
[2026-08-18T18:37:23.753+0000] {data_modification.py:83} INFO - Updated row with Video_ID: 93qIuHBRZv8
[2026-08-18T18:37:23.757+0000] {data_modification.py:83} INFO - Updated row with Video_ID: VrOzI3brCqI
[2026-08-18T18:37:23.760+0000] {data_modification.py:83} INFO - Updated row with Video_ID: 6nWMxRV2Y-c
[2026-08-18T18:37:23.764+0000] {data_modification.py:83} INFO - Updated row with Video_ID: cgOLCFsyCCc
[2026-08-18T18:37:23.768+0000] {data_modification.py:83} INFO - Updated row with Video_ID: Vk7GsG5yJZw
[2026-08-18T18:37:23.771+0000] {data_modification.py:83} INFO - Updated row with Video_ID: eN-4wxVgRDc
[2026-08-18T18:37:23.775+0000] {data_modification.py:83} INFO - Updated row with Video_ID: _RQkZIxj9RU
[2026-08-18T18:37:23.778+0000] {data_modification.py:83} INFO - Updated row with Video_ID: by6zuZS5bqY
[2026-08-18T18:37:23.781+0000] {data_modification.py:83} INFO - Updated row with Video_ID: Z--5D2P8Tnc
[2026-08-18T18:37:23.785+0000] {data_modification.py:83} INFO - Updated row with Video_ID: 3A8DXwqzQrw
[2026-08-18T18:37:23.789+0000] {data_modification.py:83} INFO - Updated row with Video_ID: taaKxMXCTtQ
[2026-08-18T18:37:23.792+0000] {data_modification.py:83} INFO - Updated row with Video_ID: WYY5FwiKe-U
[2026-08-18T18:37:23.795+0000] {data_modification.py:83} INFO - Updated row with Video_ID: HgvnD6B-i2g
[2026-08-18T18:37:23.799+0000] {data_modification.py:83} INFO - Updated row with Video_ID: ulvGQLgDC50
[2026-08-18T18:37:23.803+0000] {data_modification.py:83} INFO - Updated row with Video_ID: IIbj03WNMqA
[2026-08-18T18:37:23.806+0000] {data_modification.py:83} INFO - Updated row with Video_ID: HlhAYZszeaA
[2026-08-18T18:37:23.810+0000] {data_modification.py:83} INFO - Updated row with Video_ID: fLx9y6wE0LM
[2026-08-18T18:37:23.814+0000] {data_modification.py:83} INFO - Updated row with Video_ID: oDrrxbQa91Q
[2026-08-18T18:37:23.817+0000] {data_modification.py:83} INFO - Updated row with Video_ID: oqK8mL9yTSE
[2026-08-18T18:37:23.821+0000] {data_modification.py:83} INFO - Updated row with Video_ID: byMjlRUWGcw
[2026-08-18T18:37:23.824+0000] {data_modification.py:83} INFO - Updated row with Video_ID: luA2Lz7G3Y0
[2026-08-18T18:37:23.828+0000] {data_modification.py:83} INFO - Updated row with Video_ID: HqhVVAgHVBk
[2026-08-18T18:37:23.831+0000] {data_modification.py:83} INFO - Updated row with Video_ID: HwEShZogASs
[2026-08-18T18:37:23.835+0000] {data_modification.py:83} INFO - Updated row with Video_ID: Q_1TUqZIxj0
[2026-08-18T18:37:23.838+0000] {data_modification.py:83} INFO - Updated row with Video_ID: 9I3BubUwFzU
[2026-08-18T18:37:23.842+0000] {data_modification.py:83} INFO - Updated row with Video_ID: W4nQF9srglk
[2026-08-18T18:37:23.846+0000] {data_modification.py:83} INFO - Updated row with Video_ID: 17-TzGCNsY8
[2026-08-18T18:37:23.850+0000] {data_modification.py:83} INFO - Updated row with Video_ID: 6Lkm6lXxq0U
[2026-08-18T18:37:23.854+0000] {data_modification.py:83} INFO - Updated row with Video_ID: r5Sz5fbd47Y
[2026-08-18T18:37:23.857+0000] {data_modification.py:83} INFO - Updated row with Video_ID: _D4_j8Le8wQ
[2026-08-18T18:37:23.861+0000] {data_modification.py:83} INFO - Updated row with Video_ID: IUcYuYIYJx4
[2026-08-18T18:37:23.865+0000] {data_modification.py:83} INFO - Updated row with Video_ID: Ns0FwvPMoxs
[2026-08-18T18:37:23.868+0000] {data_modification.py:83} INFO - Updated row with Video_ID: obg9zI4XOh4
[2026-08-18T18:37:23.872+0000] {data_modification.py:83} INFO - Updated row with Video_ID: I7Lszu-DEgI
[2026-08-18T18:37:23.875+0000] {data_modification.py:83} INFO - Updated row with Video_ID: 3kavrNtxczk
[2026-08-18T18:37:23.879+0000] {data_modification.py:83} INFO - Updated row with Video_ID: Dhmq-J54x4w
[2026-08-18T18:37:23.883+0000] {data_modification.py:83} INFO - Updated row with Video_ID: mLUL6PR-PlI
[2026-08-18T18:37:23.886+0000] {data_modification.py:83} INFO - Updated row with Video_ID: 3xtKOjd1u0s
[2026-08-18T18:37:23.890+0000] {data_modification.py:83} INFO - Updated row with Video_ID: sWGcF-q-TmQ
[2026-08-18T18:37:23.893+0000] {data_modification.py:83} INFO - Updated row with Video_ID: oiI3ee6j9iE
[2026-08-18T18:37:23.897+0000] {data_modification.py:83} INFO - Updated row with Video_ID: 1zU93qM-_9w
[2026-08-18T18:37:23.900+0000] {data_modification.py:83} INFO - Updated row with Video_ID: VVr-nc0x5zA
[2026-08-18T18:37:23.904+0000] {data_modification.py:83} INFO - Updated row with Video_ID: oFlSkP6QVPA
[2026-08-18T18:37:23.907+0000] {data_modification.py:83} INFO - Updated row with Video_ID: kIgAx6IbdJc
[2026-08-18T18:37:23.911+0000] {data_modification.py:83} INFO - Updated row with Video_ID: z2GYdWfOv9k
[2026-08-18T18:37:23.914+0000] {data_modification.py:83} INFO - Updated row with Video_ID: 9vuZk2sKpYw
[2026-08-18T18:37:23.917+0000] {data_modification.py:83} INFO - Updated row with Video_ID: AoQ3rgOBztg
[2026-08-18T18:37:23.921+0000] {data_modification.py:83} INFO - Updated row with Video_ID: iFU1TnhXUIY
[2026-08-18T18:37:23.927+0000] {data_modification.py:83} INFO - Updated row with Video_ID: C967tKINYbc
[2026-08-18T18:37:23.933+0000] {data_modification.py:83} INFO - Updated row with Video_ID: VhvVGZuV8CA
[2026-08-18T18:37:23.937+0000] {data_modification.py:83} INFO - Updated row with Video_ID: 7MveV_icI7M
[2026-08-18T18:37:23.941+0000] {data_modification.py:83} INFO - Updated row with Video_ID: EFAzgedovuc
[2026-08-18T18:37:23.945+0000] {data_modification.py:83} INFO - Updated row with Video_ID: 2G9msv5drZ8
[2026-08-18T18:37:23.948+0000] {data_modification.py:83} INFO - Updated row with Video_ID: fiwZsLC4NLQ
[2026-08-18T18:37:23.952+0000] {data_modification.py:83} INFO - Updated row with Video_ID: ur0gZ0HJKlM
[2026-08-18T18:37:23.955+0000] {data_modification.py:83} INFO - Updated row with Video_ID: 6m0eONRGY7I
[2026-08-18T18:37:23.959+0000] {data_modification.py:83} INFO - Updated row with Video_ID: eOsNCC5i-Yg
[2026-08-18T18:37:23.962+0000] {data_modification.py:83} INFO - Updated row with Video_ID: lurDmde6j5Y
[2026-08-18T18:37:23.966+0000] {data_modification.py:83} INFO - Updated row with Video_ID: WeLvfoIH9g4
[2026-08-18T18:37:23.969+0000] {data_modification.py:83} INFO - Updated row with Video_ID: xGUfA5wyNXk
[2026-08-18T18:37:23.973+0000] {data_modification.py:83} INFO - Updated row with Video_ID: 3OK-KJDrFsQ
[2026-08-18T18:37:23.976+0000] {data_modification.py:83} INFO - Updated row with Video_ID: Djg5IVSCE6g
[2026-08-18T18:37:23.980+0000] {data_modification.py:83} INFO - Updated row with Video_ID: hMlimvgFO4E
[2026-08-18T18:37:23.983+0000] {data_modification.py:83} INFO - Updated row with Video_ID: HjWNDtzl2VQ
[2026-08-18T18:37:23.987+0000] {data_modification.py:83} INFO - Updated row with Video_ID: wreJc3xELlY
[2026-08-18T18:37:23.991+0000] {data_modification.py:83} INFO - Updated row with Video_ID: xDZGB_w8WSo
[2026-08-18T18:37:23.994+0000] {data_modification.py:83} INFO - Updated row with Video_ID: nqmrrkUvhRw
[2026-08-18T18:37:23.998+0000] {data_modification.py:83} INFO - Updated row with Video_ID: zbjyO9sBxY0
[2026-08-18T18:37:24.001+0000] {data_modification.py:83} INFO - Updated row with Video_ID: YocX7wfxgxY
[2026-08-18T18:37:24.005+0000] {data_modification.py:83} INFO - Updated row with Video_ID: X2zQzB9P3oo
[2026-08-18T18:37:24.009+0000] {data_modification.py:83} INFO - Updated row with Video_ID: avNolvZ02_k
[2026-08-18T18:37:24.012+0000] {data_modification.py:83} INFO - Updated row with Video_ID: G_59TjTkVVM
[2026-08-18T18:37:24.016+0000] {data_modification.py:83} INFO - Updated row with Video_ID: fVUZy-Exs90
[2026-08-18T18:37:24.019+0000] {data_modification.py:83} INFO - Updated row with Video_ID: DE5n7OiXmqM
[2026-08-18T18:37:24.023+0000] {data_modification.py:83} INFO - Updated row with Video_ID: H_Caofv95a4
[2026-08-18T18:37:24.027+0000] {data_modification.py:83} INFO - Updated row with Video_ID: PxLiZcWOtWI
[2026-08-18T18:37:24.030+0000] {data_modification.py:83} INFO - Updated row with Video_ID: Q3mlNjnRO8w
[2026-08-18T18:37:24.033+0000] {data_modification.py:83} INFO - Updated row with Video_ID: Nb2vCULxnBg
[2026-08-18T18:37:24.037+0000] {data_modification.py:83} INFO - Updated row with Video_ID: b9-Mxcoxx-Q
[2026-08-18T18:37:24.041+0000] {data_modification.py:83} INFO - Updated row with Video_ID: -cHsNfVjji0
[2026-08-18T18:37:24.044+0000] {data_modification.py:83} INFO - Updated row with Video_ID: skdwi6zUoe8
[2026-08-18T18:37:24.047+0000] {data_modification.py:83} INFO - Updated row with Video_ID: VKJa69Taqmc
[2026-08-18T18:37:24.051+0000] {data_modification.py:83} INFO - Updated row with Video_ID: ZmyMaD147H0
[2026-08-18T18:37:24.054+0000] {data_modification.py:83} INFO - Updated row with Video_ID: 6cAvs2qY_7Y
[2026-08-18T18:37:24.058+0000] {data_modification.py:83} INFO - Updated row with Video_ID: eBdHsIrotlg
[2026-08-18T18:37:24.061+0000] {data_modification.py:83} INFO - Updated row with Video_ID: vyfRrgZKtsQ
[2026-08-18T18:37:24.065+0000] {data_modification.py:83} INFO - Updated row with Video_ID: 4MGZXF0TzsQ
[2026-08-18T18:37:24.068+0000] {data_modification.py:83} INFO - Updated row with Video_ID: V0jYfrkNrrE
[2026-08-18T18:37:24.072+0000] {data_modification.py:83} INFO - Updated row with Video_ID: aze9Jsw6-Io
[2026-08-18T18:37:24.075+0000] {data_modification.py:83} INFO - Updated row with Video_ID: hZD4KG7itq0
[2026-08-18T18:37:24.079+0000] {data_modification.py:83} INFO - Updated row with Video_ID: wb1Y3nVQ30U
[2026-08-18T18:37:24.082+0000] {data_modification.py:83} INFO - Updated row with Video_ID: zcU1ZgBikMQ
[2026-08-18T18:37:24.086+0000] {data_modification.py:83} INFO - Updated row with Video_ID: xlfI0hrhAOk
[2026-08-18T18:37:24.089+0000] {data_modification.py:83} INFO - Updated row with Video_ID: w50zliPw6qU
[2026-08-18T18:37:24.093+0000] {data_modification.py:83} INFO - Updated row with Video_ID: fvImHDfXX-o
[2026-08-18T18:37:24.096+0000] {data_modification.py:83} INFO - Updated row with Video_ID: E68aGS1HHjI
[2026-08-18T18:37:24.100+0000] {data_modification.py:83} INFO - Updated row with Video_ID: KDdiQqyeza4
[2026-08-18T18:37:24.103+0000] {data_modification.py:83} INFO - Updated row with Video_ID: xPnbyuAlPOo
[2026-08-18T18:37:24.107+0000] {data_modification.py:83} INFO - Updated row with Video_ID: EPzzl37glaE
[2026-08-18T18:37:24.110+0000] {data_modification.py:83} INFO - Updated row with Video_ID: HVkSGvZi-WY
[2026-08-18T18:37:24.115+0000] {data_modification.py:83} INFO - Updated row with Video_ID: 759CFNJFBHw
[2026-08-18T18:37:24.119+0000] {data_modification.py:83} INFO - Updated row with Video_ID: WwiOhqv6HbY
[2026-08-18T18:37:24.123+0000] {data_modification.py:83} INFO - Updated row with Video_ID: wrU3YU36VIs
[2026-08-18T18:37:24.126+0000] {data_modification.py:83} INFO - Updated row with Video_ID: GzY-rSQ7mXM
[2026-08-18T18:37:24.130+0000] {data_modification.py:83} INFO - Updated row with Video_ID: l0n1pC_kAMg
[2026-08-18T18:37:24.133+0000] {data_modification.py:83} INFO - Updated row with Video_ID: IcVYyF3EEbk
[2026-08-18T18:37:24.137+0000] {data_modification.py:83} INFO - Updated row with Video_ID: CBp5YWlOhWA
[2026-08-18T18:37:24.141+0000] {data_modification.py:83} INFO - Updated row with Video_ID: 31aeI_jStow
[2026-08-18T18:37:24.148+0000] {data_modification.py:83} INFO - Updated row with Video_ID: 0B2MddSr_d4
[2026-08-18T18:37:24.154+0000] {data_modification.py:83} INFO - Updated row with Video_ID: TULEk6tSbow
[2026-08-18T18:37:24.158+0000] {data_modification.py:83} INFO - Updated row with Video_ID: mzVr750c59g
[2026-08-18T18:37:24.162+0000] {data_modification.py:83} INFO - Updated row with Video_ID: SJfARPJYf5o
[2026-08-18T18:37:24.166+0000] {data_modification.py:83} INFO - Updated row with Video_ID: J1ZhPDu54NQ
[2026-08-18T18:37:24.170+0000] {data_modification.py:83} INFO - Updated row with Video_ID: now02e4JZvc
[2026-08-18T18:37:24.174+0000] {data_modification.py:83} INFO - Updated row with Video_ID: JepLZh_dMeY
[2026-08-18T18:37:24.178+0000] {data_modification.py:83} INFO - Updated row with Video_ID: EQvsasW4DQk
[2026-08-18T18:37:24.181+0000] {data_modification.py:83} INFO - Updated row with Video_ID: NS_Rp2rfZzw
[2026-08-18T18:37:24.185+0000] {data_modification.py:83} INFO - Updated row with Video_ID: rhrnuT6WWAc
[2026-08-18T18:37:24.190+0000] {data_modification.py:83} INFO - Updated row with Video_ID: 8_1PAFyHQts
[2026-08-18T18:37:24.195+0000] {data_modification.py:83} INFO - Updated row with Video_ID: uPLHmRYlwSk
[2026-08-18T18:37:24.199+0000] {data_modification.py:83} INFO - Updated row with Video_ID: lUr6-SKWi34
[2026-08-18T18:37:24.203+0000] {data_modification.py:83} INFO - Updated row with Video_ID: tXCVotNusIo
[2026-08-18T18:37:24.207+0000] {data_modification.py:83} INFO - Updated row with Video_ID: A4yn0fO5I7I
[2026-08-18T18:37:24.210+0000] {data_modification.py:83} INFO - Updated row with Video_ID: 7QfSoW9bhoA
[2026-08-18T18:37:24.214+0000] {data_modification.py:83} INFO - Updated row with Video_ID: VLVS-0RyLCc
[2026-08-18T18:37:24.219+0000] {data_modification.py:83} INFO - Updated row with Video_ID: UE-U8eSo1cE
[2026-08-18T18:37:24.222+0000] {data_modification.py:83} INFO - Updated row with Video_ID: Kk1WPkBJu0Q
[2026-08-18T18:37:24.226+0000] {data_modification.py:83} INFO - Updated row with Video_ID: EAcqjhtCdXc
[2026-08-18T18:37:24.230+0000] {data_modification.py:83} INFO - Updated row with Video_ID: A45cBv5lt78
[2026-08-18T18:37:24.233+0000] {data_modification.py:83} INFO - Updated row with Video_ID: oTjQ7RtCzMk
[2026-08-18T18:37:24.237+0000] {data_modification.py:83} INFO - Updated row with Video_ID: JRE8mNk9z_A
[2026-08-18T18:37:24.241+0000] {data_modification.py:83} INFO - Updated row with Video_ID: QXHqkMuhjMM
[2026-08-18T18:37:24.244+0000] {data_modification.py:83} INFO - Updated row with Video_ID: p61_lIHiqLg
[2026-08-18T18:37:24.248+0000] {data_modification.py:83} INFO - Updated row with Video_ID: tVIPdoGHtHs
[2026-08-18T18:37:24.252+0000] {data_modification.py:83} INFO - Updated row with Video_ID: CiPjXo63aHs
[2026-08-18T18:37:24.255+0000] {data_modification.py:83} INFO - Updated row with Video_ID: QXQEtn7Aq9Y
[2026-08-18T18:37:24.259+0000] {data_modification.py:83} INFO - Updated row with Video_ID: _rG-It86F68
[2026-08-18T18:37:24.263+0000] {data_modification.py:83} INFO - Updated row with Video_ID: qV2UAoVGtGQ
[2026-08-18T18:37:24.267+0000] {data_modification.py:83} INFO - Updated row with Video_ID: uvquD2ly9PA
[2026-08-18T18:37:24.271+0000] {data_modification.py:83} INFO - Updated row with Video_ID: qYM2-s1tgxI
[2026-08-18T18:37:24.274+0000] {data_modification.py:83} INFO - Updated row with Video_ID: g3jaj4pRfa0
[2026-08-18T18:37:24.278+0000] {data_modification.py:83} INFO - Updated row with Video_ID: enF6hmh1WUM
[2026-08-18T18:37:24.282+0000] {data_modification.py:83} INFO - Updated row with Video_ID: Rexkzm0Rt0w
[2026-08-18T18:37:24.285+0000] {data_modification.py:83} INFO - Updated row with Video_ID: Agee-PD6lv8
[2026-08-18T18:37:24.289+0000] {data_modification.py:83} INFO - Updated row with Video_ID: iUfqcpLWkOw
[2026-08-18T18:37:24.293+0000] {data_modification.py:83} INFO - Updated row with Video_ID: Bt1anVVGljw
[2026-08-18T18:37:24.296+0000] {data_modification.py:83} INFO - Updated row with Video_ID: AmEsmyasukk
[2026-08-18T18:37:24.300+0000] {data_modification.py:83} INFO - Updated row with Video_ID: oMi5faaPLaY
[2026-08-18T18:37:24.304+0000] {data_modification.py:83} INFO - Updated row with Video_ID: MC3tMhVWjBQ
[2026-08-18T18:37:24.307+0000] {data_modification.py:83} INFO - Updated row with Video_ID: pouaXB21PN4
[2026-08-18T18:37:24.311+0000] {data_modification.py:83} INFO - Updated row with Video_ID: A8Uj0as16Ek
[2026-08-18T18:37:24.315+0000] {data_modification.py:83} INFO - Updated row with Video_ID: FKqiRUuDNcI
[2026-08-18T18:37:24.318+0000] {data_modification.py:83} INFO - Updated row with Video_ID: bQEh6KF6qDo
[2026-08-18T18:37:24.322+0000] {data_modification.py:83} INFO - Updated row with Video_ID: kqOmz7rCeUQ
[2026-08-18T18:37:24.325+0000] {data_modification.py:83} INFO - Updated row with Video_ID: 4dg5tIELgIQ
[2026-08-18T18:37:24.329+0000] {data_modification.py:83} INFO - Updated row with Video_ID: ZaOb1lxa11k
[2026-08-18T18:37:24.332+0000] {data_modification.py:83} INFO - Updated row with Video_ID: tkq53He5l3I
[2026-08-18T18:37:24.335+0000] {data_modification.py:83} INFO - Updated row with Video_ID: eXATeCmTXow
[2026-08-18T18:37:24.339+0000] {data_modification.py:83} INFO - Updated row with Video_ID: MBEvuz2g90g
[2026-08-18T18:37:24.342+0000] {data_modification.py:83} INFO - Updated row with Video_ID: Ma42RCWeYC4
[2026-08-18T18:37:24.346+0000] {data_modification.py:83} INFO - Updated row with Video_ID: xmOhtSW6zbg
[2026-08-18T18:37:24.350+0000] {data_modification.py:83} INFO - Updated row with Video_ID: joqSgsDFqPU
[2026-08-18T18:37:24.353+0000] {data_modification.py:83} INFO - Updated row with Video_ID: 4VWTy5DgxkQ
[2026-08-18T18:37:24.357+0000] {data_modification.py:83} INFO - Updated row with Video_ID: AemmYF6eKRI
[2026-08-18T18:37:24.360+0000] {data_modification.py:83} INFO - Updated row with Video_ID: tf4OAmRhk38
[2026-08-18T18:37:24.365+0000] {data_modification.py:83} INFO - Updated row with Video_ID: Nr75yJ_nXnQ
[2026-08-18T18:37:24.372+0000] {data_modification.py:83} INFO - Updated row with Video_ID: RIA4RuAz9gE
[2026-08-18T18:37:24.377+0000] {data_modification.py:83} INFO - Updated row with Video_ID: -jpW6NbVD9c
[2026-08-18T18:37:24.380+0000] {data_modification.py:83} INFO - Updated row with Video_ID: vmxpCInDXiY
[2026-08-18T18:37:24.384+0000] {data_modification.py:83} INFO - Updated row with Video_ID: RKoj_ATMags
[2026-08-18T18:37:24.387+0000] {data_modification.py:83} INFO - Updated row with Video_ID: ImLCP-O8q6s
[2026-08-18T18:37:24.390+0000] {data_modification.py:83} INFO - Updated row with Video_ID: bFJ1lJ9z_mk
[2026-08-18T18:37:24.395+0000] {data_modification.py:83} INFO - Updated row with Video_ID: Dn1euPfaNU8
[2026-08-18T18:37:24.399+0000] {data_modification.py:83} INFO - Updated row with Video_ID: VgvFaNkJFY4
[2026-08-18T18:37:24.403+0000] {data_modification.py:83} INFO - Updated row with Video_ID: ttKMoJsocoI
[2026-08-18T18:37:24.407+0000] {data_modification.py:83} INFO - Updated row with Video_ID: JymeJDFatWA
[2026-08-18T18:37:24.411+0000] {data_modification.py:83} INFO - Updated row with Video_ID: fuE_vnFcO-s
[2026-08-18T18:37:24.415+0000] {data_modification.py:83} INFO - Updated row with Video_ID: SfUla62JUzg
[2026-08-18T18:37:24.419+0000] {data_modification.py:83} INFO - Updated row with Video_ID: 7zrclXypbgw
[2026-08-18T18:37:24.423+0000] {data_modification.py:83} INFO - Updated row with Video_ID: 3HSwBzFMRf4
[2026-08-18T18:37:24.427+0000] {data_modification.py:83} INFO - Updated row with Video_ID: eb-OoBupLnI
[2026-08-18T18:37:24.431+0000] {data_modification.py:83} INFO - Updated row with Video_ID: J_Aza9lWRI8
[2026-08-18T18:37:24.435+0000] {data_modification.py:83} INFO - Updated row with Video_ID: l5JR6vP0kWE
[2026-08-18T18:37:24.439+0000] {data_modification.py:83} INFO - Updated row with Video_ID: _T1Dxxk5QDw
[2026-08-18T18:37:24.443+0000] {data_modification.py:83} INFO - Updated row with Video_ID: x289oQsxu0s
[2026-08-18T18:37:24.447+0000] {data_modification.py:83} INFO - Updated row with Video_ID: gndV_d_Q1SE
[2026-08-18T18:37:24.450+0000] {data_modification.py:83} INFO - Updated row with Video_ID: BBaF8kH_qtI
[2026-08-18T18:37:24.454+0000] {data_modification.py:83} INFO - Updated row with Video_ID: jnd5eSwvKNA
[2026-08-18T18:37:24.458+0000] {data_modification.py:83} INFO - Updated row with Video_ID: 8H6nu67Rt3g
[2026-08-18T18:37:24.462+0000] {data_modification.py:83} INFO - Updated row with Video_ID: Ei5wKpfVFwE
[2026-08-18T18:37:24.465+0000] {data_modification.py:83} INFO - Updated row with Video_ID: cTTf0AdRZgg
[2026-08-18T18:37:24.469+0000] {data_modification.py:83} INFO - Updated row with Video_ID: hrwce8RrPvU
[2026-08-18T18:37:24.473+0000] {data_modification.py:83} INFO - Updated row with Video_ID: h_EbSqu8KI4
[2026-08-18T18:37:24.477+0000] {data_modification.py:83} INFO - Updated row with Video_ID: mPWN1YjoIR4
[2026-08-18T18:37:24.480+0000] {data_modification.py:83} INFO - Updated row with Video_ID: x1Dn-vH3xUk
[2026-08-18T18:37:24.484+0000] {data_modification.py:83} INFO - Updated row with Video_ID: fgtZyDVRydM
[2026-08-18T18:37:24.488+0000] {data_modification.py:83} INFO - Updated row with Video_ID: 9shZkA9eHbs
[2026-08-18T18:37:24.491+0000] {data_modification.py:83} INFO - Updated row with Video_ID: JQ2L-X1uHIA
[2026-08-18T18:37:24.495+0000] {data_modification.py:83} INFO - Updated row with Video_ID: xnu2k33WREU
[2026-08-18T18:37:24.498+0000] {data_modification.py:83} INFO - Updated row with Video_ID: ftkacJowya0
[2026-08-18T18:37:24.502+0000] {data_modification.py:83} INFO - Updated row with Video_ID: 3HHUG3ULqMU
[2026-08-18T18:37:24.505+0000] {data_modification.py:83} INFO - Updated row with Video_ID: xBb861qwUJw
[2026-08-18T18:37:24.509+0000] {data_modification.py:83} INFO - Updated row with Video_ID: pkoVK28g9G8
[2026-08-18T18:37:24.513+0000] {data_modification.py:83} INFO - Updated row with Video_ID: DNs5dtB19T8
[2026-08-18T18:37:24.516+0000] {data_modification.py:83} INFO - Updated row with Video_ID: c2RH7394ELk
[2026-08-18T18:37:24.521+0000] {data_modification.py:83} INFO - Updated row with Video_ID: fGn715C4N3E
[2026-08-18T18:37:24.524+0000] {data_modification.py:83} INFO - Updated row with Video_ID: TOuKjdfW1fs
[2026-08-18T18:37:24.528+0000] {data_modification.py:83} INFO - Updated row with Video_ID: ejbZMMc3QfY
[2026-08-18T18:37:24.531+0000] {data_modification.py:83} INFO - Updated row with Video_ID: VlLmkcCJvJI
[2026-08-18T18:37:24.535+0000] {data_modification.py:83} INFO - Updated row with Video_ID: lG7RDMtqys8
[2026-08-18T18:37:24.539+0000] {data_modification.py:83} INFO - Updated row with Video_ID: 3L-YK9bxkvM
[2026-08-18T18:37:24.543+0000] {data_modification.py:83} INFO - Updated row with Video_ID: 3y36CF802UQ
[2026-08-18T18:37:24.547+0000] {data_modification.py:83} INFO - Updated row with Video_ID: q_OWmiA6s5M
[2026-08-18T18:37:24.550+0000] {data_modification.py:83} INFO - Updated row with Video_ID: nI4cOKPJggc
[2026-08-18T18:37:24.554+0000] {data_modification.py:83} INFO - Updated row with Video_ID: 2_TeKCgKAhU
[2026-08-18T18:37:24.557+0000] {data_modification.py:83} INFO - Updated row with Video_ID: _1-YXcDFvrY
[2026-08-18T18:37:24.561+0000] {data_modification.py:83} INFO - Updated row with Video_ID: uVt9Z7cc-HM
[2026-08-18T18:37:24.564+0000] {data_modification.py:83} INFO - Updated row with Video_ID: XD0120rHefw
[2026-08-18T18:37:24.568+0000] {data_modification.py:83} INFO - Updated row with Video_ID: P7ixCjnFdoM
[2026-08-18T18:37:24.572+0000] {data_modification.py:83} INFO - Updated row with Video_ID: 67E7TwHJBQg
[2026-08-18T18:37:24.575+0000] {data_modification.py:83} INFO - Updated row with Video_ID: Gojc2laTkXE
[2026-08-18T18:37:24.579+0000] {data_modification.py:83} INFO - Updated row with Video_ID: TI0NPxpf04M
[2026-08-18T18:37:24.583+0000] {data_modification.py:83} INFO - Updated row with Video_ID: 9wh8OWt9hFg
[2026-08-18T18:37:24.586+0000] {data_modification.py:83} INFO - Updated row with Video_ID: czPuGesEcYE
[2026-08-18T18:37:24.590+0000] {data_modification.py:83} INFO - Updated row with Video_ID: yDVAnmaF9zI
[2026-08-18T18:37:24.593+0000] {data_modification.py:83} INFO - Updated row with Video_ID: haKbuoiGVyw
[2026-08-18T18:37:24.597+0000] {data_modification.py:83} INFO - Updated row with Video_ID: wPsJsB-5Ts4
[2026-08-18T18:37:24.600+0000] {data_modification.py:83} INFO - Updated row with Video_ID: sa9Pc5S5YS4
[2026-08-18T18:37:24.604+0000] {data_modification.py:83} INFO - Updated row with Video_ID: xPftLsZeKSg
[2026-08-18T18:37:24.608+0000] {data_modification.py:83} INFO - Updated row with Video_ID: 2RwsBtJV4SE
[2026-08-18T18:37:24.611+0000] {data_modification.py:83} INFO - Updated row with Video_ID: 6w_Qtt_7-dA
[2026-08-18T18:37:24.615+0000] {data_modification.py:83} INFO - Updated row with Video_ID: JGqjQlHtt3o
[2026-08-18T18:37:24.619+0000] {data_modification.py:83} INFO - Updated row with Video_ID: CVYqJTzgKjA
[2026-08-18T18:37:24.623+0000] {data_modification.py:83} INFO - Updated row with Video_ID: fm5F7sLj1lQ
[2026-08-18T18:37:24.627+0000] {data_modification.py:83} INFO - Updated row with Video_ID: 2cPULlGYs4o
[2026-08-18T18:37:24.630+0000] {data_modification.py:83} INFO - Updated row with Video_ID: YN_jEgf4mfA
[2026-08-18T18:37:24.634+0000] {data_modification.py:83} INFO - Updated row with Video_ID: MntIwzr9tdY
[2026-08-18T18:37:24.638+0000] {data_modification.py:83} INFO - Updated row with Video_ID: MqZkn0J4TU0
[2026-08-18T18:37:24.641+0000] {data_modification.py:83} INFO - Updated row with Video_ID: dBgVb4QX1dA
[2026-08-18T18:37:24.645+0000] {data_modification.py:83} INFO - Updated row with Video_ID: 7J4cJXWTgyk
[2026-08-18T18:37:24.649+0000] {data_modification.py:83} INFO - Updated row with Video_ID: DGEJ-6w3RwM
[2026-08-18T18:37:24.653+0000] {data_modification.py:83} INFO - Updated row with Video_ID: fgpeopy-Zoc
[2026-08-18T18:37:24.656+0000] {data_modification.py:83} INFO - Updated row with Video_ID: BNzg_64gMTY
[2026-08-18T18:37:24.660+0000] {data_modification.py:83} INFO - Updated row with Video_ID: Q58rjLBuzfg
[2026-08-18T18:37:24.664+0000] {data_modification.py:83} INFO - Updated row with Video_ID: OXHeXvn4dlI
[2026-08-18T18:37:24.667+0000] {data_modification.py:83} INFO - Updated row with Video_ID: dCiKQUQPK7g
[2026-08-18T18:37:24.672+0000] {data_modification.py:83} INFO - Updated row with Video_ID: _buH7F-dupc
[2026-08-18T18:37:24.676+0000] {data_modification.py:83} INFO - Updated row with Video_ID: nMFiimlxMrg
[2026-08-18T18:37:24.680+0000] {data_modification.py:83} INFO - Updated row with Video_ID: REoyEQf96CY
[2026-08-18T18:37:24.684+0000] {data_modification.py:83} INFO - Updated row with Video_ID: Wf4effmhu7o
[2026-08-18T18:37:24.689+0000] {data_modification.py:83} INFO - Updated row with Video_ID: pzKCy5D9q4I
[2026-08-18T18:37:24.693+0000] {data_modification.py:83} INFO - Updated row with Video_ID: 9WnEdjOiGRg
[2026-08-18T18:37:24.697+0000] {data_modification.py:83} INFO - Updated row with Video_ID: Auuz2iswkLo
[2026-08-18T18:37:24.701+0000] {data_modification.py:83} INFO - Updated row with Video_ID: A3j7splgeps
[2026-08-18T18:37:24.704+0000] {data_modification.py:83} INFO - Updated row with Video_ID: 6TWITfCWZe8
[2026-08-18T18:37:24.708+0000] {data_modification.py:83} INFO - Updated row with Video_ID: dVuU8TFoRks
[2026-08-18T18:37:24.711+0000] {data_modification.py:83} INFO - Updated row with Video_ID: 1iJszjLAvW8
[2026-08-18T18:37:24.715+0000] {data_modification.py:83} INFO - Updated row with Video_ID: _VGzQ69WWVc
[2026-08-18T18:37:24.718+0000] {data_modification.py:83} INFO - Updated row with Video_ID: 8SoxJPEa7S8
[2026-08-18T18:37:24.722+0000] {data_modification.py:83} INFO - Updated row with Video_ID: W-d9OjIdsKE
[2026-08-18T18:37:24.726+0000] {data_modification.py:83} INFO - Updated row with Video_ID: UnsgpjNn-bg
[2026-08-18T18:37:24.729+0000] {data_modification.py:83} INFO - Updated row with Video_ID: GDDj_RFDHyk
[2026-08-18T18:37:24.733+0000] {data_modification.py:83} INFO - Updated row with Video_ID: a0nvGgLC5F8
[2026-08-18T18:37:24.737+0000] {data_modification.py:83} INFO - Updated row with Video_ID: cVQQvqiHOdA
[2026-08-18T18:37:24.741+0000] {data_modification.py:83} INFO - Updated row with Video_ID: n0XTK-DXIbQ
[2026-08-18T18:37:24.744+0000] {data_modification.py:83} INFO - Updated row with Video_ID: Wo7lxA8sfvY
[2026-08-18T18:37:24.748+0000] {data_modification.py:83} INFO - Updated row with Video_ID: Z6BkqyPvbQY
[2026-08-18T18:37:24.752+0000] {data_modification.py:83} INFO - Updated row with Video_ID: YSv-1whya24
[2026-08-18T18:37:24.755+0000] {data_modification.py:83} INFO - Updated row with Video_ID: yHE9_YfVLtg
[2026-08-18T18:37:24.759+0000] {data_modification.py:83} INFO - Updated row with Video_ID: WUvY2H8KcRw
[2026-08-18T18:37:24.762+0000] {data_modification.py:83} INFO - Updated row with Video_ID: QsoytcbiqQI
[2026-08-18T18:37:24.766+0000] {data_modification.py:83} INFO - Updated row with Video_ID: a_wJqpdnbjk
[2026-08-18T18:37:24.770+0000] {data_modification.py:83} INFO - Updated row with Video_ID: 69NF_4T6Bqk
[2026-08-18T18:37:24.773+0000] {data_modification.py:83} INFO - Updated row with Video_ID: izugGKtCqOE
[2026-08-18T18:37:24.777+0000] {data_modification.py:83} INFO - Updated row with Video_ID: v8ZiCRCjGRM
[2026-08-18T18:37:24.780+0000] {data_modification.py:83} INFO - Updated row with Video_ID: 3dFpYgziO_0
[2026-08-18T18:37:24.785+0000] {data_modification.py:83} INFO - Updated row with Video_ID: nyxtW124WR4
[2026-08-18T18:37:24.788+0000] {data_modification.py:83} INFO - Updated row with Video_ID: yjxkMITf_cU
[2026-08-18T18:37:24.792+0000] {data_modification.py:83} INFO - Updated row with Video_ID: CXKEFQV17xI
[2026-08-18T18:37:24.795+0000] {data_modification.py:83} INFO - Updated row with Video_ID: vi3xTTdzvPU
[2026-08-18T18:37:24.799+0000] {data_modification.py:83} INFO - Updated row with Video_ID: za7f59vO5sQ
[2026-08-18T18:37:24.803+0000] {data_modification.py:83} INFO - Updated row with Video_ID: SIAHGesRHa8
[2026-08-18T18:37:24.806+0000] {data_modification.py:83} INFO - Updated row with Video_ID: xLKGl4YzpnY
[2026-08-18T18:37:24.810+0000] {data_modification.py:83} INFO - Updated row with Video_ID: xWiFsMrcziA
[2026-08-18T18:37:24.813+0000] {data_modification.py:83} INFO - Updated row with Video_ID: Uw0zsQ1sDmY
[2026-08-18T18:37:24.817+0000] {data_modification.py:83} INFO - Updated row with Video_ID: 6vm0PEQS6U8
[2026-08-18T18:37:24.821+0000] {data_modification.py:83} INFO - Updated row with Video_ID: bXPNvKlQHxU
[2026-08-18T18:37:24.825+0000] {data_modification.py:83} INFO - Updated row with Video_ID: p8FwtNUYB_g
[2026-08-18T18:37:24.828+0000] {data_modification.py:83} INFO - Updated row with Video_ID: J0hzebq4_Sc
[2026-08-18T18:37:24.832+0000] {data_modification.py:83} INFO - Updated row with Video_ID: bQuNl812VqI
[2026-08-18T18:37:24.835+0000] {data_modification.py:83} INFO - Updated row with Video_ID: wwJiHKP2pqc
[2026-08-18T18:37:24.839+0000] {data_modification.py:83} INFO - Updated row with Video_ID: wP451vIfOUs
[2026-08-18T18:37:24.842+0000] {data_modification.py:83} INFO - Updated row with Video_ID: J0F_5jgpD3k
[2026-08-18T18:37:24.846+0000] {data_modification.py:83} INFO - Updated row with Video_ID: 0Vzt3XU89kM
[2026-08-18T18:37:24.849+0000] {data_modification.py:83} INFO - Updated row with Video_ID: Iq0yOm1lQNw
[2026-08-18T18:37:24.854+0000] {data_modification.py:83} INFO - Updated row with Video_ID: FeTRrdIpt3Y
[2026-08-18T18:37:24.865+0000] {data_modification.py:83} INFO - Updated row with Video_ID: 44NHPhSyo9M
[2026-08-18T18:37:24.869+0000] {data_modification.py:83} INFO - Updated row with Video_ID: istaIJhPQBE
[2026-08-18T18:37:24.873+0000] {data_modification.py:83} INFO - Updated row with Video_ID: aPyJeZtol9s
[2026-08-18T18:37:24.876+0000] {data_modification.py:83} INFO - Updated row with Video_ID: YIqtehachHc
[2026-08-18T18:37:24.880+0000] {data_modification.py:83} INFO - Updated row with Video_ID: TuGb_gi7WTA
[2026-08-18T18:37:24.883+0000] {data_modification.py:83} INFO - Updated row with Video_ID: Vojf-725Yp8
[2026-08-18T18:37:24.887+0000] {data_modification.py:83} INFO - Updated row with Video_ID: viYbNIbe3FQ
[2026-08-18T18:37:24.890+0000] {data_modification.py:83} INFO - Updated row with Video_ID: twGPQS3XNsw
[2026-08-18T18:37:24.894+0000] {data_modification.py:83} INFO - Updated row with Video_ID: fccNB-chRQA
[2026-08-18T18:37:24.897+0000] {data_modification.py:83} INFO - Updated row with Video_ID: Qe8Rj9pnmT0
[2026-08-18T18:37:24.901+0000] {data_modification.py:83} INFO - Updated row with Video_ID: 8a2w-yH1zSI
[2026-08-18T18:37:24.904+0000] {data_modification.py:83} INFO - Updated row with Video_ID: JlnvNXvttms
[2026-08-18T18:37:24.908+0000] {data_modification.py:83} INFO - Updated row with Video_ID: D_SidjbHoGo
[2026-08-18T18:37:24.912+0000] {data_modification.py:83} INFO - Updated row with Video_ID: qskb5J36pfg
[2026-08-18T18:37:24.915+0000] {data_modification.py:83} INFO - Updated row with Video_ID: 1s5L3HjuXgA
[2026-08-18T18:37:24.918+0000] {data_modification.py:83} INFO - Updated row with Video_ID: zRdG1g3VPL0
[2026-08-18T18:37:24.925+0000] {data_modification.py:83} INFO - Updated row with Video_ID: SudbvSEaq0g
[2026-08-18T18:37:24.930+0000] {data_modification.py:83} INFO - Updated row with Video_ID: lpL8Jjt4kHk
[2026-08-18T18:37:24.934+0000] {data_modification.py:83} INFO - Updated row with Video_ID: HQsgpz9lFS0
[2026-08-18T18:37:24.938+0000] {data_modification.py:83} INFO - Updated row with Video_ID: KnoflIre5gE
[2026-08-18T18:37:24.942+0000] {data_modification.py:83} INFO - Updated row with Video_ID: nxIlyaYPAdE
[2026-08-18T18:37:24.946+0000] {data_modification.py:83} INFO - Updated row with Video_ID: NEwZHhI2Rj0
[2026-08-18T18:37:24.951+0000] {data_modification.py:83} INFO - Updated row with Video_ID: 4S7Ra3PXXgQ
[2026-08-18T18:37:24.956+0000] {data_modification.py:83} INFO - Updated row with Video_ID: ISctWPEzbdY
[2026-08-18T18:37:24.960+0000] {data_modification.py:83} INFO - Updated row with Video_ID: FDLcUMy9yKw
[2026-08-18T18:37:24.964+0000] {data_modification.py:83} INFO - Updated row with Video_ID: OldGFW9QyqQ
[2026-08-18T18:37:24.968+0000] {data_modification.py:83} INFO - Updated row with Video_ID: ZoJ-yfzO9xk
[2026-08-18T18:37:24.972+0000] {data_modification.py:83} INFO - Updated row with Video_ID: j3Q1Ifq5w6A
[2026-08-18T18:37:24.976+0000] {data_modification.py:83} INFO - Updated row with Video_ID: ntTs0xLtp5s
[2026-08-18T18:37:24.981+0000] {data_modification.py:83} INFO - Updated row with Video_ID: wwBG3rOq5Pc
[2026-08-18T18:37:24.985+0000] {data_modification.py:83} INFO - Updated row with Video_ID: 0O1TWkzahmg
[2026-08-18T18:37:24.989+0000] {data_modification.py:83} INFO - Updated row with Video_ID: sf8MF9p_6cA
[2026-08-18T18:37:24.993+0000] {data_modification.py:83} INFO - Updated row with Video_ID: cfvLgrMYWKo
[2026-08-18T18:37:24.997+0000] {data_modification.py:83} INFO - Updated row with Video_ID: 9OmZ9qey3Uo
[2026-08-18T18:37:25.000+0000] {data_modification.py:83} INFO - Updated row with Video_ID: 2x74tCGdy70
[2026-08-18T18:37:25.004+0000] {data_modification.py:83} INFO - Updated row with Video_ID: X02KQwmeHss
[2026-08-18T18:37:25.009+0000] {data_modification.py:83} INFO - Updated row with Video_ID: qdnIpBr25dY
[2026-08-18T18:37:25.013+0000] {data_modification.py:83} INFO - Updated row with Video_ID: kxnH_mpq32w
[2026-08-18T18:37:25.017+0000] {data_modification.py:83} INFO - Updated row with Video_ID: be4p7rU_VKA
[2026-08-18T18:37:25.021+0000] {data_modification.py:83} INFO - Updated row with Video_ID: asiCNI82CcM
[2026-08-18T18:37:25.025+0000] {data_modification.py:83} INFO - Updated row with Video_ID: APy64ETlRaM
[2026-08-18T18:37:25.029+0000] {data_modification.py:83} INFO - Updated row with Video_ID: GJRQe0ISQUs
[2026-08-18T18:37:25.033+0000] {data_modification.py:83} INFO - Updated row with Video_ID: VzJQ1ommLW8
[2026-08-18T18:37:25.037+0000] {data_modification.py:83} INFO - Updated row with Video_ID: defZKYz7FuQ
[2026-08-18T18:37:25.041+0000] {data_modification.py:83} INFO - Updated row with Video_ID: h27qa9QX6EA
[2026-08-18T18:37:25.045+0000] {data_modification.py:83} INFO - Updated row with Video_ID: 36JY4X0082k
[2026-08-18T18:37:25.049+0000] {data_modification.py:83} INFO - Updated row with Video_ID: ihfJh8dv8mU
[2026-08-18T18:37:25.053+0000] {data_modification.py:83} INFO - Updated row with Video_ID: pOhpTCT4pWM
[2026-08-18T18:37:25.057+0000] {data_modification.py:83} INFO - Updated row with Video_ID: a4y7Bs_F8sU
[2026-08-18T18:37:25.061+0000] {data_modification.py:83} INFO - Updated row with Video_ID: qDzJuXoTN1Y
[2026-08-18T18:37:25.065+0000] {data_modification.py:83} INFO - Updated row with Video_ID: wVlEMD0THH8
[2026-08-18T18:37:25.070+0000] {data_modification.py:83} INFO - Updated row with Video_ID: EJ79VvL-p6w
[2026-08-18T18:37:25.074+0000] {data_modification.py:83} INFO - Updated row with Video_ID: iJyafEAUCsw
[2026-08-18T18:37:25.077+0000] {data_modification.py:83} INFO - Updated row with Video_ID: aRqCbCxxmbg
[2026-08-18T18:37:25.081+0000] {data_modification.py:83} INFO - Updated row with Video_ID: MRTU5lqpJi4
[2026-08-18T18:37:25.085+0000] {data_modification.py:83} INFO - Updated row with Video_ID: yoP_Mzu4Hf4
[2026-08-18T18:37:25.089+0000] {data_modification.py:83} INFO - Updated row with Video_ID: 0A6fmURqD8s
[2026-08-18T18:37:25.094+0000] {data_modification.py:83} INFO - Updated row with Video_ID: HL-kSqgABh8
[2026-08-18T18:37:25.098+0000] {data_modification.py:83} INFO - Updated row with Video_ID: ux9rf-TDYlQ
[2026-08-18T18:37:25.102+0000] {data_modification.py:83} INFO - Updated row with Video_ID: u6ugEgTUhUA
[2026-08-18T18:37:25.106+0000] {data_modification.py:83} INFO - Updated row with Video_ID: 4ijOv6-Fh_k
[2026-08-18T18:37:25.110+0000] {data_modification.py:83} INFO - Updated row with Video_ID: 8WiTgb23Rc8
[2026-08-18T18:37:25.114+0000] {data_modification.py:83} INFO - Updated row with Video_ID: hU0-5ta4ly8
[2026-08-18T18:37:25.118+0000] {data_modification.py:83} INFO - Updated row with Video_ID: 3FNZD254Gjg
[2026-08-18T18:37:25.122+0000] {data_modification.py:83} INFO - Updated row with Video_ID: 89SJQC7E_SU
[2026-08-18T18:37:25.126+0000] {data_modification.py:83} INFO - Updated row with Video_ID: hRM6Y4FZ-C8
[2026-08-18T18:37:25.130+0000] {data_modification.py:83} INFO - Updated row with Video_ID: Z3Vhm65rOZ8
[2026-08-18T18:37:25.134+0000] {data_modification.py:83} INFO - Updated row with Video_ID: QjPu0hmJ0iI
[2026-08-18T18:37:25.138+0000] {data_modification.py:83} INFO - Updated row with Video_ID: UX_4AEJrjm8
[2026-08-18T18:37:25.141+0000] {data_modification.py:83} INFO - Updated row with Video_ID: mVZKSwuRXFY
[2026-08-18T18:37:25.145+0000] {data_modification.py:83} INFO - Updated row with Video_ID: yqr-KzthawQ
[2026-08-18T18:37:25.149+0000] {data_modification.py:83} INFO - Updated row with Video_ID: EHkK4IyF6IM
[2026-08-18T18:37:25.153+0000] {data_modification.py:83} INFO - Updated row with Video_ID: rvhBKC5pJ9c
[2026-08-18T18:37:25.157+0000] {data_modification.py:83} INFO - Updated row with Video_ID: t3vahm6Qlu0
[2026-08-18T18:37:25.161+0000] {data_modification.py:83} INFO - Updated row with Video_ID: QIq3BjQPQOE
[2026-08-18T18:37:25.166+0000] {data_modification.py:83} INFO - Updated row with Video_ID: rvU5W_3OB7Q
[2026-08-18T18:37:25.171+0000] {data_modification.py:83} INFO - Updated row with Video_ID: e09x4LCXjqo
[2026-08-18T18:37:25.178+0000] {data_modification.py:83} INFO - Updated row with Video_ID: Ss9kCtoCPp8
[2026-08-18T18:37:25.183+0000] {data_modification.py:83} INFO - Updated row with Video_ID: eUyjPEYEzxA
[2026-08-18T18:37:25.187+0000] {data_modification.py:83} INFO - Updated row with Video_ID: K-zLsThnOf4
[2026-08-18T18:37:25.192+0000] {data_modification.py:83} INFO - Updated row with Video_ID: 9oN9hg0AdQw
[2026-08-18T18:37:25.196+0000] {data_modification.py:83} INFO - Updated row with Video_ID: tjOHZo1KJ9M
[2026-08-18T18:37:25.201+0000] {data_modification.py:83} INFO - Updated row with Video_ID: qxsY1VdWnfM
[2026-08-18T18:37:25.205+0000] {data_modification.py:83} INFO - Updated row with Video_ID: XsRNSxYi5SU
[2026-08-18T18:37:25.210+0000] {data_modification.py:83} INFO - Updated row with Video_ID: 06gtxUgm1N4
[2026-08-18T18:37:25.215+0000] {data_modification.py:83} INFO - Updated row with Video_ID: hPOnZMYbVaw
[2026-08-18T18:37:25.219+0000] {data_modification.py:83} INFO - Updated row with Video_ID: NCcnO58YeN0
[2026-08-18T18:37:25.224+0000] {data_modification.py:83} INFO - Updated row with Video_ID: Tv00V8Lae-I
[2026-08-18T18:37:25.229+0000] {data_modification.py:83} INFO - Updated row with Video_ID: 6-qHrN_g2Wg
[2026-08-18T18:37:25.234+0000] {data_modification.py:83} INFO - Updated row with Video_ID: DY3FwcvqWDs
[2026-08-18T18:37:25.238+0000] {data_modification.py:83} INFO - Updated row with Video_ID: 8X08orQ4F4s
[2026-08-18T18:37:25.242+0000] {data_modification.py:83} INFO - Updated row with Video_ID: Y0FoKeitySM
[2026-08-18T18:37:25.246+0000] {data_modification.py:83} INFO - Updated row with Video_ID: BnpS8RtFFbg
[2026-08-18T18:37:25.250+0000] {data_modification.py:83} INFO - Updated row with Video_ID: VtD5rRZhGRQ
[2026-08-18T18:37:25.254+0000] {data_modification.py:83} INFO - Updated row with Video_ID: -tcSWt2Lgsg
[2026-08-18T18:37:25.259+0000] {data_modification.py:83} INFO - Updated row with Video_ID: E0-vGLx15dQ
[2026-08-18T18:37:25.263+0000] {data_modification.py:83} INFO - Updated row with Video_ID: aq8iaE_XzrE
[2026-08-18T18:37:25.268+0000] {data_modification.py:83} INFO - Updated row with Video_ID: aRkGlKipFhM
[2026-08-18T18:37:25.272+0000] {data_modification.py:83} INFO - Updated row with Video_ID: CBgmFzj5KjU
[2026-08-18T18:37:25.277+0000] {data_modification.py:83} INFO - Updated row with Video_ID: jVv4CwBQIp8
[2026-08-18T18:37:25.281+0000] {data_modification.py:83} INFO - Updated row with Video_ID: 9DNtHCInjVE
[2026-08-18T18:37:25.286+0000] {data_modification.py:83} INFO - Updated row with Video_ID: PfekycG77rg
[2026-08-18T18:37:25.290+0000] {data_modification.py:83} INFO - Updated row with Video_ID: 9sQzzOE3CHk
[2026-08-18T18:37:25.295+0000] {data_modification.py:83} INFO - Updated row with Video_ID: PtIJgqA_IVs
[2026-08-18T18:37:25.299+0000] {data_modification.py:83} INFO - Updated row with Video_ID: cvEjE1Rz8d0
[2026-08-18T18:37:25.303+0000] {data_modification.py:83} INFO - Updated row with Video_ID: tvCRyPXFv4g
[2026-08-18T18:37:25.308+0000] {data_modification.py:83} INFO - Updated row with Video_ID: 3JXPW6EXin0
[2026-08-18T18:37:25.314+0000] {data_modification.py:83} INFO - Updated row with Video_ID: jkiYNiJcEr8
[2026-08-18T18:37:25.322+0000] {data_modification.py:83} INFO - Updated row with Video_ID: KamtcyGIMd4
[2026-08-18T18:37:25.327+0000] {data_modification.py:83} INFO - Updated row with Video_ID: XxDjfhW_kFg
[2026-08-18T18:37:25.332+0000] {data_modification.py:83} INFO - Updated row with Video_ID: OOWL-kqcEwE
[2026-08-18T18:37:25.337+0000] {data_modification.py:83} INFO - Updated row with Video_ID: Jay3ISiwrpc
[2026-08-18T18:37:25.340+0000] {data_modification.py:83} INFO - Updated row with Video_ID: RmIG6XRgKtc
[2026-08-18T18:37:25.345+0000] {data_modification.py:83} INFO - Updated row with Video_ID: CnrpcrNgr2w
[2026-08-18T18:37:25.349+0000] {data_modification.py:83} INFO - Updated row with Video_ID: m7vfRpsNqqc
[2026-08-18T18:37:25.353+0000] {data_modification.py:83} INFO - Updated row with Video_ID: XDP5GAPuVT0
[2026-08-18T18:37:25.357+0000] {data_modification.py:83} INFO - Updated row with Video_ID: nTFuHyCN5RU
[2026-08-18T18:37:25.360+0000] {data_modification.py:83} INFO - Updated row with Video_ID: AcJKaXh2HMA
[2026-08-18T18:37:25.364+0000] {data_modification.py:83} INFO - Updated row with Video_ID: sMEcmqNUgr8
[2026-08-18T18:37:25.368+0000] {data_modification.py:83} INFO - Updated row with Video_ID: 9BiCtX3U4dc
[2026-08-18T18:37:25.371+0000] {data_modification.py:83} INFO - Updated row with Video_ID: fLpExPuRHRM
[2026-08-18T18:37:25.375+0000] {data_modification.py:83} INFO - Updated row with Video_ID: 74dqM_xtvAA
[2026-08-18T18:37:25.379+0000] {data_modification.py:83} INFO - Updated row with Video_ID: pr7QyC9YNFA
[2026-08-18T18:37:25.383+0000] {data_modification.py:83} INFO - Updated row with Video_ID: xCNtYs166yY
[2026-08-18T18:37:25.387+0000] {data_modification.py:83} INFO - Updated row with Video_ID: LzR6a33lm3U
[2026-08-18T18:37:25.391+0000] {data_modification.py:83} INFO - Updated row with Video_ID: 2_E6r5Oy0NQ
[2026-08-18T18:37:25.394+0000] {data_modification.py:83} INFO - Updated row with Video_ID: AOvaOjN9dIQ
[2026-08-18T18:37:25.398+0000] {data_modification.py:83} INFO - Updated row with Video_ID: -IcMSPkqG6k
[2026-08-18T18:37:25.402+0000] {data_modification.py:83} INFO - Updated row with Video_ID: eniIu3iX10c
[2026-08-18T18:37:25.406+0000] {data_modification.py:83} INFO - Updated row with Video_ID: uawhoSKdQvA
[2026-08-18T18:37:25.409+0000] {data_modification.py:83} INFO - Updated row with Video_ID: yNnLzj32OKQ
[2026-08-18T18:37:25.414+0000] {data_modification.py:83} INFO - Updated row with Video_ID: pm3vHAN_a18
[2026-08-18T18:37:25.417+0000] {data_modification.py:83} INFO - Updated row with Video_ID: gCK5KhEjCXI
[2026-08-18T18:37:25.422+0000] {data_modification.py:83} INFO - Updated row with Video_ID: Yhl9aXwAVQo
[2026-08-18T18:37:25.426+0000] {data_modification.py:83} INFO - Updated row with Video_ID: hhJyd4eZvOE
[2026-08-18T18:37:25.430+0000] {data_modification.py:83} INFO - Updated row with Video_ID: uANezHSh8P8
[2026-08-18T18:37:25.434+0000] {data_modification.py:83} INFO - Updated row with Video_ID: dymMZdWBwZQ
[2026-08-18T18:37:25.438+0000] {data_modification.py:83} INFO - Updated row with Video_ID: 2IZKVUcFFnM
[2026-08-18T18:37:25.442+0000] {data_modification.py:83} INFO - Updated row with Video_ID: banfLtY0dCM
[2026-08-18T18:37:25.446+0000] {data_modification.py:83} INFO - Updated row with Video_ID: 45H1SoadRxM
[2026-08-18T18:37:25.450+0000] {data_modification.py:83} INFO - Updated row with Video_ID: OyWahSZkAeQ
[2026-08-18T18:37:25.454+0000] {data_modification.py:83} INFO - Updated row with Video_ID: CO12pFdVOGc
[2026-08-18T18:37:25.459+0000] {data_modification.py:83} INFO - Updated row with Video_ID: N2hgTv9jgqI
[2026-08-18T18:37:25.465+0000] {data_modification.py:83} INFO - Updated row with Video_ID: 8f5S99KGECg
[2026-08-18T18:37:25.470+0000] {data_modification.py:83} INFO - Updated row with Video_ID: Vu5lAxhbKL8
[2026-08-18T18:37:25.474+0000] {data_modification.py:83} INFO - Updated row with Video_ID: wsyiKguutmY
[2026-08-18T18:37:25.478+0000] {data_modification.py:83} INFO - Updated row with Video_ID: gJ8qhZf7VFM
[2026-08-18T18:37:25.482+0000] {data_modification.py:83} INFO - Updated row with Video_ID: Op3fekVBMnc
[2026-08-18T18:37:25.485+0000] {data_modification.py:83} INFO - Updated row with Video_ID: wO9o6oEOeP0
[2026-08-18T18:37:25.489+0000] {data_modification.py:83} INFO - Updated row with Video_ID: ts5z3AYGY6Q
[2026-08-18T18:37:25.493+0000] {data_modification.py:83} INFO - Updated row with Video_ID: T9sv7_9y-XI
[2026-08-18T18:37:25.497+0000] {data_modification.py:83} INFO - Updated row with Video_ID: 1SL1bJhlkAU
[2026-08-18T18:37:25.501+0000] {data_modification.py:83} INFO - Updated row with Video_ID: HROTZQv1QZM
[2026-08-18T18:37:25.504+0000] {data_modification.py:83} INFO - Updated row with Video_ID: jNxChNEDPYA
[2026-08-18T18:37:25.508+0000] {data_modification.py:83} INFO - Updated row with Video_ID: kTfciHia5mE
[2026-08-18T18:37:25.513+0000] {data_modification.py:83} INFO - Updated row with Video_ID: KVpVb5XLD1k
[2026-08-18T18:37:25.519+0000] {data_modification.py:83} INFO - Updated row with Video_ID: 5YJUlVDeAEY
[2026-08-18T18:37:25.523+0000] {data_modification.py:83} INFO - Updated row with Video_ID: AmEFkORGGpU
[2026-08-18T18:37:25.527+0000] {data_modification.py:83} INFO - Updated row with Video_ID: ihsf-BxWh6o
[2026-08-18T18:37:25.530+0000] {data_modification.py:83} INFO - Updated row with Video_ID: gOFookdcnIU
[2026-08-18T18:37:25.534+0000] {data_modification.py:83} INFO - Updated row with Video_ID: zr31KHWdQiQ
[2026-08-18T18:37:25.539+0000] {data_modification.py:83} INFO - Updated row with Video_ID: 1MCCNeYT2qg
[2026-08-18T18:37:25.542+0000] {data_modification.py:83} INFO - Updated row with Video_ID: 25Z41q9gCws
[2026-08-18T18:37:25.546+0000] {data_modification.py:83} INFO - Updated row with Video_ID: EA40HZp7sgk
[2026-08-18T18:37:25.550+0000] {data_modification.py:83} INFO - Updated row with Video_ID: hOXiTlQ_KCo
[2026-08-18T18:37:25.555+0000] {data_modification.py:83} INFO - Updated row with Video_ID: lW-THRLG_xA
[2026-08-18T18:37:25.558+0000] {data_modification.py:83} INFO - Updated row with Video_ID: RPkhV_FDK-I
[2026-08-18T18:37:25.562+0000] {data_modification.py:83} INFO - Updated row with Video_ID: uosdFYvjg2Q
[2026-08-18T18:37:25.567+0000] {data_modification.py:83} INFO - Updated row with Video_ID: 5anGNNnr6Ng
[2026-08-18T18:37:25.572+0000] {data_modification.py:83} INFO - Updated row with Video_ID: xCKHin-AisU
[2026-08-18T18:37:25.575+0000] {data_modification.py:83} INFO - Updated row with Video_ID: 7SfSCmnKonw
[2026-08-18T18:37:25.580+0000] {data_modification.py:83} INFO - Updated row with Video_ID: p3FHbs2nS58
[2026-08-18T18:37:25.584+0000] {data_modification.py:83} INFO - Updated row with Video_ID: BnYY0y1i22A
[2026-08-18T18:37:25.588+0000] {data_modification.py:83} INFO - Updated row with Video_ID: y0ZDVBNmT4Q
[2026-08-18T18:37:25.592+0000] {data_modification.py:83} INFO - Updated row with Video_ID: XwOgu2TzgN4
[2026-08-18T18:37:25.596+0000] {data_modification.py:83} INFO - Updated row with Video_ID: c-8YgLdTDuM
[2026-08-18T18:37:25.601+0000] {data_modification.py:83} INFO - Updated row with Video_ID: 4fKQir6zl0w
[2026-08-18T18:37:25.605+0000] {data_modification.py:83} INFO - Updated row with Video_ID: yrjAQbFyVC4
[2026-08-18T18:37:25.608+0000] {data_modification.py:83} INFO - Updated row with Video_ID: 4dVbb2VshtY
[2026-08-18T18:37:25.612+0000] {data_modification.py:83} INFO - Updated row with Video_ID: Go83NQTZ9xU
[2026-08-18T18:37:25.616+0000] {data_modification.py:83} INFO - Updated row with Video_ID: rLuYctpNbk0
[2026-08-18T18:37:25.621+0000] {data_modification.py:83} INFO - Updated row with Video_ID: O5uWoJET-cY
[2026-08-18T18:37:25.625+0000] {data_modification.py:83} INFO - Updated row with Video_ID: Vxq4HTxmtI4
[2026-08-18T18:37:25.629+0000] {data_modification.py:83} INFO - Updated row with Video_ID: 6ziMMSVWR7k
[2026-08-18T18:37:25.633+0000] {data_modification.py:83} INFO - Updated row with Video_ID: 9Jl6focS1uw
[2026-08-18T18:37:25.638+0000] {data_modification.py:83} INFO - Updated row with Video_ID: CGmz89M1_WI
[2026-08-18T18:37:25.642+0000] {data_modification.py:83} INFO - Updated row with Video_ID: JIm60sPIXlo
[2026-08-18T18:37:25.646+0000] {data_modification.py:83} INFO - Updated row with Video_ID: JlngrkEFayw
[2026-08-18T18:37:25.650+0000] {data_modification.py:83} INFO - Updated row with Video_ID: FDpGOrCoFdc
[2026-08-18T18:37:25.654+0000] {data_modification.py:83} INFO - Updated row with Video_ID: pSIa0x0tAWY
[2026-08-18T18:37:25.658+0000] {data_modification.py:83} INFO - Updated row with Video_ID: abr8NhByc-I
[2026-08-18T18:37:25.662+0000] {data_modification.py:83} INFO - Updated row with Video_ID: c78YRPemJeQ
[2026-08-18T18:37:25.666+0000] {data_modification.py:83} INFO - Updated row with Video_ID: WgtHo16hXyw
[2026-08-18T18:37:25.670+0000] {data_modification.py:83} INFO - Updated row with Video_ID: qdjknKXGMLc
[2026-08-18T18:37:25.674+0000] {data_modification.py:83} INFO - Updated row with Video_ID: HoawYLTrY54
[2026-08-18T18:37:25.678+0000] {data_modification.py:83} INFO - Updated row with Video_ID: 1HME8nOAtA0
[2026-08-18T18:37:25.682+0000] {data_modification.py:83} INFO - Updated row with Video_ID: 2Sbwnn2ZgLc
[2026-08-18T18:37:25.687+0000] {data_modification.py:83} INFO - Updated row with Video_ID: fF8Agz8YWs8
[2026-08-18T18:37:25.690+0000] {data_modification.py:83} INFO - Updated row with Video_ID: 5nfvlxxqBAE
[2026-08-18T18:37:25.694+0000] {data_modification.py:83} INFO - Updated row with Video_ID: TAO6fvQH-Pg
[2026-08-18T18:37:25.699+0000] {data_modification.py:83} INFO - Updated row with Video_ID: lPSqe8igFBE
[2026-08-18T18:37:25.703+0000] {data_modification.py:83} INFO - Updated row with Video_ID: qz1Y7c7Ywkw
[2026-08-18T18:37:25.707+0000] {data_modification.py:83} INFO - Updated row with Video_ID: iqiKhdcJGKY
[2026-08-18T18:37:25.712+0000] {data_modification.py:83} INFO - Updated row with Video_ID: C_JXJeEnaqc
[2026-08-18T18:37:25.716+0000] {data_modification.py:83} INFO - Updated row with Video_ID: zLOzY4Gfaj8
[2026-08-18T18:37:25.721+0000] {data_modification.py:83} INFO - Updated row with Video_ID: iSFH7y5D7V4
[2026-08-18T18:37:25.726+0000] {data_modification.py:83} INFO - Updated row with Video_ID: q8YrDrZXQyk
[2026-08-18T18:37:25.731+0000] {data_modification.py:83} INFO - Updated row with Video_ID: P-8km85OP1E
[2026-08-18T18:37:25.735+0000] {data_modification.py:83} INFO - Updated row with Video_ID: X3OjSRH5iLA
[2026-08-18T18:37:25.739+0000] {data_modification.py:83} INFO - Updated row with Video_ID: kGCijouKODw
[2026-08-18T18:37:25.743+0000] {data_modification.py:83} INFO - Updated row with Video_ID: xE9o8u-3ki8
[2026-08-18T18:37:25.746+0000] {data_modification.py:83} INFO - Updated row with Video_ID: cx7yEbBDPFY
[2026-08-18T18:37:25.750+0000] {data_modification.py:83} INFO - Updated row with Video_ID: SB86WKZLOIU
[2026-08-18T18:37:25.754+0000] {data_modification.py:83} INFO - Updated row with Video_ID: pa0ryejIe7E
[2026-08-18T18:37:25.758+0000] {data_modification.py:83} INFO - Updated row with Video_ID: LXEQKl0SCAs
[2026-08-18T18:37:25.762+0000] {data_modification.py:83} INFO - Updated row with Video_ID: lyWjD0WGRMw
[2026-08-18T18:37:25.766+0000] {data_modification.py:83} INFO - Updated row with Video_ID: M2sFCCd0IVA
[2026-08-18T18:37:25.770+0000] {data_modification.py:83} INFO - Updated row with Video_ID: zFfAaixZ8uA
[2026-08-18T18:37:25.775+0000] {data_modification.py:83} INFO - Updated row with Video_ID: X_NYcPGGttU
[2026-08-18T18:37:25.779+0000] {data_modification.py:83} INFO - Updated row with Video_ID: L_HeC7_DRJk
[2026-08-18T18:37:25.784+0000] {data_modification.py:83} INFO - Updated row with Video_ID: VLrDHLcw7Co
[2026-08-18T18:37:25.788+0000] {data_modification.py:83} INFO - Updated row with Video_ID: n9oWFV21FkM
[2026-08-18T18:37:25.792+0000] {data_modification.py:83} INFO - Updated row with Video_ID: Q206IILCkjI
[2026-08-18T18:37:25.796+0000] {data_modification.py:83} INFO - Updated row with Video_ID: nChfwcHHxV4
[2026-08-18T18:37:25.800+0000] {data_modification.py:83} INFO - Updated row with Video_ID: N7GWjg3LltE
[2026-08-18T18:37:25.804+0000] {data_modification.py:83} INFO - Updated row with Video_ID: OBwMMLC3L0g
[2026-08-18T18:37:25.808+0000] {data_modification.py:83} INFO - Updated row with Video_ID: W1tnCGltGWQ
[2026-08-18T18:37:25.812+0000] {data_modification.py:83} INFO - Updated row with Video_ID: qvyjiJMjeJs
[2026-08-18T18:37:25.816+0000] {data_modification.py:83} INFO - Updated row with Video_ID: Q0NTWj2ovxE
[2026-08-18T18:37:25.820+0000] {data_modification.py:83} INFO - Updated row with Video_ID: gsFqiV9f6RQ
[2026-08-18T18:37:25.824+0000] {data_modification.py:83} INFO - Updated row with Video_ID: VJs4MExU5Wg
[2026-08-18T18:37:25.828+0000] {data_modification.py:83} INFO - Updated row with Video_ID: RSXgelsf6EA
[2026-08-18T18:37:25.832+0000] {data_modification.py:83} INFO - Updated row with Video_ID: pJM6v2E0qXU
[2026-08-18T18:37:25.836+0000] {data_modification.py:83} INFO - Updated row with Video_ID: w0P168VHWj0
[2026-08-18T18:37:25.839+0000] {data_modification.py:83} INFO - Updated row with Video_ID: GgWT0AIsYeI
[2026-08-18T18:37:25.843+0000] {data_modification.py:83} INFO - Updated row with Video_ID: NVuWnv62AwM
[2026-08-18T18:37:25.846+0000] {data_modification.py:83} INFO - Updated row with Video_ID: 3fL2Whr1QfQ
[2026-08-18T18:37:25.850+0000] {data_modification.py:83} INFO - Updated row with Video_ID: tqzhkr9T470
[2026-08-18T18:37:25.854+0000] {data_modification.py:83} INFO - Updated row with Video_ID: uO1grbkqs60
[2026-08-18T18:37:25.857+0000] {data_modification.py:83} INFO - Updated row with Video_ID: IDS5ojS87C4
[2026-08-18T18:37:25.861+0000] {data_modification.py:83} INFO - Updated row with Video_ID: jJaRZFeB35I
[2026-08-18T18:37:25.864+0000] {data_modification.py:83} INFO - Updated row with Video_ID: cUaiZicpYpU
[2026-08-18T18:37:25.867+0000] {data_modification.py:83} INFO - Updated row with Video_ID: AXxE9CalF1s
[2026-08-18T18:37:25.870+0000] {data_modification.py:83} INFO - Updated row with Video_ID: rUBz7h-YE3U
[2026-08-18T18:37:25.874+0000] {data_modification.py:83} INFO - Updated row with Video_ID: dpCMYdR1yJE
[2026-08-18T18:37:25.877+0000] {data_modification.py:83} INFO - Updated row with Video_ID: lnh-dFoERyI
[2026-08-18T18:37:25.880+0000] {data_modification.py:83} INFO - Updated row with Video_ID: l58vRi8l46Y
[2026-08-18T18:37:25.884+0000] {data_modification.py:83} INFO - Updated row with Video_ID: tFGAI3epNXc
[2026-08-18T18:37:25.887+0000] {data_modification.py:83} INFO - Updated row with Video_ID: ex7W252Wdao
[2026-08-18T18:37:25.890+0000] {data_modification.py:83} INFO - Updated row with Video_ID: 0kghEWEIXjw
[2026-08-18T18:37:25.895+0000] {data_modification.py:83} INFO - Updated row with Video_ID: JfIS20YKByo
[2026-08-18T18:37:25.898+0000] {data_modification.py:83} INFO - Updated row with Video_ID: iSbxGivsGZk
[2026-08-18T18:37:25.902+0000] {data_modification.py:83} INFO - Updated row with Video_ID: 5FonJUR6JPk
[2026-08-18T18:37:25.905+0000] {data_modification.py:83} INFO - Updated row with Video_ID: _8khOiu8E_c
[2026-08-18T18:37:25.909+0000] {data_modification.py:83} INFO - Updated row with Video_ID: lCStk-7Icdg
[2026-08-18T18:37:25.913+0000] {data_modification.py:83} INFO - Updated row with Video_ID: SKzlGsCjwQ4
[2026-08-18T18:37:25.917+0000] {data_modification.py:83} INFO - Updated row with Video_ID: GVpIQE4EsxY
[2026-08-18T18:37:25.921+0000] {data_modification.py:83} INFO - Updated row with Video_ID: kLT5t5yRZ8k
[2026-08-18T18:37:25.925+0000] {data_modification.py:83} INFO - Updated row with Video_ID: PFG_O9ncbw4
[2026-08-18T18:37:25.928+0000] {data_modification.py:83} INFO - Updated row with Video_ID: 0rcYqORkAEQ
[2026-08-18T18:37:25.936+0000] {data_modification.py:83} INFO - Updated row with Video_ID: f_DV84YGMTU
[2026-08-18T18:37:25.940+0000] {data_modification.py:83} INFO - Updated row with Video_ID: wxiJc1fTDMM
[2026-08-18T18:37:25.944+0000] {data_modification.py:83} INFO - Updated row with Video_ID: 3uZvRkPHUsU
[2026-08-18T18:37:25.948+0000] {data_modification.py:83} INFO - Updated row with Video_ID: klwFJxhvwd8
[2026-08-18T18:37:25.956+0000] {data_modification.py:83} INFO - Updated row with Video_ID: VyOPm9T306E
[2026-08-18T18:37:25.960+0000] {data_modification.py:83} INFO - Updated row with Video_ID: n1-crZKwQU0
[2026-08-18T18:37:25.964+0000] {data_modification.py:83} INFO - Updated row with Video_ID: AWzWvFLVe38
[2026-08-18T18:37:25.968+0000] {data_modification.py:83} INFO - Updated row with Video_ID: YlNkm1XEiBs
[2026-08-18T18:37:25.972+0000] {data_modification.py:83} INFO - Updated row with Video_ID: aaP-1SN_vzc
[2026-08-18T18:37:25.976+0000] {data_modification.py:83} INFO - Updated row with Video_ID: 655jY4YnaoE
[2026-08-18T18:37:25.980+0000] {data_modification.py:83} INFO - Updated row with Video_ID: 4ZNsGa9PSc4
[2026-08-18T18:37:25.984+0000] {data_modification.py:83} INFO - Updated row with Video_ID: Q3H7Q3KtWFY
[2026-08-18T18:37:25.987+0000] {data_modification.py:83} INFO - Updated row with Video_ID: t_wSdQii0js
[2026-08-18T18:37:25.991+0000] {data_modification.py:83} INFO - Updated row with Video_ID: ZpxweY5NqJw
[2026-08-18T18:37:25.995+0000] {data_modification.py:83} INFO - Updated row with Video_ID: 8dK1XBmGUHg
[2026-08-18T18:37:25.999+0000] {data_modification.py:83} INFO - Updated row with Video_ID: PpgKlCd4LCI
[2026-08-18T18:37:26.003+0000] {data_modification.py:83} INFO - Updated row with Video_ID: SF6gA4XLbCs
[2026-08-18T18:37:26.006+0000] {data_modification.py:83} INFO - Updated row with Video_ID: TWwAZr-C9vE
[2026-08-18T18:37:26.011+0000] {data_modification.py:83} INFO - Updated row with Video_ID: 33JucC6dcRg
[2026-08-18T18:37:26.014+0000] {data_modification.py:83} INFO - Updated row with Video_ID: 7hNAHjWZ1V0
[2026-08-18T18:37:26.018+0000] {data_modification.py:83} INFO - Updated row with Video_ID: fj6fPk4A4HM
[2026-08-18T18:37:26.021+0000] {data_modification.py:83} INFO - Updated row with Video_ID: lHlLXVF5z70
[2026-08-18T18:37:26.025+0000] {data_modification.py:83} INFO - Updated row with Video_ID: hq7evsbiFlU
[2026-08-18T18:37:26.029+0000] {data_modification.py:83} INFO - Updated row with Video_ID: HnL5mB-1Fy4
[2026-08-18T18:37:26.032+0000] {data_modification.py:83} INFO - Updated row with Video_ID: TNBzr4DFS_4
[2026-08-18T18:37:26.036+0000] {data_modification.py:83} INFO - Updated row with Video_ID: fAJ6-E5miXI
[2026-08-18T18:37:26.040+0000] {data_modification.py:83} INFO - Updated row with Video_ID: YwpdrI8ngxs
[2026-08-18T18:37:26.044+0000] {data_modification.py:83} INFO - Updated row with Video_ID: q0PXogim-Lg
[2026-08-18T18:37:26.047+0000] {data_modification.py:83} INFO - Updated row with Video_ID: Cv6HRe65s3U
[2026-08-18T18:37:26.051+0000] {data_modification.py:83} INFO - Updated row with Video_ID: Lm2k3Xv-Qmw
[2026-08-18T18:37:26.055+0000] {data_modification.py:83} INFO - Updated row with Video_ID: 9VfsfFajrrg
[2026-08-18T18:37:26.058+0000] {data_modification.py:83} INFO - Updated row with Video_ID: 2E9PiCqlW6w
[2026-08-18T18:37:26.062+0000] {data_modification.py:83} INFO - Updated row with Video_ID: ROs4SZ_yQvY
[2026-08-18T18:37:26.065+0000] {data_modification.py:83} INFO - Updated row with Video_ID: dnaSeUONZP4
[2026-08-18T18:37:26.069+0000] {data_modification.py:83} INFO - Updated row with Video_ID: xIb_GhpU4g8
[2026-08-18T18:37:26.073+0000] {data_modification.py:83} INFO - Updated row with Video_ID: Ht0lPcph7ic
[2026-08-18T18:37:26.077+0000] {data_modification.py:83} INFO - Updated row with Video_ID: SSRkVvDO4iU
[2026-08-18T18:37:26.080+0000] {data_modification.py:83} INFO - Updated row with Video_ID: -oX_hodJL7A
[2026-08-18T18:37:26.083+0000] {data_modification.py:83} INFO - Updated row with Video_ID: NR7kOGr6qo4
[2026-08-18T18:37:26.086+0000] {data_modification.py:83} INFO - Updated row with Video_ID: owPRGKclUs0
[2026-08-18T18:37:26.089+0000] {data_modification.py:83} INFO - Updated row with Video_ID: Z9B9g2nHRMs
[2026-08-18T18:37:26.093+0000] {data_modification.py:83} INFO - Updated row with Video_ID: dmOwlmSU5xM
[2026-08-18T18:37:26.096+0000] {data_modification.py:83} INFO - Updated row with Video_ID: PVlxEdNklfw
[2026-08-18T18:37:26.100+0000] {data_modification.py:83} INFO - Updated row with Video_ID: xeGPzH-weLc
[2026-08-18T18:37:26.103+0000] {data_modification.py:83} INFO - Updated row with Video_ID: J1yhuCtZhbA
[2026-08-18T18:37:26.106+0000] {data_modification.py:83} INFO - Updated row with Video_ID: LUsIdgtUNr0
[2026-08-18T18:37:26.110+0000] {data_modification.py:83} INFO - Updated row with Video_ID: rSIC07gP2Aw
[2026-08-18T18:37:26.113+0000] {data_modification.py:83} INFO - Updated row with Video_ID: T44uKZmZAss
[2026-08-18T18:37:26.116+0000] {data_modification.py:83} INFO - Updated row with Video_ID: ncyPu731iXg
[2026-08-18T18:37:26.120+0000] {data_modification.py:83} INFO - Updated row with Video_ID: 5D9AT7m7D0s
[2026-08-18T18:37:26.124+0000] {data_modification.py:83} INFO - Updated row with Video_ID: 4t42WfxL8Qo
[2026-08-18T18:37:26.127+0000] {data_modification.py:83} INFO - Updated row with Video_ID: iK5zUOw1si8
[2026-08-18T18:37:26.131+0000] {data_modification.py:83} INFO - Updated row with Video_ID: xdShRmqCv6s
[2026-08-18T18:37:26.135+0000] {data_modification.py:83} INFO - Updated row with Video_ID: kaIQ9IgTkFQ
[2026-08-18T18:37:26.138+0000] {data_modification.py:83} INFO - Updated row with Video_ID: p6upMXm1D2k
[2026-08-18T18:37:26.142+0000] {data_modification.py:83} INFO - Updated row with Video_ID: OlulviQanFc
[2026-08-18T18:37:26.145+0000] {data_modification.py:83} INFO - Updated row with Video_ID: GrChhXs_fZk
[2026-08-18T18:37:26.149+0000] {data_modification.py:83} INFO - Updated row with Video_ID: HjhnaYtWzlg
[2026-08-18T18:37:26.159+0000] {data_modification.py:83} INFO - Updated row with Video_ID: HsUPZNEyOdY
[2026-08-18T18:37:26.165+0000] {data_modification.py:83} INFO - Updated row with Video_ID: IbwNIhXlaW8
[2026-08-18T18:37:26.170+0000] {data_modification.py:83} INFO - Updated row with Video_ID: fGu60pqd4tI
[2026-08-18T18:37:26.174+0000] {data_modification.py:83} INFO - Updated row with Video_ID: DmppHdpXbfY
[2026-08-18T18:37:26.177+0000] {data_modification.py:83} INFO - Updated row with Video_ID: FLCXjUvn9p0
[2026-08-18T18:37:26.181+0000] {data_modification.py:83} INFO - Updated row with Video_ID: xEZXX386OfQ
[2026-08-18T18:37:26.185+0000] {data_modification.py:83} INFO - Updated row with Video_ID: SrmEYONzwhc
[2026-08-18T18:37:26.188+0000] {data_modification.py:83} INFO - Updated row with Video_ID: Y544heOqPJQ
[2026-08-18T18:37:26.191+0000] {data_modification.py:83} INFO - Updated row with Video_ID: aaZvpsHGO8Q
[2026-08-18T18:37:26.195+0000] {data_modification.py:83} INFO - Updated row with Video_ID: 3aXdj83jRr4
[2026-08-18T18:37:26.199+0000] {data_modification.py:83} INFO - Updated row with Video_ID: NKTOXD4s7Mc
[2026-08-18T18:37:26.203+0000] {data_modification.py:83} INFO - Updated row with Video_ID: EwuLROV0L-M
[2026-08-18T18:37:26.206+0000] {data_modification.py:83} INFO - Updated row with Video_ID: Bs9xQDAZg6E
[2026-08-18T18:37:26.209+0000] {data_modification.py:83} INFO - Updated row with Video_ID: YwExQgpKKm0
[2026-08-18T18:37:26.213+0000] {data_modification.py:83} INFO - Updated row with Video_ID: 9sxSZJaG3JM
[2026-08-18T18:37:26.217+0000] {data_modification.py:83} INFO - Updated row with Video_ID: aDWl70uWCsk
[2026-08-18T18:37:26.222+0000] {data_modification.py:83} INFO - Updated row with Video_ID: vMtypWib6GE
[2026-08-18T18:37:26.226+0000] {data_modification.py:83} INFO - Updated row with Video_ID: 3i8VxgseLSY
[2026-08-18T18:37:26.230+0000] {data_modification.py:83} INFO - Updated row with Video_ID: U3oAmKzUKrg
[2026-08-18T18:37:26.233+0000] {data_modification.py:83} INFO - Updated row with Video_ID: O_hJTBv17zo
[2026-08-18T18:37:26.237+0000] {data_modification.py:83} INFO - Updated row with Video_ID: z7yfZBxQzoQ
[2026-08-18T18:37:26.241+0000] {data_modification.py:83} INFO - Updated row with Video_ID: 9WHpprt6cjU
[2026-08-18T18:37:26.246+0000] {data_modification.py:83} INFO - Updated row with Video_ID: 1aKm8J1ucRU
[2026-08-18T18:37:26.250+0000] {data_modification.py:83} INFO - Updated row with Video_ID: KB5NsFhk8Bk
[2026-08-18T18:37:26.255+0000] {data_modification.py:83} INFO - Updated row with Video_ID: 49sGbt1_QPI
[2026-08-18T18:37:26.259+0000] {data_modification.py:83} INFO - Updated row with Video_ID: wvVV3nXrrZM
[2026-08-18T18:37:26.263+0000] {data_modification.py:83} INFO - Updated row with Video_ID: 9WwttIhG4Rc
[2026-08-18T18:37:26.268+0000] {data_modification.py:83} INFO - Updated row with Video_ID: xV5hpZRJtSY
[2026-08-18T18:37:26.272+0000] {data_modification.py:83} INFO - Updated row with Video_ID: 1AFcZWOrK4Q
[2026-08-18T18:37:26.276+0000] {data_modification.py:83} INFO - Updated row with Video_ID: H0UpDSOy8Hs
[2026-08-18T18:37:26.280+0000] {data_modification.py:83} INFO - Updated row with Video_ID: vwXTn-k0Wy0
[2026-08-18T18:37:26.286+0000] {data_modification.py:83} INFO - Updated row with Video_ID: VKhegQj-Siw
[2026-08-18T18:37:26.289+0000] {data_modification.py:83} INFO - Updated row with Video_ID: PCvauLXog1k
[2026-08-18T18:37:26.294+0000] {data_modification.py:83} INFO - Updated row with Video_ID: jLst0awuuE0
[2026-08-18T18:37:26.298+0000] {data_modification.py:83} INFO - Updated row with Video_ID: dsgMjv6jk48
[2026-08-18T18:37:26.302+0000] {data_modification.py:83} INFO - Updated row with Video_ID: RgPIsuchNv4
[2026-08-18T18:37:26.306+0000] {data_modification.py:83} INFO - Updated row with Video_ID: 7h8VKo_6zpk
[2026-08-18T18:37:26.310+0000] {data_modification.py:83} INFO - Updated row with Video_ID: xhmIR0iUt7g
[2026-08-18T18:37:26.314+0000] {data_modification.py:83} INFO - Updated row with Video_ID: XxLijY6W9e0
[2026-08-18T18:37:26.318+0000] {data_modification.py:83} INFO - Updated row with Video_ID: i8-QCXtBCVE
[2026-08-18T18:37:26.323+0000] {data_modification.py:83} INFO - Updated row with Video_ID: oJf4UnBSc7s
[2026-08-18T18:37:26.327+0000] {data_modification.py:83} INFO - Updated row with Video_ID: m8ursykhvWU
[2026-08-18T18:37:26.331+0000] {data_modification.py:83} INFO - Updated row with Video_ID: qwtbuYiT_nk
[2026-08-18T18:37:26.336+0000] {data_modification.py:83} INFO - Updated row with Video_ID: Jbl4Nkapgoc
[2026-08-18T18:37:26.340+0000] {data_modification.py:83} INFO - Updated row with Video_ID: RbIEcyHNImQ
[2026-08-18T18:37:26.344+0000] {data_modification.py:83} INFO - Updated row with Video_ID: x0D3YfDlcZE
[2026-08-18T18:37:26.348+0000] {data_modification.py:83} INFO - Updated row with Video_ID: x-O_iL-gSbE
[2026-08-18T18:37:26.353+0000] {data_modification.py:83} INFO - Updated row with Video_ID: zVh0dJlTbCU
[2026-08-18T18:37:26.357+0000] {data_modification.py:83} INFO - Updated row with Video_ID: FaTQldGEp5o
[2026-08-18T18:37:26.361+0000] {data_modification.py:83} INFO - Updated row with Video_ID: W1l9rKYd9Ao
[2026-08-18T18:37:26.365+0000] {data_modification.py:83} INFO - Updated row with Video_ID: u8pzlxnKyAI
[2026-08-18T18:37:26.370+0000] {data_modification.py:83} INFO - Updated row with Video_ID: yJ7BBN9WBnQ
[2026-08-18T18:37:26.375+0000] {data_modification.py:83} INFO - Updated row with Video_ID: 3l0F7I4fNbg
[2026-08-18T18:37:26.379+0000] {data_modification.py:83} INFO - Updated row with Video_ID: 9AA39VY14M0
[2026-08-18T18:37:26.383+0000] {data_modification.py:83} INFO - Updated row with Video_ID: RWxLcRvs6Fg
[2026-08-18T18:37:26.388+0000] {data_modification.py:83} INFO - Updated row with Video_ID: oKTqlN1AoHY
[2026-08-18T18:37:26.392+0000] {data_modification.py:83} INFO - Updated row with Video_ID: 6JO27qmjv4o
[2026-08-18T18:37:26.396+0000] {data_modification.py:83} INFO - Updated row with Video_ID: sMrSvWsmDTQ
[2026-08-18T18:37:26.400+0000] {data_modification.py:83} INFO - Updated row with Video_ID: I7WkOzX1140
[2026-08-18T18:37:26.404+0000] {data_modification.py:83} INFO - Updated row with Video_ID: 9tM3wN7SqIc
[2026-08-18T18:37:26.408+0000] {data_modification.py:83} INFO - Updated row with Video_ID: 4zgNCTdSo8o
[2026-08-18T18:37:26.412+0000] {data_modification.py:83} INFO - Updated row with Video_ID: wMT07u0lW5k
[2026-08-18T18:37:26.415+0000] {data_modification.py:83} INFO - Updated row with Video_ID: G-WnjYztPfc
[2026-08-18T18:37:26.419+0000] {data_modification.py:83} INFO - Updated row with Video_ID: jyuC7vK7ePU
[2026-08-18T18:37:26.423+0000] {data_modification.py:83} INFO - Updated row with Video_ID: 4liUj_5pFWg
[2026-08-18T18:37:26.426+0000] {data_modification.py:83} INFO - Updated row with Video_ID: zMeKVsoOwUM
[2026-08-18T18:37:26.430+0000] {data_modification.py:83} INFO - Updated row with Video_ID: 34A_vfNzDGg
[2026-08-18T18:37:26.433+0000] {data_modification.py:83} INFO - Updated row with Video_ID: N6uXI8QbMwc
[2026-08-18T18:37:26.437+0000] {data_modification.py:83} INFO - Updated row with Video_ID: 17HkpilJFAY
[2026-08-18T18:37:26.441+0000] {data_modification.py:83} INFO - Updated row with Video_ID: dZ-jCrg0P2w
[2026-08-18T18:37:26.444+0000] {data_modification.py:83} INFO - Updated row with Video_ID: kGIZcrxKW14
[2026-08-18T18:37:26.448+0000] {data_modification.py:83} INFO - Updated row with Video_ID: 2VsUoZWPC9k
[2026-08-18T18:37:26.451+0000] {data_modification.py:83} INFO - Updated row with Video_ID: b60xNRO4pqo
[2026-08-18T18:37:26.455+0000] {data_modification.py:83} INFO - Updated row with Video_ID: BcAXML17cJQ
[2026-08-18T18:37:26.458+0000] {data_modification.py:83} INFO - Updated row with Video_ID: WwLQafMATb4
[2026-08-18T18:37:26.463+0000] {data_modification.py:83} INFO - Updated row with Video_ID: OlGZK81Y34s
[2026-08-18T18:37:26.466+0000] {data_modification.py:83} INFO - Updated row with Video_ID: 81ir__lm7Tw
[2026-08-18T18:37:26.471+0000] {data_modification.py:83} INFO - Updated row with Video_ID: zyfYqc1Q4-U
[2026-08-18T18:37:26.475+0000] {data_modification.py:83} INFO - Updated row with Video_ID: Uy79y2_4xmo
[2026-08-18T18:37:26.479+0000] {data_modification.py:83} INFO - Updated row with Video_ID: 8Pb-7WIvPMQ
[2026-08-18T18:37:26.484+0000] {data_modification.py:83} INFO - Updated row with Video_ID: _lzL8ooAykY
[2026-08-18T18:37:26.487+0000] {data_modification.py:83} INFO - Updated row with Video_ID: FBz24TXYRDw
[2026-08-18T18:37:26.492+0000] {data_modification.py:83} INFO - Updated row with Video_ID: QFSz-rvSAMA
[2026-08-18T18:37:26.496+0000] {data_modification.py:83} INFO - Updated row with Video_ID: -rjcni2I758
[2026-08-18T18:37:26.501+0000] {data_modification.py:83} INFO - Updated row with Video_ID: M8H097tYBi4
[2026-08-18T18:37:26.504+0000] {data_modification.py:83} INFO - Updated row with Video_ID: Q-Z7bqD2RqI
[2026-08-18T18:37:26.508+0000] {data_modification.py:83} INFO - Updated row with Video_ID: 6wKUoGh0eQI
[2026-08-18T18:37:26.511+0000] {data_modification.py:83} INFO - Updated row with Video_ID: dAsfYLNJDQk
[2026-08-18T18:37:26.515+0000] {data_modification.py:83} INFO - Updated row with Video_ID: aLaCzAFdabo
[2026-08-18T18:37:26.519+0000] {data_modification.py:83} INFO - Updated row with Video_ID: nyFzpHcGVx4
[2026-08-18T18:37:26.522+0000] {data_modification.py:83} INFO - Updated row with Video_ID: 8949buNSOmU
[2026-08-18T18:37:26.526+0000] {data_modification.py:83} INFO - Updated row with Video_ID: ZdgxpROW0II
[2026-08-18T18:37:26.529+0000] {data_modification.py:83} INFO - Updated row with Video_ID: EXZg9nkySEc
[2026-08-18T18:37:26.533+0000] {data_modification.py:83} INFO - Updated row with Video_ID: FlzvNeuoLgk
[2026-08-18T18:37:26.536+0000] {data_modification.py:83} INFO - Updated row with Video_ID: ybAD88kReo8
[2026-08-18T18:37:26.540+0000] {data_modification.py:83} INFO - Updated row with Video_ID: 7amSQcaUqQU
[2026-08-18T18:37:26.544+0000] {data_modification.py:83} INFO - Updated row with Video_ID: 0wsVy-UrKVY
[2026-08-18T18:37:26.548+0000] {data_modification.py:83} INFO - Updated row with Video_ID: nJb7nDxF6OQ
[2026-08-18T18:37:26.551+0000] {data_modification.py:83} INFO - Updated row with Video_ID: I7Dz20M4m2w
[2026-08-18T18:37:26.555+0000] {data_modification.py:83} INFO - Updated row with Video_ID: 5u-xgQBMc1w
[2026-08-18T18:37:26.559+0000] {data_modification.py:83} INFO - Updated row with Video_ID: kwdi6xicOFY
[2026-08-18T18:37:26.562+0000] {data_modification.py:83} INFO - Updated row with Video_ID: Go6C6KSxpQY
[2026-08-18T18:37:26.567+0000] {data_modification.py:83} INFO - Updated row with Video_ID: Z7Yy4dbX5No
[2026-08-18T18:37:26.570+0000] {data_modification.py:83} INFO - Updated row with Video_ID: S2PmFlGhBmg
[2026-08-18T18:37:26.575+0000] {data_modification.py:83} INFO - Updated row with Video_ID: eXfQVOtNxp0
[2026-08-18T18:37:26.579+0000] {data_modification.py:83} INFO - Updated row with Video_ID: 57Iy0UZI0SM
[2026-08-18T18:37:26.582+0000] {data_modification.py:83} INFO - Updated row with Video_ID: wAg9pg9vQUo
[2026-08-18T18:37:26.586+0000] {data_modification.py:83} INFO - Updated row with Video_ID: MbTGAM4OhG0
[2026-08-18T18:37:26.590+0000] {data_modification.py:83} INFO - Updated row with Video_ID: pkPcV0DSgJs
[2026-08-18T18:37:26.594+0000] {data_modification.py:83} INFO - Updated row with Video_ID: 0L0cQafhqrM
[2026-08-18T18:37:26.598+0000] {data_modification.py:83} INFO - Updated row with Video_ID: jRylZ4OtuGU
[2026-08-18T18:37:26.601+0000] {data_modification.py:83} INFO - Updated row with Video_ID: BwwsdEZ_SYU
[2026-08-18T18:37:26.605+0000] {data_modification.py:83} INFO - Updated row with Video_ID: zzEZZLuvePM
[2026-08-18T18:37:26.609+0000] {data_modification.py:83} INFO - Updated row with Video_ID: 4Cvf51dLYSk
[2026-08-18T18:37:26.613+0000] {data_modification.py:83} INFO - Updated row with Video_ID: ZKKaeB5JQU8
[2026-08-18T18:37:26.617+0000] {data_modification.py:83} INFO - Updated row with Video_ID: ARJP_njN0os
[2026-08-18T18:37:26.635+0000] {data_modification.py:83} INFO - Updated row with Video_ID: gegkjbS5Tew
[2026-08-18T18:37:26.640+0000] {data_modification.py:83} INFO - Updated row with Video_ID: ZirpjsGfTMY
[2026-08-18T18:37:26.643+0000] {data_modification.py:83} INFO - Updated row with Video_ID: ORJOugU5D3I
[2026-08-18T18:37:26.648+0000] {data_modification.py:83} INFO - Updated row with Video_ID: NeXRyiVlKsI
[2026-08-18T18:37:26.652+0000] {data_modification.py:83} INFO - Updated row with Video_ID: rGHJciNIGAc
[2026-08-18T18:37:26.656+0000] {data_modification.py:83} INFO - Updated row with Video_ID: PSP18PWf5Zs
[2026-08-18T18:37:26.660+0000] {data_modification.py:83} INFO - Updated row with Video_ID: g5oGT8kwvbw
[2026-08-18T18:37:26.664+0000] {data_modification.py:83} INFO - Updated row with Video_ID: Hf6Xu2NL4_s
[2026-08-18T18:37:26.667+0000] {data_modification.py:83} INFO - Updated row with Video_ID: tWC0VDEscvI
[2026-08-18T18:37:26.671+0000] {data_modification.py:83} INFO - Updated row with Video_ID: cS7RhYUjEQI
[2026-08-18T18:37:26.675+0000] {data_modification.py:83} INFO - Updated row with Video_ID: sE1NV_9ReTg
[2026-08-18T18:37:26.680+0000] {data_modification.py:83} INFO - Updated row with Video_ID: 7PTe7CNgr9g
[2026-08-18T18:37:26.684+0000] {data_modification.py:83} INFO - Updated row with Video_ID: 68_Bu4FCdfI
[2026-08-18T18:37:26.689+0000] {data_modification.py:83} INFO - Updated row with Video_ID: hz1CKPY3m4U
[2026-08-18T18:37:26.693+0000] {data_modification.py:83} INFO - Updated row with Video_ID: oe2n1fr6mFA
[2026-08-18T18:37:26.697+0000] {data_modification.py:83} INFO - Updated row with Video_ID: 1pZkVccIrWM
[2026-08-18T18:37:26.701+0000] {data_modification.py:83} INFO - Updated row with Video_ID: R1WPx1fYVq0
[2026-08-18T18:37:26.706+0000] {data_modification.py:83} INFO - Updated row with Video_ID: mBD2NqvxpPc
[2026-08-18T18:37:26.710+0000] {data_modification.py:83} INFO - Updated row with Video_ID: ZlGKtvzvjp8
[2026-08-18T18:37:26.714+0000] {data_modification.py:83} INFO - Updated row with Video_ID: p09CoG0Du4I
[2026-08-18T18:37:26.718+0000] {data_modification.py:83} INFO - Updated row with Video_ID: g4VYtyqTg6g
[2026-08-18T18:37:26.723+0000] {data_modification.py:83} INFO - Updated row with Video_ID: dWAYUrGg5cM
[2026-08-18T18:37:26.727+0000] {data_modification.py:83} INFO - Updated row with Video_ID: tuhUc9_dT20
[2026-08-18T18:37:26.731+0000] {data_modification.py:83} INFO - Updated row with Video_ID: hia0Xg8j_IU
[2026-08-18T18:37:26.735+0000] {data_modification.py:83} INFO - Updated row with Video_ID: EiGbC7Yluf0
[2026-08-18T18:37:26.739+0000] {data_modification.py:83} INFO - Updated row with Video_ID: Ti86SZL9CX4
[2026-08-18T18:37:26.743+0000] {data_modification.py:83} INFO - Updated row with Video_ID: 0eRgdC7xLcs
[2026-08-18T18:37:26.747+0000] {data_modification.py:83} INFO - Updated row with Video_ID: WvOiHiaXr5E
[2026-08-18T18:37:26.751+0000] {data_modification.py:83} INFO - Updated row with Video_ID: N6fgJypFyQI
[2026-08-18T18:37:26.755+0000] {data_modification.py:83} INFO - Updated row with Video_ID: tcN8f9V4t8I
[2026-08-18T18:37:26.759+0000] {data_modification.py:83} INFO - Updated row with Video_ID: LJe2jLKIXd0
[2026-08-18T18:37:26.763+0000] {data_modification.py:83} INFO - Updated row with Video_ID: C_GStS6a29c
[2026-08-18T18:37:26.767+0000] {data_modification.py:83} INFO - Updated row with Video_ID: Saz70nG4oKE
[2026-08-18T18:37:26.772+0000] {data_modification.py:83} INFO - Updated row with Video_ID: q9exwXizr2Y
[2026-08-18T18:37:26.776+0000] {data_modification.py:83} INFO - Updated row with Video_ID: utkF94f09_c
[2026-08-18T18:37:26.780+0000] {data_modification.py:83} INFO - Updated row with Video_ID: QfN0Jm-2hxE
[2026-08-18T18:37:26.784+0000] {data_modification.py:83} INFO - Updated row with Video_ID: mNQlQwDKZAU
[2026-08-18T18:37:26.788+0000] {data_modification.py:83} INFO - Updated row with Video_ID: -LiKLjHjvck
[2026-08-18T18:37:26.792+0000] {data_modification.py:83} INFO - Updated row with Video_ID: 3OljoetfTic
[2026-08-18T18:37:26.795+0000] {data_modification.py:83} INFO - Updated row with Video_ID: O8yUSICMZ90
[2026-08-18T18:37:26.799+0000] {data_modification.py:83} INFO - Updated row with Video_ID: ssqybPu9vVw
[2026-08-18T18:37:26.803+0000] {data_modification.py:83} INFO - Updated row with Video_ID: BbZQRU_cD9U
[2026-08-18T18:37:26.807+0000] {data_modification.py:83} INFO - Updated row with Video_ID: Mj8elG1igeo
[2026-08-18T18:37:26.811+0000] {data_modification.py:83} INFO - Updated row with Video_ID: maZOZsPqpes
[2026-08-18T18:37:26.815+0000] {data_modification.py:83} INFO - Updated row with Video_ID: 8YFiZ6vjP1w
[2026-08-18T18:37:26.819+0000] {data_modification.py:83} INFO - Updated row with Video_ID: Ci2QcgdAzh0
[2026-08-18T18:37:26.822+0000] {data_modification.py:83} INFO - Updated row with Video_ID: mva2UnLiz_g
[2026-08-18T18:37:26.826+0000] {data_modification.py:83} INFO - Updated row with Video_ID: mamEn6Afs7c
[2026-08-18T18:37:26.829+0000] {data_modification.py:83} INFO - Updated row with Video_ID: K-XyW1STCWY
[2026-08-18T18:37:26.833+0000] {data_modification.py:83} INFO - Updated row with Video_ID: hA9oempNTQ8
[2026-08-18T18:37:26.837+0000] {data_modification.py:83} INFO - Updated row with Video_ID: CVACZnX_Htk
[2026-08-18T18:37:26.840+0000] {data_modification.py:83} INFO - Updated row with Video_ID: 28LTgEBDGF8
[2026-08-18T18:37:26.844+0000] {data_modification.py:83} INFO - Updated row with Video_ID: 6ShY4HV7DU4
[2026-08-18T18:37:26.848+0000] {data_modification.py:83} INFO - Updated row with Video_ID: 2apVBh6XJT4
[2026-08-18T18:37:26.851+0000] {data_modification.py:83} INFO - Updated row with Video_ID: xqi-ZQtoLfo
[2026-08-18T18:37:26.855+0000] {data_modification.py:83} INFO - Updated row with Video_ID: JzxUcL7L6Ak
[2026-08-18T18:37:26.859+0000] {data_modification.py:83} INFO - Updated row with Video_ID: j8XMf6z3_Dc
[2026-08-18T18:37:26.862+0000] {data_modification.py:83} INFO - Updated row with Video_ID: 0z1OOai9ntQ
[2026-08-18T18:37:26.866+0000] {data_modification.py:83} INFO - Updated row with Video_ID: yKbIg-9Y3Ig
[2026-08-18T18:37:26.870+0000] {data_modification.py:83} INFO - Updated row with Video_ID: 3T3bR8sxnmo
[2026-08-18T18:37:26.873+0000] {data_modification.py:83} INFO - Updated row with Video_ID: WLnHW6xnw1w
[2026-08-18T18:37:26.877+0000] {data_modification.py:83} INFO - Updated row with Video_ID: voYHf4JmtgY
[2026-08-18T18:37:26.881+0000] {data_modification.py:83} INFO - Updated row with Video_ID: WJmOQnnpUds
[2026-08-18T18:37:26.885+0000] {data_modification.py:83} INFO - Updated row with Video_ID: AXWHe9PpQSo
[2026-08-18T18:37:26.890+0000] {data_modification.py:83} INFO - Updated row with Video_ID: ntnj4EQRYu0
[2026-08-18T18:37:26.894+0000] {data_modification.py:83} INFO - Updated row with Video_ID: xbS5IjBy2Co
[2026-08-18T18:37:26.897+0000] {data_modification.py:83} INFO - Updated row with Video_ID: PGhylw4uUTs
[2026-08-18T18:37:26.901+0000] {data_modification.py:83} INFO - Updated row with Video_ID: 5lMtOiYpyEs
[2026-08-18T18:37:26.905+0000] {data_modification.py:83} INFO - Updated row with Video_ID: AT3i6Qsg6cg
[2026-08-18T18:37:26.908+0000] {data_modification.py:83} INFO - Updated row with Video_ID: Pk9eMnRaRJc
[2026-08-18T18:37:26.912+0000] {data_modification.py:83} INFO - Updated row with Video_ID: SEjuBIgcoIg
[2026-08-18T18:37:26.916+0000] {data_modification.py:83} INFO - Updated row with Video_ID: KvTFn0JPW48
[2026-08-18T18:37:26.920+0000] {data_modification.py:83} INFO - Updated row with Video_ID: 8XkYSXMWy-8
[2026-08-18T18:37:26.923+0000] {data_modification.py:83} INFO - Updated row with Video_ID: YBmBizZFY08
[2026-08-18T18:37:26.927+0000] {data_modification.py:83} INFO - Updated row with Video_ID: yUODxEIYEq8
[2026-08-18T18:37:26.930+0000] {data_modification.py:83} INFO - Updated row with Video_ID: KNEPHbfMuho
[2026-08-18T18:37:26.935+0000] {data_modification.py:83} INFO - Updated row with Video_ID: wPQtiUmfrYU
[2026-08-18T18:37:26.939+0000] {data_modification.py:83} INFO - Updated row with Video_ID: 9LTTa4HEwZc
[2026-08-18T18:37:26.942+0000] {data_modification.py:83} INFO - Updated row with Video_ID: vzkVxHhfiRc
[2026-08-18T18:37:26.946+0000] {data_modification.py:83} INFO - Updated row with Video_ID: sfTifNeupyo
[2026-08-18T18:37:26.950+0000] {data_modification.py:83} INFO - Updated row with Video_ID: DDEFSYrTH80
[2026-08-18T18:37:26.954+0000] {data_modification.py:83} INFO - Updated row with Video_ID: VHsOXMYFRco
[2026-08-18T18:37:26.957+0000] {data_modification.py:83} INFO - Updated row with Video_ID: Pjh0sOblujM
[2026-08-18T18:37:26.961+0000] {data_modification.py:83} INFO - Updated row with Video_ID: xwhNmaJBRQQ
[2026-08-18T18:37:26.970+0000] {data_modification.py:83} INFO - Updated row with Video_ID: mlyiEwsjoL0
[2026-08-18T18:37:26.977+0000] {data_modification.py:83} INFO - Updated row with Video_ID: 5_wWatTzxhM
[2026-08-18T18:37:26.980+0000] {data_modification.py:83} INFO - Updated row with Video_ID: bwYur6KY2fQ
[2026-08-18T18:37:26.984+0000] {data_modification.py:83} INFO - Updated row with Video_ID: Ynk4imdNQws
[2026-08-18T18:37:26.988+0000] {data_modification.py:83} INFO - Updated row with Video_ID: UYzCjroDuOc
[2026-08-18T18:37:26.991+0000] {data_modification.py:83} INFO - Updated row with Video_ID: 1dX3y9QYbZs
[2026-08-18T18:37:26.995+0000] {data_modification.py:83} INFO - Updated row with Video_ID: RwV-SbE_qto
[2026-08-18T18:37:26.998+0000] {data_modification.py:83} INFO - Updated row with Video_ID: 3IAsAAi425I
[2026-08-18T18:37:27.002+0000] {data_modification.py:83} INFO - Updated row with Video_ID: NlOhyyJzBF4
[2026-08-18T18:37:27.005+0000] {data_modification.py:83} INFO - Updated row with Video_ID: P7f6dJtCkLw
[2026-08-18T18:37:27.009+0000] {data_modification.py:83} INFO - Updated row with Video_ID: RpvYNGITDJE
[2026-08-18T18:37:27.013+0000] {data_modification.py:83} INFO - Updated row with Video_ID: tWiDKxHunDI
[2026-08-18T18:37:27.017+0000] {data_modification.py:83} INFO - Updated row with Video_ID: ltfm6J9qRrc
[2026-08-18T18:37:27.020+0000] {data_modification.py:83} INFO - Updated row with Video_ID: IxVgfev3Oyg
[2026-08-18T18:37:27.024+0000] {data_modification.py:83} INFO - Updated row with Video_ID: e472gzphihs
[2026-08-18T18:37:27.028+0000] {data_modification.py:83} INFO - Updated row with Video_ID: sx4RQ4XlwTI
[2026-08-18T18:37:27.032+0000] {data_modification.py:83} INFO - Updated row with Video_ID: r_va8VL6ksQ
[2026-08-18T18:37:27.036+0000] {data_modification.py:83} INFO - Updated row with Video_ID: e6LQnLeDons
[2026-08-18T18:37:27.040+0000] {data_modification.py:83} INFO - Updated row with Video_ID: ZWpZuFuEYAc
[2026-08-18T18:37:27.043+0000] {data_modification.py:83} INFO - Updated row with Video_ID: kcX3wb6-bpo
[2026-08-18T18:37:27.047+0000] {data_modification.py:83} INFO - Updated row with Video_ID: Zam4O0Vq5LM
[2026-08-18T18:37:27.050+0000] {data_modification.py:83} INFO - Updated row with Video_ID: nw3oYXSjnt8
[2026-08-18T18:37:27.054+0000] {data_modification.py:83} INFO - Updated row with Video_ID: CXLOaMWR_l0
[2026-08-18T18:37:27.057+0000] {data_modification.py:83} INFO - Updated row with Video_ID: bNnuNSSoTag
[2026-08-18T18:37:27.061+0000] {data_modification.py:83} INFO - Updated row with Video_ID: JiNHP5ZwiaI
[2026-08-18T18:37:27.064+0000] {data_modification.py:83} INFO - Updated row with Video_ID: 6qQCAw743iE
[2026-08-18T18:37:27.068+0000] {data_modification.py:83} INFO - Updated row with Video_ID: nX6ehuC-daI
[2026-08-18T18:37:27.072+0000] {data_modification.py:83} INFO - Updated row with Video_ID: MKSkd13dp10
[2026-08-18T18:37:27.075+0000] {data_modification.py:83} INFO - Updated row with Video_ID: gZwYFWXdVyg
[2026-08-18T18:37:27.079+0000] {data_modification.py:83} INFO - Updated row with Video_ID: 2Oqg9TUaPMo
[2026-08-18T18:37:27.082+0000] {data_modification.py:83} INFO - Updated row with Video_ID: AtmKOQVDKxo
[2026-08-18T18:37:27.086+0000] {data_modification.py:83} INFO - Updated row with Video_ID: NYY0t2muhNc
[2026-08-18T18:37:27.090+0000] {data_modification.py:83} INFO - Updated row with Video_ID: o0itviqEFxI
[2026-08-18T18:37:27.093+0000] {data_modification.py:83} INFO - Updated row with Video_ID: f_bOQqF3Wb4
[2026-08-18T18:37:27.097+0000] {data_modification.py:83} INFO - Updated row with Video_ID: qK7VNuftVX8
[2026-08-18T18:37:27.100+0000] {data_modification.py:83} INFO - Updated row with Video_ID: 292ZgH9HIB0
[2026-08-18T18:37:27.104+0000] {data_modification.py:83} INFO - Updated row with Video_ID: 0_jumuSvFYc
[2026-08-18T18:37:27.107+0000] {data_modification.py:83} INFO - Updated row with Video_ID: BUBUwXpcStE
[2026-08-18T18:37:27.110+0000] {data_modification.py:83} INFO - Updated row with Video_ID: entr0RTTNEA
[2026-08-18T18:37:27.114+0000] {data_modification.py:83} INFO - Updated row with Video_ID: De_dV2zhXCg
[2026-08-18T18:37:27.117+0000] {data_modification.py:83} INFO - Updated row with Video_ID: UFMe8DZvies
[2026-08-18T18:37:27.120+0000] {data_modification.py:83} INFO - Updated row with Video_ID: sybu-zhYwTk
[2026-08-18T18:37:27.125+0000] {data_modification.py:83} INFO - Updated row with Video_ID: GWX_by2TA3k
[2026-08-18T18:37:27.129+0000] {data_modification.py:83} INFO - Updated row with Video_ID: 7EixjDZXtyI
[2026-08-18T18:37:27.133+0000] {data_modification.py:83} INFO - Updated row with Video_ID: L8wz-zH7XmA
[2026-08-18T18:37:27.138+0000] {data_modification.py:83} INFO - Updated row with Video_ID: Ktsy3HRAXY4
[2026-08-18T18:37:27.141+0000] {data_modification.py:83} INFO - Updated row with Video_ID: riuUXReVtEI
[2026-08-18T18:37:27.144+0000] {data_modification.py:83} INFO - Updated row with Video_ID: pnPkjqX6XAA
[2026-08-18T18:37:27.155+0000] {data_modification.py:83} INFO - Updated row with Video_ID: p5iQY_UUtvs
[2026-08-18T18:37:27.159+0000] {data_modification.py:83} INFO - Updated row with Video_ID: aydS7-eewis
[2026-08-18T18:37:27.163+0000] {data_modification.py:83} INFO - Updated row with Video_ID: 0jTREcKPPHQ
[2026-08-18T18:37:27.167+0000] {data_modification.py:83} INFO - Updated row with Video_ID: euTj9F5HGvI
[2026-08-18T18:37:27.171+0000] {data_modification.py:83} INFO - Updated row with Video_ID: aHsI0VcvTmo
[2026-08-18T18:37:27.175+0000] {data_modification.py:83} INFO - Updated row with Video_ID: 9yCqE-uE6HE
[2026-08-18T18:37:27.178+0000] {data_modification.py:83} INFO - Updated row with Video_ID: RL5qw1suJOU
[2026-08-18T18:37:27.182+0000] {data_modification.py:83} INFO - Updated row with Video_ID: OssDGKAk5oI
[2026-08-18T18:37:27.186+0000] {data_modification.py:83} INFO - Updated row with Video_ID: gwotyKIfTCs
[2026-08-18T18:37:27.190+0000] {data_modification.py:83} INFO - Updated row with Video_ID: BWvfriecn7k
[2026-08-18T18:37:27.194+0000] {data_modification.py:83} INFO - Updated row with Video_ID: E4RO8Mstaac
[2026-08-18T18:37:27.198+0000] {data_modification.py:83} INFO - Updated row with Video_ID: 9k26p36ik_U
[2026-08-18T18:37:27.202+0000] {data_modification.py:83} INFO - Updated row with Video_ID: vbbzlUG0EOM
[2026-08-18T18:37:27.205+0000] {data_modification.py:83} INFO - Updated row with Video_ID: jssLk5YSbzA
[2026-08-18T18:37:27.210+0000] {data_modification.py:83} INFO - Updated row with Video_ID: lfw-3t6UfX4
[2026-08-18T18:37:27.214+0000] {data_modification.py:83} INFO - Updated row with Video_ID: 3cEpHAJmPss
[2026-08-18T18:37:27.217+0000] {data_modification.py:83} INFO - Updated row with Video_ID: T5sFxzP4Ko8
[2026-08-18T18:37:27.221+0000] {data_modification.py:83} INFO - Updated row with Video_ID: jaJ1DZ6W6_g
[2026-08-18T18:37:27.225+0000] {data_modification.py:83} INFO - Updated row with Video_ID: 8wVrs2HR158
[2026-08-18T18:37:27.229+0000] {data_modification.py:83} INFO - Updated row with Video_ID: Nrsoo3hXmTE
[2026-08-18T18:37:27.232+0000] {data_modification.py:83} INFO - Updated row with Video_ID: iW2HUfooOho
[2026-08-18T18:37:27.236+0000] {data_modification.py:83} INFO - Updated row with Video_ID: JjXgDfjmJaE
[2026-08-18T18:37:27.240+0000] {data_modification.py:83} INFO - Updated row with Video_ID: qHan_9wIaaE
[2026-08-18T18:37:27.244+0000] {data_modification.py:83} INFO - Updated row with Video_ID: 5up2FE4P6vE
[2026-08-18T18:37:27.247+0000] {data_modification.py:83} INFO - Updated row with Video_ID: XETyVhqRNKo
[2026-08-18T18:37:27.251+0000] {data_modification.py:83} INFO - Updated row with Video_ID: nl4awBgaL8A
[2026-08-18T18:37:27.255+0000] {data_modification.py:83} INFO - Updated row with Video_ID: 24A4fuqFDd0
[2026-08-18T18:37:27.258+0000] {data_modification.py:83} INFO - Updated row with Video_ID: 1wTLmVu0rsU
[2026-08-18T18:37:27.262+0000] {data_modification.py:83} INFO - Updated row with Video_ID: amRtB5Y7A3g
[2026-08-18T18:37:27.265+0000] {data_modification.py:83} INFO - Updated row with Video_ID: vQx4TjahrxM
[2026-08-18T18:37:27.269+0000] {data_modification.py:83} INFO - Updated row with Video_ID: 01jsqke-fEM
[2026-08-18T18:37:27.273+0000] {data_modification.py:83} INFO - Updated row with Video_ID: npGiqM75GSs
[2026-08-18T18:37:27.276+0000] {data_modification.py:83} INFO - Updated row with Video_ID: 3ita-1YJ4-8
[2026-08-18T18:37:27.280+0000] {data_modification.py:83} INFO - Updated row with Video_ID: XdEZ4NAHMbg
[2026-08-18T18:37:27.285+0000] {data_modification.py:83} INFO - Updated row with Video_ID: PCkAFhZENEk
[2026-08-18T18:37:27.288+0000] {data_modification.py:83} INFO - Updated row with Video_ID: jG6EtDOvEsQ
[2026-08-18T18:37:27.292+0000] {data_modification.py:83} INFO - Updated row with Video_ID: UgJ_NMfa-qk
[2026-08-18T18:37:27.296+0000] {data_modification.py:83} INFO - Updated row with Video_ID: Jh4CQFvWYC4
[2026-08-18T18:37:27.300+0000] {data_modification.py:83} INFO - Updated row with Video_ID: ha97w7Chnwo
[2026-08-18T18:37:27.303+0000] {data_modification.py:83} INFO - Updated row with Video_ID: B0vLpgf-VLc
[2026-08-18T18:37:27.307+0000] {data_modification.py:83} INFO - Updated row with Video_ID: XO1VXlmIRJc
[2026-08-18T18:37:27.311+0000] {data_modification.py:83} INFO - Updated row with Video_ID: vFyf_pPVk3E
[2026-08-18T18:37:27.315+0000] {data_modification.py:83} INFO - Updated row with Video_ID: CncTZ9aYbXE
[2026-08-18T18:37:27.318+0000] {data_modification.py:83} INFO - Updated row with Video_ID: p4ht500K-dU
[2026-08-18T18:37:27.322+0000] {data_modification.py:83} INFO - Updated row with Video_ID: W3hjgF5koT4
[2026-08-18T18:37:27.326+0000] {data_modification.py:83} INFO - Updated row with Video_ID: brTnu7X5oWk
[2026-08-18T18:37:27.329+0000] {data_modification.py:83} INFO - Updated row with Video_ID: eUCZShweBm8
[2026-08-18T18:37:27.333+0000] {data_modification.py:83} INFO - Updated row with Video_ID: OvUpb9eYj6E
[2026-08-18T18:37:27.337+0000] {data_modification.py:83} INFO - Updated row with Video_ID: 5TF0fbzhSSo
[2026-08-18T18:37:27.340+0000] {data_modification.py:83} INFO - Updated row with Video_ID: RcMBwnJu94c
[2026-08-18T18:37:27.344+0000] {data_modification.py:83} INFO - Updated row with Video_ID: av6qMDTtdR8
[2026-08-18T18:37:27.348+0000] {data_modification.py:83} INFO - Updated row with Video_ID: xJ-EuU0F720
[2026-08-18T18:37:27.351+0000] {data_modification.py:83} INFO - Updated row with Video_ID: AOAlNK2rmQE
[2026-08-18T18:37:27.355+0000] {data_modification.py:83} INFO - Updated row with Video_ID: vbwwv362nY0
[2026-08-18T18:37:27.359+0000] {data_modification.py:83} INFO - Updated row with Video_ID: 0h358VDOtBc
[2026-08-18T18:37:27.363+0000] {data_modification.py:83} INFO - Updated row with Video_ID: XumjHQsCjrU
[2026-08-18T18:37:27.366+0000] {data_modification.py:83} INFO - Updated row with Video_ID: nJdFs-pouA8
[2026-08-18T18:37:27.369+0000] {data_modification.py:83} INFO - Updated row with Video_ID: 5a5pRz_UcuY
[2026-08-18T18:37:27.373+0000] {data_modification.py:83} INFO - Updated row with Video_ID: B9jZABnvq9A
[2026-08-18T18:37:27.378+0000] {data_modification.py:83} INFO - Updated row with Video_ID: Aoj8L0_KttI
[2026-08-18T18:37:27.382+0000] {data_modification.py:83} INFO - Updated row with Video_ID: nFvmM0YJSzc
[2026-08-18T18:37:27.386+0000] {data_modification.py:83} INFO - Updated row with Video_ID: iTYc5xEWWHw
[2026-08-18T18:37:27.389+0000] {data_modification.py:83} INFO - Updated row with Video_ID: P9Uvn2iZRAQ
[2026-08-18T18:37:27.393+0000] {data_modification.py:83} INFO - Updated row with Video_ID: IpT0gQVXTXE
[2026-08-18T18:37:27.397+0000] {data_modification.py:83} INFO - Updated row with Video_ID: Ad4W4VNCweU
[2026-08-18T18:37:27.402+0000] {data_modification.py:83} INFO - Updated row with Video_ID: USVgV4YpsSA
[2026-08-18T18:37:27.406+0000] {data_modification.py:83} INFO - Updated row with Video_ID: mQ5HVNrkKBc
[2026-08-18T18:37:27.410+0000] {data_modification.py:83} INFO - Updated row with Video_ID: aMoMtGK3JJk
[2026-08-18T18:37:27.414+0000] {data_modification.py:83} INFO - Updated row with Video_ID: ZDq-1hyFXAY
[2026-08-18T18:37:27.418+0000] {data_modification.py:83} INFO - Updated row with Video_ID: ecAEQOWBw10
[2026-08-18T18:37:27.421+0000] {data_modification.py:83} INFO - Updated row with Video_ID: v0eKUpJUApc
[2026-08-18T18:37:27.425+0000] {data_modification.py:83} INFO - Updated row with Video_ID: JngpM5iv_vA
[2026-08-18T18:37:27.429+0000] {data_modification.py:83} INFO - Updated row with Video_ID: _GWODyFZil8
[2026-08-18T18:37:27.432+0000] {data_modification.py:83} INFO - Updated row with Video_ID: uXW4gothy_I
[2026-08-18T18:37:27.436+0000] {data_modification.py:83} INFO - Updated row with Video_ID: qcVVjaaCeUE
[2026-08-18T18:37:27.440+0000] {data_modification.py:83} INFO - Updated row with Video_ID: HVV0E72eYZc
[2026-08-18T18:37:27.445+0000] {data_modification.py:83} INFO - Updated row with Video_ID: zYSGpOkq_JQ
[2026-08-18T18:37:27.449+0000] {data_modification.py:83} INFO - Updated row with Video_ID: QDDGmt5wLZ4
[2026-08-18T18:37:27.453+0000] {data_modification.py:83} INFO - Updated row with Video_ID: Aml_KsB8a1E
[2026-08-18T18:37:27.457+0000] {data_modification.py:83} INFO - Updated row with Video_ID: n_Wno11awXA
[2026-08-18T18:37:27.461+0000] {data_modification.py:83} INFO - Updated row with Video_ID: QH2_GeG45eI
[2026-08-18T18:37:27.465+0000] {data_modification.py:83} INFO - Updated row with Video_ID: UE-d7XM7wiU
[2026-08-18T18:37:27.468+0000] {data_modification.py:83} INFO - Updated row with Video_ID: OwJbSpAPnX8
[2026-08-18T18:37:27.473+0000] {data_modification.py:83} INFO - Updated row with Video_ID: Kq3K1g1zgK0
[2026-08-18T18:37:27.476+0000] {data_modification.py:83} INFO - Updated row with Video_ID: wOprMfjzWxU
[2026-08-18T18:37:27.480+0000] {data_modification.py:83} INFO - Updated row with Video_ID: -Hh9IoKmRvg
[2026-08-18T18:37:27.484+0000] {data_modification.py:83} INFO - Updated row with Video_ID: 272-g7WwTPE
[2026-08-18T18:37:27.487+0000] {data_modification.py:83} INFO - Updated row with Video_ID: GPygrVogA0A
[2026-08-18T18:37:27.491+0000] {data_modification.py:83} INFO - Updated row with Video_ID: BuBH9gnoYNE
[2026-08-18T18:37:27.495+0000] {data_modification.py:83} INFO - Updated row with Video_ID: REFExrj1Jgg
[2026-08-18T18:37:27.499+0000] {data_modification.py:83} INFO - Updated row with Video_ID: GgeGRhSj4Y8
[2026-08-18T18:37:27.503+0000] {data_modification.py:83} INFO - Updated row with Video_ID: -JnMDXG_EeY
[2026-08-18T18:37:27.506+0000] {data_modification.py:83} INFO - Updated row with Video_ID: UmmKCEaP8zA
[2026-08-18T18:37:27.510+0000] {data_modification.py:83} INFO - Updated row with Video_ID: UskjN-9CS-8
[2026-08-18T18:37:27.513+0000] {data_modification.py:83} INFO - Updated row with Video_ID: OoWwvXMixLQ
[2026-08-18T18:37:27.517+0000] {data_modification.py:83} INFO - Updated row with Video_ID: lJ4CkX3i9xs
[2026-08-18T18:37:27.521+0000] {data_modification.py:83} INFO - Updated row with Video_ID: XVNU-sigSVo
[2026-08-18T18:37:27.524+0000] {data_modification.py:83} INFO - Updated row with Video_ID: _f-YJjrleuM
[2026-08-18T18:37:27.528+0000] {data_modification.py:83} INFO - Updated row with Video_ID: DysTiR_aNy0
[2026-08-18T18:37:27.531+0000] {data_modification.py:83} INFO - Updated row with Video_ID: 3jME4ZQ_ADU
[2026-08-18T18:37:27.534+0000] {data_modification.py:83} INFO - Updated row with Video_ID: tDdgS_CWKwg
[2026-08-18T18:37:27.538+0000] {data_modification.py:83} INFO - Updated row with Video_ID: bIDJ2jDLaQQ
[2026-08-18T18:37:27.542+0000] {data_modification.py:83} INFO - Updated row with Video_ID: 7nbfGvKcI6U
[2026-08-18T18:37:27.547+0000] {data_modification.py:83} INFO - Updated row with Video_ID: HIayimluMEA
[2026-08-18T18:37:27.551+0000] {data_modification.py:83} INFO - Updated row with Video_ID: nnEZVVC4Ap8
[2026-08-18T18:37:27.556+0000] {data_modification.py:83} INFO - Updated row with Video_ID: h8qlFyWBo8k
[2026-08-18T18:37:27.561+0000] {data_modification.py:83} INFO - Updated row with Video_ID: KMcSH9kP1pQ
[2026-08-18T18:37:27.564+0000] {data_modification.py:83} INFO - Updated row with Video_ID: b_VxnnZXACw
[2026-08-18T18:37:27.568+0000] {data_modification.py:83} INFO - Updated row with Video_ID: 7L0bdecxT5w
[2026-08-18T18:37:27.571+0000] {data_modification.py:83} INFO - Updated row with Video_ID: jbmOMe5m_R0
[2026-08-18T18:37:27.575+0000] {data_modification.py:83} INFO - Updated row with Video_ID: 68Ry-5fEDoI
[2026-08-18T18:37:27.579+0000] {data_modification.py:83} INFO - Updated row with Video_ID: G-Hqu0ieeZ0
[2026-08-18T18:37:27.584+0000] {data_modification.py:83} INFO - Updated row with Video_ID: 5pzBOSXXW5E
[2026-08-18T18:37:27.588+0000] {data_modification.py:83} INFO - Updated row with Video_ID: Ytr6Y6joSD0
[2026-08-18T18:37:27.591+0000] {data_modification.py:83} INFO - Updated row with Video_ID: Vl95YiWbiqQ
[2026-08-18T18:37:27.595+0000] {data_modification.py:83} INFO - Updated row with Video_ID: VbuSX6f0HrI
[2026-08-18T18:37:27.599+0000] {data_modification.py:83} INFO - Updated row with Video_ID: 0q1hfBATt-o
[2026-08-18T18:37:27.603+0000] {data_modification.py:83} INFO - Updated row with Video_ID: tyiF7GtCPjU
[2026-08-18T18:37:27.607+0000] {data_modification.py:83} INFO - Updated row with Video_ID: nEOE2lldtLg
[2026-08-18T18:37:27.611+0000] {data_modification.py:83} INFO - Updated row with Video_ID: NA725EbXbXA
[2026-08-18T18:37:27.614+0000] {data_modification.py:83} INFO - Updated row with Video_ID: ofgOTzt8Luo
[2026-08-18T18:37:27.618+0000] {data_modification.py:83} INFO - Updated row with Video_ID: IJ-oxUAV8MI
[2026-08-18T18:37:27.622+0000] {data_modification.py:83} INFO - Updated row with Video_ID: CjExXZl5vxg
[2026-08-18T18:37:27.626+0000] {data_modification.py:83} INFO - Updated row with Video_ID: ktoZf0isisk
[2026-08-18T18:37:27.631+0000] {data_modification.py:83} INFO - Updated row with Video_ID: 3MIkMLFgxrA
[2026-08-18T18:37:27.637+0000] {data_modification.py:83} INFO - Updated row with Video_ID: oAmFVZbmAoQ
[2026-08-18T18:37:27.641+0000] {data_modification.py:83} INFO - Updated row with Video_ID: 6d2HqqrTavs
[2026-08-18T18:37:27.645+0000] {data_modification.py:83} INFO - Updated row with Video_ID: dj3nGS_IM1o
[2026-08-18T18:37:27.648+0000] {data_modification.py:83} INFO - Updated row with Video_ID: mmoNf6_60fU
[2026-08-18T18:37:27.653+0000] {data_modification.py:83} INFO - Updated row with Video_ID: jT5X5gkv2ME
[2026-08-18T18:37:27.657+0000] {data_modification.py:83} INFO - Updated row with Video_ID: 8MLHKVH9y20
[2026-08-18T18:37:27.661+0000] {data_modification.py:83} INFO - Updated row with Video_ID: jBlfx18l7DQ
[2026-08-18T18:37:27.665+0000] {data_modification.py:83} INFO - Updated row with Video_ID: imzu5nHZgY4
[2026-08-18T18:37:27.670+0000] {data_modification.py:83} INFO - Updated row with Video_ID: h7X6DOQsNcU
[2026-08-18T18:37:27.674+0000] {data_modification.py:83} INFO - Updated row with Video_ID: PmL0PQKS0Ec
[2026-08-18T18:37:27.678+0000] {data_modification.py:83} INFO - Updated row with Video_ID: vqHh7w2q9rQ
[2026-08-18T18:37:27.683+0000] {data_modification.py:83} INFO - Updated row with Video_ID: 3Ibdd10by0U
[2026-08-18T18:37:27.688+0000] {data_modification.py:83} INFO - Updated row with Video_ID: l8i22AvubME
[2026-08-18T18:37:27.692+0000] {data_modification.py:83} INFO - Updated row with Video_ID: 6qOVEzxTO5s
[2026-08-18T18:37:27.696+0000] {data_modification.py:83} INFO - Updated row with Video_ID: _Kxe78C8QEs
[2026-08-18T18:37:27.702+0000] {data_modification.py:83} INFO - Updated row with Video_ID: bu1OA3Tak8Y
[2026-08-18T18:37:27.707+0000] {data_modification.py:83} INFO - Updated row with Video_ID: KZNzusvHZAM
[2026-08-18T18:37:27.712+0000] {data_modification.py:83} INFO - Updated row with Video_ID: 2_biEIVROlQ
[2026-08-18T18:37:27.717+0000] {data_modification.py:83} INFO - Updated row with Video_ID: CSZB2gbda0s
[2026-08-18T18:37:27.722+0000] {data_modification.py:83} INFO - Updated row with Video_ID: sFf4DANqEPs
[2026-08-18T18:37:27.726+0000] {data_modification.py:83} INFO - Updated row with Video_ID: Z7zlW3RMiMM
[2026-08-18T18:37:27.731+0000] {data_modification.py:83} INFO - Updated row with Video_ID: 8g-9rZSePtc
[2026-08-18T18:37:27.735+0000] {data_modification.py:83} INFO - Updated row with Video_ID: VP9C8FT3vbk
[2026-08-18T18:37:27.740+0000] {data_modification.py:83} INFO - Updated row with Video_ID: GmdXJ0JiPB4
[2026-08-18T18:37:27.744+0000] {data_modification.py:83} INFO - Updated row with Video_ID: fdqFtP8Mg0o
[2026-08-18T18:37:27.748+0000] {data_modification.py:83} INFO - Updated row with Video_ID: abK0jlhuSpU
[2026-08-18T18:37:27.753+0000] {data_modification.py:83} INFO - Updated row with Video_ID: 5CB_cJGLQN4
[2026-08-18T18:37:27.757+0000] {data_modification.py:83} INFO - Updated row with Video_ID: N4AfGpV9Dvs
[2026-08-18T18:37:27.761+0000] {data_modification.py:83} INFO - Updated row with Video_ID: szYgpVbpaSc
[2026-08-18T18:37:27.765+0000] {data_modification.py:83} INFO - Updated row with Video_ID: xIYRx-NW_N8
[2026-08-18T18:37:27.769+0000] {data_modification.py:83} INFO - Updated row with Video_ID: GGM26tNwKTs
[2026-08-18T18:37:27.773+0000] {data_modification.py:83} INFO - Updated row with Video_ID: jxdCFxyDNUM
[2026-08-18T18:37:27.777+0000] {data_modification.py:83} INFO - Updated row with Video_ID: Yxy8d1MA8aE
[2026-08-18T18:37:27.781+0000] {data_modification.py:83} INFO - Updated row with Video_ID: HV8RfJl5w5Q
[2026-08-18T18:37:27.785+0000] {data_modification.py:83} INFO - Updated row with Video_ID: pAJZGKAgb7M
[2026-08-18T18:37:27.789+0000] {data_modification.py:83} INFO - Updated row with Video_ID: qFYjYVUL0QU
[2026-08-18T18:37:27.793+0000] {data_modification.py:83} INFO - Updated row with Video_ID: kvco8BPRW1g
[2026-08-18T18:37:27.798+0000] {data_modification.py:83} INFO - Updated row with Video_ID: CxiNMJHMWdU
[2026-08-18T18:37:27.803+0000] {data_modification.py:83} INFO - Updated row with Video_ID: 88bVOxOTWXI
[2026-08-18T18:37:27.808+0000] {data_modification.py:83} INFO - Updated row with Video_ID: KIrko2vNVUY
[2026-08-18T18:37:27.812+0000] {data_modification.py:83} INFO - Updated row with Video_ID: mM5-tYd8I1o
[2026-08-18T18:37:27.817+0000] {data_modification.py:83} INFO - Updated row with Video_ID: E-rMxqEPrcU
[2026-08-18T18:37:27.821+0000] {data_modification.py:83} INFO - Updated row with Video_ID: Sy9kHRKoUsQ
[2026-08-18T18:37:27.825+0000] {data_modification.py:83} INFO - Updated row with Video_ID: bjBLjLFCaQU
[2026-08-18T18:37:27.829+0000] {data_modification.py:83} INFO - Updated row with Video_ID: 2GOhytAUYdc
[2026-08-18T18:37:27.833+0000] {data_modification.py:83} INFO - Updated row with Video_ID: -gnVd74Yjww
[2026-08-18T18:37:27.837+0000] {data_modification.py:83} INFO - Updated row with Video_ID: 5MYu1c1InJE
[2026-08-18T18:37:27.841+0000] {data_modification.py:83} INFO - Updated row with Video_ID: lEzkDvHs0IM
[2026-08-18T18:37:27.844+0000] {data_modification.py:83} INFO - Updated row with Video_ID: oMKz1WqTZtQ
[2026-08-18T18:37:27.848+0000] {data_modification.py:83} INFO - Updated row with Video_ID: Ks_e7KwHcEs
[2026-08-18T18:37:27.852+0000] {data_modification.py:83} INFO - Updated row with Video_ID: dPs-rIchPLA
[2026-08-18T18:37:27.856+0000] {data_modification.py:83} INFO - Updated row with Video_ID: NhQpHZzwn5Q
[2026-08-18T18:37:27.859+0000] {data_modification.py:83} INFO - Updated row with Video_ID: GAf6QMeXHZ4
[2026-08-18T18:37:27.863+0000] {data_modification.py:83} INFO - Updated row with Video_ID: BnJIrmozVdg
[2026-08-18T18:37:27.867+0000] {data_modification.py:83} INFO - Updated row with Video_ID: gjkxcEJ2MaI
[2026-08-18T18:37:27.870+0000] {data_modification.py:83} INFO - Updated row with Video_ID: 2eakbj1RVaA
[2026-08-18T18:37:27.874+0000] {data_modification.py:83} INFO - Updated row with Video_ID: zZZxd6_KdmI
[2026-08-18T18:37:27.878+0000] {data_modification.py:83} INFO - Updated row with Video_ID: ZsDFV51NJDU
[2026-08-18T18:37:27.881+0000] {data_modification.py:83} INFO - Updated row with Video_ID: WqJnM6p2xpo
[2026-08-18T18:37:27.885+0000] {data_modification.py:83} INFO - Updated row with Video_ID: g_jIgC7XfOU
[2026-08-18T18:37:27.889+0000] {data_modification.py:83} INFO - Updated row with Video_ID: s3G3gzWlXaI
[2026-08-18T18:37:27.892+0000] {data_modification.py:83} INFO - Updated row with Video_ID: GzAebhzIZ5w
[2026-08-18T18:37:27.896+0000] {data_modification.py:83} INFO - Updated row with Video_ID: YhYN54ZT8oc
[2026-08-18T18:37:27.900+0000] {data_modification.py:83} INFO - Updated row with Video_ID: F7YIUM9jWAE
[2026-08-18T18:37:27.903+0000] {data_modification.py:83} INFO - Updated row with Video_ID: cpg78ouK54I
[2026-08-18T18:37:27.907+0000] {data_modification.py:83} INFO - Updated row with Video_ID: Jlq0-9NbCRU
[2026-08-18T18:37:27.911+0000] {data_modification.py:83} INFO - Updated row with Video_ID: vaZgrvt-X6c
[2026-08-18T18:37:27.915+0000] {data_modification.py:83} INFO - Updated row with Video_ID: DFmogKUAE_M
[2026-08-18T18:37:27.918+0000] {data_modification.py:83} INFO - Updated row with Video_ID: 6A36h54P0Ck
[2026-08-18T18:37:27.922+0000] {data_modification.py:83} INFO - Updated row with Video_ID: r-NRsZaMPQA
[2026-08-18T18:37:27.926+0000] {data_modification.py:83} INFO - Updated row with Video_ID: 7Ao_sUWuT0E
[2026-08-18T18:37:27.929+0000] {data_modification.py:83} INFO - Updated row with Video_ID: BZKlnQ23REs
[2026-08-18T18:37:27.933+0000] {data_modification.py:83} INFO - Updated row with Video_ID: ebErT7d4mi8
[2026-08-18T18:37:27.938+0000] {data_modification.py:83} INFO - Updated row with Video_ID: sU0f5GLJMHE
[2026-08-18T18:37:27.942+0000] {data_modification.py:83} INFO - Updated row with Video_ID: NVtP0_3MUzQ
[2026-08-18T18:37:27.945+0000] {data_modification.py:83} INFO - Updated row with Video_ID: b0cD5CQVeXM
[2026-08-18T18:37:27.948+0000] {data_modification.py:83} INFO - Updated row with Video_ID: RSeXGH2kxdo
[2026-08-18T18:37:27.953+0000] {data_modification.py:83} INFO - Updated row with Video_ID: nB-XuOiy4dw
[2026-08-18T18:37:27.956+0000] {data_modification.py:83} INFO - Updated row with Video_ID: mmfa3UrS6yQ
[2026-08-18T18:37:27.960+0000] {data_modification.py:83} INFO - Updated row with Video_ID: 6YVTLQIyC0g
[2026-08-18T18:37:27.963+0000] {data_modification.py:83} INFO - Updated row with Video_ID: vAGjapNW-Jo
[2026-08-18T18:37:27.968+0000] {data_modification.py:83} INFO - Updated row with Video_ID: OXlbIS1h9vM
[2026-08-18T18:37:27.972+0000] {data_modification.py:83} INFO - Updated row with Video_ID: IQkIOhVy_ss
[2026-08-18T18:37:27.977+0000] {data_modification.py:83} INFO - Updated row with Video_ID: Dr2hN6o5C4w
[2026-08-18T18:37:27.980+0000] {data_modification.py:83} INFO - Updated row with Video_ID: It5aR03wo-k
[2026-08-18T18:37:27.984+0000] {data_modification.py:83} INFO - Updated row with Video_ID: 57no6-7bK_8
[2026-08-18T18:37:27.988+0000] {data_modification.py:83} INFO - Updated row with Video_ID: XQ3KUwoTDoM
[2026-08-18T18:37:27.991+0000] {data_modification.py:83} INFO - Updated row with Video_ID: OXRZIyQqeKY
[2026-08-18T18:37:27.995+0000] {data_modification.py:83} INFO - Updated row with Video_ID: BAqkMUOiY0Q
[2026-08-18T18:37:27.999+0000] {data_modification.py:83} INFO - Updated row with Video_ID: PwSEdo8_7FY
[2026-08-18T18:37:28.003+0000] {data_modification.py:83} INFO - Updated row with Video_ID: FNZ2gfD7Hwk
[2026-08-18T18:37:28.007+0000] {data_modification.py:83} INFO - Updated row with Video_ID: _fnWQl90WP0
[2026-08-18T18:37:28.011+0000] {data_modification.py:83} INFO - Updated row with Video_ID: YlLJRRomnaY
[2026-08-18T18:37:28.015+0000] {data_modification.py:83} INFO - Updated row with Video_ID: LOU9UwfNt2c
[2026-08-18T18:37:28.018+0000] {data_modification.py:83} INFO - Updated row with Video_ID: 0yeG7vcPYx0
[2026-08-18T18:37:28.022+0000] {data_modification.py:83} INFO - Updated row with Video_ID: UfCuLj-alZM
[2026-08-18T18:37:28.026+0000] {data_modification.py:83} INFO - Updated row with Video_ID: 4sDYp64pKMc
[2026-08-18T18:37:28.030+0000] {data_modification.py:83} INFO - Updated row with Video_ID: P31ig0EHkg4
[2026-08-18T18:37:28.034+0000] {data_modification.py:83} INFO - Updated row with Video_ID: pC3kOyoZafM
[2026-08-18T18:37:28.038+0000] {data_modification.py:83} INFO - Updated row with Video_ID: YISBMsC-rX4
[2026-08-18T18:37:28.042+0000] {data_modification.py:83} INFO - Updated row with Video_ID: ZU9w-dnwjcs
[2026-08-18T18:37:28.046+0000] {data_modification.py:83} INFO - Updated row with Video_ID: FTKJ8pfEK9E
[2026-08-18T18:37:28.050+0000] {data_modification.py:83} INFO - Updated row with Video_ID: 3j7WBFXfcGI
[2026-08-18T18:37:28.054+0000] {data_modification.py:83} INFO - Updated row with Video_ID: nKbEJsI6GfI
[2026-08-18T18:37:28.057+0000] {data_modification.py:83} INFO - Updated row with Video_ID: tG5gulVtdVY
[2026-08-18T18:37:28.061+0000] {data_modification.py:83} INFO - Updated row with Video_ID: x1puEakZIn8
[2026-08-18T18:37:28.065+0000] {data_modification.py:83} INFO - Updated row with Video_ID: cNBEKlvcIqc
[2026-08-18T18:37:28.069+0000] {data_modification.py:83} INFO - Updated row with Video_ID: i3_fIBbd6uM
[2026-08-18T18:37:28.072+0000] {data_modification.py:83} INFO - Updated row with Video_ID: VOmmUTY5iWY
[2026-08-18T18:37:28.076+0000] {data_modification.py:83} INFO - Updated row with Video_ID: M544OC0DOz4
[2026-08-18T18:37:28.080+0000] {data_modification.py:83} INFO - Updated row with Video_ID: O6pkbxIEX2I
[2026-08-18T18:37:28.084+0000] {data_modification.py:83} INFO - Updated row with Video_ID: HSd5et0nGvs
[2026-08-18T18:37:28.088+0000] {data_modification.py:83} INFO - Updated row with Video_ID: Tr7Uf_ftUSI
[2026-08-18T18:37:28.091+0000] {data_modification.py:83} INFO - Updated row with Video_ID: NGV5S9j_oL4
[2026-08-18T18:37:28.095+0000] {data_modification.py:83} INFO - Updated row with Video_ID: JCOb1w_LTOg
[2026-08-18T18:37:28.099+0000] {data_modification.py:83} INFO - Updated row with Video_ID: 3otrmTL24OA
[2026-08-18T18:37:28.108+0000] {data_modification.py:83} INFO - Updated row with Video_ID: VfkoOqf7urA
[2026-08-18T18:37:28.113+0000] {data_modification.py:83} INFO - Updated row with Video_ID: LdOfF7VPf2w
[2026-08-18T18:37:28.116+0000] {data_modification.py:83} INFO - Updated row with Video_ID: ig1VtIEFkcI
[2026-08-18T18:37:28.120+0000] {data_modification.py:83} INFO - Updated row with Video_ID: LA1_Ai9ayuE
[2026-08-18T18:37:28.124+0000] {data_modification.py:83} INFO - Updated row with Video_ID: 23sHVaXlCHc
[2026-08-18T18:37:28.129+0000] {data_modification.py:83} INFO - Updated row with Video_ID: CdsneNlNpXw
[2026-08-18T18:37:28.133+0000] {data_modification.py:83} INFO - Updated row with Video_ID: TN2ceBiPP5c
[2026-08-18T18:37:28.137+0000] {data_modification.py:83} INFO - Updated row with Video_ID: brGDqhQG0Qo
[2026-08-18T18:37:28.141+0000] {data_modification.py:83} INFO - Updated row with Video_ID: 0RW6w_LbwU4
[2026-08-18T18:37:28.144+0000] {data_modification.py:83} INFO - Updated row with Video_ID: 7B9ouInLN9E
[2026-08-18T18:37:28.148+0000] {data_modification.py:83} INFO - Updated row with Video_ID: Ys4WqB6KZlU
[2026-08-18T18:37:28.152+0000] {data_modification.py:83} INFO - Updated row with Video_ID: 9dNSeTTdz5w
[2026-08-18T18:37:28.162+0000] {data_modification.py:83} INFO - Updated row with Video_ID: keEi0LoZwL0
[2026-08-18T18:37:28.165+0000] {data_modification.py:83} INFO - Updated row with Video_ID: ShcEufJOarU
[2026-08-18T18:37:28.169+0000] {data_modification.py:83} INFO - Updated row with Video_ID: PDS1b-GQ_vM
[2026-08-18T18:37:28.179+0000] {data_modification.py:83} INFO - Updated row with Video_ID: nJmkZMv85Cw
[2026-08-18T18:37:28.183+0000] {data_modification.py:83} INFO - Updated row with Video_ID: oJmyYpsIPP4
[2026-08-18T18:37:28.187+0000] {data_modification.py:83} INFO - Updated row with Video_ID: lZ-pVINQ288
[2026-08-18T18:37:28.196+0000] {data_modification.py:83} INFO - Updated row with Video_ID: ULvplwBTbQk
[2026-08-18T18:37:28.200+0000] {data_modification.py:83} INFO - Updated row with Video_ID: 7zHqaTlZHU4
[2026-08-18T18:37:28.204+0000] {data_modification.py:83} INFO - Updated row with Video_ID: _G38lvFwG3Y
[2026-08-18T18:37:28.207+0000] {data_modification.py:83} INFO - Updated row with Video_ID: _ObNMjRq_WM
[2026-08-18T18:37:28.211+0000] {data_modification.py:83} INFO - Updated row with Video_ID: IYWbbxdfGvc
[2026-08-18T18:37:28.216+0000] {data_modification.py:83} INFO - Updated row with Video_ID: UQZsm7ErTtI
[2026-08-18T18:37:28.219+0000] {data_modification.py:83} INFO - Updated row with Video_ID: xi-zHJL5bnI
[2026-08-18T18:37:28.223+0000] {data_modification.py:83} INFO - Updated row with Video_ID: Hr24c8qeeKY
[2026-08-18T18:37:28.234+0000] {data_modification.py:83} INFO - Updated row with Video_ID: xN5w6lyDQzw
[2026-08-18T18:37:28.238+0000] {data_modification.py:83} INFO - Updated row with Video_ID: uF1qYkYATyM
[2026-08-18T18:37:28.241+0000] {data_modification.py:83} INFO - Updated row with Video_ID: tXBIhnU1unc
[2026-08-18T18:37:28.245+0000] {data_modification.py:83} INFO - Updated row with Video_ID: mipEUJ9IVpI
[2026-08-18T18:37:28.248+0000] {data_modification.py:83} INFO - Updated row with Video_ID: kEdFEMMvLnU
[2026-08-18T18:37:28.253+0000] {data_modification.py:83} INFO - Updated row with Video_ID: xTtYv_LskiI
[2026-08-18T18:37:28.256+0000] {data_modification.py:83} INFO - Updated row with Video_ID: -3JZXvGpPFw
[2026-08-18T18:37:28.260+0000] {data_modification.py:83} INFO - Updated row with Video_ID: y27Zj7zCgRM
[2026-08-18T18:37:28.264+0000] {data_modification.py:83} INFO - Updated row with Video_ID: NCNVTrrcHDw
[2026-08-18T18:37:28.267+0000] {data_modification.py:83} INFO - Updated row with Video_ID: l40OweUGRq8
[2026-08-18T18:37:28.271+0000] {data_modification.py:83} INFO - Updated row with Video_ID: MdeQMVBuGgY
[2026-08-18T18:37:28.274+0000] {data_modification.py:83} INFO - Updated row with Video_ID: d9m9MxA-aY8
[2026-08-18T18:37:28.278+0000] {data_modification.py:83} INFO - Updated row with Video_ID: 373VDfqlL3E
[2026-08-18T18:37:28.285+0000] {data_modification.py:83} INFO - Updated row with Video_ID: heGE4lWg4HM
[2026-08-18T18:37:28.289+0000] {data_modification.py:83} INFO - Updated row with Video_ID: xAt1xcC6qfM
[2026-08-18T18:37:28.292+0000] {data_modification.py:83} INFO - Updated row with Video_ID: oqHzMGhb13Q
[2026-08-18T18:37:28.296+0000] {data_modification.py:83} INFO - Updated row with Video_ID: i31K25fbNRQ
[2026-08-18T18:37:28.300+0000] {data_modification.py:83} INFO - Updated row with Video_ID: kH-ih06rmpI
[2026-08-18T18:37:28.304+0000] {data_modification.py:83} INFO - Updated row with Video_ID: 002Pbr8yBAo
[2026-08-18T18:37:28.307+0000] {data_modification.py:83} INFO - Updated row with Video_ID: wvSk_D6IGj8
[2026-08-18T18:37:28.311+0000] {data_modification.py:83} INFO - Updated row with Video_ID: tf2IASWd6zw
[2026-08-18T18:37:28.315+0000] {data_modification.py:83} INFO - Updated row with Video_ID: 9EWtyRkxi6A
[2026-08-18T18:37:28.318+0000] {data_modification.py:83} INFO - Updated row with Video_ID: GOSmvE5ycfE
[2026-08-18T18:37:28.322+0000] {data_modification.py:83} INFO - Updated row with Video_ID: JLykjUaxEqY
[2026-08-18T18:37:28.326+0000] {data_modification.py:83} INFO - Updated row with Video_ID: YcWkNJF_D40
[2026-08-18T18:37:28.329+0000] {data_modification.py:83} INFO - Updated row with Video_ID: 93i6TqznftQ
[2026-08-18T18:37:28.333+0000] {data_modification.py:83} INFO - Updated row with Video_ID: eml6YzAQ8AQ
[2026-08-18T18:37:28.337+0000] {data_modification.py:83} INFO - Updated row with Video_ID: FO-PWE2qYTc
[2026-08-18T18:37:28.340+0000] {data_modification.py:83} INFO - Updated row with Video_ID: 3kTt1zvE7Vg
[2026-08-18T18:37:28.344+0000] {data_modification.py:83} INFO - Updated row with Video_ID: Xb1cpM463qo
[2026-08-18T18:37:28.348+0000] {data_modification.py:83} INFO - Updated row with Video_ID: _smcZyQmRSE
[2026-08-18T18:37:28.352+0000] {data_modification.py:83} INFO - Updated row with Video_ID: 23AnNZRoEuM
[2026-08-18T18:37:28.356+0000] {data_modification.py:83} INFO - Updated row with Video_ID: eUbjVXbUTjc
[2026-08-18T18:37:28.360+0000] {data_modification.py:83} INFO - Updated row with Video_ID: dFRGrsPGCGU
[2026-08-18T18:37:28.363+0000] {data_modification.py:83} INFO - Updated row with Video_ID: 9Kj4T05UdMA
[2026-08-18T18:37:28.367+0000] {data_modification.py:83} INFO - Updated row with Video_ID: KishzvdXi8c
[2026-08-18T18:37:28.370+0000] {data_modification.py:83} INFO - Updated row with Video_ID: th9OBsL0M60
[2026-08-18T18:37:28.373+0000] {data_modification.py:83} INFO - Updated row with Video_ID: k7EJ_9gaWPA
[2026-08-18T18:37:28.377+0000] {data_modification.py:83} INFO - Updated row with Video_ID: sVXdQABD7Vs
[2026-08-18T18:37:28.380+0000] {data_modification.py:83} INFO - Updated row with Video_ID: oxhs_C9yPhs
[2026-08-18T18:37:28.384+0000] {data_modification.py:83} INFO - Updated row with Video_ID: wDZpMtkrdrQ
[2026-08-18T18:37:28.387+0000] {data_modification.py:83} INFO - Updated row with Video_ID: Z1GnEgCcCWE
[2026-08-18T18:37:28.396+0000] {data_modification.py:83} INFO - Updated row with Video_ID: v9AHBtbk-E0
[2026-08-18T18:37:28.399+0000] {data_modification.py:83} INFO - Updated row with Video_ID: Xc-y4eTyIQc
[2026-08-18T18:37:28.403+0000] {data_modification.py:83} INFO - Updated row with Video_ID: zZ-VeqYPxoA
[2026-08-18T18:37:28.406+0000] {data_modification.py:83} INFO - Updated row with Video_ID: wIo7IJxsg3A
[2026-08-18T18:37:28.410+0000] {data_modification.py:83} INFO - Updated row with Video_ID: a-5MPb27xsA
[2026-08-18T18:37:28.413+0000] {data_modification.py:83} INFO - Updated row with Video_ID: xDReFV_IiP8
[2026-08-18T18:37:28.417+0000] {data_modification.py:83} INFO - Updated row with Video_ID: uXsDntYTnhQ
[2026-08-18T18:37:28.421+0000] {data_modification.py:83} INFO - Updated row with Video_ID: SemRprLj9W8
[2026-08-18T18:37:28.426+0000] {data_modification.py:83} INFO - Updated row with Video_ID: sbsoZV0Y-ds
[2026-08-18T18:37:28.431+0000] {data_modification.py:83} INFO - Updated row with Video_ID: -wwcpgXmFhE
[2026-08-18T18:37:28.442+0000] {data_modification.py:83} INFO - Updated row with Video_ID: TiIUfniAxrQ
[2026-08-18T18:37:28.446+0000] {data_modification.py:83} INFO - Updated row with Video_ID: kJKD-E9Ipi0
[2026-08-18T18:37:28.453+0000] {data_modification.py:83} INFO - Updated row with Video_ID: gDBHgcM-puE
[2026-08-18T18:37:28.459+0000] {data_modification.py:83} INFO - Updated row with Video_ID: x9ICVBEsds4
[2026-08-18T18:37:28.463+0000] {data_modification.py:83} INFO - Updated row with Video_ID: BR8YaRs-7y8
[2026-08-18T18:37:28.467+0000] {data_modification.py:83} INFO - Updated row with Video_ID: vX_DwNI-lzA
[2026-08-18T18:37:28.472+0000] {data_modification.py:83} INFO - Updated row with Video_ID: LhSDWTBqjKY
[2026-08-18T18:37:28.477+0000] {data_modification.py:83} INFO - Updated row with Video_ID: 6MXACxDrS-4
[2026-08-18T18:37:28.482+0000] {data_modification.py:83} INFO - Updated row with Video_ID: JjZtVUWc2AE
[2026-08-18T18:37:28.485+0000] {data_modification.py:83} INFO - Updated row with Video_ID: 4L0AdIQXqk8
[2026-08-18T18:37:28.489+0000] {data_modification.py:83} INFO - Updated row with Video_ID: rItVSkDL2uw
[2026-08-18T18:37:28.493+0000] {data_modification.py:83} INFO - Updated row with Video_ID: UJbOvZ2GqQY
[2026-08-18T18:37:28.497+0000] {data_modification.py:83} INFO - Updated row with Video_ID: CWTd2p6Fmlk
[2026-08-18T18:37:28.500+0000] {data_modification.py:83} INFO - Updated row with Video_ID: 4PNgzYIrudo
[2026-08-18T18:37:28.504+0000] {data_modification.py:83} INFO - Updated row with Video_ID: iqC29F3mRrg
[2026-08-18T18:37:28.508+0000] {data_modification.py:83} INFO - Updated row with Video_ID: _K4UPjsCInw
[2026-08-18T18:37:28.511+0000] {data_modification.py:83} INFO - Updated row with Video_ID: eAzl7iq82v4
[2026-08-18T18:37:28.515+0000] {data_modification.py:83} INFO - Updated row with Video_ID: i6QnGIahAH4
[2026-08-18T18:37:28.519+0000] {data_modification.py:83} INFO - Updated row with Video_ID: l-OwZHUM-oU
[2026-08-18T18:37:28.523+0000] {data_modification.py:83} INFO - Updated row with Video_ID: h8h2nACHIJY
[2026-08-18T18:37:28.527+0000] {data_modification.py:83} INFO - Updated row with Video_ID: sT_OL5XZbnc
[2026-08-18T18:37:28.531+0000] {data_modification.py:83} INFO - Updated row with Video_ID: KLvlWo_2UVI
[2026-08-18T18:37:28.535+0000] {data_modification.py:83} INFO - Updated row with Video_ID: LJ2Nk5vA4Gw
[2026-08-18T18:37:28.539+0000] {data_modification.py:83} INFO - Updated row with Video_ID: atnhrdKOVG8
[2026-08-18T18:37:28.543+0000] {data_modification.py:83} INFO - Updated row with Video_ID: SWsarmgRl_I
[2026-08-18T18:37:28.546+0000] {data_modification.py:83} INFO - Updated row with Video_ID: 7jZc0Rw8snc
[2026-08-18T18:37:28.550+0000] {data_modification.py:83} INFO - Updated row with Video_ID: xxtmt62-Pq0
[2026-08-18T18:37:28.554+0000] {data_modification.py:83} INFO - Updated row with Video_ID: xi8BdELFs9Y
[2026-08-18T18:37:28.558+0000] {data_modification.py:83} INFO - Updated row with Video_ID: 5IQm9s_TR4Y
[2026-08-18T18:37:28.562+0000] {data_modification.py:83} INFO - Updated row with Video_ID: EqdIH2yEw9Q
[2026-08-18T18:37:28.566+0000] {data_modification.py:83} INFO - Updated row with Video_ID: 9mq5aFiL3H8
[2026-08-18T18:37:28.569+0000] {data_modification.py:83} INFO - Updated row with Video_ID: DR5iVyJhRLA
[2026-08-18T18:37:28.573+0000] {data_modification.py:83} INFO - Updated row with Video_ID: vfz6JQVzKVw
[2026-08-18T18:37:28.577+0000] {data_modification.py:83} INFO - Updated row with Video_ID: t4GQBq2AOYY
[2026-08-18T18:37:28.580+0000] {data_modification.py:83} INFO - Updated row with Video_ID: Gk-_LPYh1xQ
[2026-08-18T18:37:28.584+0000] {data_modification.py:83} INFO - Updated row with Video_ID: xl-L6PJ7-bg
[2026-08-18T18:37:28.588+0000] {data_modification.py:83} INFO - Updated row with Video_ID: rQK-nnptG6A
[2026-08-18T18:37:28.592+0000] {data_modification.py:83} INFO - Updated row with Video_ID: oJj0BVIQoS4
[2026-08-18T18:37:28.595+0000] {data_modification.py:83} INFO - Updated row with Video_ID: 7l_r8IanRWM
[2026-08-18T18:37:28.599+0000] {data_modification.py:83} INFO - Updated row with Video_ID: xv1cv12Gy6g
[2026-08-18T18:37:28.602+0000] {data_modification.py:83} INFO - Updated row with Video_ID: -oPVgTeasz8
[2026-08-18T18:37:28.606+0000] {data_modification.py:83} INFO - Updated row with Video_ID: o3vvQjsYiHQ
[2026-08-18T18:37:28.610+0000] {data_modification.py:83} INFO - Updated row with Video_ID: h-0u0ui8ESQ
[2026-08-18T18:37:28.614+0000] {data_modification.py:83} INFO - Updated row with Video_ID: WxoiRcbxSxQ
[2026-08-18T18:37:28.618+0000] {data_modification.py:83} INFO - Updated row with Video_ID: ywd-Ve8a8Tc
[2026-08-18T18:37:28.621+0000] {data_modification.py:83} INFO - Updated row with Video_ID: UIFOgVpQJAY
[2026-08-18T18:37:28.625+0000] {data_modification.py:83} INFO - Updated row with Video_ID: czkPKQ9VIU8
[2026-08-18T18:37:28.629+0000] {data_modification.py:83} INFO - Updated row with Video_ID: pHJ2jUkCCvw
[2026-08-18T18:37:28.632+0000] {data_modification.py:83} INFO - Updated row with Video_ID: hDagG-59YNQ
[2026-08-18T18:37:28.636+0000] {data_modification.py:83} INFO - Updated row with Video_ID: ig5eSf34aPo
[2026-08-18T18:37:28.640+0000] {data_modification.py:83} INFO - Updated row with Video_ID: utSvq5v7uHo
[2026-08-18T18:37:28.644+0000] {data_modification.py:83} INFO - Updated row with Video_ID: mPW7UEOjuoY
[2026-08-18T18:37:28.647+0000] {data_modification.py:83} INFO - Updated row with Video_ID: I_88dj8f-lA
[2026-08-18T18:37:28.652+0000] {data_modification.py:83} INFO - Updated row with Video_ID: nOQCJXhtfsU
[2026-08-18T18:37:28.659+0000] {data_modification.py:83} INFO - Updated row with Video_ID: JYW5zHXLo7E
[2026-08-18T18:37:28.665+0000] {data_modification.py:83} INFO - Updated row with Video_ID: x_X9xM9S5NY
[2026-08-18T18:37:28.671+0000] {data_modification.py:83} INFO - Updated row with Video_ID: gxzonqijbPA
[2026-08-18T18:37:28.679+0000] {data_modification.py:83} INFO - Updated row with Video_ID: BJ7ortOdLgg
[2026-08-18T18:37:28.684+0000] {data_modification.py:83} INFO - Updated row with Video_ID: w_tIdr0X2NY
[2026-08-18T18:37:28.693+0000] {data_modification.py:83} INFO - Updated row with Video_ID: AQhA06A59n4
[2026-08-18T18:37:28.698+0000] {data_modification.py:83} INFO - Updated row with Video_ID: 75Zyf8f2bA8
[2026-08-18T18:37:28.703+0000] {data_modification.py:83} INFO - Updated row with Video_ID: fmJK05BKZaE
[2026-08-18T18:37:28.707+0000] {data_modification.py:83} INFO - Updated row with Video_ID: CgWvwCHvReQ
[2026-08-18T18:37:28.712+0000] {data_modification.py:83} INFO - Updated row with Video_ID: e1B-bSvVg5M
[2026-08-18T18:37:28.717+0000] {data_modification.py:83} INFO - Updated row with Video_ID: mSJ7nABY_qE
[2026-08-18T18:37:28.722+0000] {data_modification.py:83} INFO - Updated row with Video_ID: M8ICGx4p0lA
[2026-08-18T18:37:28.727+0000] {data_modification.py:83} INFO - Updated row with Video_ID: hoPUCp7viCA
[2026-08-18T18:37:28.733+0000] {data_modification.py:83} INFO - Updated row with Video_ID: HgYQo5rvehE
[2026-08-18T18:37:28.738+0000] {data_modification.py:83} INFO - Updated row with Video_ID: GzPeSFykqdg
[2026-08-18T18:37:28.745+0000] {data_modification.py:83} INFO - Updated row with Video_ID: PKMbt1EGBVA
[2026-08-18T18:37:28.751+0000] {data_modification.py:83} INFO - Updated row with Video_ID: bDW9qGtq2Rk
[2026-08-18T18:37:28.756+0000] {data_modification.py:83} INFO - Updated row with Video_ID: CaYdS8ci2bk
[2026-08-18T18:37:28.762+0000] {data_modification.py:83} INFO - Updated row with Video_ID: HoTR9tN-idk
[2026-08-18T18:37:28.767+0000] {data_modification.py:83} INFO - Updated row with Video_ID: h8MxjSpPx-o
[2026-08-18T18:37:28.772+0000] {data_modification.py:83} INFO - Updated row with Video_ID: RuFokbTURI0
[2026-08-18T18:37:28.777+0000] {data_modification.py:83} INFO - Updated row with Video_ID: QPXJ3VL7Li4
[2026-08-18T18:37:28.784+0000] {data_modification.py:83} INFO - Updated row with Video_ID: 7tIf4wEqarg
[2026-08-18T18:37:28.790+0000] {data_modification.py:83} INFO - Updated row with Video_ID: QWFhkqa3_UY
[2026-08-18T18:37:28.795+0000] {data_modification.py:83} INFO - Updated row with Video_ID: PXMyK7JxGOk
[2026-08-18T18:37:28.800+0000] {data_modification.py:83} INFO - Updated row with Video_ID: ltUcLVfG0To
[2026-08-18T18:37:28.806+0000] {data_modification.py:83} INFO - Updated row with Video_ID: 5w0-kcPdbNU
[2026-08-18T18:37:28.812+0000] {data_modification.py:83} INFO - Updated row with Video_ID: BC9NB1O-3h0
[2026-08-18T18:37:28.817+0000] {data_modification.py:83} INFO - Updated row with Video_ID: 4gJ77I0Jj0E
[2026-08-18T18:37:28.822+0000] {data_modification.py:83} INFO - Updated row with Video_ID: ZUPaeV5I3fM
[2026-08-18T18:37:28.827+0000] {data_modification.py:83} INFO - Updated row with Video_ID: CLujMwTj63U
[2026-08-18T18:37:28.833+0000] {data_modification.py:83} INFO - Updated row with Video_ID: FhxDbWoLZtk
[2026-08-18T18:37:28.844+0000] {data_modification.py:83} INFO - Updated row with Video_ID: goZGkMQYCEk
[2026-08-18T18:37:28.851+0000] {data_modification.py:83} INFO - Updated row with Video_ID: kmX4uEwrPCo
[2026-08-18T18:37:28.856+0000] {data_modification.py:83} INFO - Updated row with Video_ID: hs6a7t53jeo
[2026-08-18T18:37:28.861+0000] {data_modification.py:83} INFO - Updated row with Video_ID: zSkxqtTbEGU
[2026-08-18T18:37:28.865+0000] {data_modification.py:83} INFO - Updated row with Video_ID: oU4ou_ISACk
[2026-08-18T18:37:28.870+0000] {data_modification.py:83} INFO - Updated row with Video_ID: AaB5bN0a_Mw
[2026-08-18T18:37:28.875+0000] {data_modification.py:83} INFO - Updated row with Video_ID: ZAebp-JcZpE
[2026-08-18T18:37:28.879+0000] {data_modification.py:83} INFO - Updated row with Video_ID: xpN6zHg-nQg
[2026-08-18T18:37:28.883+0000] {data_modification.py:83} INFO - Updated row with Video_ID: G3i3gneKNYo
[2026-08-18T18:37:28.887+0000] {data_modification.py:83} INFO - Updated row with Video_ID: rxF3EhnwlFY
[2026-08-18T18:37:28.892+0000] {data_modification.py:83} INFO - Updated row with Video_ID: dYApTkZ7mMo
[2026-08-18T18:37:28.897+0000] {data_modification.py:83} INFO - Updated row with Video_ID: neHM7BTYt4w
[2026-08-18T18:37:28.901+0000] {data_modification.py:83} INFO - Updated row with Video_ID: 5pZuXAUke9w
[2026-08-18T18:37:28.907+0000] {data_modification.py:83} INFO - Updated row with Video_ID: emQ7INjw_TA
[2026-08-18T18:37:28.913+0000] {data_modification.py:83} INFO - Updated row with Video_ID: LDJY6Eblmg8
[2026-08-18T18:37:28.917+0000] {data_modification.py:83} INFO - Updated row with Video_ID: GcUHgZ_g5sM
[2026-08-18T18:37:28.921+0000] {data_modification.py:83} INFO - Updated row with Video_ID: XtYpdXY_jaM
[2026-08-18T18:37:28.925+0000] {data_modification.py:83} INFO - Updated row with Video_ID: hHv_JrqShI0
[2026-08-18T18:37:28.929+0000] {data_modification.py:83} INFO - Updated row with Video_ID: xK0bnNoi5ng
[2026-08-18T18:37:28.933+0000] {data_modification.py:83} INFO - Updated row with Video_ID: NK42Cgib4qQ
[2026-08-18T18:37:28.937+0000] {data_modification.py:42} INFO - Inserted row with Video_ID: zN_lhtJFsgg
[2026-08-18T18:37:28.941+0000] {data_modification.py:42} INFO - Inserted row with Video_ID: Ur1Z0AdNW7w
[2026-08-18T18:37:28.945+0000] {data_modification.py:42} INFO - Inserted row with Video_ID: Eu6jc8Qld7g
[2026-08-18T18:37:28.949+0000] {data_modification.py:83} INFO - Updated row with Video_ID: YMTJw1G3yOM
[2026-08-18T18:37:28.954+0000] {data_modification.py:83} INFO - Updated row with Video_ID: QfqOMlz0u2A
[2026-08-18T18:37:28.958+0000] {data_modification.py:83} INFO - Updated row with Video_ID: aYJG69jjZmY
[2026-08-18T18:37:28.963+0000] {data_modification.py:83} INFO - Updated row with Video_ID: WlCcvxAcshw
[2026-08-18T18:37:28.968+0000] {data_modification.py:83} INFO - Updated row with Video_ID: jtgxSDACnyU
[2026-08-18T18:37:28.972+0000] {data_modification.py:83} INFO - Updated row with Video_ID: OLow4xrtFYI
[2026-08-18T18:37:28.976+0000] {data_modification.py:83} INFO - Updated row with Video_ID: BEPpywj2mIQ
[2026-08-18T18:37:28.980+0000] {data_modification.py:83} INFO - Updated row with Video_ID: mrBUlkbnJcg
[2026-08-18T18:37:28.984+0000] {data_modification.py:83} INFO - Updated row with Video_ID: T9HjDNF3xx4
[2026-08-18T18:37:28.988+0000] {data_modification.py:83} INFO - Updated row with Video_ID: _PWMaW71od4
[2026-08-18T18:37:28.993+0000] {data_modification.py:83} INFO - Updated row with Video_ID: 1NRlbNGbXR4
[2026-08-18T18:37:28.997+0000] {data_modification.py:83} INFO - Updated row with Video_ID: zDmG5P1ZCD0
[2026-08-18T18:37:29.001+0000] {data_modification.py:83} INFO - Updated row with Video_ID: 492s4LfyVKI
[2026-08-18T18:37:29.005+0000] {data_modification.py:83} INFO - Updated row with Video_ID: ZDdRP0Y-v2A
[2026-08-18T18:37:29.009+0000] {data_modification.py:83} INFO - Updated row with Video_ID: HuaopOsCSmU
[2026-08-18T18:37:29.014+0000] {data_modification.py:83} INFO - Updated row with Video_ID: Qv865OO-AS0
[2026-08-18T18:37:29.019+0000] {data_modification.py:83} INFO - Updated row with Video_ID: MHCySabjbm4
[2026-08-18T18:37:29.023+0000] {data_modification.py:83} INFO - Updated row with Video_ID: hx68XOWns_U
[2026-08-18T18:37:29.027+0000] {data_modification.py:83} INFO - Updated row with Video_ID: KZyAvUkEsD8
[2026-08-18T18:37:29.029+0000] {dwh.py:112} INFO - core table update completed
[2026-08-18T18:37:29.031+0000] {python.py:240} INFO - Done. Returned value was: None
[2026-08-18T18:37:29.041+0000] {taskinstance.py:340} INFO - ::group::Post task execution logs
[2026-08-18T18:37:29.043+0000] {taskinstance.py:352} INFO - Marking task as SUCCESS. dag_id=update_db, task_id=core_table, run_id=manual__2026-08-18T18:37:02.256514+00:00, execution_date=20260818T183702, start_date=20260818T183718, end_date=20260818T183729
[2026-08-18T18:37:29.068+0000] {local_task_job_runner.py:266} INFO - Task exited with return code 0
[2026-08-18T18:37:29.085+0000] {taskinstance.py:3895} INFO - 1 downstream tasks scheduled from follow-on schedule check
[2026-08-18T18:37:29.089+0000] {local_task_job_runner.py:245} INFO - ::endgroup::
