[2026-08-18T18:36:18.434+0000] {processor.py:186} INFO - Started process (PID=57) to work on /opt/airflow/dags/main.py
[2026-08-18T18:36:18.437+0000] {processor.py:914} INFO - Processing file /opt/airflow/dags/main.py for tasks to queue
[2026-08-18T18:36:18.440+0000] {logging_mixin.py:190} INFO - [2026-08-18T18:36:18.439+0000] {dagbag.py:588} INFO - Filling up the DagBag from /opt/airflow/dags/main.py
[2026-08-18T18:36:18.659+0000] {processor.py:925} INFO - DAG(s) 'update_db', 'data_quality', 'produce_json' retrieved from /opt/airflow/dags/main.py
[2026-08-18T18:36:18.716+0000] {logging_mixin.py:190} INFO - [2026-08-18T18:36:18.715+0000] {dag.py:3239} INFO - Sync 3 DAGs
[2026-08-18T18:36:18.778+0000] {logging_mixin.py:190} INFO - [2026-08-18T18:36:18.777+0000] {dag.py:4180} INFO - Setting next_dagrun for data_quality to None, run_after=None
[2026-08-18T18:36:18.792+0000] {logging_mixin.py:190} INFO - [2026-08-18T18:36:18.792+0000] {dag.py:4180} INFO - Setting next_dagrun for produce_json to 2026-08-18 11:00:00+00:00, run_after=2026-08-19 11:00:00+00:00
[2026-08-18T18:36:18.797+0000] {logging_mixin.py:190} INFO - [2026-08-18T18:36:18.796+0000] {dag.py:4180} INFO - Setting next_dagrun for update_db to None, run_after=None
[2026-08-18T18:36:18.844+0000] {processor.py:208} INFO - Processing /opt/airflow/dags/main.py took 0.417 seconds
[2026-08-18T18:36:49.121+0000] {processor.py:186} INFO - Started process (PID=78) to work on /opt/airflow/dags/main.py
[2026-08-18T18:36:49.124+0000] {processor.py:914} INFO - Processing file /opt/airflow/dags/main.py for tasks to queue
[2026-08-18T18:36:49.129+0000] {logging_mixin.py:190} INFO - [2026-08-18T18:36:49.129+0000] {dagbag.py:588} INFO - Filling up the DagBag from /opt/airflow/dags/main.py
[2026-08-18T18:36:49.269+0000] {processor.py:925} INFO - DAG(s) 'data_quality', 'update_db', 'produce_json' retrieved from /opt/airflow/dags/main.py
[2026-08-18T18:36:49.299+0000] {logging_mixin.py:190} INFO - [2026-08-18T18:36:49.299+0000] {dag.py:3239} INFO - Sync 3 DAGs
[2026-08-18T18:36:49.321+0000] {logging_mixin.py:190} INFO - [2026-08-18T18:36:49.321+0000] {dag.py:4180} INFO - Setting next_dagrun for data_quality to None, run_after=None
[2026-08-18T18:36:49.327+0000] {logging_mixin.py:190} INFO - [2026-08-18T18:36:49.327+0000] {dag.py:4180} INFO - Setting next_dagrun for produce_json to 2026-08-18 11:00:00+00:00, run_after=2026-08-19 11:00:00+00:00
[2026-08-18T18:36:49.329+0000] {logging_mixin.py:190} INFO - [2026-08-18T18:36:49.329+0000] {dag.py:4180} INFO - Setting next_dagrun for update_db to None, run_after=None
[2026-08-18T18:36:49.347+0000] {processor.py:208} INFO - Processing /opt/airflow/dags/main.py took 0.235 seconds
[2026-08-18T18:37:19.533+0000] {processor.py:186} INFO - Started process (PID=97) to work on /opt/airflow/dags/main.py
[2026-08-18T18:37:19.534+0000] {processor.py:914} INFO - Processing file /opt/airflow/dags/main.py for tasks to queue
[2026-08-18T18:37:19.536+0000] {logging_mixin.py:190} INFO - [2026-08-18T18:37:19.536+0000] {dagbag.py:588} INFO - Filling up the DagBag from /opt/airflow/dags/main.py
[2026-08-18T18:37:19.632+0000] {processor.py:925} INFO - DAG(s) 'data_quality', 'produce_json', 'update_db' retrieved from /opt/airflow/dags/main.py
[2026-08-18T18:37:19.657+0000] {logging_mixin.py:190} INFO - [2026-08-18T18:37:19.657+0000] {dag.py:3239} INFO - Sync 3 DAGs
[2026-08-18T18:37:19.674+0000] {logging_mixin.py:190} INFO - [2026-08-18T18:37:19.674+0000] {dag.py:4180} INFO - Setting next_dagrun for data_quality to None, run_after=None
[2026-08-18T18:37:19.679+0000] {logging_mixin.py:190} INFO - [2026-08-18T18:37:19.679+0000] {dag.py:4180} INFO - Setting next_dagrun for produce_json to 2026-08-18 11:00:00+00:00, run_after=2026-08-19 11:00:00+00:00
[2026-08-18T18:37:19.681+0000] {logging_mixin.py:190} INFO - [2026-08-18T18:37:19.681+0000] {dag.py:4180} INFO - Setting next_dagrun for update_db to None, run_after=None
[2026-08-18T18:37:19.696+0000] {processor.py:208} INFO - Processing /opt/airflow/dags/main.py took 0.168 seconds
[2026-08-18T18:37:49.756+0000] {processor.py:186} INFO - Started process (PID=104) to work on /opt/airflow/dags/main.py
[2026-08-18T18:37:49.757+0000] {processor.py:914} INFO - Processing file /opt/airflow/dags/main.py for tasks to queue
[2026-08-18T18:37:49.760+0000] {logging_mixin.py:190} INFO - [2026-08-18T18:37:49.760+0000] {dagbag.py:588} INFO - Filling up the DagBag from /opt/airflow/dags/main.py
[2026-08-18T18:37:49.845+0000] {processor.py:925} INFO - DAG(s) 'update_db', 'data_quality', 'produce_json' retrieved from /opt/airflow/dags/main.py
[2026-08-18T18:37:49.868+0000] {logging_mixin.py:190} INFO - [2026-08-18T18:37:49.868+0000] {dag.py:3239} INFO - Sync 3 DAGs
[2026-08-18T18:37:49.887+0000] {logging_mixin.py:190} INFO - [2026-08-18T18:37:49.887+0000] {dag.py:4180} INFO - Setting next_dagrun for data_quality to None, run_after=None
[2026-08-18T18:37:49.892+0000] {logging_mixin.py:190} INFO - [2026-08-18T18:37:49.892+0000] {dag.py:4180} INFO - Setting next_dagrun for produce_json to 2026-08-18 11:00:00+00:00, run_after=2026-08-19 11:00:00+00:00
[2026-08-18T18:37:49.894+0000] {logging_mixin.py:190} INFO - [2026-08-18T18:37:49.893+0000] {dag.py:4180} INFO - Setting next_dagrun for update_db to None, run_after=None
[2026-08-18T18:37:49.908+0000] {processor.py:208} INFO - Processing /opt/airflow/dags/main.py took 0.157 seconds
[2026-08-18T18:38:20.147+0000] {processor.py:186} INFO - Started process (PID=111) to work on /opt/airflow/dags/main.py
[2026-08-18T18:38:20.148+0000] {processor.py:914} INFO - Processing file /opt/airflow/dags/main.py for tasks to queue
[2026-08-18T18:38:20.151+0000] {logging_mixin.py:190} INFO - [2026-08-18T18:38:20.151+0000] {dagbag.py:588} INFO - Filling up the DagBag from /opt/airflow/dags/main.py
[2026-08-18T18:38:20.234+0000] {processor.py:925} INFO - DAG(s) 'update_db', 'produce_json', 'data_quality' retrieved from /opt/airflow/dags/main.py
[2026-08-18T18:38:20.256+0000] {logging_mixin.py:190} INFO - [2026-08-18T18:38:20.256+0000] {dag.py:3239} INFO - Sync 3 DAGs
[2026-08-18T18:38:20.272+0000] {logging_mixin.py:190} INFO - [2026-08-18T18:38:20.272+0000] {dag.py:4180} INFO - Setting next_dagrun for data_quality to None, run_after=None
[2026-08-18T18:38:20.278+0000] {logging_mixin.py:190} INFO - [2026-08-18T18:38:20.278+0000] {dag.py:4180} INFO - Setting next_dagrun for produce_json to 2026-08-18 11:00:00+00:00, run_after=2026-08-19 11:00:00+00:00
[2026-08-18T18:38:20.279+0000] {logging_mixin.py:190} INFO - [2026-08-18T18:38:20.279+0000] {dag.py:4180} INFO - Setting next_dagrun for update_db to None, run_after=None
[2026-08-18T18:38:20.292+0000] {processor.py:208} INFO - Processing /opt/airflow/dags/main.py took 0.149 seconds
[2026-08-18T18:38:50.412+0000] {processor.py:186} INFO - Started process (PID=118) to work on /opt/airflow/dags/main.py
[2026-08-18T18:38:50.414+0000] {processor.py:914} INFO - Processing file /opt/airflow/dags/main.py for tasks to queue
[2026-08-18T18:38:50.416+0000] {logging_mixin.py:190} INFO - [2026-08-18T18:38:50.416+0000] {dagbag.py:588} INFO - Filling up the DagBag from /opt/airflow/dags/main.py
[2026-08-18T18:38:50.497+0000] {processor.py:925} INFO - DAG(s) 'update_db', 'data_quality', 'produce_json' retrieved from /opt/airflow/dags/main.py
[2026-08-18T18:38:50.517+0000] {logging_mixin.py:190} INFO - [2026-08-18T18:38:50.517+0000] {dag.py:3239} INFO - Sync 3 DAGs
[2026-08-18T18:38:50.534+0000] {logging_mixin.py:190} INFO - [2026-08-18T18:38:50.534+0000] {dag.py:4180} INFO - Setting next_dagrun for data_quality to None, run_after=None
[2026-08-18T18:38:50.538+0000] {logging_mixin.py:190} INFO - [2026-08-18T18:38:50.538+0000] {dag.py:4180} INFO - Setting next_dagrun for produce_json to 2026-08-18 11:00:00+00:00, run_after=2026-08-19 11:00:00+00:00
[2026-08-18T18:38:50.540+0000] {logging_mixin.py:190} INFO - [2026-08-18T18:38:50.540+0000] {dag.py:4180} INFO - Setting next_dagrun for update_db to None, run_after=None
[2026-08-18T18:38:50.554+0000] {processor.py:208} INFO - Processing /opt/airflow/dags/main.py took 0.146 seconds
[2026-08-18T18:39:20.815+0000] {processor.py:186} INFO - Started process (PID=125) to work on /opt/airflow/dags/main.py
[2026-08-18T18:39:20.816+0000] {processor.py:914} INFO - Processing file /opt/airflow/dags/main.py for tasks to queue
[2026-08-18T18:39:20.819+0000] {logging_mixin.py:190} INFO - [2026-08-18T18:39:20.818+0000] {dagbag.py:588} INFO - Filling up the DagBag from /opt/airflow/dags/main.py
[2026-08-18T18:39:20.902+0000] {processor.py:925} INFO - DAG(s) 'data_quality', 'update_db', 'produce_json' retrieved from /opt/airflow/dags/main.py
[2026-08-18T18:39:20.935+0000] {logging_mixin.py:190} INFO - [2026-08-18T18:39:20.935+0000] {dag.py:3239} INFO - Sync 3 DAGs
[2026-08-18T18:39:20.955+0000] {logging_mixin.py:190} INFO - [2026-08-18T18:39:20.955+0000] {dag.py:4180} INFO - Setting next_dagrun for data_quality to None, run_after=None
[2026-08-18T18:39:20.960+0000] {logging_mixin.py:190} INFO - [2026-08-18T18:39:20.960+0000] {dag.py:4180} INFO - Setting next_dagrun for produce_json to 2026-08-18 11:00:00+00:00, run_after=2026-08-19 11:00:00+00:00
[2026-08-18T18:39:20.962+0000] {logging_mixin.py:190} INFO - [2026-08-18T18:39:20.962+0000] {dag.py:4180} INFO - Setting next_dagrun for update_db to None, run_after=None
[2026-08-18T18:39:20.980+0000] {processor.py:208} INFO - Processing /opt/airflow/dags/main.py took 0.169 seconds
[2026-08-18T18:39:51.065+0000] {processor.py:186} INFO - Started process (PID=132) to work on /opt/airflow/dags/main.py
[2026-08-18T18:39:51.067+0000] {processor.py:914} INFO - Processing file /opt/airflow/dags/main.py for tasks to queue
[2026-08-18T18:39:51.070+0000] {logging_mixin.py:190} INFO - [2026-08-18T18:39:51.070+0000] {dagbag.py:588} INFO - Filling up the DagBag from /opt/airflow/dags/main.py
[2026-08-18T18:39:51.185+0000] {processor.py:925} INFO - DAG(s) 'data_quality', 'produce_json', 'update_db' retrieved from /opt/airflow/dags/main.py
[2026-08-18T18:39:51.207+0000] {logging_mixin.py:190} INFO - [2026-08-18T18:39:51.207+0000] {dag.py:3239} INFO - Sync 3 DAGs
[2026-08-18T18:39:51.223+0000] {logging_mixin.py:190} INFO - [2026-08-18T18:39:51.222+0000] {dag.py:4180} INFO - Setting next_dagrun for data_quality to None, run_after=None
[2026-08-18T18:39:51.227+0000] {logging_mixin.py:190} INFO - [2026-08-18T18:39:51.227+0000] {dag.py:4180} INFO - Setting next_dagrun for produce_json to 2026-08-18 11:00:00+00:00, run_after=2026-08-19 11:00:00+00:00
[2026-08-18T18:39:51.229+0000] {logging_mixin.py:190} INFO - [2026-08-18T18:39:51.229+0000] {dag.py:4180} INFO - Setting next_dagrun for update_db to None, run_after=None
[2026-08-18T18:39:51.241+0000] {processor.py:208} INFO - Processing /opt/airflow/dags/main.py took 0.183 seconds
[2026-08-18T18:40:21.480+0000] {processor.py:186} INFO - Started process (PID=139) to work on /opt/airflow/dags/main.py
[2026-08-18T18:40:21.481+0000] {processor.py:914} INFO - Processing file /opt/airflow/dags/main.py for tasks to queue
[2026-08-18T18:40:21.483+0000] {logging_mixin.py:190} INFO - [2026-08-18T18:40:21.483+0000] {dagbag.py:588} INFO - Filling up the DagBag from /opt/airflow/dags/main.py
[2026-08-18T18:40:21.598+0000] {processor.py:925} INFO - DAG(s) 'update_db', 'produce_json', 'data_quality' retrieved from /opt/airflow/dags/main.py
[2026-08-18T18:40:21.625+0000] {logging_mixin.py:190} INFO - [2026-08-18T18:40:21.625+0000] {dag.py:3239} INFO - Sync 3 DAGs
[2026-08-18T18:40:21.644+0000] {logging_mixin.py:190} INFO - [2026-08-18T18:40:21.644+0000] {dag.py:4180} INFO - Setting next_dagrun for data_quality to None, run_after=None
[2026-08-18T18:40:21.649+0000] {logging_mixin.py:190} INFO - [2026-08-18T18:40:21.649+0000] {dag.py:4180} INFO - Setting next_dagrun for produce_json to 2026-08-18 11:00:00+00:00, run_after=2026-08-19 11:00:00+00:00
[2026-08-18T18:40:21.652+0000] {logging_mixin.py:190} INFO - [2026-08-18T18:40:21.651+0000] {dag.py:4180} INFO - Setting next_dagrun for update_db to None, run_after=None
[2026-08-18T18:40:21.668+0000] {processor.py:208} INFO - Processing /opt/airflow/dags/main.py took 0.192 seconds
[2026-08-18T18:41:08.326+0000] {processor.py:186} INFO - Started process (PID=56) to work on /opt/airflow/dags/main.py
[2026-08-18T18:41:08.328+0000] {processor.py:914} INFO - Processing file /opt/airflow/dags/main.py for tasks to queue
[2026-08-18T18:41:08.331+0000] {logging_mixin.py:190} INFO - [2026-08-18T18:41:08.331+0000] {dagbag.py:588} INFO - Filling up the DagBag from /opt/airflow/dags/main.py
[2026-08-18T18:41:08.468+0000] {processor.py:925} INFO - DAG(s) 'produce_json', 'update_db', 'data_quality' retrieved from /opt/airflow/dags/main.py
[2026-08-18T18:41:08.505+0000] {logging_mixin.py:190} INFO - [2026-08-18T18:41:08.504+0000] {dag.py:3239} INFO - Sync 3 DAGs
[2026-08-18T18:41:08.531+0000] {logging_mixin.py:190} INFO - [2026-08-18T18:41:08.531+0000] {dag.py:4180} INFO - Setting next_dagrun for data_quality to None, run_after=None
[2026-08-18T18:41:08.537+0000] {logging_mixin.py:190} INFO - [2026-08-18T18:41:08.537+0000] {dag.py:4180} INFO - Setting next_dagrun for produce_json to 2026-08-18 11:00:00+00:00, run_after=2026-08-19 11:00:00+00:00
[2026-08-18T18:41:08.540+0000] {logging_mixin.py:190} INFO - [2026-08-18T18:41:08.539+0000] {dag.py:4180} INFO - Setting next_dagrun for update_db to None, run_after=None
[2026-08-18T18:41:08.558+0000] {processor.py:208} INFO - Processing /opt/airflow/dags/main.py took 0.237 seconds
[2026-08-18T18:41:38.803+0000] {processor.py:186} INFO - Started process (PID=63) to work on /opt/airflow/dags/main.py
[2026-08-18T18:41:38.805+0000] {processor.py:914} INFO - Processing file /opt/airflow/dags/main.py for tasks to queue
[2026-08-18T18:41:38.809+0000] {logging_mixin.py:190} INFO - [2026-08-18T18:41:38.808+0000] {dagbag.py:588} INFO - Filling up the DagBag from /opt/airflow/dags/main.py
[2026-08-18T18:41:38.910+0000] {processor.py:925} INFO - DAG(s) 'update_db', 'data_quality', 'produce_json' retrieved from /opt/airflow/dags/main.py
[2026-08-18T18:41:38.933+0000] {logging_mixin.py:190} INFO - [2026-08-18T18:41:38.932+0000] {dag.py:3239} INFO - Sync 3 DAGs
[2026-08-18T18:41:38.949+0000] {logging_mixin.py:190} INFO - [2026-08-18T18:41:38.948+0000] {dag.py:4180} INFO - Setting next_dagrun for data_quality to None, run_after=None
[2026-08-18T18:41:38.953+0000] {logging_mixin.py:190} INFO - [2026-08-18T18:41:38.953+0000] {dag.py:4180} INFO - Setting next_dagrun for produce_json to 2026-08-18 11:00:00+00:00, run_after=2026-08-19 11:00:00+00:00
[2026-08-18T18:41:38.954+0000] {logging_mixin.py:190} INFO - [2026-08-18T18:41:38.954+0000] {dag.py:4180} INFO - Setting next_dagrun for update_db to None, run_after=None
[2026-08-18T18:41:38.968+0000] {processor.py:208} INFO - Processing /opt/airflow/dags/main.py took 0.169 seconds
[2026-08-18T18:42:09.046+0000] {processor.py:186} INFO - Started process (PID=70) to work on /opt/airflow/dags/main.py
[2026-08-18T18:42:09.048+0000] {processor.py:914} INFO - Processing file /opt/airflow/dags/main.py for tasks to queue
[2026-08-18T18:42:09.051+0000] {logging_mixin.py:190} INFO - [2026-08-18T18:42:09.051+0000] {dagbag.py:588} INFO - Filling up the DagBag from /opt/airflow/dags/main.py
[2026-08-18T18:42:09.172+0000] {processor.py:925} INFO - DAG(s) 'data_quality', 'produce_json', 'update_db' retrieved from /opt/airflow/dags/main.py
[2026-08-18T18:42:09.196+0000] {logging_mixin.py:190} INFO - [2026-08-18T18:42:09.196+0000] {dag.py:3239} INFO - Sync 3 DAGs
[2026-08-18T18:42:09.214+0000] {logging_mixin.py:190} INFO - [2026-08-18T18:42:09.214+0000] {dag.py:4180} INFO - Setting next_dagrun for data_quality to None, run_after=None
[2026-08-18T18:42:09.220+0000] {logging_mixin.py:190} INFO - [2026-08-18T18:42:09.220+0000] {dag.py:4180} INFO - Setting next_dagrun for produce_json to 2026-08-18 11:00:00+00:00, run_after=2026-08-19 11:00:00+00:00
[2026-08-18T18:42:09.222+0000] {logging_mixin.py:190} INFO - [2026-08-18T18:42:09.222+0000] {dag.py:4180} INFO - Setting next_dagrun for update_db to None, run_after=None
[2026-08-18T18:42:09.237+0000] {processor.py:208} INFO - Processing /opt/airflow/dags/main.py took 0.196 seconds
[2026-08-18T18:42:39.438+0000] {processor.py:186} INFO - Started process (PID=77) to work on /opt/airflow/dags/main.py
[2026-08-18T18:42:39.439+0000] {processor.py:914} INFO - Processing file /opt/airflow/dags/main.py for tasks to queue
[2026-08-18T18:42:39.443+0000] {logging_mixin.py:190} INFO - [2026-08-18T18:42:39.442+0000] {dagbag.py:588} INFO - Filling up the DagBag from /opt/airflow/dags/main.py
[2026-08-18T18:42:39.554+0000] {processor.py:925} INFO - DAG(s) 'data_quality', 'update_db', 'produce_json' retrieved from /opt/airflow/dags/main.py
[2026-08-18T18:42:39.577+0000] {logging_mixin.py:190} INFO - [2026-08-18T18:42:39.577+0000] {dag.py:3239} INFO - Sync 3 DAGs
[2026-08-18T18:42:39.599+0000] {logging_mixin.py:190} INFO - [2026-08-18T18:42:39.599+0000] {dag.py:4180} INFO - Setting next_dagrun for data_quality to None, run_after=None
[2026-08-18T18:42:39.605+0000] {logging_mixin.py:190} INFO - [2026-08-18T18:42:39.605+0000] {dag.py:4180} INFO - Setting next_dagrun for produce_json to 2026-08-18 11:00:00+00:00, run_after=2026-08-19 11:00:00+00:00
[2026-08-18T18:42:39.607+0000] {logging_mixin.py:190} INFO - [2026-08-18T18:42:39.607+0000] {dag.py:4180} INFO - Setting next_dagrun for update_db to None, run_after=None
[2026-08-18T18:42:39.622+0000] {processor.py:208} INFO - Processing /opt/airflow/dags/main.py took 0.189 seconds
[2026-08-18T18:43:09.684+0000] {processor.py:186} INFO - Started process (PID=84) to work on /opt/airflow/dags/main.py
[2026-08-18T18:43:09.685+0000] {processor.py:914} INFO - Processing file /opt/airflow/dags/main.py for tasks to queue
[2026-08-18T18:43:09.689+0000] {logging_mixin.py:190} INFO - [2026-08-18T18:43:09.689+0000] {dagbag.py:588} INFO - Filling up the DagBag from /opt/airflow/dags/main.py
[2026-08-18T18:43:09.821+0000] {processor.py:925} INFO - DAG(s) 'update_db', 'data_quality', 'produce_json' retrieved from /opt/airflow/dags/main.py
[2026-08-18T18:43:09.855+0000] {logging_mixin.py:190} INFO - [2026-08-18T18:43:09.855+0000] {dag.py:3239} INFO - Sync 3 DAGs
[2026-08-18T18:43:09.889+0000] {logging_mixin.py:190} INFO - [2026-08-18T18:43:09.888+0000] {dag.py:4180} INFO - Setting next_dagrun for data_quality to None, run_after=None
[2026-08-18T18:43:09.894+0000] {logging_mixin.py:190} INFO - [2026-08-18T18:43:09.894+0000] {dag.py:4180} INFO - Setting next_dagrun for produce_json to 2026-08-18 11:00:00+00:00, run_after=2026-08-19 11:00:00+00:00
[2026-08-18T18:43:09.896+0000] {logging_mixin.py:190} INFO - [2026-08-18T18:43:09.896+0000] {dag.py:4180} INFO - Setting next_dagrun for update_db to None, run_after=None
[2026-08-18T18:43:09.915+0000] {processor.py:208} INFO - Processing /opt/airflow/dags/main.py took 0.237 seconds
[2026-08-18T18:43:40.086+0000] {processor.py:186} INFO - Started process (PID=91) to work on /opt/airflow/dags/main.py
[2026-08-18T18:43:40.088+0000] {processor.py:914} INFO - Processing file /opt/airflow/dags/main.py for tasks to queue
[2026-08-18T18:43:40.091+0000] {logging_mixin.py:190} INFO - [2026-08-18T18:43:40.090+0000] {dagbag.py:588} INFO - Filling up the DagBag from /opt/airflow/dags/main.py
[2026-08-18T18:43:40.208+0000] {processor.py:925} INFO - DAG(s) 'data_quality', 'produce_json', 'update_db' retrieved from /opt/airflow/dags/main.py
[2026-08-18T18:43:40.230+0000] {logging_mixin.py:190} INFO - [2026-08-18T18:43:40.230+0000] {dag.py:3239} INFO - Sync 3 DAGs
[2026-08-18T18:43:40.250+0000] {logging_mixin.py:190} INFO - [2026-08-18T18:43:40.250+0000] {dag.py:4180} INFO - Setting next_dagrun for data_quality to None, run_after=None
[2026-08-18T18:43:40.255+0000] {logging_mixin.py:190} INFO - [2026-08-18T18:43:40.255+0000] {dag.py:4180} INFO - Setting next_dagrun for produce_json to 2026-08-18 11:00:00+00:00, run_after=2026-08-19 11:00:00+00:00
[2026-08-18T18:43:40.257+0000] {logging_mixin.py:190} INFO - [2026-08-18T18:43:40.257+0000] {dag.py:4180} INFO - Setting next_dagrun for update_db to None, run_after=None
[2026-08-18T18:43:40.272+0000] {processor.py:208} INFO - Processing /opt/airflow/dags/main.py took 0.190 seconds
[2026-08-18T18:44:39.070+0000] {processor.py:186} INFO - Started process (PID=62) to work on /opt/airflow/dags/main.py
[2026-08-18T18:44:39.072+0000] {processor.py:914} INFO - Processing file /opt/airflow/dags/main.py for tasks to queue
[2026-08-18T18:44:39.076+0000] {logging_mixin.py:190} INFO - [2026-08-18T18:44:39.076+0000] {dagbag.py:588} INFO - Filling up the DagBag from /opt/airflow/dags/main.py
[2026-08-18T18:44:39.293+0000] {processor.py:925} INFO - DAG(s) 'data_quality', 'produce_json', 'update_db' retrieved from /opt/airflow/dags/main.py
[2026-08-18T18:44:39.335+0000] {logging_mixin.py:190} INFO - [2026-08-18T18:44:39.334+0000] {dag.py:3239} INFO - Sync 3 DAGs
[2026-08-18T18:44:39.366+0000] {logging_mixin.py:190} INFO - [2026-08-18T18:44:39.365+0000] {dag.py:4180} INFO - Setting next_dagrun for data_quality to None, run_after=None
[2026-08-18T18:44:39.375+0000] {logging_mixin.py:190} INFO - [2026-08-18T18:44:39.374+0000] {dag.py:4180} INFO - Setting next_dagrun for produce_json to 2026-08-18 11:00:00+00:00, run_after=2026-08-19 11:00:00+00:00
[2026-08-18T18:44:39.377+0000] {logging_mixin.py:190} INFO - [2026-08-18T18:44:39.377+0000] {dag.py:4180} INFO - Setting next_dagrun for update_db to None, run_after=None
[2026-08-18T18:44:39.406+0000] {processor.py:208} INFO - Processing /opt/airflow/dags/main.py took 0.343 seconds
[2026-08-18T18:45:09.650+0000] {processor.py:186} INFO - Started process (PID=69) to work on /opt/airflow/dags/main.py
[2026-08-18T18:45:09.652+0000] {processor.py:914} INFO - Processing file /opt/airflow/dags/main.py for tasks to queue
[2026-08-18T18:45:09.657+0000] {logging_mixin.py:190} INFO - [2026-08-18T18:45:09.657+0000] {dagbag.py:588} INFO - Filling up the DagBag from /opt/airflow/dags/main.py
[2026-08-18T18:45:09.798+0000] {processor.py:925} INFO - DAG(s) 'data_quality', 'update_db', 'produce_json' retrieved from /opt/airflow/dags/main.py
[2026-08-18T18:45:09.827+0000] {logging_mixin.py:190} INFO - [2026-08-18T18:45:09.827+0000] {dag.py:3239} INFO - Sync 3 DAGs
[2026-08-18T18:45:09.849+0000] {logging_mixin.py:190} INFO - [2026-08-18T18:45:09.849+0000] {dag.py:4180} INFO - Setting next_dagrun for data_quality to None, run_after=None
[2026-08-18T18:45:09.857+0000] {logging_mixin.py:190} INFO - [2026-08-18T18:45:09.856+0000] {dag.py:4180} INFO - Setting next_dagrun for produce_json to 2026-08-18 11:00:00+00:00, run_after=2026-08-19 11:00:00+00:00
[2026-08-18T18:45:09.859+0000] {logging_mixin.py:190} INFO - [2026-08-18T18:45:09.859+0000] {dag.py:4180} INFO - Setting next_dagrun for update_db to None, run_after=None
[2026-08-18T18:45:09.880+0000] {processor.py:208} INFO - Processing /opt/airflow/dags/main.py took 0.236 seconds
[2026-08-18T18:45:13.716+0000] {processor.py:186} INFO - Started process (PID=70) to work on /opt/airflow/dags/main.py
[2026-08-18T18:45:13.719+0000] {processor.py:914} INFO - Processing file /opt/airflow/dags/main.py for tasks to queue
[2026-08-18T18:45:13.728+0000] {logging_mixin.py:190} INFO - [2026-08-18T18:45:13.727+0000] {dagbag.py:588} INFO - Filling up the DagBag from /opt/airflow/dags/main.py
[2026-08-18T18:45:13.977+0000] {processor.py:925} INFO - DAG(s) 'update_db', 'data_quality', 'produce_json' retrieved from /opt/airflow/dags/main.py
[2026-08-18T18:45:14.037+0000] {logging_mixin.py:190} INFO - [2026-08-18T18:45:14.037+0000] {dag.py:3239} INFO - Sync 3 DAGs
[2026-08-18T18:45:14.090+0000] {logging_mixin.py:190} INFO - [2026-08-18T18:45:14.089+0000] {dag.py:4180} INFO - Setting next_dagrun for data_quality to None, run_after=None
[2026-08-18T18:45:14.100+0000] {logging_mixin.py:190} INFO - [2026-08-18T18:45:14.100+0000] {dag.py:4180} INFO - Setting next_dagrun for produce_json to 2026-08-18 11:00:00+00:00, run_after=2026-08-19 11:00:00+00:00
[2026-08-18T18:45:14.104+0000] {logging_mixin.py:190} INFO - [2026-08-18T18:45:14.104+0000] {dag.py:4180} INFO - Setting next_dagrun for update_db to None, run_after=None
[2026-08-18T18:45:14.136+0000] {processor.py:208} INFO - Processing /opt/airflow/dags/main.py took 0.435 seconds
[2026-08-18T18:45:44.183+0000] {processor.py:186} INFO - Started process (PID=78) to work on /opt/airflow/dags/main.py
[2026-08-18T18:45:44.186+0000] {processor.py:914} INFO - Processing file /opt/airflow/dags/main.py for tasks to queue
[2026-08-18T18:45:44.190+0000] {logging_mixin.py:190} INFO - [2026-08-18T18:45:44.190+0000] {dagbag.py:588} INFO - Filling up the DagBag from /opt/airflow/dags/main.py
[2026-08-18T18:45:44.307+0000] {processor.py:925} INFO - DAG(s) 'update_db', 'data_quality', 'produce_json' retrieved from /opt/airflow/dags/main.py
[2026-08-18T18:45:44.331+0000] {logging_mixin.py:190} INFO - [2026-08-18T18:45:44.331+0000] {dag.py:3239} INFO - Sync 3 DAGs
[2026-08-18T18:45:44.351+0000] {logging_mixin.py:190} INFO - [2026-08-18T18:45:44.351+0000] {dag.py:4180} INFO - Setting next_dagrun for data_quality to None, run_after=None
[2026-08-18T18:45:44.357+0000] {logging_mixin.py:190} INFO - [2026-08-18T18:45:44.357+0000] {dag.py:4180} INFO - Setting next_dagrun for produce_json to 2026-08-18 11:00:00+00:00, run_after=2026-08-19 11:00:00+00:00
[2026-08-18T18:45:44.359+0000] {logging_mixin.py:190} INFO - [2026-08-18T18:45:44.359+0000] {dag.py:4180} INFO - Setting next_dagrun for update_db to None, run_after=None
[2026-08-18T18:45:44.375+0000] {processor.py:208} INFO - Processing /opt/airflow/dags/main.py took 0.199 seconds
[2026-08-18T18:46:14.544+0000] {processor.py:186} INFO - Started process (PID=85) to work on /opt/airflow/dags/main.py
[2026-08-18T18:46:14.546+0000] {processor.py:914} INFO - Processing file /opt/airflow/dags/main.py for tasks to queue
[2026-08-18T18:46:14.549+0000] {logging_mixin.py:190} INFO - [2026-08-18T18:46:14.549+0000] {dagbag.py:588} INFO - Filling up the DagBag from /opt/airflow/dags/main.py
[2026-08-18T18:46:14.665+0000] {processor.py:925} INFO - DAG(s) 'update_db', 'data_quality', 'produce_json' retrieved from /opt/airflow/dags/main.py
[2026-08-18T18:46:14.689+0000] {logging_mixin.py:190} INFO - [2026-08-18T18:46:14.689+0000] {dag.py:3239} INFO - Sync 3 DAGs
[2026-08-18T18:46:14.709+0000] {logging_mixin.py:190} INFO - [2026-08-18T18:46:14.709+0000] {dag.py:4180} INFO - Setting next_dagrun for data_quality to None, run_after=None
[2026-08-18T18:46:14.714+0000] {logging_mixin.py:190} INFO - [2026-08-18T18:46:14.714+0000] {dag.py:4180} INFO - Setting next_dagrun for produce_json to 2026-08-18 11:00:00+00:00, run_after=2026-08-19 11:00:00+00:00
[2026-08-18T18:46:14.715+0000] {logging_mixin.py:190} INFO - [2026-08-18T18:46:14.715+0000] {dag.py:4180} INFO - Setting next_dagrun for update_db to None, run_after=None
[2026-08-18T18:46:14.735+0000] {processor.py:208} INFO - Processing /opt/airflow/dags/main.py took 0.199 seconds
[2026-08-18T18:46:34.707+0000] {processor.py:186} INFO - Started process (PID=86) to work on /opt/airflow/dags/main.py
[2026-08-18T18:46:34.709+0000] {processor.py:914} INFO - Processing file /opt/airflow/dags/main.py for tasks to queue
[2026-08-18T18:46:34.711+0000] {logging_mixin.py:190} INFO - [2026-08-18T18:46:34.711+0000] {dagbag.py:588} INFO - Filling up the DagBag from /opt/airflow/dags/main.py
[2026-08-18T18:46:34.831+0000] {processor.py:925} INFO - DAG(s) 'update_db', 'produce_json', 'data_quality' retrieved from /opt/airflow/dags/main.py
[2026-08-18T18:46:34.858+0000] {logging_mixin.py:190} INFO - [2026-08-18T18:46:34.858+0000] {dag.py:3239} INFO - Sync 3 DAGs
[2026-08-18T18:46:34.878+0000] {logging_mixin.py:190} INFO - [2026-08-18T18:46:34.878+0000] {dag.py:4180} INFO - Setting next_dagrun for data_quality to None, run_after=None
[2026-08-18T18:46:34.883+0000] {logging_mixin.py:190} INFO - [2026-08-18T18:46:34.882+0000] {dag.py:4180} INFO - Setting next_dagrun for produce_json to 2026-08-18 11:00:00+00:00, run_after=2026-08-19 11:00:00+00:00
[2026-08-18T18:46:34.884+0000] {logging_mixin.py:190} INFO - [2026-08-18T18:46:34.884+0000] {dag.py:4180} INFO - Setting next_dagrun for update_db to None, run_after=None
[2026-08-18T18:46:34.900+0000] {processor.py:208} INFO - Processing /opt/airflow/dags/main.py took 0.199 seconds
[2026-08-18T18:47:05.079+0000] {processor.py:186} INFO - Started process (PID=93) to work on /opt/airflow/dags/main.py
[2026-08-18T18:47:05.081+0000] {processor.py:914} INFO - Processing file /opt/airflow/dags/main.py for tasks to queue
[2026-08-18T18:47:05.083+0000] {logging_mixin.py:190} INFO - [2026-08-18T18:47:05.083+0000] {dagbag.py:588} INFO - Filling up the DagBag from /opt/airflow/dags/main.py
[2026-08-18T18:47:05.201+0000] {processor.py:925} INFO - DAG(s) 'produce_json', 'update_db', 'data_quality' retrieved from /opt/airflow/dags/main.py
[2026-08-18T18:47:05.224+0000] {logging_mixin.py:190} INFO - [2026-08-18T18:47:05.224+0000] {dag.py:3239} INFO - Sync 3 DAGs
[2026-08-18T18:47:05.246+0000] {logging_mixin.py:190} INFO - [2026-08-18T18:47:05.246+0000] {dag.py:4180} INFO - Setting next_dagrun for data_quality to None, run_after=None
[2026-08-18T18:47:05.253+0000] {logging_mixin.py:190} INFO - [2026-08-18T18:47:05.253+0000] {dag.py:4180} INFO - Setting next_dagrun for produce_json to 2026-08-18 11:00:00+00:00, run_after=2026-08-19 11:00:00+00:00
[2026-08-18T18:47:05.255+0000] {logging_mixin.py:190} INFO - [2026-08-18T18:47:05.255+0000] {dag.py:4180} INFO - Setting next_dagrun for update_db to None, run_after=None
[2026-08-18T18:47:05.271+0000] {processor.py:208} INFO - Processing /opt/airflow/dags/main.py took 0.199 seconds
[2026-08-18T18:47:35.305+0000] {processor.py:186} INFO - Started process (PID=100) to work on /opt/airflow/dags/main.py
[2026-08-18T18:47:35.307+0000] {processor.py:914} INFO - Processing file /opt/airflow/dags/main.py for tasks to queue
[2026-08-18T18:47:35.310+0000] {logging_mixin.py:190} INFO - [2026-08-18T18:47:35.310+0000] {dagbag.py:588} INFO - Filling up the DagBag from /opt/airflow/dags/main.py
[2026-08-18T18:47:35.401+0000] {processor.py:925} INFO - DAG(s) 'data_quality', 'produce_json', 'update_db' retrieved from /opt/airflow/dags/main.py
[2026-08-18T18:47:35.426+0000] {logging_mixin.py:190} INFO - [2026-08-18T18:47:35.426+0000] {dag.py:3239} INFO - Sync 3 DAGs
[2026-08-18T18:47:35.447+0000] {logging_mixin.py:190} INFO - [2026-08-18T18:47:35.447+0000] {dag.py:4180} INFO - Setting next_dagrun for data_quality to None, run_after=None
[2026-08-18T18:47:35.452+0000] {logging_mixin.py:190} INFO - [2026-08-18T18:47:35.452+0000] {dag.py:4180} INFO - Setting next_dagrun for produce_json to 2026-08-18 11:00:00+00:00, run_after=2026-08-19 11:00:00+00:00
[2026-08-18T18:47:35.454+0000] {logging_mixin.py:190} INFO - [2026-08-18T18:47:35.454+0000] {dag.py:4180} INFO - Setting next_dagrun for update_db to None, run_after=None
[2026-08-18T18:47:35.471+0000] {processor.py:208} INFO - Processing /opt/airflow/dags/main.py took 0.171 seconds
[2026-08-18T18:48:05.552+0000] {processor.py:186} INFO - Started process (PID=107) to work on /opt/airflow/dags/main.py
[2026-08-18T18:48:05.554+0000] {processor.py:914} INFO - Processing file /opt/airflow/dags/main.py for tasks to queue
[2026-08-18T18:48:05.556+0000] {logging_mixin.py:190} INFO - [2026-08-18T18:48:05.556+0000] {dagbag.py:588} INFO - Filling up the DagBag from /opt/airflow/dags/main.py
[2026-08-18T18:48:05.687+0000] {processor.py:925} INFO - DAG(s) 'produce_json', 'data_quality', 'update_db' retrieved from /opt/airflow/dags/main.py
[2026-08-18T18:48:05.713+0000] {logging_mixin.py:190} INFO - [2026-08-18T18:48:05.713+0000] {dag.py:3239} INFO - Sync 3 DAGs
[2026-08-18T18:48:05.736+0000] {logging_mixin.py:190} INFO - [2026-08-18T18:48:05.735+0000] {dag.py:4180} INFO - Setting next_dagrun for data_quality to None, run_after=None
[2026-08-18T18:48:05.742+0000] {logging_mixin.py:190} INFO - [2026-08-18T18:48:05.742+0000] {dag.py:4180} INFO - Setting next_dagrun for produce_json to 2026-08-18 11:00:00+00:00, run_after=2026-08-19 11:00:00+00:00
[2026-08-18T18:48:05.744+0000] {logging_mixin.py:190} INFO - [2026-08-18T18:48:05.744+0000] {dag.py:4180} INFO - Setting next_dagrun for update_db to None, run_after=None
[2026-08-18T18:48:05.761+0000] {processor.py:208} INFO - Processing /opt/airflow/dags/main.py took 0.214 seconds
[2026-08-18T18:48:35.948+0000] {processor.py:186} INFO - Started process (PID=114) to work on /opt/airflow/dags/main.py
[2026-08-18T18:48:35.950+0000] {processor.py:914} INFO - Processing file /opt/airflow/dags/main.py for tasks to queue
[2026-08-18T18:48:35.953+0000] {logging_mixin.py:190} INFO - [2026-08-18T18:48:35.953+0000] {dagbag.py:588} INFO - Filling up the DagBag from /opt/airflow/dags/main.py
[2026-08-18T18:48:36.051+0000] {processor.py:925} INFO - DAG(s) 'update_db', 'data_quality', 'produce_json' retrieved from /opt/airflow/dags/main.py
[2026-08-18T18:48:36.083+0000] {logging_mixin.py:190} INFO - [2026-08-18T18:48:36.083+0000] {dag.py:3239} INFO - Sync 3 DAGs
[2026-08-18T18:48:36.106+0000] {logging_mixin.py:190} INFO - [2026-08-18T18:48:36.105+0000] {dag.py:4180} INFO - Setting next_dagrun for data_quality to None, run_after=None
[2026-08-18T18:48:36.111+0000] {logging_mixin.py:190} INFO - [2026-08-18T18:48:36.111+0000] {dag.py:4180} INFO - Setting next_dagrun for produce_json to 2026-08-18 11:00:00+00:00, run_after=2026-08-19 11:00:00+00:00
[2026-08-18T18:48:36.114+0000] {logging_mixin.py:190} INFO - [2026-08-18T18:48:36.114+0000] {dag.py:4180} INFO - Setting next_dagrun for update_db to None, run_after=None
[2026-08-18T18:48:36.131+0000] {processor.py:208} INFO - Processing /opt/airflow/dags/main.py took 0.189 seconds
[2026-08-18T18:49:06.300+0000] {processor.py:186} INFO - Started process (PID=121) to work on /opt/airflow/dags/main.py
[2026-08-18T18:49:06.302+0000] {processor.py:914} INFO - Processing file /opt/airflow/dags/main.py for tasks to queue
[2026-08-18T18:49:06.307+0000] {logging_mixin.py:190} INFO - [2026-08-18T18:49:06.306+0000] {dagbag.py:588} INFO - Filling up the DagBag from /opt/airflow/dags/main.py
[2026-08-18T18:49:06.431+0000] {processor.py:925} INFO - DAG(s) 'update_db', 'data_quality', 'produce_json' retrieved from /opt/airflow/dags/main.py
[2026-08-18T18:49:06.458+0000] {logging_mixin.py:190} INFO - [2026-08-18T18:49:06.458+0000] {dag.py:3239} INFO - Sync 3 DAGs
[2026-08-18T18:49:06.479+0000] {logging_mixin.py:190} INFO - [2026-08-18T18:49:06.479+0000] {dag.py:4180} INFO - Setting next_dagrun for data_quality to None, run_after=None
[2026-08-18T18:49:06.484+0000] {logging_mixin.py:190} INFO - [2026-08-18T18:49:06.484+0000] {dag.py:4180} INFO - Setting next_dagrun for produce_json to 2026-08-18 11:00:00+00:00, run_after=2026-08-19 11:00:00+00:00
[2026-08-18T18:49:06.487+0000] {logging_mixin.py:190} INFO - [2026-08-18T18:49:06.487+0000] {dag.py:4180} INFO - Setting next_dagrun for update_db to None, run_after=None
[2026-08-18T18:49:06.506+0000] {processor.py:208} INFO - Processing /opt/airflow/dags/main.py took 0.212 seconds
[2026-08-18T18:49:36.611+0000] {processor.py:186} INFO - Started process (PID=128) to work on /opt/airflow/dags/main.py
[2026-08-18T18:49:36.612+0000] {processor.py:914} INFO - Processing file /opt/airflow/dags/main.py for tasks to queue
[2026-08-18T18:49:36.616+0000] {logging_mixin.py:190} INFO - [2026-08-18T18:49:36.615+0000] {dagbag.py:588} INFO - Filling up the DagBag from /opt/airflow/dags/main.py
[2026-08-18T18:49:36.710+0000] {processor.py:925} INFO - DAG(s) 'produce_json', 'data_quality', 'update_db' retrieved from /opt/airflow/dags/main.py
[2026-08-18T18:49:36.742+0000] {logging_mixin.py:190} INFO - [2026-08-18T18:49:36.742+0000] {dag.py:3239} INFO - Sync 3 DAGs
[2026-08-18T18:49:36.764+0000] {logging_mixin.py:190} INFO - [2026-08-18T18:49:36.764+0000] {dag.py:4180} INFO - Setting next_dagrun for data_quality to None, run_after=None
[2026-08-18T18:49:36.769+0000] {logging_mixin.py:190} INFO - [2026-08-18T18:49:36.769+0000] {dag.py:4180} INFO - Setting next_dagrun for produce_json to 2026-08-18 11:00:00+00:00, run_after=2026-08-19 11:00:00+00:00
[2026-08-18T18:49:36.770+0000] {logging_mixin.py:190} INFO - [2026-08-18T18:49:36.770+0000] {dag.py:4180} INFO - Setting next_dagrun for update_db to None, run_after=None
[2026-08-18T18:49:36.784+0000] {processor.py:208} INFO - Processing /opt/airflow/dags/main.py took 0.179 seconds
[2026-08-18T18:50:07.004+0000] {processor.py:186} INFO - Started process (PID=135) to work on /opt/airflow/dags/main.py
[2026-08-18T18:50:07.007+0000] {processor.py:914} INFO - Processing file /opt/airflow/dags/main.py for tasks to queue
[2026-08-18T18:50:07.010+0000] {logging_mixin.py:190} INFO - [2026-08-18T18:50:07.009+0000] {dagbag.py:588} INFO - Filling up the DagBag from /opt/airflow/dags/main.py
[2026-08-18T18:50:07.140+0000] {processor.py:925} INFO - DAG(s) 'update_db', 'produce_json', 'data_quality' retrieved from /opt/airflow/dags/main.py
[2026-08-18T18:50:07.178+0000] {logging_mixin.py:190} INFO - [2026-08-18T18:50:07.178+0000] {dag.py:3239} INFO - Sync 3 DAGs
[2026-08-18T18:50:07.208+0000] {logging_mixin.py:190} INFO - [2026-08-18T18:50:07.208+0000] {dag.py:4180} INFO - Setting next_dagrun for data_quality to None, run_after=None
[2026-08-18T18:50:07.215+0000] {logging_mixin.py:190} INFO - [2026-08-18T18:50:07.215+0000] {dag.py:4180} INFO - Setting next_dagrun for produce_json to 2026-08-18 11:00:00+00:00, run_after=2026-08-19 11:00:00+00:00
[2026-08-18T18:50:07.219+0000] {logging_mixin.py:190} INFO - [2026-08-18T18:50:07.218+0000] {dag.py:4180} INFO - Setting next_dagrun for update_db to None, run_after=None
[2026-08-18T18:50:07.242+0000] {processor.py:208} INFO - Processing /opt/airflow/dags/main.py took 0.243 seconds
[2026-08-18T18:50:37.468+0000] {processor.py:186} INFO - Started process (PID=142) to work on /opt/airflow/dags/main.py
[2026-08-18T18:50:37.470+0000] {processor.py:914} INFO - Processing file /opt/airflow/dags/main.py for tasks to queue
[2026-08-18T18:50:37.474+0000] {logging_mixin.py:190} INFO - [2026-08-18T18:50:37.473+0000] {dagbag.py:588} INFO - Filling up the DagBag from /opt/airflow/dags/main.py
[2026-08-18T18:50:37.604+0000] {processor.py:925} INFO - DAG(s) 'produce_json', 'data_quality', 'update_db' retrieved from /opt/airflow/dags/main.py
[2026-08-18T18:50:37.629+0000] {logging_mixin.py:190} INFO - [2026-08-18T18:50:37.629+0000] {dag.py:3239} INFO - Sync 3 DAGs
[2026-08-18T18:50:37.652+0000] {logging_mixin.py:190} INFO - [2026-08-18T18:50:37.651+0000] {dag.py:4180} INFO - Setting next_dagrun for data_quality to None, run_after=None
[2026-08-18T18:50:37.657+0000] {logging_mixin.py:190} INFO - [2026-08-18T18:50:37.657+0000] {dag.py:4180} INFO - Setting next_dagrun for produce_json to 2026-08-18 11:00:00+00:00, run_after=2026-08-19 11:00:00+00:00
[2026-08-18T18:50:37.659+0000] {logging_mixin.py:190} INFO - [2026-08-18T18:50:37.659+0000] {dag.py:4180} INFO - Setting next_dagrun for update_db to None, run_after=None
[2026-08-18T18:50:37.675+0000] {processor.py:208} INFO - Processing /opt/airflow/dags/main.py took 0.213 seconds
[2026-08-18T18:51:07.854+0000] {processor.py:186} INFO - Started process (PID=149) to work on /opt/airflow/dags/main.py
[2026-08-18T18:51:07.856+0000] {processor.py:914} INFO - Processing file /opt/airflow/dags/main.py for tasks to queue
[2026-08-18T18:51:07.860+0000] {logging_mixin.py:190} INFO - [2026-08-18T18:51:07.859+0000] {dagbag.py:588} INFO - Filling up the DagBag from /opt/airflow/dags/main.py
[2026-08-18T18:51:08.022+0000] {processor.py:925} INFO - DAG(s) 'update_db', 'data_quality', 'produce_json' retrieved from /opt/airflow/dags/main.py
[2026-08-18T18:51:08.046+0000] {logging_mixin.py:190} INFO - [2026-08-18T18:51:08.046+0000] {dag.py:3239} INFO - Sync 3 DAGs
[2026-08-18T18:51:08.065+0000] {logging_mixin.py:190} INFO - [2026-08-18T18:51:08.065+0000] {dag.py:4180} INFO - Setting next_dagrun for data_quality to None, run_after=None
[2026-08-18T18:51:08.070+0000] {logging_mixin.py:190} INFO - [2026-08-18T18:51:08.070+0000] {dag.py:4180} INFO - Setting next_dagrun for produce_json to 2026-08-18 11:00:00+00:00, run_after=2026-08-19 11:00:00+00:00
[2026-08-18T18:51:08.074+0000] {logging_mixin.py:190} INFO - [2026-08-18T18:51:08.074+0000] {dag.py:4180} INFO - Setting next_dagrun for update_db to None, run_after=None
[2026-08-18T18:51:08.098+0000] {processor.py:208} INFO - Processing /opt/airflow/dags/main.py took 0.251 seconds
[2026-08-18T18:51:38.191+0000] {processor.py:186} INFO - Started process (PID=156) to work on /opt/airflow/dags/main.py
[2026-08-18T18:51:38.193+0000] {processor.py:914} INFO - Processing file /opt/airflow/dags/main.py for tasks to queue
[2026-08-18T18:51:38.195+0000] {logging_mixin.py:190} INFO - [2026-08-18T18:51:38.195+0000] {dagbag.py:588} INFO - Filling up the DagBag from /opt/airflow/dags/main.py
[2026-08-18T18:51:38.282+0000] {processor.py:925} INFO - DAG(s) 'update_db', 'data_quality', 'produce_json' retrieved from /opt/airflow/dags/main.py
[2026-08-18T18:51:38.310+0000] {logging_mixin.py:190} INFO - [2026-08-18T18:51:38.310+0000] {dag.py:3239} INFO - Sync 3 DAGs
[2026-08-18T18:51:38.328+0000] {logging_mixin.py:190} INFO - [2026-08-18T18:51:38.328+0000] {dag.py:4180} INFO - Setting next_dagrun for data_quality to None, run_after=None
[2026-08-18T18:51:38.336+0000] {logging_mixin.py:190} INFO - [2026-08-18T18:51:38.335+0000] {dag.py:4180} INFO - Setting next_dagrun for produce_json to 2026-08-18 11:00:00+00:00, run_after=2026-08-19 11:00:00+00:00
[2026-08-18T18:51:38.338+0000] {logging_mixin.py:190} INFO - [2026-08-18T18:51:38.337+0000] {dag.py:4180} INFO - Setting next_dagrun for update_db to None, run_after=None
[2026-08-18T18:51:38.353+0000] {processor.py:208} INFO - Processing /opt/airflow/dags/main.py took 0.168 seconds
[2026-08-18T18:52:08.647+0000] {processor.py:186} INFO - Started process (PID=163) to work on /opt/airflow/dags/main.py
[2026-08-18T18:52:08.648+0000] {processor.py:914} INFO - Processing file /opt/airflow/dags/main.py for tasks to queue
[2026-08-18T18:52:08.651+0000] {logging_mixin.py:190} INFO - [2026-08-18T18:52:08.650+0000] {dagbag.py:588} INFO - Filling up the DagBag from /opt/airflow/dags/main.py
[2026-08-18T18:52:08.738+0000] {processor.py:925} INFO - DAG(s) 'update_db', 'produce_json', 'data_quality' retrieved from /opt/airflow/dags/main.py
[2026-08-18T18:52:08.759+0000] {logging_mixin.py:190} INFO - [2026-08-18T18:52:08.759+0000] {dag.py:3239} INFO - Sync 3 DAGs
[2026-08-18T18:52:08.775+0000] {logging_mixin.py:190} INFO - [2026-08-18T18:52:08.775+0000] {dag.py:4180} INFO - Setting next_dagrun for data_quality to None, run_after=None
[2026-08-18T18:52:08.781+0000] {logging_mixin.py:190} INFO - [2026-08-18T18:52:08.781+0000] {dag.py:4180} INFO - Setting next_dagrun for produce_json to 2026-08-18 11:00:00+00:00, run_after=2026-08-19 11:00:00+00:00
[2026-08-18T18:52:08.783+0000] {logging_mixin.py:190} INFO - [2026-08-18T18:52:08.783+0000] {dag.py:4180} INFO - Setting next_dagrun for update_db to None, run_after=None
[2026-08-18T18:52:08.797+0000] {processor.py:208} INFO - Processing /opt/airflow/dags/main.py took 0.155 seconds
[2026-08-18T18:52:38.922+0000] {processor.py:186} INFO - Started process (PID=170) to work on /opt/airflow/dags/main.py
[2026-08-18T18:52:38.926+0000] {processor.py:914} INFO - Processing file /opt/airflow/dags/main.py for tasks to queue
[2026-08-18T18:52:38.932+0000] {logging_mixin.py:190} INFO - [2026-08-18T18:52:38.932+0000] {dagbag.py:588} INFO - Filling up the DagBag from /opt/airflow/dags/main.py
[2026-08-18T18:52:39.107+0000] {processor.py:925} INFO - DAG(s) 'produce_json', 'data_quality', 'update_db' retrieved from /opt/airflow/dags/main.py
[2026-08-18T18:52:39.132+0000] {logging_mixin.py:190} INFO - [2026-08-18T18:52:39.132+0000] {dag.py:3239} INFO - Sync 3 DAGs
[2026-08-18T18:52:39.149+0000] {logging_mixin.py:190} INFO - [2026-08-18T18:52:39.149+0000] {dag.py:4180} INFO - Setting next_dagrun for data_quality to None, run_after=None
[2026-08-18T18:52:39.154+0000] {logging_mixin.py:190} INFO - [2026-08-18T18:52:39.153+0000] {dag.py:4180} INFO - Setting next_dagrun for produce_json to 2026-08-18 11:00:00+00:00, run_after=2026-08-19 11:00:00+00:00
[2026-08-18T18:52:39.155+0000] {logging_mixin.py:190} INFO - [2026-08-18T18:52:39.155+0000] {dag.py:4180} INFO - Setting next_dagrun for update_db to None, run_after=None
[2026-08-18T18:52:39.170+0000] {processor.py:208} INFO - Processing /opt/airflow/dags/main.py took 0.254 seconds
[2026-08-18T18:53:09.382+0000] {processor.py:186} INFO - Started process (PID=177) to work on /opt/airflow/dags/main.py
[2026-08-18T18:53:09.384+0000] {processor.py:914} INFO - Processing file /opt/airflow/dags/main.py for tasks to queue
[2026-08-18T18:53:09.391+0000] {logging_mixin.py:190} INFO - [2026-08-18T18:53:09.391+0000] {dagbag.py:588} INFO - Filling up the DagBag from /opt/airflow/dags/main.py
[2026-08-18T18:53:09.523+0000] {processor.py:925} INFO - DAG(s) 'update_db', 'produce_json', 'data_quality' retrieved from /opt/airflow/dags/main.py
[2026-08-18T18:53:09.550+0000] {logging_mixin.py:190} INFO - [2026-08-18T18:53:09.550+0000] {dag.py:3239} INFO - Sync 3 DAGs
[2026-08-18T18:53:09.573+0000] {logging_mixin.py:190} INFO - [2026-08-18T18:53:09.573+0000] {dag.py:4180} INFO - Setting next_dagrun for data_quality to None, run_after=None
[2026-08-18T18:53:09.578+0000] {logging_mixin.py:190} INFO - [2026-08-18T18:53:09.578+0000] {dag.py:4180} INFO - Setting next_dagrun for produce_json to 2026-08-18 11:00:00+00:00, run_after=2026-08-19 11:00:00+00:00
[2026-08-18T18:53:09.581+0000] {logging_mixin.py:190} INFO - [2026-08-18T18:53:09.581+0000] {dag.py:4180} INFO - Setting next_dagrun for update_db to None, run_after=None
[2026-08-18T18:53:09.600+0000] {processor.py:208} INFO - Processing /opt/airflow/dags/main.py took 0.225 seconds
[2026-08-18T18:53:39.833+0000] {processor.py:186} INFO - Started process (PID=184) to work on /opt/airflow/dags/main.py
[2026-08-18T18:53:39.835+0000] {processor.py:914} INFO - Processing file /opt/airflow/dags/main.py for tasks to queue
[2026-08-18T18:53:39.838+0000] {logging_mixin.py:190} INFO - [2026-08-18T18:53:39.838+0000] {dagbag.py:588} INFO - Filling up the DagBag from /opt/airflow/dags/main.py
[2026-08-18T18:53:39.972+0000] {processor.py:925} INFO - DAG(s) 'produce_json', 'data_quality', 'update_db' retrieved from /opt/airflow/dags/main.py
[2026-08-18T18:53:39.993+0000] {logging_mixin.py:190} INFO - [2026-08-18T18:53:39.993+0000] {dag.py:3239} INFO - Sync 3 DAGs
[2026-08-18T18:53:40.012+0000] {logging_mixin.py:190} INFO - [2026-08-18T18:53:40.012+0000] {dag.py:4180} INFO - Setting next_dagrun for data_quality to None, run_after=None
[2026-08-18T18:53:40.017+0000] {logging_mixin.py:190} INFO - [2026-08-18T18:53:40.017+0000] {dag.py:4180} INFO - Setting next_dagrun for produce_json to 2026-08-18 11:00:00+00:00, run_after=2026-08-19 11:00:00+00:00
[2026-08-18T18:53:40.020+0000] {logging_mixin.py:190} INFO - [2026-08-18T18:53:40.020+0000] {dag.py:4180} INFO - Setting next_dagrun for update_db to None, run_after=None
[2026-08-18T18:53:40.036+0000] {processor.py:208} INFO - Processing /opt/airflow/dags/main.py took 0.210 seconds
[2026-08-18T18:57:14.677+0000] {processor.py:186} INFO - Started process (PID=192) to work on /opt/airflow/dags/main.py
[2026-08-18T18:57:14.683+0000] {processor.py:914} INFO - Processing file /opt/airflow/dags/main.py for tasks to queue
[2026-08-18T18:57:14.690+0000] {logging_mixin.py:190} INFO - [2026-08-18T18:57:14.689+0000] {dagbag.py:588} INFO - Filling up the DagBag from /opt/airflow/dags/main.py
[2026-08-18T18:57:14.957+0000] {processor.py:925} INFO - DAG(s) 'produce_json', 'update_db', 'data_quality' retrieved from /opt/airflow/dags/main.py
[2026-08-18T18:57:14.993+0000] {logging_mixin.py:190} INFO - [2026-08-18T18:57:14.993+0000] {dag.py:3239} INFO - Sync 3 DAGs
[2026-08-18T18:57:15.029+0000] {logging_mixin.py:190} INFO - [2026-08-18T18:57:15.029+0000] {dag.py:4180} INFO - Setting next_dagrun for data_quality to None, run_after=None
[2026-08-18T18:57:15.040+0000] {logging_mixin.py:190} INFO - [2026-08-18T18:57:15.040+0000] {dag.py:4180} INFO - Setting next_dagrun for produce_json to 2026-08-18 11:00:00+00:00, run_after=2026-08-19 11:00:00+00:00
[2026-08-18T18:57:15.045+0000] {logging_mixin.py:190} INFO - [2026-08-18T18:57:15.045+0000] {dag.py:4180} INFO - Setting next_dagrun for update_db to None, run_after=None
[2026-08-18T18:57:15.075+0000] {processor.py:208} INFO - Processing /opt/airflow/dags/main.py took 0.407 seconds
[2026-08-18T18:57:45.361+0000] {processor.py:186} INFO - Started process (PID=199) to work on /opt/airflow/dags/main.py
[2026-08-18T18:57:45.362+0000] {processor.py:914} INFO - Processing file /opt/airflow/dags/main.py for tasks to queue
[2026-08-18T18:57:45.366+0000] {logging_mixin.py:190} INFO - [2026-08-18T18:57:45.366+0000] {dagbag.py:588} INFO - Filling up the DagBag from /opt/airflow/dags/main.py
[2026-08-18T18:57:45.494+0000] {processor.py:925} INFO - DAG(s) 'produce_json', 'update_db', 'data_quality' retrieved from /opt/airflow/dags/main.py
[2026-08-18T18:57:45.523+0000] {logging_mixin.py:190} INFO - [2026-08-18T18:57:45.523+0000] {dag.py:3239} INFO - Sync 3 DAGs
[2026-08-18T18:57:45.546+0000] {logging_mixin.py:190} INFO - [2026-08-18T18:57:45.545+0000] {dag.py:4180} INFO - Setting next_dagrun for data_quality to None, run_after=None
[2026-08-18T18:57:45.552+0000] {logging_mixin.py:190} INFO - [2026-08-18T18:57:45.552+0000] {dag.py:4180} INFO - Setting next_dagrun for produce_json to 2026-08-18 11:00:00+00:00, run_after=2026-08-19 11:00:00+00:00
[2026-08-18T18:57:45.555+0000] {logging_mixin.py:190} INFO - [2026-08-18T18:57:45.555+0000] {dag.py:4180} INFO - Setting next_dagrun for update_db to None, run_after=None
[2026-08-18T18:57:45.572+0000] {processor.py:208} INFO - Processing /opt/airflow/dags/main.py took 0.218 seconds
[2026-08-18T18:58:15.646+0000] {processor.py:186} INFO - Started process (PID=206) to work on /opt/airflow/dags/main.py
[2026-08-18T18:58:15.648+0000] {processor.py:914} INFO - Processing file /opt/airflow/dags/main.py for tasks to queue
[2026-08-18T18:58:15.651+0000] {logging_mixin.py:190} INFO - [2026-08-18T18:58:15.651+0000] {dagbag.py:588} INFO - Filling up the DagBag from /opt/airflow/dags/main.py
[2026-08-18T18:58:15.769+0000] {processor.py:925} INFO - DAG(s) 'data_quality', 'produce_json', 'update_db' retrieved from /opt/airflow/dags/main.py
[2026-08-18T18:58:15.790+0000] {logging_mixin.py:190} INFO - [2026-08-18T18:58:15.790+0000] {dag.py:3239} INFO - Sync 3 DAGs
[2026-08-18T18:58:15.809+0000] {logging_mixin.py:190} INFO - [2026-08-18T18:58:15.809+0000] {dag.py:4180} INFO - Setting next_dagrun for data_quality to None, run_after=None
[2026-08-18T18:58:15.815+0000] {logging_mixin.py:190} INFO - [2026-08-18T18:58:15.814+0000] {dag.py:4180} INFO - Setting next_dagrun for produce_json to 2026-08-18 11:00:00+00:00, run_after=2026-08-19 11:00:00+00:00
[2026-08-18T18:58:15.816+0000] {logging_mixin.py:190} INFO - [2026-08-18T18:58:15.816+0000] {dag.py:4180} INFO - Setting next_dagrun for update_db to None, run_after=None
[2026-08-18T18:58:15.832+0000] {processor.py:208} INFO - Processing /opt/airflow/dags/main.py took 0.193 seconds
[2026-08-18T18:58:46.034+0000] {processor.py:186} INFO - Started process (PID=213) to work on /opt/airflow/dags/main.py
[2026-08-18T18:58:46.036+0000] {processor.py:914} INFO - Processing file /opt/airflow/dags/main.py for tasks to queue
[2026-08-18T18:58:46.039+0000] {logging_mixin.py:190} INFO - [2026-08-18T18:58:46.038+0000] {dagbag.py:588} INFO - Filling up the DagBag from /opt/airflow/dags/main.py
[2026-08-18T18:58:46.150+0000] {processor.py:925} INFO - DAG(s) 'update_db', 'produce_json', 'data_quality' retrieved from /opt/airflow/dags/main.py
[2026-08-18T18:58:46.177+0000] {logging_mixin.py:190} INFO - [2026-08-18T18:58:46.177+0000] {dag.py:3239} INFO - Sync 3 DAGs
[2026-08-18T18:58:46.194+0000] {logging_mixin.py:190} INFO - [2026-08-18T18:58:46.194+0000] {dag.py:4180} INFO - Setting next_dagrun for data_quality to None, run_after=None
[2026-08-18T18:58:46.200+0000] {logging_mixin.py:190} INFO - [2026-08-18T18:58:46.200+0000] {dag.py:4180} INFO - Setting next_dagrun for produce_json to 2026-08-18 11:00:00+00:00, run_after=2026-08-19 11:00:00+00:00
[2026-08-18T18:58:46.202+0000] {logging_mixin.py:190} INFO - [2026-08-18T18:58:46.202+0000] {dag.py:4180} INFO - Setting next_dagrun for update_db to None, run_after=None
[2026-08-18T18:58:46.218+0000] {processor.py:208} INFO - Processing /opt/airflow/dags/main.py took 0.192 seconds
[2026-08-18T18:59:16.318+0000] {processor.py:186} INFO - Started process (PID=220) to work on /opt/airflow/dags/main.py
[2026-08-18T18:59:16.319+0000] {processor.py:914} INFO - Processing file /opt/airflow/dags/main.py for tasks to queue
[2026-08-18T18:59:16.322+0000] {logging_mixin.py:190} INFO - [2026-08-18T18:59:16.322+0000] {dagbag.py:588} INFO - Filling up the DagBag from /opt/airflow/dags/main.py
[2026-08-18T18:59:16.455+0000] {processor.py:925} INFO - DAG(s) 'data_quality', 'produce_json', 'update_db' retrieved from /opt/airflow/dags/main.py
[2026-08-18T18:59:16.477+0000] {logging_mixin.py:190} INFO - [2026-08-18T18:59:16.477+0000] {dag.py:3239} INFO - Sync 3 DAGs
[2026-08-18T18:59:16.493+0000] {logging_mixin.py:190} INFO - [2026-08-18T18:59:16.493+0000] {dag.py:4180} INFO - Setting next_dagrun for data_quality to None, run_after=None
[2026-08-18T18:59:16.499+0000] {logging_mixin.py:190} INFO - [2026-08-18T18:59:16.499+0000] {dag.py:4180} INFO - Setting next_dagrun for produce_json to 2026-08-18 11:00:00+00:00, run_after=2026-08-19 11:00:00+00:00
[2026-08-18T18:59:16.501+0000] {logging_mixin.py:190} INFO - [2026-08-18T18:59:16.500+0000] {dag.py:4180} INFO - Setting next_dagrun for update_db to None, run_after=None
[2026-08-18T18:59:16.513+0000] {processor.py:208} INFO - Processing /opt/airflow/dags/main.py took 0.201 seconds
[2026-08-18T18:59:46.669+0000] {processor.py:186} INFO - Started process (PID=228) to work on /opt/airflow/dags/main.py
[2026-08-18T18:59:46.673+0000] {processor.py:914} INFO - Processing file /opt/airflow/dags/main.py for tasks to queue
[2026-08-18T18:59:46.678+0000] {logging_mixin.py:190} INFO - [2026-08-18T18:59:46.677+0000] {dagbag.py:588} INFO - Filling up the DagBag from /opt/airflow/dags/main.py
[2026-08-18T18:59:46.806+0000] {processor.py:925} INFO - DAG(s) 'produce_json', 'data_quality', 'update_db' retrieved from /opt/airflow/dags/main.py
[2026-08-18T18:59:46.828+0000] {logging_mixin.py:190} INFO - [2026-08-18T18:59:46.828+0000] {dag.py:3239} INFO - Sync 3 DAGs
[2026-08-18T18:59:46.847+0000] {logging_mixin.py:190} INFO - [2026-08-18T18:59:46.847+0000] {dag.py:4180} INFO - Setting next_dagrun for data_quality to None, run_after=None
[2026-08-18T18:59:46.853+0000] {logging_mixin.py:190} INFO - [2026-08-18T18:59:46.853+0000] {dag.py:4180} INFO - Setting next_dagrun for produce_json to 2026-08-18 11:00:00+00:00, run_after=2026-08-19 11:00:00+00:00
[2026-08-18T18:59:46.855+0000] {logging_mixin.py:190} INFO - [2026-08-18T18:59:46.855+0000] {dag.py:4180} INFO - Setting next_dagrun for update_db to None, run_after=None
[2026-08-18T18:59:46.868+0000] {processor.py:208} INFO - Processing /opt/airflow/dags/main.py took 0.204 seconds
[2026-08-18T19:00:17.059+0000] {processor.py:186} INFO - Started process (PID=235) to work on /opt/airflow/dags/main.py
[2026-08-18T19:00:17.061+0000] {processor.py:914} INFO - Processing file /opt/airflow/dags/main.py for tasks to queue
[2026-08-18T19:00:17.064+0000] {logging_mixin.py:190} INFO - [2026-08-18T19:00:17.064+0000] {dagbag.py:588} INFO - Filling up the DagBag from /opt/airflow/dags/main.py
[2026-08-18T19:00:17.176+0000] {processor.py:925} INFO - DAG(s) 'update_db', 'produce_json', 'data_quality' retrieved from /opt/airflow/dags/main.py
[2026-08-18T19:00:17.202+0000] {logging_mixin.py:190} INFO - [2026-08-18T19:00:17.202+0000] {dag.py:3239} INFO - Sync 3 DAGs
[2026-08-18T19:00:17.222+0000] {logging_mixin.py:190} INFO - [2026-08-18T19:00:17.222+0000] {dag.py:4180} INFO - Setting next_dagrun for data_quality to None, run_after=None
[2026-08-18T19:00:17.227+0000] {logging_mixin.py:190} INFO - [2026-08-18T19:00:17.227+0000] {dag.py:4180} INFO - Setting next_dagrun for produce_json to 2026-08-18 11:00:00+00:00, run_after=2026-08-19 11:00:00+00:00
[2026-08-18T19:00:17.229+0000] {logging_mixin.py:190} INFO - [2026-08-18T19:00:17.229+0000] {dag.py:4180} INFO - Setting next_dagrun for update_db to None, run_after=None
[2026-08-18T19:00:17.243+0000] {processor.py:208} INFO - Processing /opt/airflow/dags/main.py took 0.189 seconds
[2026-08-18T19:00:47.336+0000] {processor.py:186} INFO - Started process (PID=242) to work on /opt/airflow/dags/main.py
[2026-08-18T19:00:47.338+0000] {processor.py:914} INFO - Processing file /opt/airflow/dags/main.py for tasks to queue
[2026-08-18T19:00:47.342+0000] {logging_mixin.py:190} INFO - [2026-08-18T19:00:47.341+0000] {dagbag.py:588} INFO - Filling up the DagBag from /opt/airflow/dags/main.py
[2026-08-18T19:00:47.474+0000] {processor.py:925} INFO - DAG(s) 'produce_json', 'update_db', 'data_quality' retrieved from /opt/airflow/dags/main.py
[2026-08-18T19:00:47.500+0000] {logging_mixin.py:190} INFO - [2026-08-18T19:00:47.499+0000] {dag.py:3239} INFO - Sync 3 DAGs
[2026-08-18T19:00:47.522+0000] {logging_mixin.py:190} INFO - [2026-08-18T19:00:47.522+0000] {dag.py:4180} INFO - Setting next_dagrun for data_quality to None, run_after=None
[2026-08-18T19:00:47.527+0000] {logging_mixin.py:190} INFO - [2026-08-18T19:00:47.527+0000] {dag.py:4180} INFO - Setting next_dagrun for produce_json to 2026-08-18 11:00:00+00:00, run_after=2026-08-19 11:00:00+00:00
[2026-08-18T19:00:47.529+0000] {logging_mixin.py:190} INFO - [2026-08-18T19:00:47.529+0000] {dag.py:4180} INFO - Setting next_dagrun for update_db to None, run_after=None
[2026-08-18T19:00:47.547+0000] {processor.py:208} INFO - Processing /opt/airflow/dags/main.py took 0.217 seconds
[2026-08-18T19:01:17.794+0000] {processor.py:186} INFO - Started process (PID=249) to work on /opt/airflow/dags/main.py
[2026-08-18T19:01:17.796+0000] {processor.py:914} INFO - Processing file /opt/airflow/dags/main.py for tasks to queue
[2026-08-18T19:01:17.798+0000] {logging_mixin.py:190} INFO - [2026-08-18T19:01:17.798+0000] {dagbag.py:588} INFO - Filling up the DagBag from /opt/airflow/dags/main.py
[2026-08-18T19:01:17.915+0000] {processor.py:925} INFO - DAG(s) 'data_quality', 'update_db', 'produce_json' retrieved from /opt/airflow/dags/main.py
[2026-08-18T19:01:17.943+0000] {logging_mixin.py:190} INFO - [2026-08-18T19:01:17.943+0000] {dag.py:3239} INFO - Sync 3 DAGs
[2026-08-18T19:01:17.963+0000] {logging_mixin.py:190} INFO - [2026-08-18T19:01:17.962+0000] {dag.py:4180} INFO - Setting next_dagrun for data_quality to None, run_after=None
[2026-08-18T19:01:17.970+0000] {logging_mixin.py:190} INFO - [2026-08-18T19:01:17.970+0000] {dag.py:4180} INFO - Setting next_dagrun for produce_json to 2026-08-18 11:00:00+00:00, run_after=2026-08-19 11:00:00+00:00
[2026-08-18T19:01:17.973+0000] {logging_mixin.py:190} INFO - [2026-08-18T19:01:17.972+0000] {dag.py:4180} INFO - Setting next_dagrun for update_db to None, run_after=None
[2026-08-18T19:01:17.990+0000] {processor.py:208} INFO - Processing /opt/airflow/dags/main.py took 0.200 seconds
[2026-08-18T19:01:48.036+0000] {processor.py:186} INFO - Started process (PID=256) to work on /opt/airflow/dags/main.py
[2026-08-18T19:01:48.038+0000] {processor.py:914} INFO - Processing file /opt/airflow/dags/main.py for tasks to queue
[2026-08-18T19:01:48.041+0000] {logging_mixin.py:190} INFO - [2026-08-18T19:01:48.041+0000] {dagbag.py:588} INFO - Filling up the DagBag from /opt/airflow/dags/main.py
[2026-08-18T19:01:48.150+0000] {processor.py:925} INFO - DAG(s) 'update_db', 'data_quality', 'produce_json' retrieved from /opt/airflow/dags/main.py
[2026-08-18T19:01:48.172+0000] {logging_mixin.py:190} INFO - [2026-08-18T19:01:48.172+0000] {dag.py:3239} INFO - Sync 3 DAGs
[2026-08-18T19:01:48.190+0000] {logging_mixin.py:190} INFO - [2026-08-18T19:01:48.190+0000] {dag.py:4180} INFO - Setting next_dagrun for data_quality to None, run_after=None
[2026-08-18T19:01:48.195+0000] {logging_mixin.py:190} INFO - [2026-08-18T19:01:48.195+0000] {dag.py:4180} INFO - Setting next_dagrun for produce_json to 2026-08-18 11:00:00+00:00, run_after=2026-08-19 11:00:00+00:00
[2026-08-18T19:01:48.197+0000] {logging_mixin.py:190} INFO - [2026-08-18T19:01:48.197+0000] {dag.py:4180} INFO - Setting next_dagrun for update_db to None, run_after=None
[2026-08-18T19:01:48.211+0000] {processor.py:208} INFO - Processing /opt/airflow/dags/main.py took 0.182 seconds
[2026-08-18T19:02:18.613+0000] {processor.py:186} INFO - Started process (PID=263) to work on /opt/airflow/dags/main.py
[2026-08-18T19:02:18.615+0000] {processor.py:914} INFO - Processing file /opt/airflow/dags/main.py for tasks to queue
[2026-08-18T19:02:18.621+0000] {logging_mixin.py:190} INFO - [2026-08-18T19:02:18.620+0000] {dagbag.py:588} INFO - Filling up the DagBag from /opt/airflow/dags/main.py
[2026-08-18T19:02:18.770+0000] {processor.py:925} INFO - DAG(s) 'data_quality', 'update_db', 'produce_json' retrieved from /opt/airflow/dags/main.py
[2026-08-18T19:02:18.800+0000] {logging_mixin.py:190} INFO - [2026-08-18T19:02:18.800+0000] {dag.py:3239} INFO - Sync 3 DAGs
[2026-08-18T19:02:18.823+0000] {logging_mixin.py:190} INFO - [2026-08-18T19:02:18.823+0000] {dag.py:4180} INFO - Setting next_dagrun for data_quality to None, run_after=None
[2026-08-18T19:02:18.831+0000] {logging_mixin.py:190} INFO - [2026-08-18T19:02:18.831+0000] {dag.py:4180} INFO - Setting next_dagrun for produce_json to 2026-08-18 11:00:00+00:00, run_after=2026-08-19 11:00:00+00:00
[2026-08-18T19:02:18.834+0000] {logging_mixin.py:190} INFO - [2026-08-18T19:02:18.834+0000] {dag.py:4180} INFO - Setting next_dagrun for update_db to None, run_after=None
[2026-08-18T19:02:18.859+0000] {processor.py:208} INFO - Processing /opt/airflow/dags/main.py took 0.251 seconds
[2026-08-18T19:02:49.106+0000] {processor.py:186} INFO - Started process (PID=270) to work on /opt/airflow/dags/main.py
[2026-08-18T19:02:49.108+0000] {processor.py:914} INFO - Processing file /opt/airflow/dags/main.py for tasks to queue
[2026-08-18T19:02:49.111+0000] {logging_mixin.py:190} INFO - [2026-08-18T19:02:49.111+0000] {dagbag.py:588} INFO - Filling up the DagBag from /opt/airflow/dags/main.py
[2026-08-18T19:02:49.240+0000] {processor.py:925} INFO - DAG(s) 'data_quality', 'produce_json', 'update_db' retrieved from /opt/airflow/dags/main.py
[2026-08-18T19:02:49.267+0000] {logging_mixin.py:190} INFO - [2026-08-18T19:02:49.267+0000] {dag.py:3239} INFO - Sync 3 DAGs
[2026-08-18T19:02:49.289+0000] {logging_mixin.py:190} INFO - [2026-08-18T19:02:49.289+0000] {dag.py:4180} INFO - Setting next_dagrun for data_quality to None, run_after=None
[2026-08-18T19:02:49.296+0000] {logging_mixin.py:190} INFO - [2026-08-18T19:02:49.295+0000] {dag.py:4180} INFO - Setting next_dagrun for produce_json to 2026-08-18 11:00:00+00:00, run_after=2026-08-19 11:00:00+00:00
[2026-08-18T19:02:49.298+0000] {logging_mixin.py:190} INFO - [2026-08-18T19:02:49.298+0000] {dag.py:4180} INFO - Setting next_dagrun for update_db to None, run_after=None
[2026-08-18T19:02:49.314+0000] {processor.py:208} INFO - Processing /opt/airflow/dags/main.py took 0.214 seconds
[2026-08-18T19:03:19.561+0000] {processor.py:186} INFO - Started process (PID=277) to work on /opt/airflow/dags/main.py
[2026-08-18T19:03:19.562+0000] {processor.py:914} INFO - Processing file /opt/airflow/dags/main.py for tasks to queue
[2026-08-18T19:03:19.566+0000] {logging_mixin.py:190} INFO - [2026-08-18T19:03:19.565+0000] {dagbag.py:588} INFO - Filling up the DagBag from /opt/airflow/dags/main.py
[2026-08-18T19:03:19.680+0000] {processor.py:925} INFO - DAG(s) 'produce_json', 'update_db', 'data_quality' retrieved from /opt/airflow/dags/main.py
[2026-08-18T19:03:19.709+0000] {logging_mixin.py:190} INFO - [2026-08-18T19:03:19.709+0000] {dag.py:3239} INFO - Sync 3 DAGs
[2026-08-18T19:03:19.729+0000] {logging_mixin.py:190} INFO - [2026-08-18T19:03:19.729+0000] {dag.py:4180} INFO - Setting next_dagrun for data_quality to None, run_after=None
[2026-08-18T19:03:19.735+0000] {logging_mixin.py:190} INFO - [2026-08-18T19:03:19.735+0000] {dag.py:4180} INFO - Setting next_dagrun for produce_json to 2026-08-18 11:00:00+00:00, run_after=2026-08-19 11:00:00+00:00
[2026-08-18T19:03:19.738+0000] {logging_mixin.py:190} INFO - [2026-08-18T19:03:19.738+0000] {dag.py:4180} INFO - Setting next_dagrun for update_db to None, run_after=None
[2026-08-18T19:03:19.752+0000] {processor.py:208} INFO - Processing /opt/airflow/dags/main.py took 0.196 seconds
[2026-08-18T19:03:49.812+0000] {processor.py:186} INFO - Started process (PID=284) to work on /opt/airflow/dags/main.py
[2026-08-18T19:03:49.814+0000] {processor.py:914} INFO - Processing file /opt/airflow/dags/main.py for tasks to queue
[2026-08-18T19:03:49.818+0000] {logging_mixin.py:190} INFO - [2026-08-18T19:03:49.817+0000] {dagbag.py:588} INFO - Filling up the DagBag from /opt/airflow/dags/main.py
[2026-08-18T19:03:49.954+0000] {processor.py:925} INFO - DAG(s) 'data_quality', 'produce_json', 'update_db' retrieved from /opt/airflow/dags/main.py
[2026-08-18T19:03:49.980+0000] {logging_mixin.py:190} INFO - [2026-08-18T19:03:49.980+0000] {dag.py:3239} INFO - Sync 3 DAGs
[2026-08-18T19:03:49.999+0000] {logging_mixin.py:190} INFO - [2026-08-18T19:03:49.998+0000] {dag.py:4180} INFO - Setting next_dagrun for data_quality to None, run_after=None
[2026-08-18T19:03:50.004+0000] {logging_mixin.py:190} INFO - [2026-08-18T19:03:50.003+0000] {dag.py:4180} INFO - Setting next_dagrun for produce_json to 2026-08-18 11:00:00+00:00, run_after=2026-08-19 11:00:00+00:00
[2026-08-18T19:03:50.006+0000] {logging_mixin.py:190} INFO - [2026-08-18T19:03:50.005+0000] {dag.py:4180} INFO - Setting next_dagrun for update_db to None, run_after=None
[2026-08-18T19:03:50.019+0000] {processor.py:208} INFO - Processing /opt/airflow/dags/main.py took 0.216 seconds
[2026-08-18T19:04:20.217+0000] {processor.py:186} INFO - Started process (PID=291) to work on /opt/airflow/dags/main.py
[2026-08-18T19:04:20.218+0000] {processor.py:914} INFO - Processing file /opt/airflow/dags/main.py for tasks to queue
[2026-08-18T19:04:20.222+0000] {logging_mixin.py:190} INFO - [2026-08-18T19:04:20.222+0000] {dagbag.py:588} INFO - Filling up the DagBag from /opt/airflow/dags/main.py
[2026-08-18T19:04:20.388+0000] {processor.py:925} INFO - DAG(s) 'produce_json', 'update_db', 'data_quality' retrieved from /opt/airflow/dags/main.py
[2026-08-18T19:04:20.416+0000] {logging_mixin.py:190} INFO - [2026-08-18T19:04:20.416+0000] {dag.py:3239} INFO - Sync 3 DAGs
[2026-08-18T19:04:20.441+0000] {logging_mixin.py:190} INFO - [2026-08-18T19:04:20.441+0000] {dag.py:4180} INFO - Setting next_dagrun for data_quality to None, run_after=None
[2026-08-18T19:04:20.446+0000] {logging_mixin.py:190} INFO - [2026-08-18T19:04:20.446+0000] {dag.py:4180} INFO - Setting next_dagrun for produce_json to 2026-08-18 11:00:00+00:00, run_after=2026-08-19 11:00:00+00:00
[2026-08-18T19:04:20.448+0000] {logging_mixin.py:190} INFO - [2026-08-18T19:04:20.448+0000] {dag.py:4180} INFO - Setting next_dagrun for update_db to None, run_after=None
[2026-08-18T19:04:20.466+0000] {processor.py:208} INFO - Processing /opt/airflow/dags/main.py took 0.255 seconds
[2026-08-18T19:04:50.714+0000] {processor.py:186} INFO - Started process (PID=298) to work on /opt/airflow/dags/main.py
[2026-08-18T19:04:50.716+0000] {processor.py:914} INFO - Processing file /opt/airflow/dags/main.py for tasks to queue
[2026-08-18T19:04:50.719+0000] {logging_mixin.py:190} INFO - [2026-08-18T19:04:50.719+0000] {dagbag.py:588} INFO - Filling up the DagBag from /opt/airflow/dags/main.py
[2026-08-18T19:04:50.807+0000] {processor.py:925} INFO - DAG(s) 'update_db', 'data_quality', 'produce_json' retrieved from /opt/airflow/dags/main.py
[2026-08-18T19:04:50.831+0000] {logging_mixin.py:190} INFO - [2026-08-18T19:04:50.831+0000] {dag.py:3239} INFO - Sync 3 DAGs
[2026-08-18T19:04:50.851+0000] {logging_mixin.py:190} INFO - [2026-08-18T19:04:50.851+0000] {dag.py:4180} INFO - Setting next_dagrun for data_quality to None, run_after=None
[2026-08-18T19:04:50.858+0000] {logging_mixin.py:190} INFO - [2026-08-18T19:04:50.857+0000] {dag.py:4180} INFO - Setting next_dagrun for produce_json to 2026-08-18 11:00:00+00:00, run_after=2026-08-19 11:00:00+00:00
[2026-08-18T19:04:50.860+0000] {logging_mixin.py:190} INFO - [2026-08-18T19:04:50.860+0000] {dag.py:4180} INFO - Setting next_dagrun for update_db to None, run_after=None
[2026-08-18T19:04:50.877+0000] {processor.py:208} INFO - Processing /opt/airflow/dags/main.py took 0.169 seconds
[2026-08-18T19:05:20.950+0000] {processor.py:186} INFO - Started process (PID=305) to work on /opt/airflow/dags/main.py
[2026-08-18T19:05:20.952+0000] {processor.py:914} INFO - Processing file /opt/airflow/dags/main.py for tasks to queue
[2026-08-18T19:05:20.955+0000] {logging_mixin.py:190} INFO - [2026-08-18T19:05:20.954+0000] {dagbag.py:588} INFO - Filling up the DagBag from /opt/airflow/dags/main.py
[2026-08-18T19:05:21.051+0000] {processor.py:925} INFO - DAG(s) 'produce_json', 'data_quality', 'update_db' retrieved from /opt/airflow/dags/main.py
[2026-08-18T19:05:21.083+0000] {logging_mixin.py:190} INFO - [2026-08-18T19:05:21.082+0000] {dag.py:3239} INFO - Sync 3 DAGs
[2026-08-18T19:05:21.104+0000] {logging_mixin.py:190} INFO - [2026-08-18T19:05:21.104+0000] {dag.py:4180} INFO - Setting next_dagrun for data_quality to None, run_after=None
[2026-08-18T19:05:21.109+0000] {logging_mixin.py:190} INFO - [2026-08-18T19:05:21.109+0000] {dag.py:4180} INFO - Setting next_dagrun for produce_json to 2026-08-18 11:00:00+00:00, run_after=2026-08-19 11:00:00+00:00
[2026-08-18T19:05:21.112+0000] {logging_mixin.py:190} INFO - [2026-08-18T19:05:21.112+0000] {dag.py:4180} INFO - Setting next_dagrun for update_db to None, run_after=None
[2026-08-18T19:05:21.129+0000] {processor.py:208} INFO - Processing /opt/airflow/dags/main.py took 0.184 seconds
[2026-08-18T19:05:51.365+0000] {processor.py:186} INFO - Started process (PID=312) to work on /opt/airflow/dags/main.py
[2026-08-18T19:05:51.366+0000] {processor.py:914} INFO - Processing file /opt/airflow/dags/main.py for tasks to queue
[2026-08-18T19:05:51.370+0000] {logging_mixin.py:190} INFO - [2026-08-18T19:05:51.370+0000] {dagbag.py:588} INFO - Filling up the DagBag from /opt/airflow/dags/main.py
[2026-08-18T19:05:51.463+0000] {processor.py:925} INFO - DAG(s) 'update_db', 'data_quality', 'produce_json' retrieved from /opt/airflow/dags/main.py
[2026-08-18T19:05:51.487+0000] {logging_mixin.py:190} INFO - [2026-08-18T19:05:51.487+0000] {dag.py:3239} INFO - Sync 3 DAGs
[2026-08-18T19:05:51.506+0000] {logging_mixin.py:190} INFO - [2026-08-18T19:05:51.506+0000] {dag.py:4180} INFO - Setting next_dagrun for data_quality to None, run_after=None
[2026-08-18T19:05:51.511+0000] {logging_mixin.py:190} INFO - [2026-08-18T19:05:51.511+0000] {dag.py:4180} INFO - Setting next_dagrun for produce_json to 2026-08-18 11:00:00+00:00, run_after=2026-08-19 11:00:00+00:00
[2026-08-18T19:05:51.513+0000] {logging_mixin.py:190} INFO - [2026-08-18T19:05:51.513+0000] {dag.py:4180} INFO - Setting next_dagrun for update_db to None, run_after=None
[2026-08-18T19:05:51.529+0000] {processor.py:208} INFO - Processing /opt/airflow/dags/main.py took 0.172 seconds
[2026-08-18T19:06:21.624+0000] {processor.py:186} INFO - Started process (PID=319) to work on /opt/airflow/dags/main.py
[2026-08-18T19:06:21.626+0000] {processor.py:914} INFO - Processing file /opt/airflow/dags/main.py for tasks to queue
[2026-08-18T19:06:21.630+0000] {logging_mixin.py:190} INFO - [2026-08-18T19:06:21.630+0000] {dagbag.py:588} INFO - Filling up the DagBag from /opt/airflow/dags/main.py
[2026-08-18T19:06:21.735+0000] {processor.py:925} INFO - DAG(s) 'data_quality', 'produce_json', 'update_db' retrieved from /opt/airflow/dags/main.py
[2026-08-18T19:06:21.764+0000] {logging_mixin.py:190} INFO - [2026-08-18T19:06:21.763+0000] {dag.py:3239} INFO - Sync 3 DAGs
[2026-08-18T19:06:21.782+0000] {logging_mixin.py:190} INFO - [2026-08-18T19:06:21.782+0000] {dag.py:4180} INFO - Setting next_dagrun for data_quality to None, run_after=None
[2026-08-18T19:06:21.787+0000] {logging_mixin.py:190} INFO - [2026-08-18T19:06:21.787+0000] {dag.py:4180} INFO - Setting next_dagrun for produce_json to 2026-08-18 11:00:00+00:00, run_after=2026-08-19 11:00:00+00:00
[2026-08-18T19:06:21.789+0000] {logging_mixin.py:190} INFO - [2026-08-18T19:06:21.788+0000] {dag.py:4180} INFO - Setting next_dagrun for update_db to None, run_after=None
[2026-08-18T19:06:21.804+0000] {processor.py:208} INFO - Processing /opt/airflow/dags/main.py took 0.188 seconds
[2026-08-18T19:06:52.046+0000] {processor.py:186} INFO - Started process (PID=326) to work on /opt/airflow/dags/main.py
[2026-08-18T19:06:52.047+0000] {processor.py:914} INFO - Processing file /opt/airflow/dags/main.py for tasks to queue
[2026-08-18T19:06:52.050+0000] {logging_mixin.py:190} INFO - [2026-08-18T19:06:52.050+0000] {dagbag.py:588} INFO - Filling up the DagBag from /opt/airflow/dags/main.py
[2026-08-18T19:06:52.158+0000] {processor.py:925} INFO - DAG(s) 'data_quality', 'produce_json', 'update_db' retrieved from /opt/airflow/dags/main.py
[2026-08-18T19:06:52.182+0000] {logging_mixin.py:190} INFO - [2026-08-18T19:06:52.182+0000] {dag.py:3239} INFO - Sync 3 DAGs
[2026-08-18T19:06:52.200+0000] {logging_mixin.py:190} INFO - [2026-08-18T19:06:52.200+0000] {dag.py:4180} INFO - Setting next_dagrun for data_quality to None, run_after=None
[2026-08-18T19:06:52.205+0000] {logging_mixin.py:190} INFO - [2026-08-18T19:06:52.205+0000] {dag.py:4180} INFO - Setting next_dagrun for produce_json to 2026-08-18 11:00:00+00:00, run_after=2026-08-19 11:00:00+00:00
[2026-08-18T19:06:52.207+0000] {logging_mixin.py:190} INFO - [2026-08-18T19:06:52.207+0000] {dag.py:4180} INFO - Setting next_dagrun for update_db to None, run_after=None
[2026-08-18T19:06:52.222+0000] {processor.py:208} INFO - Processing /opt/airflow/dags/main.py took 0.180 seconds
[2026-08-18T19:07:22.551+0000] {processor.py:186} INFO - Started process (PID=333) to work on /opt/airflow/dags/main.py
[2026-08-18T19:07:22.552+0000] {processor.py:914} INFO - Processing file /opt/airflow/dags/main.py for tasks to queue
[2026-08-18T19:07:22.555+0000] {logging_mixin.py:190} INFO - [2026-08-18T19:07:22.555+0000] {dagbag.py:588} INFO - Filling up the DagBag from /opt/airflow/dags/main.py
[2026-08-18T19:07:22.652+0000] {processor.py:925} INFO - DAG(s) 'data_quality', 'produce_json', 'update_db' retrieved from /opt/airflow/dags/main.py
[2026-08-18T19:07:22.674+0000] {logging_mixin.py:190} INFO - [2026-08-18T19:07:22.674+0000] {dag.py:3239} INFO - Sync 3 DAGs
[2026-08-18T19:07:22.691+0000] {logging_mixin.py:190} INFO - [2026-08-18T19:07:22.690+0000] {dag.py:4180} INFO - Setting next_dagrun for data_quality to None, run_after=None
[2026-08-18T19:07:22.695+0000] {logging_mixin.py:190} INFO - [2026-08-18T19:07:22.695+0000] {dag.py:4180} INFO - Setting next_dagrun for produce_json to 2026-08-18 11:00:00+00:00, run_after=2026-08-19 11:00:00+00:00
[2026-08-18T19:07:22.697+0000] {logging_mixin.py:190} INFO - [2026-08-18T19:07:22.696+0000] {dag.py:4180} INFO - Setting next_dagrun for update_db to None, run_after=None
[2026-08-18T19:07:22.711+0000] {processor.py:208} INFO - Processing /opt/airflow/dags/main.py took 0.166 seconds
[2026-08-18T19:07:52.785+0000] {processor.py:186} INFO - Started process (PID=340) to work on /opt/airflow/dags/main.py
[2026-08-18T19:07:52.787+0000] {processor.py:914} INFO - Processing file /opt/airflow/dags/main.py for tasks to queue
[2026-08-18T19:07:52.790+0000] {logging_mixin.py:190} INFO - [2026-08-18T19:07:52.790+0000] {dagbag.py:588} INFO - Filling up the DagBag from /opt/airflow/dags/main.py
[2026-08-18T19:07:52.896+0000] {processor.py:925} INFO - DAG(s) 'data_quality', 'update_db', 'produce_json' retrieved from /opt/airflow/dags/main.py
[2026-08-18T19:07:52.919+0000] {logging_mixin.py:190} INFO - [2026-08-18T19:07:52.919+0000] {dag.py:3239} INFO - Sync 3 DAGs
[2026-08-18T19:07:52.940+0000] {logging_mixin.py:190} INFO - [2026-08-18T19:07:52.939+0000] {dag.py:4180} INFO - Setting next_dagrun for data_quality to None, run_after=None
[2026-08-18T19:07:52.945+0000] {logging_mixin.py:190} INFO - [2026-08-18T19:07:52.945+0000] {dag.py:4180} INFO - Setting next_dagrun for produce_json to 2026-08-18 11:00:00+00:00, run_after=2026-08-19 11:00:00+00:00
[2026-08-18T19:07:52.948+0000] {logging_mixin.py:190} INFO - [2026-08-18T19:07:52.948+0000] {dag.py:4180} INFO - Setting next_dagrun for update_db to None, run_after=None
[2026-08-18T19:07:52.965+0000] {processor.py:208} INFO - Processing /opt/airflow/dags/main.py took 0.185 seconds
[2026-08-18T19:08:23.228+0000] {processor.py:186} INFO - Started process (PID=347) to work on /opt/airflow/dags/main.py
[2026-08-18T19:08:23.229+0000] {processor.py:914} INFO - Processing file /opt/airflow/dags/main.py for tasks to queue
[2026-08-18T19:08:23.234+0000] {logging_mixin.py:190} INFO - [2026-08-18T19:08:23.234+0000] {dagbag.py:588} INFO - Filling up the DagBag from /opt/airflow/dags/main.py
[2026-08-18T19:08:23.356+0000] {processor.py:925} INFO - DAG(s) 'update_db', 'data_quality', 'produce_json' retrieved from /opt/airflow/dags/main.py
[2026-08-18T19:08:23.379+0000] {logging_mixin.py:190} INFO - [2026-08-18T19:08:23.378+0000] {dag.py:3239} INFO - Sync 3 DAGs
[2026-08-18T19:08:23.398+0000] {logging_mixin.py:190} INFO - [2026-08-18T19:08:23.397+0000] {dag.py:4180} INFO - Setting next_dagrun for data_quality to None, run_after=None
[2026-08-18T19:08:23.406+0000] {logging_mixin.py:190} INFO - [2026-08-18T19:08:23.406+0000] {dag.py:4180} INFO - Setting next_dagrun for produce_json to 2026-08-18 11:00:00+00:00, run_after=2026-08-19 11:00:00+00:00
[2026-08-18T19:08:23.410+0000] {logging_mixin.py:190} INFO - [2026-08-18T19:08:23.409+0000] {dag.py:4180} INFO - Setting next_dagrun for update_db to None, run_after=None
[2026-08-18T19:08:23.430+0000] {processor.py:208} INFO - Processing /opt/airflow/dags/main.py took 0.207 seconds
[2026-08-18T19:08:53.505+0000] {processor.py:186} INFO - Started process (PID=354) to work on /opt/airflow/dags/main.py
[2026-08-18T19:08:53.507+0000] {processor.py:914} INFO - Processing file /opt/airflow/dags/main.py for tasks to queue
[2026-08-18T19:08:53.510+0000] {logging_mixin.py:190} INFO - [2026-08-18T19:08:53.510+0000] {dagbag.py:588} INFO - Filling up the DagBag from /opt/airflow/dags/main.py
[2026-08-18T19:08:53.621+0000] {processor.py:925} INFO - DAG(s) 'data_quality', 'update_db', 'produce_json' retrieved from /opt/airflow/dags/main.py
[2026-08-18T19:08:53.644+0000] {logging_mixin.py:190} INFO - [2026-08-18T19:08:53.644+0000] {dag.py:3239} INFO - Sync 3 DAGs
[2026-08-18T19:08:53.660+0000] {logging_mixin.py:190} INFO - [2026-08-18T19:08:53.660+0000] {dag.py:4180} INFO - Setting next_dagrun for data_quality to None, run_after=None
[2026-08-18T19:08:53.664+0000] {logging_mixin.py:190} INFO - [2026-08-18T19:08:53.664+0000] {dag.py:4180} INFO - Setting next_dagrun for produce_json to 2026-08-18 11:00:00+00:00, run_after=2026-08-19 11:00:00+00:00
[2026-08-18T19:08:53.666+0000] {logging_mixin.py:190} INFO - [2026-08-18T19:08:53.666+0000] {dag.py:4180} INFO - Setting next_dagrun for update_db to None, run_after=None
[2026-08-18T19:08:53.678+0000] {processor.py:208} INFO - Processing /opt/airflow/dags/main.py took 0.178 seconds
[2026-08-18T19:09:23.926+0000] {processor.py:186} INFO - Started process (PID=361) to work on /opt/airflow/dags/main.py
[2026-08-18T19:09:23.927+0000] {processor.py:914} INFO - Processing file /opt/airflow/dags/main.py for tasks to queue
[2026-08-18T19:09:23.930+0000] {logging_mixin.py:190} INFO - [2026-08-18T19:09:23.929+0000] {dagbag.py:588} INFO - Filling up the DagBag from /opt/airflow/dags/main.py
[2026-08-18T19:09:24.027+0000] {processor.py:925} INFO - DAG(s) 'produce_json', 'update_db', 'data_quality' retrieved from /opt/airflow/dags/main.py
[2026-08-18T19:09:24.051+0000] {logging_mixin.py:190} INFO - [2026-08-18T19:09:24.050+0000] {dag.py:3239} INFO - Sync 3 DAGs
[2026-08-18T19:09:24.068+0000] {logging_mixin.py:190} INFO - [2026-08-18T19:09:24.068+0000] {dag.py:4180} INFO - Setting next_dagrun for data_quality to None, run_after=None
[2026-08-18T19:09:24.074+0000] {logging_mixin.py:190} INFO - [2026-08-18T19:09:24.073+0000] {dag.py:4180} INFO - Setting next_dagrun for produce_json to 2026-08-18 11:00:00+00:00, run_after=2026-08-19 11:00:00+00:00
[2026-08-18T19:09:24.076+0000] {logging_mixin.py:190} INFO - [2026-08-18T19:09:24.076+0000] {dag.py:4180} INFO - Setting next_dagrun for update_db to None, run_after=None
[2026-08-18T19:09:24.091+0000] {processor.py:208} INFO - Processing /opt/airflow/dags/main.py took 0.170 seconds
[2026-08-18T19:09:54.197+0000] {processor.py:186} INFO - Started process (PID=368) to work on /opt/airflow/dags/main.py
[2026-08-18T19:09:54.198+0000] {processor.py:914} INFO - Processing file /opt/airflow/dags/main.py for tasks to queue
[2026-08-18T19:09:54.201+0000] {logging_mixin.py:190} INFO - [2026-08-18T19:09:54.201+0000] {dagbag.py:588} INFO - Filling up the DagBag from /opt/airflow/dags/main.py
[2026-08-18T19:09:54.304+0000] {processor.py:925} INFO - DAG(s) 'update_db', 'produce_json', 'data_quality' retrieved from /opt/airflow/dags/main.py
[2026-08-18T19:09:54.327+0000] {logging_mixin.py:190} INFO - [2026-08-18T19:09:54.327+0000] {dag.py:3239} INFO - Sync 3 DAGs
[2026-08-18T19:09:54.343+0000] {logging_mixin.py:190} INFO - [2026-08-18T19:09:54.343+0000] {dag.py:4180} INFO - Setting next_dagrun for data_quality to None, run_after=None
[2026-08-18T19:09:54.347+0000] {logging_mixin.py:190} INFO - [2026-08-18T19:09:54.347+0000] {dag.py:4180} INFO - Setting next_dagrun for produce_json to 2026-08-18 11:00:00+00:00, run_after=2026-08-19 11:00:00+00:00
[2026-08-18T19:09:54.349+0000] {logging_mixin.py:190} INFO - [2026-08-18T19:09:54.349+0000] {dag.py:4180} INFO - Setting next_dagrun for update_db to None, run_after=None
[2026-08-18T19:09:54.363+0000] {processor.py:208} INFO - Processing /opt/airflow/dags/main.py took 0.171 seconds
[2026-08-18T19:10:24.591+0000] {processor.py:186} INFO - Started process (PID=375) to work on /opt/airflow/dags/main.py
[2026-08-18T19:10:24.593+0000] {processor.py:914} INFO - Processing file /opt/airflow/dags/main.py for tasks to queue
[2026-08-18T19:10:24.596+0000] {logging_mixin.py:190} INFO - [2026-08-18T19:10:24.596+0000] {dagbag.py:588} INFO - Filling up the DagBag from /opt/airflow/dags/main.py
[2026-08-18T19:10:24.716+0000] {processor.py:925} INFO - DAG(s) 'produce_json', 'update_db', 'data_quality' retrieved from /opt/airflow/dags/main.py
[2026-08-18T19:10:24.741+0000] {logging_mixin.py:190} INFO - [2026-08-18T19:10:24.741+0000] {dag.py:3239} INFO - Sync 3 DAGs
[2026-08-18T19:10:24.760+0000] {logging_mixin.py:190} INFO - [2026-08-18T19:10:24.760+0000] {dag.py:4180} INFO - Setting next_dagrun for data_quality to None, run_after=None
[2026-08-18T19:10:24.767+0000] {logging_mixin.py:190} INFO - [2026-08-18T19:10:24.767+0000] {dag.py:4180} INFO - Setting next_dagrun for produce_json to 2026-08-18 11:00:00+00:00, run_after=2026-08-19 11:00:00+00:00
[2026-08-18T19:10:24.769+0000] {logging_mixin.py:190} INFO - [2026-08-18T19:10:24.769+0000] {dag.py:4180} INFO - Setting next_dagrun for update_db to None, run_after=None
[2026-08-18T19:10:24.783+0000] {processor.py:208} INFO - Processing /opt/airflow/dags/main.py took 0.197 seconds
[2026-08-18T19:10:54.838+0000] {processor.py:186} INFO - Started process (PID=382) to work on /opt/airflow/dags/main.py
[2026-08-18T19:10:54.840+0000] {processor.py:914} INFO - Processing file /opt/airflow/dags/main.py for tasks to queue
[2026-08-18T19:10:54.843+0000] {logging_mixin.py:190} INFO - [2026-08-18T19:10:54.843+0000] {dagbag.py:588} INFO - Filling up the DagBag from /opt/airflow/dags/main.py
[2026-08-18T19:10:54.953+0000] {processor.py:925} INFO - DAG(s) 'update_db', 'data_quality', 'produce_json' retrieved from /opt/airflow/dags/main.py
[2026-08-18T19:10:54.979+0000] {logging_mixin.py:190} INFO - [2026-08-18T19:10:54.979+0000] {dag.py:3239} INFO - Sync 3 DAGs
[2026-08-18T19:10:54.999+0000] {logging_mixin.py:190} INFO - [2026-08-18T19:10:54.999+0000] {dag.py:4180} INFO - Setting next_dagrun for data_quality to None, run_after=None
[2026-08-18T19:10:55.004+0000] {logging_mixin.py:190} INFO - [2026-08-18T19:10:55.004+0000] {dag.py:4180} INFO - Setting next_dagrun for produce_json to 2026-08-18 11:00:00+00:00, run_after=2026-08-19 11:00:00+00:00
[2026-08-18T19:10:55.007+0000] {logging_mixin.py:190} INFO - [2026-08-18T19:10:55.007+0000] {dag.py:4180} INFO - Setting next_dagrun for update_db to None, run_after=None
[2026-08-18T19:10:55.021+0000] {processor.py:208} INFO - Processing /opt/airflow/dags/main.py took 0.189 seconds
[2026-08-18T19:11:25.288+0000] {processor.py:186} INFO - Started process (PID=389) to work on /opt/airflow/dags/main.py
[2026-08-18T19:11:25.290+0000] {processor.py:914} INFO - Processing file /opt/airflow/dags/main.py for tasks to queue
[2026-08-18T19:11:25.293+0000] {logging_mixin.py:190} INFO - [2026-08-18T19:11:25.292+0000] {dagbag.py:588} INFO - Filling up the DagBag from /opt/airflow/dags/main.py
[2026-08-18T19:11:25.422+0000] {processor.py:925} INFO - DAG(s) 'update_db', 'data_quality', 'produce_json' retrieved from /opt/airflow/dags/main.py
[2026-08-18T19:11:25.446+0000] {logging_mixin.py:190} INFO - [2026-08-18T19:11:25.446+0000] {dag.py:3239} INFO - Sync 3 DAGs
[2026-08-18T19:11:25.468+0000] {logging_mixin.py:190} INFO - [2026-08-18T19:11:25.467+0000] {dag.py:4180} INFO - Setting next_dagrun for data_quality to None, run_after=None
[2026-08-18T19:11:25.474+0000] {logging_mixin.py:190} INFO - [2026-08-18T19:11:25.474+0000] {dag.py:4180} INFO - Setting next_dagrun for produce_json to 2026-08-18 11:00:00+00:00, run_after=2026-08-19 11:00:00+00:00
[2026-08-18T19:11:25.476+0000] {logging_mixin.py:190} INFO - [2026-08-18T19:11:25.476+0000] {dag.py:4180} INFO - Setting next_dagrun for update_db to None, run_after=None
[2026-08-18T19:11:25.490+0000] {processor.py:208} INFO - Processing /opt/airflow/dags/main.py took 0.207 seconds
[2026-08-18T19:11:55.802+0000] {processor.py:186} INFO - Started process (PID=397) to work on /opt/airflow/dags/main.py
[2026-08-18T19:11:55.804+0000] {processor.py:914} INFO - Processing file /opt/airflow/dags/main.py for tasks to queue
[2026-08-18T19:11:55.808+0000] {logging_mixin.py:190} INFO - [2026-08-18T19:11:55.808+0000] {dagbag.py:588} INFO - Filling up the DagBag from /opt/airflow/dags/main.py
[2026-08-18T19:11:55.935+0000] {processor.py:925} INFO - DAG(s) 'data_quality', 'update_db', 'produce_json' retrieved from /opt/airflow/dags/main.py
[2026-08-18T19:11:55.963+0000] {logging_mixin.py:190} INFO - [2026-08-18T19:11:55.963+0000] {dag.py:3239} INFO - Sync 3 DAGs
[2026-08-18T19:11:55.984+0000] {logging_mixin.py:190} INFO - [2026-08-18T19:11:55.984+0000] {dag.py:4180} INFO - Setting next_dagrun for data_quality to None, run_after=None
[2026-08-18T19:11:55.992+0000] {logging_mixin.py:190} INFO - [2026-08-18T19:11:55.992+0000] {dag.py:4180} INFO - Setting next_dagrun for produce_json to 2026-08-18 11:00:00+00:00, run_after=2026-08-19 11:00:00+00:00
[2026-08-18T19:11:55.994+0000] {logging_mixin.py:190} INFO - [2026-08-18T19:11:55.994+0000] {dag.py:4180} INFO - Setting next_dagrun for update_db to None, run_after=None
[2026-08-18T19:11:56.011+0000] {processor.py:208} INFO - Processing /opt/airflow/dags/main.py took 0.215 seconds
[2026-08-18T19:12:26.199+0000] {processor.py:186} INFO - Started process (PID=404) to work on /opt/airflow/dags/main.py
[2026-08-18T19:12:26.201+0000] {processor.py:914} INFO - Processing file /opt/airflow/dags/main.py for tasks to queue
[2026-08-18T19:12:26.205+0000] {logging_mixin.py:190} INFO - [2026-08-18T19:12:26.205+0000] {dagbag.py:588} INFO - Filling up the DagBag from /opt/airflow/dags/main.py
[2026-08-18T19:12:26.307+0000] {processor.py:925} INFO - DAG(s) 'update_db', 'data_quality', 'produce_json' retrieved from /opt/airflow/dags/main.py
[2026-08-18T19:12:26.332+0000] {logging_mixin.py:190} INFO - [2026-08-18T19:12:26.332+0000] {dag.py:3239} INFO - Sync 3 DAGs
[2026-08-18T19:12:26.354+0000] {logging_mixin.py:190} INFO - [2026-08-18T19:12:26.354+0000] {dag.py:4180} INFO - Setting next_dagrun for data_quality to None, run_after=None
[2026-08-18T19:12:26.360+0000] {logging_mixin.py:190} INFO - [2026-08-18T19:12:26.359+0000] {dag.py:4180} INFO - Setting next_dagrun for produce_json to 2026-08-18 11:00:00+00:00, run_after=2026-08-19 11:00:00+00:00
[2026-08-18T19:12:26.361+0000] {logging_mixin.py:190} INFO - [2026-08-18T19:12:26.361+0000] {dag.py:4180} INFO - Setting next_dagrun for update_db to None, run_after=None
[2026-08-18T19:12:26.374+0000] {processor.py:208} INFO - Processing /opt/airflow/dags/main.py took 0.180 seconds
[2026-08-18T19:12:56.517+0000] {processor.py:186} INFO - Started process (PID=411) to work on /opt/airflow/dags/main.py
[2026-08-18T19:12:56.519+0000] {processor.py:914} INFO - Processing file /opt/airflow/dags/main.py for tasks to queue
[2026-08-18T19:12:56.522+0000] {logging_mixin.py:190} INFO - [2026-08-18T19:12:56.522+0000] {dagbag.py:588} INFO - Filling up the DagBag from /opt/airflow/dags/main.py
[2026-08-18T19:12:56.634+0000] {processor.py:925} INFO - DAG(s) 'update_db', 'data_quality', 'produce_json' retrieved from /opt/airflow/dags/main.py
[2026-08-18T19:12:56.655+0000] {logging_mixin.py:190} INFO - [2026-08-18T19:12:56.655+0000] {dag.py:3239} INFO - Sync 3 DAGs
[2026-08-18T19:12:56.670+0000] {logging_mixin.py:190} INFO - [2026-08-18T19:12:56.670+0000] {dag.py:4180} INFO - Setting next_dagrun for data_quality to None, run_after=None
[2026-08-18T19:12:56.674+0000] {logging_mixin.py:190} INFO - [2026-08-18T19:12:56.674+0000] {dag.py:4180} INFO - Setting next_dagrun for produce_json to 2026-08-18 11:00:00+00:00, run_after=2026-08-19 11:00:00+00:00
[2026-08-18T19:12:56.675+0000] {logging_mixin.py:190} INFO - [2026-08-18T19:12:56.675+0000] {dag.py:4180} INFO - Setting next_dagrun for update_db to None, run_after=None
[2026-08-18T19:12:56.690+0000] {processor.py:208} INFO - Processing /opt/airflow/dags/main.py took 0.178 seconds
[2026-08-18T19:13:26.865+0000] {processor.py:186} INFO - Started process (PID=418) to work on /opt/airflow/dags/main.py
[2026-08-18T19:13:26.866+0000] {processor.py:914} INFO - Processing file /opt/airflow/dags/main.py for tasks to queue
[2026-08-18T19:13:26.870+0000] {logging_mixin.py:190} INFO - [2026-08-18T19:13:26.870+0000] {dagbag.py:588} INFO - Filling up the DagBag from /opt/airflow/dags/main.py
[2026-08-18T19:13:26.983+0000] {processor.py:925} INFO - DAG(s) 'produce_json', 'data_quality', 'update_db' retrieved from /opt/airflow/dags/main.py
[2026-08-18T19:13:27.004+0000] {logging_mixin.py:190} INFO - [2026-08-18T19:13:27.004+0000] {dag.py:3239} INFO - Sync 3 DAGs
[2026-08-18T19:13:27.024+0000] {logging_mixin.py:190} INFO - [2026-08-18T19:13:27.024+0000] {dag.py:4180} INFO - Setting next_dagrun for data_quality to None, run_after=None
[2026-08-18T19:13:27.030+0000] {logging_mixin.py:190} INFO - [2026-08-18T19:13:27.030+0000] {dag.py:4180} INFO - Setting next_dagrun for produce_json to 2026-08-18 11:00:00+00:00, run_after=2026-08-19 11:00:00+00:00
[2026-08-18T19:13:27.031+0000] {logging_mixin.py:190} INFO - [2026-08-18T19:13:27.031+0000] {dag.py:4180} INFO - Setting next_dagrun for update_db to None, run_after=None
[2026-08-18T19:13:27.045+0000] {processor.py:208} INFO - Processing /opt/airflow/dags/main.py took 0.186 seconds
[2026-08-18T19:13:57.181+0000] {processor.py:186} INFO - Started process (PID=425) to work on /opt/airflow/dags/main.py
[2026-08-18T19:13:57.183+0000] {processor.py:914} INFO - Processing file /opt/airflow/dags/main.py for tasks to queue
[2026-08-18T19:13:57.185+0000] {logging_mixin.py:190} INFO - [2026-08-18T19:13:57.185+0000] {dagbag.py:588} INFO - Filling up the DagBag from /opt/airflow/dags/main.py
[2026-08-18T19:13:57.272+0000] {processor.py:925} INFO - DAG(s) 'update_db', 'data_quality', 'produce_json' retrieved from /opt/airflow/dags/main.py
[2026-08-18T19:13:57.291+0000] {logging_mixin.py:190} INFO - [2026-08-18T19:13:57.291+0000] {dag.py:3239} INFO - Sync 3 DAGs
[2026-08-18T19:13:57.308+0000] {logging_mixin.py:190} INFO - [2026-08-18T19:13:57.308+0000] {dag.py:4180} INFO - Setting next_dagrun for data_quality to None, run_after=None
[2026-08-18T19:13:57.313+0000] {logging_mixin.py:190} INFO - [2026-08-18T19:13:57.313+0000] {dag.py:4180} INFO - Setting next_dagrun for produce_json to 2026-08-18 11:00:00+00:00, run_after=2026-08-19 11:00:00+00:00
[2026-08-18T19:13:57.314+0000] {logging_mixin.py:190} INFO - [2026-08-18T19:13:57.314+0000] {dag.py:4180} INFO - Setting next_dagrun for update_db to None, run_after=None
[2026-08-18T19:13:57.328+0000] {processor.py:208} INFO - Processing /opt/airflow/dags/main.py took 0.151 seconds
[2026-08-18T19:14:27.552+0000] {processor.py:186} INFO - Started process (PID=432) to work on /opt/airflow/dags/main.py
[2026-08-18T19:14:27.554+0000] {processor.py:914} INFO - Processing file /opt/airflow/dags/main.py for tasks to queue
[2026-08-18T19:14:27.556+0000] {logging_mixin.py:190} INFO - [2026-08-18T19:14:27.556+0000] {dagbag.py:588} INFO - Filling up the DagBag from /opt/airflow/dags/main.py
[2026-08-18T19:14:27.674+0000] {processor.py:925} INFO - DAG(s) 'data_quality', 'update_db', 'produce_json' retrieved from /opt/airflow/dags/main.py
[2026-08-18T19:14:27.697+0000] {logging_mixin.py:190} INFO - [2026-08-18T19:14:27.696+0000] {dag.py:3239} INFO - Sync 3 DAGs
[2026-08-18T19:14:27.714+0000] {logging_mixin.py:190} INFO - [2026-08-18T19:14:27.714+0000] {dag.py:4180} INFO - Setting next_dagrun for data_quality to None, run_after=None
[2026-08-18T19:14:27.720+0000] {logging_mixin.py:190} INFO - [2026-08-18T19:14:27.719+0000] {dag.py:4180} INFO - Setting next_dagrun for produce_json to 2026-08-18 11:00:00+00:00, run_after=2026-08-19 11:00:00+00:00
[2026-08-18T19:14:27.722+0000] {logging_mixin.py:190} INFO - [2026-08-18T19:14:27.721+0000] {dag.py:4180} INFO - Setting next_dagrun for update_db to None, run_after=None
[2026-08-18T19:14:27.734+0000] {processor.py:208} INFO - Processing /opt/airflow/dags/main.py took 0.187 seconds
[2026-08-18T19:14:57.801+0000] {processor.py:186} INFO - Started process (PID=439) to work on /opt/airflow/dags/main.py
[2026-08-18T19:14:57.802+0000] {processor.py:914} INFO - Processing file /opt/airflow/dags/main.py for tasks to queue
[2026-08-18T19:14:57.806+0000] {logging_mixin.py:190} INFO - [2026-08-18T19:14:57.806+0000] {dagbag.py:588} INFO - Filling up the DagBag from /opt/airflow/dags/main.py
[2026-08-18T19:14:57.920+0000] {processor.py:925} INFO - DAG(s) 'update_db', 'data_quality', 'produce_json' retrieved from /opt/airflow/dags/main.py
[2026-08-18T19:14:57.945+0000] {logging_mixin.py:190} INFO - [2026-08-18T19:14:57.945+0000] {dag.py:3239} INFO - Sync 3 DAGs
[2026-08-18T19:14:57.964+0000] {logging_mixin.py:190} INFO - [2026-08-18T19:14:57.964+0000] {dag.py:4180} INFO - Setting next_dagrun for data_quality to None, run_after=None
[2026-08-18T19:14:57.968+0000] {logging_mixin.py:190} INFO - [2026-08-18T19:14:57.968+0000] {dag.py:4180} INFO - Setting next_dagrun for produce_json to 2026-08-18 11:00:00+00:00, run_after=2026-08-19 11:00:00+00:00
[2026-08-18T19:14:57.971+0000] {logging_mixin.py:190} INFO - [2026-08-18T19:14:57.970+0000] {dag.py:4180} INFO - Setting next_dagrun for update_db to None, run_after=None
[2026-08-18T19:14:57.987+0000] {processor.py:208} INFO - Processing /opt/airflow/dags/main.py took 0.192 seconds
[2026-08-18T19:15:28.252+0000] {processor.py:186} INFO - Started process (PID=446) to work on /opt/airflow/dags/main.py
[2026-08-18T19:15:28.254+0000] {processor.py:914} INFO - Processing file /opt/airflow/dags/main.py for tasks to queue
[2026-08-18T19:15:28.257+0000] {logging_mixin.py:190} INFO - [2026-08-18T19:15:28.257+0000] {dagbag.py:588} INFO - Filling up the DagBag from /opt/airflow/dags/main.py
[2026-08-18T19:15:28.381+0000] {processor.py:925} INFO - DAG(s) 'produce_json', 'update_db', 'data_quality' retrieved from /opt/airflow/dags/main.py
[2026-08-18T19:15:28.409+0000] {logging_mixin.py:190} INFO - [2026-08-18T19:15:28.408+0000] {dag.py:3239} INFO - Sync 3 DAGs
[2026-08-18T19:15:28.431+0000] {logging_mixin.py:190} INFO - [2026-08-18T19:15:28.431+0000] {dag.py:4180} INFO - Setting next_dagrun for data_quality to None, run_after=None
[2026-08-18T19:15:28.438+0000] {logging_mixin.py:190} INFO - [2026-08-18T19:15:28.437+0000] {dag.py:4180} INFO - Setting next_dagrun for produce_json to 2026-08-18 11:00:00+00:00, run_after=2026-08-19 11:00:00+00:00
[2026-08-18T19:15:28.440+0000] {logging_mixin.py:190} INFO - [2026-08-18T19:15:28.440+0000] {dag.py:4180} INFO - Setting next_dagrun for update_db to None, run_after=None
[2026-08-18T19:15:28.456+0000] {processor.py:208} INFO - Processing /opt/airflow/dags/main.py took 0.209 seconds
[2026-08-18T19:15:58.684+0000] {processor.py:186} INFO - Started process (PID=453) to work on /opt/airflow/dags/main.py
[2026-08-18T19:15:58.687+0000] {processor.py:914} INFO - Processing file /opt/airflow/dags/main.py for tasks to queue
[2026-08-18T19:15:58.690+0000] {logging_mixin.py:190} INFO - [2026-08-18T19:15:58.690+0000] {dagbag.py:588} INFO - Filling up the DagBag from /opt/airflow/dags/main.py
[2026-08-18T19:15:58.781+0000] {processor.py:925} INFO - DAG(s) 'data_quality', 'update_db', 'produce_json' retrieved from /opt/airflow/dags/main.py
[2026-08-18T19:15:58.809+0000] {logging_mixin.py:190} INFO - [2026-08-18T19:15:58.809+0000] {dag.py:3239} INFO - Sync 3 DAGs
[2026-08-18T19:15:58.830+0000] {logging_mixin.py:190} INFO - [2026-08-18T19:15:58.830+0000] {dag.py:4180} INFO - Setting next_dagrun for data_quality to None, run_after=None
[2026-08-18T19:15:58.837+0000] {logging_mixin.py:190} INFO - [2026-08-18T19:15:58.837+0000] {dag.py:4180} INFO - Setting next_dagrun for produce_json to 2026-08-18 11:00:00+00:00, run_after=2026-08-19 11:00:00+00:00
[2026-08-18T19:15:58.839+0000] {logging_mixin.py:190} INFO - [2026-08-18T19:15:58.839+0000] {dag.py:4180} INFO - Setting next_dagrun for update_db to None, run_after=None
[2026-08-18T19:15:58.858+0000] {processor.py:208} INFO - Processing /opt/airflow/dags/main.py took 0.179 seconds
[2026-08-18T19:16:28.930+0000] {processor.py:186} INFO - Started process (PID=460) to work on /opt/airflow/dags/main.py
[2026-08-18T19:16:28.931+0000] {processor.py:914} INFO - Processing file /opt/airflow/dags/main.py for tasks to queue
[2026-08-18T19:16:28.934+0000] {logging_mixin.py:190} INFO - [2026-08-18T19:16:28.934+0000] {dagbag.py:588} INFO - Filling up the DagBag from /opt/airflow/dags/main.py
[2026-08-18T19:16:29.022+0000] {processor.py:925} INFO - DAG(s) 'data_quality', 'update_db', 'produce_json' retrieved from /opt/airflow/dags/main.py
[2026-08-18T19:16:29.043+0000] {logging_mixin.py:190} INFO - [2026-08-18T19:16:29.042+0000] {dag.py:3239} INFO - Sync 3 DAGs
[2026-08-18T19:16:29.060+0000] {logging_mixin.py:190} INFO - [2026-08-18T19:16:29.060+0000] {dag.py:4180} INFO - Setting next_dagrun for data_quality to None, run_after=None
[2026-08-18T19:16:29.065+0000] {logging_mixin.py:190} INFO - [2026-08-18T19:16:29.064+0000] {dag.py:4180} INFO - Setting next_dagrun for produce_json to 2026-08-18 11:00:00+00:00, run_after=2026-08-19 11:00:00+00:00
[2026-08-18T19:16:29.066+0000] {logging_mixin.py:190} INFO - [2026-08-18T19:16:29.066+0000] {dag.py:4180} INFO - Setting next_dagrun for update_db to None, run_after=None
[2026-08-18T19:16:29.081+0000] {processor.py:208} INFO - Processing /opt/airflow/dags/main.py took 0.156 seconds
[2026-08-18T19:16:59.171+0000] {processor.py:186} INFO - Started process (PID=467) to work on /opt/airflow/dags/main.py
[2026-08-18T19:16:59.174+0000] {processor.py:914} INFO - Processing file /opt/airflow/dags/main.py for tasks to queue
[2026-08-18T19:16:59.178+0000] {logging_mixin.py:190} INFO - [2026-08-18T19:16:59.177+0000] {dagbag.py:588} INFO - Filling up the DagBag from /opt/airflow/dags/main.py
[2026-08-18T19:16:59.293+0000] {processor.py:925} INFO - DAG(s) 'produce_json', 'update_db', 'data_quality' retrieved from /opt/airflow/dags/main.py
[2026-08-18T19:16:59.318+0000] {logging_mixin.py:190} INFO - [2026-08-18T19:16:59.317+0000] {dag.py:3239} INFO - Sync 3 DAGs
[2026-08-18T19:16:59.338+0000] {logging_mixin.py:190} INFO - [2026-08-18T19:16:59.337+0000] {dag.py:4180} INFO - Setting next_dagrun for data_quality to None, run_after=None
[2026-08-18T19:16:59.343+0000] {logging_mixin.py:190} INFO - [2026-08-18T19:16:59.343+0000] {dag.py:4180} INFO - Setting next_dagrun for produce_json to 2026-08-18 11:00:00+00:00, run_after=2026-08-19 11:00:00+00:00
[2026-08-18T19:16:59.345+0000] {logging_mixin.py:190} INFO - [2026-08-18T19:16:59.345+0000] {dag.py:4180} INFO - Setting next_dagrun for update_db to None, run_after=None
[2026-08-18T19:16:59.364+0000] {processor.py:208} INFO - Processing /opt/airflow/dags/main.py took 0.198 seconds
[2026-08-18T19:17:29.695+0000] {processor.py:186} INFO - Started process (PID=474) to work on /opt/airflow/dags/main.py
[2026-08-18T19:17:29.696+0000] {processor.py:914} INFO - Processing file /opt/airflow/dags/main.py for tasks to queue
[2026-08-18T19:17:29.699+0000] {logging_mixin.py:190} INFO - [2026-08-18T19:17:29.698+0000] {dagbag.py:588} INFO - Filling up the DagBag from /opt/airflow/dags/main.py
[2026-08-18T19:17:29.778+0000] {processor.py:925} INFO - DAG(s) 'update_db', 'produce_json', 'data_quality' retrieved from /opt/airflow/dags/main.py
[2026-08-18T19:17:29.802+0000] {logging_mixin.py:190} INFO - [2026-08-18T19:17:29.802+0000] {dag.py:3239} INFO - Sync 3 DAGs
[2026-08-18T19:17:29.821+0000] {logging_mixin.py:190} INFO - [2026-08-18T19:17:29.821+0000] {dag.py:4180} INFO - Setting next_dagrun for data_quality to None, run_after=None
[2026-08-18T19:17:29.826+0000] {logging_mixin.py:190} INFO - [2026-08-18T19:17:29.826+0000] {dag.py:4180} INFO - Setting next_dagrun for produce_json to 2026-08-18 11:00:00+00:00, run_after=2026-08-19 11:00:00+00:00
[2026-08-18T19:17:29.828+0000] {logging_mixin.py:190} INFO - [2026-08-18T19:17:29.828+0000] {dag.py:4180} INFO - Setting next_dagrun for update_db to None, run_after=None
[2026-08-18T19:17:29.843+0000] {processor.py:208} INFO - Processing /opt/airflow/dags/main.py took 0.153 seconds
[2026-08-18T19:17:59.936+0000] {processor.py:186} INFO - Started process (PID=481) to work on /opt/airflow/dags/main.py
[2026-08-18T19:17:59.939+0000] {processor.py:914} INFO - Processing file /opt/airflow/dags/main.py for tasks to queue
[2026-08-18T19:17:59.942+0000] {logging_mixin.py:190} INFO - [2026-08-18T19:17:59.942+0000] {dagbag.py:588} INFO - Filling up the DagBag from /opt/airflow/dags/main.py
[2026-08-18T19:18:00.063+0000] {processor.py:925} INFO - DAG(s) 'produce_json', 'update_db', 'data_quality' retrieved from /opt/airflow/dags/main.py
[2026-08-18T19:18:00.086+0000] {logging_mixin.py:190} INFO - [2026-08-18T19:18:00.086+0000] {dag.py:3239} INFO - Sync 3 DAGs
[2026-08-18T19:18:00.104+0000] {logging_mixin.py:190} INFO - [2026-08-18T19:18:00.104+0000] {dag.py:4180} INFO - Setting next_dagrun for data_quality to None, run_after=None
[2026-08-18T19:18:00.109+0000] {logging_mixin.py:190} INFO - [2026-08-18T19:18:00.109+0000] {dag.py:4180} INFO - Setting next_dagrun for produce_json to 2026-08-18 11:00:00+00:00, run_after=2026-08-19 11:00:00+00:00
[2026-08-18T19:18:00.111+0000] {logging_mixin.py:190} INFO - [2026-08-18T19:18:00.111+0000] {dag.py:4180} INFO - Setting next_dagrun for update_db to None, run_after=None
[2026-08-18T19:18:00.129+0000] {processor.py:208} INFO - Processing /opt/airflow/dags/main.py took 0.199 seconds
[2026-08-18T19:18:30.298+0000] {processor.py:186} INFO - Started process (PID=488) to work on /opt/airflow/dags/main.py
[2026-08-18T19:18:30.299+0000] {processor.py:914} INFO - Processing file /opt/airflow/dags/main.py for tasks to queue
[2026-08-18T19:18:30.303+0000] {logging_mixin.py:190} INFO - [2026-08-18T19:18:30.303+0000] {dagbag.py:588} INFO - Filling up the DagBag from /opt/airflow/dags/main.py
[2026-08-18T19:18:30.393+0000] {processor.py:925} INFO - DAG(s) 'update_db', 'produce_json', 'data_quality' retrieved from /opt/airflow/dags/main.py
[2026-08-18T19:18:30.420+0000] {logging_mixin.py:190} INFO - [2026-08-18T19:18:30.420+0000] {dag.py:3239} INFO - Sync 3 DAGs
[2026-08-18T19:18:30.440+0000] {logging_mixin.py:190} INFO - [2026-08-18T19:18:30.440+0000] {dag.py:4180} INFO - Setting next_dagrun for data_quality to None, run_after=None
[2026-08-18T19:18:30.446+0000] {logging_mixin.py:190} INFO - [2026-08-18T19:18:30.446+0000] {dag.py:4180} INFO - Setting next_dagrun for produce_json to 2026-08-18 11:00:00+00:00, run_after=2026-08-19 11:00:00+00:00
[2026-08-18T19:18:30.448+0000] {logging_mixin.py:190} INFO - [2026-08-18T19:18:30.448+0000] {dag.py:4180} INFO - Setting next_dagrun for update_db to None, run_after=None
[2026-08-18T19:18:30.464+0000] {processor.py:208} INFO - Processing /opt/airflow/dags/main.py took 0.172 seconds
[2026-08-18T19:19:00.607+0000] {processor.py:186} INFO - Started process (PID=495) to work on /opt/airflow/dags/main.py
[2026-08-18T19:19:00.609+0000] {processor.py:914} INFO - Processing file /opt/airflow/dags/main.py for tasks to queue
[2026-08-18T19:19:00.612+0000] {logging_mixin.py:190} INFO - [2026-08-18T19:19:00.612+0000] {dagbag.py:588} INFO - Filling up the DagBag from /opt/airflow/dags/main.py
[2026-08-18T19:19:00.715+0000] {processor.py:925} INFO - DAG(s) 'update_db', 'produce_json', 'data_quality' retrieved from /opt/airflow/dags/main.py
[2026-08-18T19:19:00.737+0000] {logging_mixin.py:190} INFO - [2026-08-18T19:19:00.737+0000] {dag.py:3239} INFO - Sync 3 DAGs
[2026-08-18T19:19:00.754+0000] {logging_mixin.py:190} INFO - [2026-08-18T19:19:00.753+0000] {dag.py:4180} INFO - Setting next_dagrun for data_quality to None, run_after=None
[2026-08-18T19:19:00.758+0000] {logging_mixin.py:190} INFO - [2026-08-18T19:19:00.758+0000] {dag.py:4180} INFO - Setting next_dagrun for produce_json to 2026-08-18 11:00:00+00:00, run_after=2026-08-19 11:00:00+00:00
[2026-08-18T19:19:00.760+0000] {logging_mixin.py:190} INFO - [2026-08-18T19:19:00.760+0000] {dag.py:4180} INFO - Setting next_dagrun for update_db to None, run_after=None
[2026-08-18T19:19:00.773+0000] {processor.py:208} INFO - Processing /opt/airflow/dags/main.py took 0.171 seconds
[2026-08-18T19:19:31.004+0000] {processor.py:186} INFO - Started process (PID=502) to work on /opt/airflow/dags/main.py
[2026-08-18T19:19:31.005+0000] {processor.py:914} INFO - Processing file /opt/airflow/dags/main.py for tasks to queue
[2026-08-18T19:19:31.008+0000] {logging_mixin.py:190} INFO - [2026-08-18T19:19:31.008+0000] {dagbag.py:588} INFO - Filling up the DagBag from /opt/airflow/dags/main.py
[2026-08-18T19:19:31.137+0000] {processor.py:925} INFO - DAG(s) 'produce_json', 'update_db', 'data_quality' retrieved from /opt/airflow/dags/main.py
[2026-08-18T19:19:31.158+0000] {logging_mixin.py:190} INFO - [2026-08-18T19:19:31.157+0000] {dag.py:3239} INFO - Sync 3 DAGs
[2026-08-18T19:19:31.183+0000] {logging_mixin.py:190} INFO - [2026-08-18T19:19:31.183+0000] {dag.py:4180} INFO - Setting next_dagrun for data_quality to None, run_after=None
[2026-08-18T19:19:31.188+0000] {logging_mixin.py:190} INFO - [2026-08-18T19:19:31.188+0000] {dag.py:4180} INFO - Setting next_dagrun for produce_json to 2026-08-18 11:00:00+00:00, run_after=2026-08-19 11:00:00+00:00
[2026-08-18T19:19:31.190+0000] {logging_mixin.py:190} INFO - [2026-08-18T19:19:31.190+0000] {dag.py:4180} INFO - Setting next_dagrun for update_db to None, run_after=None
[2026-08-18T19:19:31.207+0000] {processor.py:208} INFO - Processing /opt/airflow/dags/main.py took 0.209 seconds
[2026-08-18T19:20:01.284+0000] {processor.py:186} INFO - Started process (PID=509) to work on /opt/airflow/dags/main.py
[2026-08-18T19:20:01.285+0000] {processor.py:914} INFO - Processing file /opt/airflow/dags/main.py for tasks to queue
[2026-08-18T19:20:01.288+0000] {logging_mixin.py:190} INFO - [2026-08-18T19:20:01.288+0000] {dagbag.py:588} INFO - Filling up the DagBag from /opt/airflow/dags/main.py
[2026-08-18T19:20:01.391+0000] {processor.py:925} INFO - DAG(s) 'update_db', 'data_quality', 'produce_json' retrieved from /opt/airflow/dags/main.py
[2026-08-18T19:20:01.413+0000] {logging_mixin.py:190} INFO - [2026-08-18T19:20:01.412+0000] {dag.py:3239} INFO - Sync 3 DAGs
[2026-08-18T19:20:01.450+0000] {logging_mixin.py:190} INFO - [2026-08-18T19:20:01.449+0000] {dag.py:4180} INFO - Setting next_dagrun for data_quality to None, run_after=None
[2026-08-18T19:20:01.469+0000] {logging_mixin.py:190} INFO - [2026-08-18T19:20:01.469+0000] {dag.py:4180} INFO - Setting next_dagrun for produce_json to 2026-08-18 11:00:00+00:00, run_after=2026-08-19 11:00:00+00:00
[2026-08-18T19:20:01.471+0000] {logging_mixin.py:190} INFO - [2026-08-18T19:20:01.471+0000] {dag.py:4180} INFO - Setting next_dagrun for update_db to None, run_after=None
[2026-08-18T19:20:01.497+0000] {processor.py:208} INFO - Processing /opt/airflow/dags/main.py took 0.219 seconds
[2026-08-18T19:20:31.719+0000] {processor.py:186} INFO - Started process (PID=516) to work on /opt/airflow/dags/main.py
[2026-08-18T19:20:31.720+0000] {processor.py:914} INFO - Processing file /opt/airflow/dags/main.py for tasks to queue
[2026-08-18T19:20:31.723+0000] {logging_mixin.py:190} INFO - [2026-08-18T19:20:31.723+0000] {dagbag.py:588} INFO - Filling up the DagBag from /opt/airflow/dags/main.py
[2026-08-18T19:20:31.806+0000] {processor.py:925} INFO - DAG(s) 'produce_json', 'data_quality', 'update_db' retrieved from /opt/airflow/dags/main.py
[2026-08-18T19:20:31.826+0000] {logging_mixin.py:190} INFO - [2026-08-18T19:20:31.825+0000] {dag.py:3239} INFO - Sync 3 DAGs
[2026-08-18T19:20:31.842+0000] {logging_mixin.py:190} INFO - [2026-08-18T19:20:31.842+0000] {dag.py:4180} INFO - Setting next_dagrun for data_quality to None, run_after=None
[2026-08-18T19:20:31.846+0000] {logging_mixin.py:190} INFO - [2026-08-18T19:20:31.846+0000] {dag.py:4180} INFO - Setting next_dagrun for produce_json to 2026-08-18 11:00:00+00:00, run_after=2026-08-19 11:00:00+00:00
[2026-08-18T19:20:31.848+0000] {logging_mixin.py:190} INFO - [2026-08-18T19:20:31.848+0000] {dag.py:4180} INFO - Setting next_dagrun for update_db to None, run_after=None
[2026-08-18T19:20:31.864+0000] {processor.py:208} INFO - Processing /opt/airflow/dags/main.py took 0.150 seconds
[2026-08-18T19:21:02.040+0000] {processor.py:186} INFO - Started process (PID=523) to work on /opt/airflow/dags/main.py
[2026-08-18T19:21:02.041+0000] {processor.py:914} INFO - Processing file /opt/airflow/dags/main.py for tasks to queue
[2026-08-18T19:21:02.044+0000] {logging_mixin.py:190} INFO - [2026-08-18T19:21:02.044+0000] {dagbag.py:588} INFO - Filling up the DagBag from /opt/airflow/dags/main.py
[2026-08-18T19:21:02.136+0000] {processor.py:925} INFO - DAG(s) 'produce_json', 'data_quality', 'update_db' retrieved from /opt/airflow/dags/main.py
[2026-08-18T19:21:02.158+0000] {logging_mixin.py:190} INFO - [2026-08-18T19:21:02.158+0000] {dag.py:3239} INFO - Sync 3 DAGs
[2026-08-18T19:21:02.179+0000] {logging_mixin.py:190} INFO - [2026-08-18T19:21:02.179+0000] {dag.py:4180} INFO - Setting next_dagrun for data_quality to None, run_after=None
[2026-08-18T19:21:02.184+0000] {logging_mixin.py:190} INFO - [2026-08-18T19:21:02.184+0000] {dag.py:4180} INFO - Setting next_dagrun for produce_json to 2026-08-18 11:00:00+00:00, run_after=2026-08-19 11:00:00+00:00
[2026-08-18T19:21:02.187+0000] {logging_mixin.py:190} INFO - [2026-08-18T19:21:02.186+0000] {dag.py:4180} INFO - Setting next_dagrun for update_db to None, run_after=None
[2026-08-18T19:21:02.202+0000] {processor.py:208} INFO - Processing /opt/airflow/dags/main.py took 0.169 seconds
[2026-08-18T19:21:32.363+0000] {processor.py:186} INFO - Started process (PID=530) to work on /opt/airflow/dags/main.py
[2026-08-18T19:21:32.365+0000] {processor.py:914} INFO - Processing file /opt/airflow/dags/main.py for tasks to queue
[2026-08-18T19:21:32.369+0000] {logging_mixin.py:190} INFO - [2026-08-18T19:21:32.368+0000] {dagbag.py:588} INFO - Filling up the DagBag from /opt/airflow/dags/main.py
[2026-08-18T19:21:32.455+0000] {processor.py:925} INFO - DAG(s) 'data_quality', 'produce_json', 'update_db' retrieved from /opt/airflow/dags/main.py
[2026-08-18T19:21:32.479+0000] {logging_mixin.py:190} INFO - [2026-08-18T19:21:32.479+0000] {dag.py:3239} INFO - Sync 3 DAGs
[2026-08-18T19:21:32.496+0000] {logging_mixin.py:190} INFO - [2026-08-18T19:21:32.496+0000] {dag.py:4180} INFO - Setting next_dagrun for data_quality to None, run_after=None
[2026-08-18T19:21:32.501+0000] {logging_mixin.py:190} INFO - [2026-08-18T19:21:32.501+0000] {dag.py:4180} INFO - Setting next_dagrun for produce_json to 2026-08-18 11:00:00+00:00, run_after=2026-08-19 11:00:00+00:00
[2026-08-18T19:21:32.505+0000] {logging_mixin.py:190} INFO - [2026-08-18T19:21:32.505+0000] {dag.py:4180} INFO - Setting next_dagrun for update_db to None, run_after=None
[2026-08-18T19:21:32.522+0000] {processor.py:208} INFO - Processing /opt/airflow/dags/main.py took 0.164 seconds
[2026-08-18T19:22:02.759+0000] {processor.py:186} INFO - Started process (PID=537) to work on /opt/airflow/dags/main.py
[2026-08-18T19:22:02.760+0000] {processor.py:914} INFO - Processing file /opt/airflow/dags/main.py for tasks to queue
[2026-08-18T19:22:02.763+0000] {logging_mixin.py:190} INFO - [2026-08-18T19:22:02.762+0000] {dagbag.py:588} INFO - Filling up the DagBag from /opt/airflow/dags/main.py
[2026-08-18T19:22:02.866+0000] {processor.py:925} INFO - DAG(s) 'update_db', 'produce_json', 'data_quality' retrieved from /opt/airflow/dags/main.py
[2026-08-18T19:22:02.890+0000] {logging_mixin.py:190} INFO - [2026-08-18T19:22:02.890+0000] {dag.py:3239} INFO - Sync 3 DAGs
[2026-08-18T19:22:02.909+0000] {logging_mixin.py:190} INFO - [2026-08-18T19:22:02.909+0000] {dag.py:4180} INFO - Setting next_dagrun for data_quality to None, run_after=None
[2026-08-18T19:22:02.914+0000] {logging_mixin.py:190} INFO - [2026-08-18T19:22:02.914+0000] {dag.py:4180} INFO - Setting next_dagrun for produce_json to 2026-08-18 11:00:00+00:00, run_after=2026-08-19 11:00:00+00:00
[2026-08-18T19:22:02.916+0000] {logging_mixin.py:190} INFO - [2026-08-18T19:22:02.916+0000] {dag.py:4180} INFO - Setting next_dagrun for update_db to None, run_after=None
[2026-08-18T19:22:02.931+0000] {processor.py:208} INFO - Processing /opt/airflow/dags/main.py took 0.177 seconds
[2026-08-18T19:22:33.198+0000] {processor.py:186} INFO - Started process (PID=544) to work on /opt/airflow/dags/main.py
[2026-08-18T19:22:33.200+0000] {processor.py:914} INFO - Processing file /opt/airflow/dags/main.py for tasks to queue
[2026-08-18T19:22:33.203+0000] {logging_mixin.py:190} INFO - [2026-08-18T19:22:33.202+0000] {dagbag.py:588} INFO - Filling up the DagBag from /opt/airflow/dags/main.py
[2026-08-18T19:22:33.326+0000] {processor.py:925} INFO - DAG(s) 'data_quality', 'produce_json', 'update_db' retrieved from /opt/airflow/dags/main.py
[2026-08-18T19:22:33.350+0000] {logging_mixin.py:190} INFO - [2026-08-18T19:22:33.350+0000] {dag.py:3239} INFO - Sync 3 DAGs
[2026-08-18T19:22:33.369+0000] {logging_mixin.py:190} INFO - [2026-08-18T19:22:33.369+0000] {dag.py:4180} INFO - Setting next_dagrun for data_quality to None, run_after=None
[2026-08-18T19:22:33.374+0000] {logging_mixin.py:190} INFO - [2026-08-18T19:22:33.374+0000] {dag.py:4180} INFO - Setting next_dagrun for produce_json to 2026-08-18 11:00:00+00:00, run_after=2026-08-19 11:00:00+00:00
[2026-08-18T19:22:33.376+0000] {logging_mixin.py:190} INFO - [2026-08-18T19:22:33.376+0000] {dag.py:4180} INFO - Setting next_dagrun for update_db to None, run_after=None
[2026-08-18T19:22:33.391+0000] {processor.py:208} INFO - Processing /opt/airflow/dags/main.py took 0.199 seconds
[2026-08-18T19:23:03.542+0000] {processor.py:186} INFO - Started process (PID=551) to work on /opt/airflow/dags/main.py
[2026-08-18T19:23:03.543+0000] {processor.py:914} INFO - Processing file /opt/airflow/dags/main.py for tasks to queue
[2026-08-18T19:23:03.546+0000] {logging_mixin.py:190} INFO - [2026-08-18T19:23:03.546+0000] {dagbag.py:588} INFO - Filling up the DagBag from /opt/airflow/dags/main.py
[2026-08-18T19:23:03.646+0000] {processor.py:925} INFO - DAG(s) 'produce_json', 'update_db', 'data_quality' retrieved from /opt/airflow/dags/main.py
[2026-08-18T19:23:03.666+0000] {logging_mixin.py:190} INFO - [2026-08-18T19:23:03.666+0000] {dag.py:3239} INFO - Sync 3 DAGs
[2026-08-18T19:23:03.682+0000] {logging_mixin.py:190} INFO - [2026-08-18T19:23:03.681+0000] {dag.py:4180} INFO - Setting next_dagrun for data_quality to None, run_after=None
[2026-08-18T19:23:03.687+0000] {logging_mixin.py:190} INFO - [2026-08-18T19:23:03.687+0000] {dag.py:4180} INFO - Setting next_dagrun for produce_json to 2026-08-18 11:00:00+00:00, run_after=2026-08-19 11:00:00+00:00
[2026-08-18T19:23:03.688+0000] {logging_mixin.py:190} INFO - [2026-08-18T19:23:03.688+0000] {dag.py:4180} INFO - Setting next_dagrun for update_db to None, run_after=None
[2026-08-18T19:23:03.703+0000] {processor.py:208} INFO - Processing /opt/airflow/dags/main.py took 0.167 seconds
[2026-08-18T19:23:33.949+0000] {processor.py:186} INFO - Started process (PID=558) to work on /opt/airflow/dags/main.py
[2026-08-18T19:23:33.951+0000] {processor.py:914} INFO - Processing file /opt/airflow/dags/main.py for tasks to queue
[2026-08-18T19:23:33.958+0000] {logging_mixin.py:190} INFO - [2026-08-18T19:23:33.958+0000] {dagbag.py:588} INFO - Filling up the DagBag from /opt/airflow/dags/main.py
[2026-08-18T19:23:34.083+0000] {processor.py:925} INFO - DAG(s) 'produce_json', 'data_quality', 'update_db' retrieved from /opt/airflow/dags/main.py
[2026-08-18T19:23:34.106+0000] {logging_mixin.py:190} INFO - [2026-08-18T19:23:34.105+0000] {dag.py:3239} INFO - Sync 3 DAGs
[2026-08-18T19:23:34.125+0000] {logging_mixin.py:190} INFO - [2026-08-18T19:23:34.125+0000] {dag.py:4180} INFO - Setting next_dagrun for data_quality to None, run_after=None
[2026-08-18T19:23:34.131+0000] {logging_mixin.py:190} INFO - [2026-08-18T19:23:34.131+0000] {dag.py:4180} INFO - Setting next_dagrun for produce_json to 2026-08-18 11:00:00+00:00, run_after=2026-08-19 11:00:00+00:00
[2026-08-18T19:23:34.134+0000] {logging_mixin.py:190} INFO - [2026-08-18T19:23:34.134+0000] {dag.py:4180} INFO - Setting next_dagrun for update_db to None, run_after=None
[2026-08-18T19:23:34.151+0000] {processor.py:208} INFO - Processing /opt/airflow/dags/main.py took 0.207 seconds
[2026-08-18T19:24:04.250+0000] {processor.py:186} INFO - Started process (PID=565) to work on /opt/airflow/dags/main.py
[2026-08-18T19:24:04.252+0000] {processor.py:914} INFO - Processing file /opt/airflow/dags/main.py for tasks to queue
[2026-08-18T19:24:04.256+0000] {logging_mixin.py:190} INFO - [2026-08-18T19:24:04.255+0000] {dagbag.py:588} INFO - Filling up the DagBag from /opt/airflow/dags/main.py
[2026-08-18T19:24:04.399+0000] {processor.py:925} INFO - DAG(s) 'data_quality', 'produce_json', 'update_db' retrieved from /opt/airflow/dags/main.py
[2026-08-18T19:24:04.427+0000] {logging_mixin.py:190} INFO - [2026-08-18T19:24:04.427+0000] {dag.py:3239} INFO - Sync 3 DAGs
[2026-08-18T19:24:04.449+0000] {logging_mixin.py:190} INFO - [2026-08-18T19:24:04.449+0000] {dag.py:4180} INFO - Setting next_dagrun for data_quality to None, run_after=None
[2026-08-18T19:24:04.455+0000] {logging_mixin.py:190} INFO - [2026-08-18T19:24:04.455+0000] {dag.py:4180} INFO - Setting next_dagrun for produce_json to 2026-08-18 11:00:00+00:00, run_after=2026-08-19 11:00:00+00:00
[2026-08-18T19:24:04.458+0000] {logging_mixin.py:190} INFO - [2026-08-18T19:24:04.458+0000] {dag.py:4180} INFO - Setting next_dagrun for update_db to None, run_after=None
[2026-08-18T19:24:04.474+0000] {processor.py:208} INFO - Processing /opt/airflow/dags/main.py took 0.231 seconds
[2026-08-18T19:35:04.250+0000] {processor.py:186} INFO - Started process (PID=572) to work on /opt/airflow/dags/main.py
[2026-08-18T19:35:04.253+0000] {processor.py:914} INFO - Processing file /opt/airflow/dags/main.py for tasks to queue
[2026-08-18T19:35:04.258+0000] {logging_mixin.py:190} INFO - [2026-08-18T19:35:04.257+0000] {dagbag.py:588} INFO - Filling up the DagBag from /opt/airflow/dags/main.py
[2026-08-18T19:35:04.444+0000] {processor.py:925} INFO - DAG(s) 'update_db', 'produce_json', 'data_quality' retrieved from /opt/airflow/dags/main.py
[2026-08-18T19:35:04.484+0000] {logging_mixin.py:190} INFO - [2026-08-18T19:35:04.484+0000] {dag.py:3239} INFO - Sync 3 DAGs
[2026-08-18T19:35:04.513+0000] {logging_mixin.py:190} INFO - [2026-08-18T19:35:04.512+0000] {dag.py:4180} INFO - Setting next_dagrun for data_quality to None, run_after=None
[2026-08-18T19:35:04.523+0000] {logging_mixin.py:190} INFO - [2026-08-18T19:35:04.523+0000] {dag.py:4180} INFO - Setting next_dagrun for produce_json to 2026-08-18 11:00:00+00:00, run_after=2026-08-19 11:00:00+00:00
[2026-08-18T19:35:04.526+0000] {logging_mixin.py:190} INFO - [2026-08-18T19:35:04.526+0000] {dag.py:4180} INFO - Setting next_dagrun for update_db to None, run_after=None
[2026-08-18T19:35:04.550+0000] {processor.py:208} INFO - Processing /opt/airflow/dags/main.py took 0.318 seconds
[2026-08-18T19:35:34.601+0000] {processor.py:186} INFO - Started process (PID=579) to work on /opt/airflow/dags/main.py
[2026-08-18T19:35:34.603+0000] {processor.py:914} INFO - Processing file /opt/airflow/dags/main.py for tasks to queue
[2026-08-18T19:35:34.606+0000] {logging_mixin.py:190} INFO - [2026-08-18T19:35:34.606+0000] {dagbag.py:588} INFO - Filling up the DagBag from /opt/airflow/dags/main.py
[2026-08-18T19:35:34.697+0000] {processor.py:925} INFO - DAG(s) 'update_db', 'data_quality', 'produce_json' retrieved from /opt/airflow/dags/main.py
[2026-08-18T19:35:34.719+0000] {logging_mixin.py:190} INFO - [2026-08-18T19:35:34.719+0000] {dag.py:3239} INFO - Sync 3 DAGs
[2026-08-18T19:35:34.740+0000] {logging_mixin.py:190} INFO - [2026-08-18T19:35:34.740+0000] {dag.py:4180} INFO - Setting next_dagrun for data_quality to None, run_after=None
[2026-08-18T19:35:34.745+0000] {logging_mixin.py:190} INFO - [2026-08-18T19:35:34.745+0000] {dag.py:4180} INFO - Setting next_dagrun for produce_json to 2026-08-18 11:00:00+00:00, run_after=2026-08-19 11:00:00+00:00
[2026-08-18T19:35:34.747+0000] {logging_mixin.py:190} INFO - [2026-08-18T19:35:34.747+0000] {dag.py:4180} INFO - Setting next_dagrun for update_db to None, run_after=None
[2026-08-18T19:35:34.760+0000] {processor.py:208} INFO - Processing /opt/airflow/dags/main.py took 0.165 seconds
[2026-08-18T19:36:04.881+0000] {processor.py:186} INFO - Started process (PID=586) to work on /opt/airflow/dags/main.py
[2026-08-18T19:36:04.883+0000] {processor.py:914} INFO - Processing file /opt/airflow/dags/main.py for tasks to queue
[2026-08-18T19:36:04.885+0000] {logging_mixin.py:190} INFO - [2026-08-18T19:36:04.885+0000] {dagbag.py:588} INFO - Filling up the DagBag from /opt/airflow/dags/main.py
[2026-08-18T19:36:05.007+0000] {processor.py:925} INFO - DAG(s) 'produce_json', 'update_db', 'data_quality' retrieved from /opt/airflow/dags/main.py
[2026-08-18T19:36:05.031+0000] {logging_mixin.py:190} INFO - [2026-08-18T19:36:05.031+0000] {dag.py:3239} INFO - Sync 3 DAGs
[2026-08-18T19:36:05.051+0000] {logging_mixin.py:190} INFO - [2026-08-18T19:36:05.051+0000] {dag.py:4180} INFO - Setting next_dagrun for data_quality to None, run_after=None
[2026-08-18T19:36:05.059+0000] {logging_mixin.py:190} INFO - [2026-08-18T19:36:05.059+0000] {dag.py:4180} INFO - Setting next_dagrun for produce_json to 2026-08-18 11:00:00+00:00, run_after=2026-08-19 11:00:00+00:00
[2026-08-18T19:36:05.060+0000] {logging_mixin.py:190} INFO - [2026-08-18T19:36:05.060+0000] {dag.py:4180} INFO - Setting next_dagrun for update_db to None, run_after=None
[2026-08-18T19:36:05.075+0000] {processor.py:208} INFO - Processing /opt/airflow/dags/main.py took 0.200 seconds
[2026-08-18T19:36:35.282+0000] {processor.py:186} INFO - Started process (PID=593) to work on /opt/airflow/dags/main.py
[2026-08-18T19:36:35.284+0000] {processor.py:914} INFO - Processing file /opt/airflow/dags/main.py for tasks to queue
[2026-08-18T19:36:35.287+0000] {logging_mixin.py:190} INFO - [2026-08-18T19:36:35.286+0000] {dagbag.py:588} INFO - Filling up the DagBag from /opt/airflow/dags/main.py
[2026-08-18T19:36:35.404+0000] {processor.py:925} INFO - DAG(s) 'produce_json', 'data_quality', 'update_db' retrieved from /opt/airflow/dags/main.py
[2026-08-18T19:36:35.426+0000] {logging_mixin.py:190} INFO - [2026-08-18T19:36:35.426+0000] {dag.py:3239} INFO - Sync 3 DAGs
[2026-08-18T19:36:35.445+0000] {logging_mixin.py:190} INFO - [2026-08-18T19:36:35.445+0000] {dag.py:4180} INFO - Setting next_dagrun for data_quality to None, run_after=None
[2026-08-18T19:36:35.450+0000] {logging_mixin.py:190} INFO - [2026-08-18T19:36:35.450+0000] {dag.py:4180} INFO - Setting next_dagrun for produce_json to 2026-08-18 11:00:00+00:00, run_after=2026-08-19 11:00:00+00:00
[2026-08-18T19:36:35.451+0000] {logging_mixin.py:190} INFO - [2026-08-18T19:36:35.451+0000] {dag.py:4180} INFO - Setting next_dagrun for update_db to None, run_after=None
[2026-08-18T19:36:35.466+0000] {processor.py:208} INFO - Processing /opt/airflow/dags/main.py took 0.189 seconds
[2026-08-18T19:37:05.542+0000] {processor.py:186} INFO - Started process (PID=600) to work on /opt/airflow/dags/main.py
[2026-08-18T19:37:05.544+0000] {processor.py:914} INFO - Processing file /opt/airflow/dags/main.py for tasks to queue
[2026-08-18T19:37:05.547+0000] {logging_mixin.py:190} INFO - [2026-08-18T19:37:05.547+0000] {dagbag.py:588} INFO - Filling up the DagBag from /opt/airflow/dags/main.py
[2026-08-18T19:37:05.662+0000] {processor.py:925} INFO - DAG(s) 'produce_json', 'data_quality', 'update_db' retrieved from /opt/airflow/dags/main.py
[2026-08-18T19:37:05.689+0000] {logging_mixin.py:190} INFO - [2026-08-18T19:37:05.688+0000] {dag.py:3239} INFO - Sync 3 DAGs
[2026-08-18T19:37:05.707+0000] {logging_mixin.py:190} INFO - [2026-08-18T19:37:05.707+0000] {dag.py:4180} INFO - Setting next_dagrun for data_quality to None, run_after=None
[2026-08-18T19:37:05.712+0000] {logging_mixin.py:190} INFO - [2026-08-18T19:37:05.711+0000] {dag.py:4180} INFO - Setting next_dagrun for produce_json to 2026-08-18 11:00:00+00:00, run_after=2026-08-19 11:00:00+00:00
[2026-08-18T19:37:05.713+0000] {logging_mixin.py:190} INFO - [2026-08-18T19:37:05.713+0000] {dag.py:4180} INFO - Setting next_dagrun for update_db to None, run_after=None
[2026-08-18T19:37:05.727+0000] {processor.py:208} INFO - Processing /opt/airflow/dags/main.py took 0.190 seconds
[2026-08-18T19:37:35.949+0000] {processor.py:186} INFO - Started process (PID=607) to work on /opt/airflow/dags/main.py
[2026-08-18T19:37:35.950+0000] {processor.py:914} INFO - Processing file /opt/airflow/dags/main.py for tasks to queue
[2026-08-18T19:37:35.953+0000] {logging_mixin.py:190} INFO - [2026-08-18T19:37:35.953+0000] {dagbag.py:588} INFO - Filling up the DagBag from /opt/airflow/dags/main.py
[2026-08-18T19:37:36.045+0000] {processor.py:925} INFO - DAG(s) 'data_quality', 'update_db', 'produce_json' retrieved from /opt/airflow/dags/main.py
[2026-08-18T19:37:36.066+0000] {logging_mixin.py:190} INFO - [2026-08-18T19:37:36.066+0000] {dag.py:3239} INFO - Sync 3 DAGs
[2026-08-18T19:37:36.084+0000] {logging_mixin.py:190} INFO - [2026-08-18T19:37:36.083+0000] {dag.py:4180} INFO - Setting next_dagrun for data_quality to None, run_after=None
[2026-08-18T19:37:36.088+0000] {logging_mixin.py:190} INFO - [2026-08-18T19:37:36.088+0000] {dag.py:4180} INFO - Setting next_dagrun for produce_json to 2026-08-18 11:00:00+00:00, run_after=2026-08-19 11:00:00+00:00
[2026-08-18T19:37:36.090+0000] {logging_mixin.py:190} INFO - [2026-08-18T19:37:36.090+0000] {dag.py:4180} INFO - Setting next_dagrun for update_db to None, run_after=None
[2026-08-18T19:37:36.105+0000] {processor.py:208} INFO - Processing /opt/airflow/dags/main.py took 0.161 seconds
[2026-08-18T19:38:06.251+0000] {processor.py:186} INFO - Started process (PID=614) to work on /opt/airflow/dags/main.py
[2026-08-18T19:38:06.252+0000] {processor.py:914} INFO - Processing file /opt/airflow/dags/main.py for tasks to queue
[2026-08-18T19:38:06.256+0000] {logging_mixin.py:190} INFO - [2026-08-18T19:38:06.255+0000] {dagbag.py:588} INFO - Filling up the DagBag from /opt/airflow/dags/main.py
[2026-08-18T19:38:06.349+0000] {processor.py:925} INFO - DAG(s) 'update_db', 'produce_json', 'data_quality' retrieved from /opt/airflow/dags/main.py
[2026-08-18T19:38:06.371+0000] {logging_mixin.py:190} INFO - [2026-08-18T19:38:06.371+0000] {dag.py:3239} INFO - Sync 3 DAGs
[2026-08-18T19:38:06.391+0000] {logging_mixin.py:190} INFO - [2026-08-18T19:38:06.391+0000] {dag.py:4180} INFO - Setting next_dagrun for data_quality to None, run_after=None
[2026-08-18T19:38:06.396+0000] {logging_mixin.py:190} INFO - [2026-08-18T19:38:06.396+0000] {dag.py:4180} INFO - Setting next_dagrun for produce_json to 2026-08-18 11:00:00+00:00, run_after=2026-08-19 11:00:00+00:00
[2026-08-18T19:38:06.398+0000] {logging_mixin.py:190} INFO - [2026-08-18T19:38:06.398+0000] {dag.py:4180} INFO - Setting next_dagrun for update_db to None, run_after=None
[2026-08-18T19:38:06.413+0000] {processor.py:208} INFO - Processing /opt/airflow/dags/main.py took 0.168 seconds
[2026-08-18T19:38:36.702+0000] {processor.py:186} INFO - Started process (PID=621) to work on /opt/airflow/dags/main.py
[2026-08-18T19:38:36.704+0000] {processor.py:914} INFO - Processing file /opt/airflow/dags/main.py for tasks to queue
[2026-08-18T19:38:36.707+0000] {logging_mixin.py:190} INFO - [2026-08-18T19:38:36.707+0000] {dagbag.py:588} INFO - Filling up the DagBag from /opt/airflow/dags/main.py
[2026-08-18T19:38:36.809+0000] {processor.py:925} INFO - DAG(s) 'data_quality', 'produce_json', 'update_db' retrieved from /opt/airflow/dags/main.py
[2026-08-18T19:38:36.830+0000] {logging_mixin.py:190} INFO - [2026-08-18T19:38:36.830+0000] {dag.py:3239} INFO - Sync 3 DAGs
[2026-08-18T19:38:36.848+0000] {logging_mixin.py:190} INFO - [2026-08-18T19:38:36.847+0000] {dag.py:4180} INFO - Setting next_dagrun for data_quality to None, run_after=None
[2026-08-18T19:38:36.852+0000] {logging_mixin.py:190} INFO - [2026-08-18T19:38:36.852+0000] {dag.py:4180} INFO - Setting next_dagrun for produce_json to 2026-08-18 11:00:00+00:00, run_after=2026-08-19 11:00:00+00:00
[2026-08-18T19:38:36.854+0000] {logging_mixin.py:190} INFO - [2026-08-18T19:38:36.854+0000] {dag.py:4180} INFO - Setting next_dagrun for update_db to None, run_after=None
[2026-08-18T19:38:36.868+0000] {processor.py:208} INFO - Processing /opt/airflow/dags/main.py took 0.172 seconds
[2026-08-18T19:39:06.984+0000] {processor.py:186} INFO - Started process (PID=628) to work on /opt/airflow/dags/main.py
[2026-08-18T19:39:06.985+0000] {processor.py:914} INFO - Processing file /opt/airflow/dags/main.py for tasks to queue
[2026-08-18T19:39:06.993+0000] {logging_mixin.py:190} INFO - [2026-08-18T19:39:06.993+0000] {dagbag.py:588} INFO - Filling up the DagBag from /opt/airflow/dags/main.py
[2026-08-18T19:39:07.139+0000] {processor.py:925} INFO - DAG(s) 'data_quality', 'update_db', 'produce_json' retrieved from /opt/airflow/dags/main.py
[2026-08-18T19:39:07.163+0000] {logging_mixin.py:190} INFO - [2026-08-18T19:39:07.163+0000] {dag.py:3239} INFO - Sync 3 DAGs
[2026-08-18T19:39:07.182+0000] {logging_mixin.py:190} INFO - [2026-08-18T19:39:07.182+0000] {dag.py:4180} INFO - Setting next_dagrun for data_quality to None, run_after=None
[2026-08-18T19:39:07.193+0000] {logging_mixin.py:190} INFO - [2026-08-18T19:39:07.193+0000] {dag.py:4180} INFO - Setting next_dagrun for produce_json to 2026-08-18 11:00:00+00:00, run_after=2026-08-19 11:00:00+00:00
[2026-08-18T19:39:07.195+0000] {logging_mixin.py:190} INFO - [2026-08-18T19:39:07.195+0000] {dag.py:4180} INFO - Setting next_dagrun for update_db to None, run_after=None
[2026-08-18T19:39:07.208+0000] {processor.py:208} INFO - Processing /opt/airflow/dags/main.py took 0.229 seconds
[2026-08-18T19:39:37.449+0000] {processor.py:186} INFO - Started process (PID=635) to work on /opt/airflow/dags/main.py
[2026-08-18T19:39:37.451+0000] {processor.py:914} INFO - Processing file /opt/airflow/dags/main.py for tasks to queue
[2026-08-18T19:39:37.453+0000] {logging_mixin.py:190} INFO - [2026-08-18T19:39:37.453+0000] {dagbag.py:588} INFO - Filling up the DagBag from /opt/airflow/dags/main.py
[2026-08-18T19:39:37.539+0000] {processor.py:925} INFO - DAG(s) 'data_quality', 'update_db', 'produce_json' retrieved from /opt/airflow/dags/main.py
[2026-08-18T19:39:37.559+0000] {logging_mixin.py:190} INFO - [2026-08-18T19:39:37.559+0000] {dag.py:3239} INFO - Sync 3 DAGs
[2026-08-18T19:39:37.575+0000] {logging_mixin.py:190} INFO - [2026-08-18T19:39:37.575+0000] {dag.py:4180} INFO - Setting next_dagrun for data_quality to None, run_after=None
[2026-08-18T19:39:37.579+0000] {logging_mixin.py:190} INFO - [2026-08-18T19:39:37.579+0000] {dag.py:4180} INFO - Setting next_dagrun for produce_json to 2026-08-18 11:00:00+00:00, run_after=2026-08-19 11:00:00+00:00
[2026-08-18T19:39:37.581+0000] {logging_mixin.py:190} INFO - [2026-08-18T19:39:37.581+0000] {dag.py:4180} INFO - Setting next_dagrun for update_db to None, run_after=None
[2026-08-18T19:39:37.593+0000] {processor.py:208} INFO - Processing /opt/airflow/dags/main.py took 0.148 seconds
[2026-08-18T19:40:07.827+0000] {processor.py:186} INFO - Started process (PID=642) to work on /opt/airflow/dags/main.py
[2026-08-18T19:40:07.828+0000] {processor.py:914} INFO - Processing file /opt/airflow/dags/main.py for tasks to queue
[2026-08-18T19:40:07.831+0000] {logging_mixin.py:190} INFO - [2026-08-18T19:40:07.831+0000] {dagbag.py:588} INFO - Filling up the DagBag from /opt/airflow/dags/main.py
[2026-08-18T19:40:07.943+0000] {processor.py:925} INFO - DAG(s) 'update_db', 'produce_json', 'data_quality' retrieved from /opt/airflow/dags/main.py
[2026-08-18T19:40:07.968+0000] {logging_mixin.py:190} INFO - [2026-08-18T19:40:07.967+0000] {dag.py:3239} INFO - Sync 3 DAGs
[2026-08-18T19:40:07.986+0000] {logging_mixin.py:190} INFO - [2026-08-18T19:40:07.986+0000] {dag.py:4180} INFO - Setting next_dagrun for data_quality to None, run_after=None
[2026-08-18T19:40:07.994+0000] {logging_mixin.py:190} INFO - [2026-08-18T19:40:07.994+0000] {dag.py:4180} INFO - Setting next_dagrun for produce_json to 2026-08-18 11:00:00+00:00, run_after=2026-08-19 11:00:00+00:00
[2026-08-18T19:40:07.996+0000] {logging_mixin.py:190} INFO - [2026-08-18T19:40:07.996+0000] {dag.py:4180} INFO - Setting next_dagrun for update_db to None, run_after=None
[2026-08-18T19:40:08.011+0000] {processor.py:208} INFO - Processing /opt/airflow/dags/main.py took 0.189 seconds
[2026-08-18T19:40:38.167+0000] {processor.py:186} INFO - Started process (PID=649) to work on /opt/airflow/dags/main.py
[2026-08-18T19:40:38.169+0000] {processor.py:914} INFO - Processing file /opt/airflow/dags/main.py for tasks to queue
[2026-08-18T19:40:38.172+0000] {logging_mixin.py:190} INFO - [2026-08-18T19:40:38.172+0000] {dagbag.py:588} INFO - Filling up the DagBag from /opt/airflow/dags/main.py
[2026-08-18T19:40:38.283+0000] {processor.py:925} INFO - DAG(s) 'update_db', 'data_quality', 'produce_json' retrieved from /opt/airflow/dags/main.py
[2026-08-18T19:40:38.307+0000] {logging_mixin.py:190} INFO - [2026-08-18T19:40:38.306+0000] {dag.py:3239} INFO - Sync 3 DAGs
[2026-08-18T19:40:38.325+0000] {logging_mixin.py:190} INFO - [2026-08-18T19:40:38.325+0000] {dag.py:4180} INFO - Setting next_dagrun for data_quality to None, run_after=None
[2026-08-18T19:40:38.330+0000] {logging_mixin.py:190} INFO - [2026-08-18T19:40:38.330+0000] {dag.py:4180} INFO - Setting next_dagrun for produce_json to 2026-08-18 11:00:00+00:00, run_after=2026-08-19 11:00:00+00:00
[2026-08-18T19:40:38.333+0000] {logging_mixin.py:190} INFO - [2026-08-18T19:40:38.333+0000] {dag.py:4180} INFO - Setting next_dagrun for update_db to None, run_after=None
[2026-08-18T19:40:38.347+0000] {processor.py:208} INFO - Processing /opt/airflow/dags/main.py took 0.185 seconds
[2026-08-18T19:41:08.511+0000] {processor.py:186} INFO - Started process (PID=656) to work on /opt/airflow/dags/main.py
[2026-08-18T19:41:08.512+0000] {processor.py:914} INFO - Processing file /opt/airflow/dags/main.py for tasks to queue
[2026-08-18T19:41:08.515+0000] {logging_mixin.py:190} INFO - [2026-08-18T19:41:08.515+0000] {dagbag.py:588} INFO - Filling up the DagBag from /opt/airflow/dags/main.py
[2026-08-18T19:41:08.655+0000] {processor.py:925} INFO - DAG(s) 'update_db', 'data_quality', 'produce_json' retrieved from /opt/airflow/dags/main.py
[2026-08-18T19:41:08.679+0000] {logging_mixin.py:190} INFO - [2026-08-18T19:41:08.679+0000] {dag.py:3239} INFO - Sync 3 DAGs
[2026-08-18T19:41:08.701+0000] {logging_mixin.py:190} INFO - [2026-08-18T19:41:08.701+0000] {dag.py:4180} INFO - Setting next_dagrun for data_quality to None, run_after=None
[2026-08-18T19:41:08.706+0000] {logging_mixin.py:190} INFO - [2026-08-18T19:41:08.706+0000] {dag.py:4180} INFO - Setting next_dagrun for produce_json to 2026-08-18 11:00:00+00:00, run_after=2026-08-19 11:00:00+00:00
[2026-08-18T19:41:08.709+0000] {logging_mixin.py:190} INFO - [2026-08-18T19:41:08.708+0000] {dag.py:4180} INFO - Setting next_dagrun for update_db to None, run_after=None
[2026-08-18T19:41:08.728+0000] {processor.py:208} INFO - Processing /opt/airflow/dags/main.py took 0.222 seconds
[2026-08-18T19:41:38.871+0000] {processor.py:186} INFO - Started process (PID=663) to work on /opt/airflow/dags/main.py
[2026-08-18T19:41:38.873+0000] {processor.py:914} INFO - Processing file /opt/airflow/dags/main.py for tasks to queue
[2026-08-18T19:41:38.875+0000] {logging_mixin.py:190} INFO - [2026-08-18T19:41:38.875+0000] {dagbag.py:588} INFO - Filling up the DagBag from /opt/airflow/dags/main.py
[2026-08-18T19:41:38.985+0000] {processor.py:925} INFO - DAG(s) 'produce_json', 'data_quality', 'update_db' retrieved from /opt/airflow/dags/main.py
[2026-08-18T19:41:39.008+0000] {logging_mixin.py:190} INFO - [2026-08-18T19:41:39.007+0000] {dag.py:3239} INFO - Sync 3 DAGs
[2026-08-18T19:41:39.027+0000] {logging_mixin.py:190} INFO - [2026-08-18T19:41:39.027+0000] {dag.py:4180} INFO - Setting next_dagrun for data_quality to None, run_after=None
[2026-08-18T19:41:39.033+0000] {logging_mixin.py:190} INFO - [2026-08-18T19:41:39.033+0000] {dag.py:4180} INFO - Setting next_dagrun for produce_json to 2026-08-18 11:00:00+00:00, run_after=2026-08-19 11:00:00+00:00
[2026-08-18T19:41:39.034+0000] {logging_mixin.py:190} INFO - [2026-08-18T19:41:39.034+0000] {dag.py:4180} INFO - Setting next_dagrun for update_db to None, run_after=None
[2026-08-18T19:41:39.047+0000] {processor.py:208} INFO - Processing /opt/airflow/dags/main.py took 0.181 seconds
[2026-08-18T19:42:09.239+0000] {processor.py:186} INFO - Started process (PID=670) to work on /opt/airflow/dags/main.py
[2026-08-18T19:42:09.241+0000] {processor.py:914} INFO - Processing file /opt/airflow/dags/main.py for tasks to queue
[2026-08-18T19:42:09.244+0000] {logging_mixin.py:190} INFO - [2026-08-18T19:42:09.243+0000] {dagbag.py:588} INFO - Filling up the DagBag from /opt/airflow/dags/main.py
[2026-08-18T19:42:09.354+0000] {processor.py:925} INFO - DAG(s) 'data_quality', 'update_db', 'produce_json' retrieved from /opt/airflow/dags/main.py
[2026-08-18T19:42:09.380+0000] {logging_mixin.py:190} INFO - [2026-08-18T19:42:09.379+0000] {dag.py:3239} INFO - Sync 3 DAGs
[2026-08-18T19:42:09.401+0000] {logging_mixin.py:190} INFO - [2026-08-18T19:42:09.400+0000] {dag.py:4180} INFO - Setting next_dagrun for data_quality to None, run_after=None
[2026-08-18T19:42:09.406+0000] {logging_mixin.py:190} INFO - [2026-08-18T19:42:09.406+0000] {dag.py:4180} INFO - Setting next_dagrun for produce_json to 2026-08-18 11:00:00+00:00, run_after=2026-08-19 11:00:00+00:00
[2026-08-18T19:42:09.408+0000] {logging_mixin.py:190} INFO - [2026-08-18T19:42:09.408+0000] {dag.py:4180} INFO - Setting next_dagrun for update_db to None, run_after=None
[2026-08-18T19:42:09.427+0000] {processor.py:208} INFO - Processing /opt/airflow/dags/main.py took 0.193 seconds
[2026-08-18T20:44:56.092+0000] {processor.py:186} INFO - Started process (PID=677) to work on /opt/airflow/dags/main.py
[2026-08-18T20:44:56.094+0000] {processor.py:914} INFO - Processing file /opt/airflow/dags/main.py for tasks to queue
[2026-08-18T20:44:56.101+0000] {logging_mixin.py:190} INFO - [2026-08-18T20:44:56.100+0000] {dagbag.py:588} INFO - Filling up the DagBag from /opt/airflow/dags/main.py
[2026-08-18T20:44:56.547+0000] {processor.py:925} INFO - DAG(s) 'update_db', 'data_quality', 'produce_json' retrieved from /opt/airflow/dags/main.py
[2026-08-18T20:44:56.588+0000] {logging_mixin.py:190} INFO - [2026-08-18T20:44:56.587+0000] {dag.py:3239} INFO - Sync 3 DAGs
[2026-08-18T20:44:56.616+0000] {logging_mixin.py:190} INFO - [2026-08-18T20:44:56.615+0000] {dag.py:4180} INFO - Setting next_dagrun for data_quality to None, run_after=None
[2026-08-18T20:44:56.624+0000] {logging_mixin.py:190} INFO - [2026-08-18T20:44:56.624+0000] {dag.py:4180} INFO - Setting next_dagrun for produce_json to 2026-08-18 11:00:00+00:00, run_after=2026-08-19 11:00:00+00:00
[2026-08-18T20:44:56.627+0000] {logging_mixin.py:190} INFO - [2026-08-18T20:44:56.627+0000] {dag.py:4180} INFO - Setting next_dagrun for update_db to None, run_after=None
[2026-08-18T20:44:56.644+0000] {processor.py:208} INFO - Processing /opt/airflow/dags/main.py took 0.561 seconds
[2026-08-18T20:45:26.923+0000] {processor.py:186} INFO - Started process (PID=684) to work on /opt/airflow/dags/main.py
[2026-08-18T20:45:26.925+0000] {processor.py:914} INFO - Processing file /opt/airflow/dags/main.py for tasks to queue
[2026-08-18T20:45:26.928+0000] {logging_mixin.py:190} INFO - [2026-08-18T20:45:26.928+0000] {dagbag.py:588} INFO - Filling up the DagBag from /opt/airflow/dags/main.py
[2026-08-18T20:45:27.062+0000] {processor.py:925} INFO - DAG(s) 'produce_json', 'update_db', 'data_quality' retrieved from /opt/airflow/dags/main.py
[2026-08-18T20:45:27.085+0000] {logging_mixin.py:190} INFO - [2026-08-18T20:45:27.085+0000] {dag.py:3239} INFO - Sync 3 DAGs
[2026-08-18T20:45:27.102+0000] {logging_mixin.py:190} INFO - [2026-08-18T20:45:27.102+0000] {dag.py:4180} INFO - Setting next_dagrun for data_quality to None, run_after=None
[2026-08-18T20:45:27.106+0000] {logging_mixin.py:190} INFO - [2026-08-18T20:45:27.106+0000] {dag.py:4180} INFO - Setting next_dagrun for produce_json to 2026-08-18 11:00:00+00:00, run_after=2026-08-19 11:00:00+00:00
[2026-08-18T20:45:27.108+0000] {logging_mixin.py:190} INFO - [2026-08-18T20:45:27.108+0000] {dag.py:4180} INFO - Setting next_dagrun for update_db to None, run_after=None
[2026-08-18T20:45:27.125+0000] {processor.py:208} INFO - Processing /opt/airflow/dags/main.py took 0.208 seconds
[2026-08-18T20:45:57.250+0000] {processor.py:186} INFO - Started process (PID=691) to work on /opt/airflow/dags/main.py
[2026-08-18T20:45:57.252+0000] {processor.py:914} INFO - Processing file /opt/airflow/dags/main.py for tasks to queue
[2026-08-18T20:45:57.256+0000] {logging_mixin.py:190} INFO - [2026-08-18T20:45:57.256+0000] {dagbag.py:588} INFO - Filling up the DagBag from /opt/airflow/dags/main.py
[2026-08-18T20:45:57.486+0000] {processor.py:925} INFO - DAG(s) 'update_db', 'data_quality', 'produce_json' retrieved from /opt/airflow/dags/main.py
[2026-08-18T20:45:57.513+0000] {logging_mixin.py:190} INFO - [2026-08-18T20:45:57.512+0000] {dag.py:3239} INFO - Sync 3 DAGs
[2026-08-18T20:45:57.533+0000] {logging_mixin.py:190} INFO - [2026-08-18T20:45:57.533+0000] {dag.py:4180} INFO - Setting next_dagrun for data_quality to None, run_after=None
[2026-08-18T20:45:57.542+0000] {logging_mixin.py:190} INFO - [2026-08-18T20:45:57.541+0000] {dag.py:4180} INFO - Setting next_dagrun for produce_json to 2026-08-18 11:00:00+00:00, run_after=2026-08-19 11:00:00+00:00
[2026-08-18T20:45:57.545+0000] {logging_mixin.py:190} INFO - [2026-08-18T20:45:57.544+0000] {dag.py:4180} INFO - Setting next_dagrun for update_db to None, run_after=None
[2026-08-18T20:45:57.561+0000] {processor.py:208} INFO - Processing /opt/airflow/dags/main.py took 0.320 seconds
[2026-08-18T20:46:27.637+0000] {processor.py:186} INFO - Started process (PID=698) to work on /opt/airflow/dags/main.py
[2026-08-18T20:46:27.639+0000] {processor.py:914} INFO - Processing file /opt/airflow/dags/main.py for tasks to queue
[2026-08-18T20:46:27.641+0000] {logging_mixin.py:190} INFO - [2026-08-18T20:46:27.641+0000] {dagbag.py:588} INFO - Filling up the DagBag from /opt/airflow/dags/main.py
[2026-08-18T20:46:27.749+0000] {processor.py:925} INFO - DAG(s) 'update_db', 'data_quality', 'produce_json' retrieved from /opt/airflow/dags/main.py
[2026-08-18T20:46:27.777+0000] {logging_mixin.py:190} INFO - [2026-08-18T20:46:27.776+0000] {dag.py:3239} INFO - Sync 3 DAGs
[2026-08-18T20:46:27.796+0000] {logging_mixin.py:190} INFO - [2026-08-18T20:46:27.795+0000] {dag.py:4180} INFO - Setting next_dagrun for data_quality to None, run_after=None
[2026-08-18T20:46:27.801+0000] {logging_mixin.py:190} INFO - [2026-08-18T20:46:27.801+0000] {dag.py:4180} INFO - Setting next_dagrun for produce_json to 2026-08-18 11:00:00+00:00, run_after=2026-08-19 11:00:00+00:00
[2026-08-18T20:46:27.803+0000] {logging_mixin.py:190} INFO - [2026-08-18T20:46:27.803+0000] {dag.py:4180} INFO - Setting next_dagrun for update_db to None, run_after=None
[2026-08-18T20:46:27.819+0000] {processor.py:208} INFO - Processing /opt/airflow/dags/main.py took 0.188 seconds
[2026-08-18T20:46:58.040+0000] {processor.py:186} INFO - Started process (PID=705) to work on /opt/airflow/dags/main.py
[2026-08-18T20:46:58.041+0000] {processor.py:914} INFO - Processing file /opt/airflow/dags/main.py for tasks to queue
[2026-08-18T20:46:58.044+0000] {logging_mixin.py:190} INFO - [2026-08-18T20:46:58.044+0000] {dagbag.py:588} INFO - Filling up the DagBag from /opt/airflow/dags/main.py
[2026-08-18T20:46:58.145+0000] {processor.py:925} INFO - DAG(s) 'produce_json', 'data_quality', 'update_db' retrieved from /opt/airflow/dags/main.py
[2026-08-18T20:46:58.177+0000] {logging_mixin.py:190} INFO - [2026-08-18T20:46:58.176+0000] {dag.py:3239} INFO - Sync 3 DAGs
[2026-08-18T20:46:58.196+0000] {logging_mixin.py:190} INFO - [2026-08-18T20:46:58.196+0000] {dag.py:4180} INFO - Setting next_dagrun for data_quality to None, run_after=None
[2026-08-18T20:46:58.202+0000] {logging_mixin.py:190} INFO - [2026-08-18T20:46:58.202+0000] {dag.py:4180} INFO - Setting next_dagrun for produce_json to 2026-08-18 11:00:00+00:00, run_after=2026-08-19 11:00:00+00:00
[2026-08-18T20:46:58.205+0000] {logging_mixin.py:190} INFO - [2026-08-18T20:46:58.204+0000] {dag.py:4180} INFO - Setting next_dagrun for update_db to None, run_after=None
[2026-08-18T20:46:58.223+0000] {processor.py:208} INFO - Processing /opt/airflow/dags/main.py took 0.189 seconds
[2026-08-18T20:47:28.282+0000] {processor.py:186} INFO - Started process (PID=712) to work on /opt/airflow/dags/main.py
[2026-08-18T20:47:28.284+0000] {processor.py:914} INFO - Processing file /opt/airflow/dags/main.py for tasks to queue
[2026-08-18T20:47:28.287+0000] {logging_mixin.py:190} INFO - [2026-08-18T20:47:28.287+0000] {dagbag.py:588} INFO - Filling up the DagBag from /opt/airflow/dags/main.py
[2026-08-18T20:47:28.413+0000] {processor.py:925} INFO - DAG(s) 'update_db', 'data_quality', 'produce_json' retrieved from /opt/airflow/dags/main.py
[2026-08-18T20:47:28.436+0000] {logging_mixin.py:190} INFO - [2026-08-18T20:47:28.436+0000] {dag.py:3239} INFO - Sync 3 DAGs
[2026-08-18T20:47:28.453+0000] {logging_mixin.py:190} INFO - [2026-08-18T20:47:28.453+0000] {dag.py:4180} INFO - Setting next_dagrun for data_quality to None, run_after=None
[2026-08-18T20:47:28.457+0000] {logging_mixin.py:190} INFO - [2026-08-18T20:47:28.457+0000] {dag.py:4180} INFO - Setting next_dagrun for produce_json to 2026-08-18 11:00:00+00:00, run_after=2026-08-19 11:00:00+00:00
[2026-08-18T20:47:28.459+0000] {logging_mixin.py:190} INFO - [2026-08-18T20:47:28.459+0000] {dag.py:4180} INFO - Setting next_dagrun for update_db to None, run_after=None
[2026-08-18T20:47:28.478+0000] {processor.py:208} INFO - Processing /opt/airflow/dags/main.py took 0.201 seconds
[2026-08-18T20:47:58.712+0000] {processor.py:186} INFO - Started process (PID=719) to work on /opt/airflow/dags/main.py
[2026-08-18T20:47:58.713+0000] {processor.py:914} INFO - Processing file /opt/airflow/dags/main.py for tasks to queue
[2026-08-18T20:47:58.717+0000] {logging_mixin.py:190} INFO - [2026-08-18T20:47:58.716+0000] {dagbag.py:588} INFO - Filling up the DagBag from /opt/airflow/dags/main.py
[2026-08-18T20:47:58.825+0000] {processor.py:925} INFO - DAG(s) 'produce_json', 'data_quality', 'update_db' retrieved from /opt/airflow/dags/main.py
[2026-08-18T20:47:58.848+0000] {logging_mixin.py:190} INFO - [2026-08-18T20:47:58.847+0000] {dag.py:3239} INFO - Sync 3 DAGs
[2026-08-18T20:47:58.864+0000] {logging_mixin.py:190} INFO - [2026-08-18T20:47:58.864+0000] {dag.py:4180} INFO - Setting next_dagrun for data_quality to None, run_after=None
[2026-08-18T20:47:58.873+0000] {logging_mixin.py:190} INFO - [2026-08-18T20:47:58.872+0000] {dag.py:4180} INFO - Setting next_dagrun for produce_json to 2026-08-18 11:00:00+00:00, run_after=2026-08-19 11:00:00+00:00
[2026-08-18T20:47:58.878+0000] {logging_mixin.py:190} INFO - [2026-08-18T20:47:58.878+0000] {dag.py:4180} INFO - Setting next_dagrun for update_db to None, run_after=None
[2026-08-18T20:47:58.896+0000] {processor.py:208} INFO - Processing /opt/airflow/dags/main.py took 0.189 seconds
[2026-08-18T20:48:28.992+0000] {processor.py:186} INFO - Started process (PID=726) to work on /opt/airflow/dags/main.py
[2026-08-18T20:48:28.993+0000] {processor.py:914} INFO - Processing file /opt/airflow/dags/main.py for tasks to queue
[2026-08-18T20:48:28.996+0000] {logging_mixin.py:190} INFO - [2026-08-18T20:48:28.996+0000] {dagbag.py:588} INFO - Filling up the DagBag from /opt/airflow/dags/main.py
[2026-08-18T20:48:29.091+0000] {processor.py:925} INFO - DAG(s) 'produce_json', 'data_quality', 'update_db' retrieved from /opt/airflow/dags/main.py
[2026-08-18T20:48:29.113+0000] {logging_mixin.py:190} INFO - [2026-08-18T20:48:29.113+0000] {dag.py:3239} INFO - Sync 3 DAGs
[2026-08-18T20:48:29.131+0000] {logging_mixin.py:190} INFO - [2026-08-18T20:48:29.131+0000] {dag.py:4180} INFO - Setting next_dagrun for data_quality to None, run_after=None
[2026-08-18T20:48:29.136+0000] {logging_mixin.py:190} INFO - [2026-08-18T20:48:29.136+0000] {dag.py:4180} INFO - Setting next_dagrun for produce_json to 2026-08-18 11:00:00+00:00, run_after=2026-08-19 11:00:00+00:00
[2026-08-18T20:48:29.138+0000] {logging_mixin.py:190} INFO - [2026-08-18T20:48:29.138+0000] {dag.py:4180} INFO - Setting next_dagrun for update_db to None, run_after=None
[2026-08-18T20:48:29.154+0000] {processor.py:208} INFO - Processing /opt/airflow/dags/main.py took 0.167 seconds
[2026-08-18T20:48:59.567+0000] {processor.py:186} INFO - Started process (PID=733) to work on /opt/airflow/dags/main.py
[2026-08-18T20:48:59.568+0000] {processor.py:914} INFO - Processing file /opt/airflow/dags/main.py for tasks to queue
[2026-08-18T20:48:59.571+0000] {logging_mixin.py:190} INFO - [2026-08-18T20:48:59.571+0000] {dagbag.py:588} INFO - Filling up the DagBag from /opt/airflow/dags/main.py
[2026-08-18T20:48:59.665+0000] {processor.py:925} INFO - DAG(s) 'update_db', 'produce_json', 'data_quality' retrieved from /opt/airflow/dags/main.py
[2026-08-18T20:48:59.685+0000] {logging_mixin.py:190} INFO - [2026-08-18T20:48:59.685+0000] {dag.py:3239} INFO - Sync 3 DAGs
[2026-08-18T20:48:59.701+0000] {logging_mixin.py:190} INFO - [2026-08-18T20:48:59.701+0000] {dag.py:4180} INFO - Setting next_dagrun for data_quality to None, run_after=None
[2026-08-18T20:48:59.706+0000] {logging_mixin.py:190} INFO - [2026-08-18T20:48:59.706+0000] {dag.py:4180} INFO - Setting next_dagrun for produce_json to 2026-08-18 11:00:00+00:00, run_after=2026-08-19 11:00:00+00:00
[2026-08-18T20:48:59.707+0000] {logging_mixin.py:190} INFO - [2026-08-18T20:48:59.707+0000] {dag.py:4180} INFO - Setting next_dagrun for update_db to None, run_after=None
[2026-08-18T20:48:59.720+0000] {processor.py:208} INFO - Processing /opt/airflow/dags/main.py took 0.157 seconds
[2026-08-18T20:49:29.845+0000] {processor.py:186} INFO - Started process (PID=740) to work on /opt/airflow/dags/main.py
[2026-08-18T20:49:29.846+0000] {processor.py:914} INFO - Processing file /opt/airflow/dags/main.py for tasks to queue
[2026-08-18T20:49:29.849+0000] {logging_mixin.py:190} INFO - [2026-08-18T20:49:29.848+0000] {dagbag.py:588} INFO - Filling up the DagBag from /opt/airflow/dags/main.py
[2026-08-18T20:49:29.936+0000] {processor.py:925} INFO - DAG(s) 'produce_json', 'update_db', 'data_quality' retrieved from /opt/airflow/dags/main.py
[2026-08-18T20:49:29.962+0000] {logging_mixin.py:190} INFO - [2026-08-18T20:49:29.962+0000] {dag.py:3239} INFO - Sync 3 DAGs
[2026-08-18T20:49:29.979+0000] {logging_mixin.py:190} INFO - [2026-08-18T20:49:29.978+0000] {dag.py:4180} INFO - Setting next_dagrun for data_quality to None, run_after=None
[2026-08-18T20:49:29.983+0000] {logging_mixin.py:190} INFO - [2026-08-18T20:49:29.983+0000] {dag.py:4180} INFO - Setting next_dagrun for produce_json to 2026-08-18 11:00:00+00:00, run_after=2026-08-19 11:00:00+00:00
[2026-08-18T20:49:29.985+0000] {logging_mixin.py:190} INFO - [2026-08-18T20:49:29.985+0000] {dag.py:4180} INFO - Setting next_dagrun for update_db to None, run_after=None
[2026-08-18T20:49:29.997+0000] {processor.py:208} INFO - Processing /opt/airflow/dags/main.py took 0.158 seconds
[2026-08-18T20:50:00.598+0000] {processor.py:186} INFO - Started process (PID=747) to work on /opt/airflow/dags/main.py
[2026-08-18T20:50:00.599+0000] {processor.py:914} INFO - Processing file /opt/airflow/dags/main.py for tasks to queue
[2026-08-18T20:50:00.602+0000] {logging_mixin.py:190} INFO - [2026-08-18T20:50:00.602+0000] {dagbag.py:588} INFO - Filling up the DagBag from /opt/airflow/dags/main.py
[2026-08-18T20:50:00.689+0000] {processor.py:925} INFO - DAG(s) 'data_quality', 'update_db', 'produce_json' retrieved from /opt/airflow/dags/main.py
[2026-08-18T20:50:00.711+0000] {logging_mixin.py:190} INFO - [2026-08-18T20:50:00.711+0000] {dag.py:3239} INFO - Sync 3 DAGs
[2026-08-18T20:50:00.729+0000] {logging_mixin.py:190} INFO - [2026-08-18T20:50:00.729+0000] {dag.py:4180} INFO - Setting next_dagrun for data_quality to None, run_after=None
[2026-08-18T20:50:00.733+0000] {logging_mixin.py:190} INFO - [2026-08-18T20:50:00.733+0000] {dag.py:4180} INFO - Setting next_dagrun for produce_json to 2026-08-18 11:00:00+00:00, run_after=2026-08-19 11:00:00+00:00
[2026-08-18T20:50:00.735+0000] {logging_mixin.py:190} INFO - [2026-08-18T20:50:00.735+0000] {dag.py:4180} INFO - Setting next_dagrun for update_db to None, run_after=None
[2026-08-18T20:50:00.750+0000] {processor.py:208} INFO - Processing /opt/airflow/dags/main.py took 0.157 seconds
[2026-08-18T20:50:30.907+0000] {processor.py:186} INFO - Started process (PID=754) to work on /opt/airflow/dags/main.py
[2026-08-18T20:50:30.909+0000] {processor.py:914} INFO - Processing file /opt/airflow/dags/main.py for tasks to queue
[2026-08-18T20:50:30.912+0000] {logging_mixin.py:190} INFO - [2026-08-18T20:50:30.911+0000] {dagbag.py:588} INFO - Filling up the DagBag from /opt/airflow/dags/main.py
[2026-08-18T20:50:30.994+0000] {processor.py:925} INFO - DAG(s) 'produce_json', 'update_db', 'data_quality' retrieved from /opt/airflow/dags/main.py
[2026-08-18T20:50:31.016+0000] {logging_mixin.py:190} INFO - [2026-08-18T20:50:31.016+0000] {dag.py:3239} INFO - Sync 3 DAGs
[2026-08-18T20:50:31.033+0000] {logging_mixin.py:190} INFO - [2026-08-18T20:50:31.033+0000] {dag.py:4180} INFO - Setting next_dagrun for data_quality to None, run_after=None
[2026-08-18T20:50:31.039+0000] {logging_mixin.py:190} INFO - [2026-08-18T20:50:31.039+0000] {dag.py:4180} INFO - Setting next_dagrun for produce_json to 2026-08-18 11:00:00+00:00, run_after=2026-08-19 11:00:00+00:00
[2026-08-18T20:50:31.041+0000] {logging_mixin.py:190} INFO - [2026-08-18T20:50:31.041+0000] {dag.py:4180} INFO - Setting next_dagrun for update_db to None, run_after=None
[2026-08-18T20:50:31.055+0000] {processor.py:208} INFO - Processing /opt/airflow/dags/main.py took 0.153 seconds
[2026-08-18T20:51:01.289+0000] {processor.py:186} INFO - Started process (PID=761) to work on /opt/airflow/dags/main.py
[2026-08-18T20:51:01.291+0000] {processor.py:914} INFO - Processing file /opt/airflow/dags/main.py for tasks to queue
[2026-08-18T20:51:01.294+0000] {logging_mixin.py:190} INFO - [2026-08-18T20:51:01.293+0000] {dagbag.py:588} INFO - Filling up the DagBag from /opt/airflow/dags/main.py
[2026-08-18T20:51:01.389+0000] {processor.py:925} INFO - DAG(s) 'produce_json', 'data_quality', 'update_db' retrieved from /opt/airflow/dags/main.py
[2026-08-18T20:51:01.409+0000] {logging_mixin.py:190} INFO - [2026-08-18T20:51:01.408+0000] {dag.py:3239} INFO - Sync 3 DAGs
[2026-08-18T20:51:01.424+0000] {logging_mixin.py:190} INFO - [2026-08-18T20:51:01.424+0000] {dag.py:4180} INFO - Setting next_dagrun for data_quality to None, run_after=None
[2026-08-18T20:51:01.429+0000] {logging_mixin.py:190} INFO - [2026-08-18T20:51:01.429+0000] {dag.py:4180} INFO - Setting next_dagrun for produce_json to 2026-08-18 11:00:00+00:00, run_after=2026-08-19 11:00:00+00:00
[2026-08-18T20:51:01.431+0000] {logging_mixin.py:190} INFO - [2026-08-18T20:51:01.431+0000] {dag.py:4180} INFO - Setting next_dagrun for update_db to None, run_after=None
[2026-08-18T20:51:01.446+0000] {processor.py:208} INFO - Processing /opt/airflow/dags/main.py took 0.162 seconds
[2026-08-18T20:51:31.573+0000] {processor.py:186} INFO - Started process (PID=768) to work on /opt/airflow/dags/main.py
[2026-08-18T20:51:31.575+0000] {processor.py:914} INFO - Processing file /opt/airflow/dags/main.py for tasks to queue
[2026-08-18T20:51:31.577+0000] {logging_mixin.py:190} INFO - [2026-08-18T20:51:31.577+0000] {dagbag.py:588} INFO - Filling up the DagBag from /opt/airflow/dags/main.py
[2026-08-18T20:51:31.706+0000] {processor.py:925} INFO - DAG(s) 'data_quality', 'produce_json', 'update_db' retrieved from /opt/airflow/dags/main.py
[2026-08-18T20:51:31.727+0000] {logging_mixin.py:190} INFO - [2026-08-18T20:51:31.726+0000] {dag.py:3239} INFO - Sync 3 DAGs
[2026-08-18T20:51:31.743+0000] {logging_mixin.py:190} INFO - [2026-08-18T20:51:31.742+0000] {dag.py:4180} INFO - Setting next_dagrun for data_quality to None, run_after=None
[2026-08-18T20:51:31.748+0000] {logging_mixin.py:190} INFO - [2026-08-18T20:51:31.748+0000] {dag.py:4180} INFO - Setting next_dagrun for produce_json to 2026-08-18 11:00:00+00:00, run_after=2026-08-19 11:00:00+00:00
[2026-08-18T20:51:31.750+0000] {logging_mixin.py:190} INFO - [2026-08-18T20:51:31.750+0000] {dag.py:4180} INFO - Setting next_dagrun for update_db to None, run_after=None
[2026-08-18T20:51:31.764+0000] {processor.py:208} INFO - Processing /opt/airflow/dags/main.py took 0.195 seconds
[2026-08-18T20:52:01.927+0000] {processor.py:186} INFO - Started process (PID=775) to work on /opt/airflow/dags/main.py
[2026-08-18T20:52:01.929+0000] {processor.py:914} INFO - Processing file /opt/airflow/dags/main.py for tasks to queue
[2026-08-18T20:52:01.933+0000] {logging_mixin.py:190} INFO - [2026-08-18T20:52:01.933+0000] {dagbag.py:588} INFO - Filling up the DagBag from /opt/airflow/dags/main.py
[2026-08-18T20:52:02.015+0000] {processor.py:925} INFO - DAG(s) 'data_quality', 'update_db', 'produce_json' retrieved from /opt/airflow/dags/main.py
[2026-08-18T20:52:02.036+0000] {logging_mixin.py:190} INFO - [2026-08-18T20:52:02.036+0000] {dag.py:3239} INFO - Sync 3 DAGs
[2026-08-18T20:52:02.052+0000] {logging_mixin.py:190} INFO - [2026-08-18T20:52:02.052+0000] {dag.py:4180} INFO - Setting next_dagrun for data_quality to None, run_after=None
[2026-08-18T20:52:02.056+0000] {logging_mixin.py:190} INFO - [2026-08-18T20:52:02.056+0000] {dag.py:4180} INFO - Setting next_dagrun for produce_json to 2026-08-18 11:00:00+00:00, run_after=2026-08-19 11:00:00+00:00
[2026-08-18T20:52:02.058+0000] {logging_mixin.py:190} INFO - [2026-08-18T20:52:02.058+0000] {dag.py:4180} INFO - Setting next_dagrun for update_db to None, run_after=None
[2026-08-18T20:52:02.072+0000] {processor.py:208} INFO - Processing /opt/airflow/dags/main.py took 0.149 seconds
[2026-08-18T20:52:32.321+0000] {processor.py:186} INFO - Started process (PID=782) to work on /opt/airflow/dags/main.py
[2026-08-18T20:52:32.322+0000] {processor.py:914} INFO - Processing file /opt/airflow/dags/main.py for tasks to queue
[2026-08-18T20:52:32.325+0000] {logging_mixin.py:190} INFO - [2026-08-18T20:52:32.325+0000] {dagbag.py:588} INFO - Filling up the DagBag from /opt/airflow/dags/main.py
[2026-08-18T20:52:32.417+0000] {processor.py:925} INFO - DAG(s) 'update_db', 'data_quality', 'produce_json' retrieved from /opt/airflow/dags/main.py
[2026-08-18T20:52:32.439+0000] {logging_mixin.py:190} INFO - [2026-08-18T20:52:32.438+0000] {dag.py:3239} INFO - Sync 3 DAGs
[2026-08-18T20:52:32.457+0000] {logging_mixin.py:190} INFO - [2026-08-18T20:52:32.457+0000] {dag.py:4180} INFO - Setting next_dagrun for data_quality to None, run_after=None
[2026-08-18T20:52:32.462+0000] {logging_mixin.py:190} INFO - [2026-08-18T20:52:32.462+0000] {dag.py:4180} INFO - Setting next_dagrun for produce_json to 2026-08-18 11:00:00+00:00, run_after=2026-08-19 11:00:00+00:00
[2026-08-18T20:52:32.464+0000] {logging_mixin.py:190} INFO - [2026-08-18T20:52:32.464+0000] {dag.py:4180} INFO - Setting next_dagrun for update_db to None, run_after=None
[2026-08-18T20:52:32.477+0000] {processor.py:208} INFO - Processing /opt/airflow/dags/main.py took 0.161 seconds
[2026-08-18T21:54:19.761+0000] {processor.py:186} INFO - Started process (PID=789) to work on /opt/airflow/dags/main.py
[2026-08-18T21:54:19.763+0000] {processor.py:914} INFO - Processing file /opt/airflow/dags/main.py for tasks to queue
[2026-08-18T21:54:19.768+0000] {logging_mixin.py:190} INFO - [2026-08-18T21:54:19.768+0000] {dagbag.py:588} INFO - Filling up the DagBag from /opt/airflow/dags/main.py
[2026-08-18T21:54:19.913+0000] {processor.py:925} INFO - DAG(s) 'produce_json', 'update_db', 'data_quality' retrieved from /opt/airflow/dags/main.py
[2026-08-18T21:54:19.941+0000] {logging_mixin.py:190} INFO - [2026-08-18T21:54:19.941+0000] {dag.py:3239} INFO - Sync 3 DAGs
[2026-08-18T21:54:19.961+0000] {logging_mixin.py:190} INFO - [2026-08-18T21:54:19.961+0000] {dag.py:4180} INFO - Setting next_dagrun for data_quality to None, run_after=None
[2026-08-18T21:54:19.967+0000] {logging_mixin.py:190} INFO - [2026-08-18T21:54:19.967+0000] {dag.py:4180} INFO - Setting next_dagrun for produce_json to 2026-08-18 11:00:00+00:00, run_after=2026-08-19 11:00:00+00:00
[2026-08-18T21:54:19.969+0000] {logging_mixin.py:190} INFO - [2026-08-18T21:54:19.969+0000] {dag.py:4180} INFO - Setting next_dagrun for update_db to None, run_after=None
[2026-08-18T21:54:19.984+0000] {processor.py:208} INFO - Processing /opt/airflow/dags/main.py took 0.231 seconds
[2026-08-18T21:54:50.601+0000] {processor.py:186} INFO - Started process (PID=796) to work on /opt/airflow/dags/main.py
[2026-08-18T21:54:50.603+0000] {processor.py:914} INFO - Processing file /opt/airflow/dags/main.py for tasks to queue
[2026-08-18T21:54:50.606+0000] {logging_mixin.py:190} INFO - [2026-08-18T21:54:50.606+0000] {dagbag.py:588} INFO - Filling up the DagBag from /opt/airflow/dags/main.py
[2026-08-18T21:54:50.747+0000] {processor.py:925} INFO - DAG(s) 'update_db', 'produce_json', 'data_quality' retrieved from /opt/airflow/dags/main.py
[2026-08-18T21:54:50.778+0000] {logging_mixin.py:190} INFO - [2026-08-18T21:54:50.776+0000] {dag.py:3239} INFO - Sync 3 DAGs
[2026-08-18T21:54:50.807+0000] {logging_mixin.py:190} INFO - [2026-08-18T21:54:50.806+0000] {dag.py:4180} INFO - Setting next_dagrun for data_quality to None, run_after=None
[2026-08-18T21:54:50.815+0000] {logging_mixin.py:190} INFO - [2026-08-18T21:54:50.815+0000] {dag.py:4180} INFO - Setting next_dagrun for produce_json to 2026-08-18 11:00:00+00:00, run_after=2026-08-19 11:00:00+00:00
[2026-08-18T21:54:50.819+0000] {logging_mixin.py:190} INFO - [2026-08-18T21:54:50.819+0000] {dag.py:4180} INFO - Setting next_dagrun for update_db to None, run_after=None
[2026-08-18T21:54:50.843+0000] {processor.py:208} INFO - Processing /opt/airflow/dags/main.py took 0.247 seconds
[2026-08-18T21:55:21.655+0000] {processor.py:186} INFO - Started process (PID=803) to work on /opt/airflow/dags/main.py
[2026-08-18T21:55:21.657+0000] {processor.py:914} INFO - Processing file /opt/airflow/dags/main.py for tasks to queue
[2026-08-18T21:55:21.659+0000] {logging_mixin.py:190} INFO - [2026-08-18T21:55:21.659+0000] {dagbag.py:588} INFO - Filling up the DagBag from /opt/airflow/dags/main.py
[2026-08-18T21:55:21.749+0000] {processor.py:925} INFO - DAG(s) 'produce_json', 'data_quality', 'update_db' retrieved from /opt/airflow/dags/main.py
[2026-08-18T21:55:21.772+0000] {logging_mixin.py:190} INFO - [2026-08-18T21:55:21.772+0000] {dag.py:3239} INFO - Sync 3 DAGs
[2026-08-18T21:55:21.790+0000] {logging_mixin.py:190} INFO - [2026-08-18T21:55:21.790+0000] {dag.py:4180} INFO - Setting next_dagrun for data_quality to None, run_after=None
[2026-08-18T21:55:21.795+0000] {logging_mixin.py:190} INFO - [2026-08-18T21:55:21.795+0000] {dag.py:4180} INFO - Setting next_dagrun for produce_json to 2026-08-18 11:00:00+00:00, run_after=2026-08-19 11:00:00+00:00
[2026-08-18T21:55:21.797+0000] {logging_mixin.py:190} INFO - [2026-08-18T21:55:21.797+0000] {dag.py:4180} INFO - Setting next_dagrun for update_db to None, run_after=None
[2026-08-18T21:55:21.811+0000] {processor.py:208} INFO - Processing /opt/airflow/dags/main.py took 0.162 seconds
[2026-08-18T21:55:51.925+0000] {processor.py:186} INFO - Started process (PID=810) to work on /opt/airflow/dags/main.py
[2026-08-18T21:55:51.928+0000] {processor.py:914} INFO - Processing file /opt/airflow/dags/main.py for tasks to queue
[2026-08-18T21:55:51.930+0000] {logging_mixin.py:190} INFO - [2026-08-18T21:55:51.930+0000] {dagbag.py:588} INFO - Filling up the DagBag from /opt/airflow/dags/main.py
[2026-08-18T21:55:52.047+0000] {processor.py:925} INFO - DAG(s) 'update_db', 'data_quality', 'produce_json' retrieved from /opt/airflow/dags/main.py
[2026-08-18T21:55:52.069+0000] {logging_mixin.py:190} INFO - [2026-08-18T21:55:52.069+0000] {dag.py:3239} INFO - Sync 3 DAGs
[2026-08-18T21:55:52.087+0000] {logging_mixin.py:190} INFO - [2026-08-18T21:55:52.087+0000] {dag.py:4180} INFO - Setting next_dagrun for data_quality to None, run_after=None
[2026-08-18T21:55:52.095+0000] {logging_mixin.py:190} INFO - [2026-08-18T21:55:52.095+0000] {dag.py:4180} INFO - Setting next_dagrun for produce_json to 2026-08-18 11:00:00+00:00, run_after=2026-08-19 11:00:00+00:00
[2026-08-18T21:55:52.097+0000] {logging_mixin.py:190} INFO - [2026-08-18T21:55:52.097+0000] {dag.py:4180} INFO - Setting next_dagrun for update_db to None, run_after=None
[2026-08-18T21:55:52.111+0000] {processor.py:208} INFO - Processing /opt/airflow/dags/main.py took 0.190 seconds
[2026-08-18T21:56:22.508+0000] {processor.py:186} INFO - Started process (PID=817) to work on /opt/airflow/dags/main.py
[2026-08-18T21:56:22.510+0000] {processor.py:914} INFO - Processing file /opt/airflow/dags/main.py for tasks to queue
[2026-08-18T21:56:22.512+0000] {logging_mixin.py:190} INFO - [2026-08-18T21:56:22.512+0000] {dagbag.py:588} INFO - Filling up the DagBag from /opt/airflow/dags/main.py
[2026-08-18T21:56:22.600+0000] {processor.py:925} INFO - DAG(s) 'data_quality', 'produce_json', 'update_db' retrieved from /opt/airflow/dags/main.py
[2026-08-18T21:56:22.621+0000] {logging_mixin.py:190} INFO - [2026-08-18T21:56:22.621+0000] {dag.py:3239} INFO - Sync 3 DAGs
[2026-08-18T21:56:22.639+0000] {logging_mixin.py:190} INFO - [2026-08-18T21:56:22.639+0000] {dag.py:4180} INFO - Setting next_dagrun for data_quality to None, run_after=None
[2026-08-18T21:56:22.644+0000] {logging_mixin.py:190} INFO - [2026-08-18T21:56:22.644+0000] {dag.py:4180} INFO - Setting next_dagrun for produce_json to 2026-08-18 11:00:00+00:00, run_after=2026-08-19 11:00:00+00:00
[2026-08-18T21:56:22.646+0000] {logging_mixin.py:190} INFO - [2026-08-18T21:56:22.645+0000] {dag.py:4180} INFO - Setting next_dagrun for update_db to None, run_after=None
[2026-08-18T21:56:22.659+0000] {processor.py:208} INFO - Processing /opt/airflow/dags/main.py took 0.155 seconds
[2026-08-18T23:28:01.995+0000] {processor.py:186} INFO - Started process (PID=824) to work on /opt/airflow/dags/main.py
[2026-08-18T23:28:01.996+0000] {processor.py:914} INFO - Processing file /opt/airflow/dags/main.py for tasks to queue
[2026-08-18T23:28:02.000+0000] {logging_mixin.py:190} INFO - [2026-08-18T23:28:02.000+0000] {dagbag.py:588} INFO - Filling up the DagBag from /opt/airflow/dags/main.py
[2026-08-18T23:28:02.141+0000] {processor.py:925} INFO - DAG(s) 'data_quality', 'update_db', 'produce_json' retrieved from /opt/airflow/dags/main.py
[2026-08-18T23:28:02.167+0000] {logging_mixin.py:190} INFO - [2026-08-18T23:28:02.167+0000] {dag.py:3239} INFO - Sync 3 DAGs
[2026-08-18T23:28:02.189+0000] {logging_mixin.py:190} INFO - [2026-08-18T23:28:02.189+0000] {dag.py:4180} INFO - Setting next_dagrun for data_quality to None, run_after=None
[2026-08-18T23:28:02.196+0000] {logging_mixin.py:190} INFO - [2026-08-18T23:28:02.196+0000] {dag.py:4180} INFO - Setting next_dagrun for produce_json to 2026-08-18 11:00:00+00:00, run_after=2026-08-19 11:00:00+00:00
[2026-08-18T23:28:02.199+0000] {logging_mixin.py:190} INFO - [2026-08-18T23:28:02.199+0000] {dag.py:4180} INFO - Setting next_dagrun for update_db to None, run_after=None
[2026-08-18T23:28:02.218+0000] {processor.py:208} INFO - Processing /opt/airflow/dags/main.py took 0.229 seconds
[2026-08-18T23:28:32.467+0000] {processor.py:186} INFO - Started process (PID=831) to work on /opt/airflow/dags/main.py
[2026-08-18T23:28:32.469+0000] {processor.py:914} INFO - Processing file /opt/airflow/dags/main.py for tasks to queue
[2026-08-18T23:28:32.472+0000] {logging_mixin.py:190} INFO - [2026-08-18T23:28:32.471+0000] {dagbag.py:588} INFO - Filling up the DagBag from /opt/airflow/dags/main.py
[2026-08-18T23:28:32.597+0000] {processor.py:925} INFO - DAG(s) 'data_quality', 'produce_json', 'update_db' retrieved from /opt/airflow/dags/main.py
[2026-08-18T23:28:32.622+0000] {logging_mixin.py:190} INFO - [2026-08-18T23:28:32.622+0000] {dag.py:3239} INFO - Sync 3 DAGs
[2026-08-18T23:28:32.643+0000] {logging_mixin.py:190} INFO - [2026-08-18T23:28:32.643+0000] {dag.py:4180} INFO - Setting next_dagrun for data_quality to None, run_after=None
[2026-08-18T23:28:32.650+0000] {logging_mixin.py:190} INFO - [2026-08-18T23:28:32.649+0000] {dag.py:4180} INFO - Setting next_dagrun for produce_json to 2026-08-18 11:00:00+00:00, run_after=2026-08-19 11:00:00+00:00
[2026-08-18T23:28:32.651+0000] {logging_mixin.py:190} INFO - [2026-08-18T23:28:32.651+0000] {dag.py:4180} INFO - Setting next_dagrun for update_db to None, run_after=None
[2026-08-18T23:28:32.666+0000] {processor.py:208} INFO - Processing /opt/airflow/dags/main.py took 0.204 seconds
[2026-08-18T23:29:02.909+0000] {processor.py:186} INFO - Started process (PID=838) to work on /opt/airflow/dags/main.py
[2026-08-18T23:29:02.911+0000] {processor.py:914} INFO - Processing file /opt/airflow/dags/main.py for tasks to queue
[2026-08-18T23:29:02.915+0000] {logging_mixin.py:190} INFO - [2026-08-18T23:29:02.915+0000] {dagbag.py:588} INFO - Filling up the DagBag from /opt/airflow/dags/main.py
[2026-08-18T23:29:03.027+0000] {processor.py:925} INFO - DAG(s) 'produce_json', 'data_quality', 'update_db' retrieved from /opt/airflow/dags/main.py
[2026-08-18T23:29:03.052+0000] {logging_mixin.py:190} INFO - [2026-08-18T23:29:03.052+0000] {dag.py:3239} INFO - Sync 3 DAGs
[2026-08-18T23:29:03.070+0000] {logging_mixin.py:190} INFO - [2026-08-18T23:29:03.070+0000] {dag.py:4180} INFO - Setting next_dagrun for data_quality to None, run_after=None
[2026-08-18T23:29:03.075+0000] {logging_mixin.py:190} INFO - [2026-08-18T23:29:03.075+0000] {dag.py:4180} INFO - Setting next_dagrun for produce_json to 2026-08-18 11:00:00+00:00, run_after=2026-08-19 11:00:00+00:00
[2026-08-18T23:29:03.077+0000] {logging_mixin.py:190} INFO - [2026-08-18T23:29:03.077+0000] {dag.py:4180} INFO - Setting next_dagrun for update_db to None, run_after=None
[2026-08-18T23:29:03.092+0000] {processor.py:208} INFO - Processing /opt/airflow/dags/main.py took 0.188 seconds
[2026-08-18T23:29:33.153+0000] {processor.py:186} INFO - Started process (PID=845) to work on /opt/airflow/dags/main.py
[2026-08-18T23:29:33.155+0000] {processor.py:914} INFO - Processing file /opt/airflow/dags/main.py for tasks to queue
[2026-08-18T23:29:33.160+0000] {logging_mixin.py:190} INFO - [2026-08-18T23:29:33.159+0000] {dagbag.py:588} INFO - Filling up the DagBag from /opt/airflow/dags/main.py
[2026-08-18T23:29:33.271+0000] {processor.py:925} INFO - DAG(s) 'data_quality', 'produce_json', 'update_db' retrieved from /opt/airflow/dags/main.py
[2026-08-18T23:29:33.298+0000] {logging_mixin.py:190} INFO - [2026-08-18T23:29:33.298+0000] {dag.py:3239} INFO - Sync 3 DAGs
[2026-08-18T23:29:33.318+0000] {logging_mixin.py:190} INFO - [2026-08-18T23:29:33.318+0000] {dag.py:4180} INFO - Setting next_dagrun for data_quality to None, run_after=None
[2026-08-18T23:29:33.323+0000] {logging_mixin.py:190} INFO - [2026-08-18T23:29:33.323+0000] {dag.py:4180} INFO - Setting next_dagrun for produce_json to 2026-08-18 11:00:00+00:00, run_after=2026-08-19 11:00:00+00:00
[2026-08-18T23:29:33.325+0000] {logging_mixin.py:190} INFO - [2026-08-18T23:29:33.325+0000] {dag.py:4180} INFO - Setting next_dagrun for update_db to None, run_after=None
[2026-08-18T23:29:33.344+0000] {processor.py:208} INFO - Processing /opt/airflow/dags/main.py took 0.196 seconds
[2026-08-18T23:30:03.578+0000] {processor.py:186} INFO - Started process (PID=852) to work on /opt/airflow/dags/main.py
[2026-08-18T23:30:03.580+0000] {processor.py:914} INFO - Processing file /opt/airflow/dags/main.py for tasks to queue
[2026-08-18T23:30:03.583+0000] {logging_mixin.py:190} INFO - [2026-08-18T23:30:03.582+0000] {dagbag.py:588} INFO - Filling up the DagBag from /opt/airflow/dags/main.py
[2026-08-18T23:30:03.688+0000] {processor.py:925} INFO - DAG(s) 'update_db', 'data_quality', 'produce_json' retrieved from /opt/airflow/dags/main.py
[2026-08-18T23:30:03.709+0000] {logging_mixin.py:190} INFO - [2026-08-18T23:30:03.709+0000] {dag.py:3239} INFO - Sync 3 DAGs
[2026-08-18T23:30:03.727+0000] {logging_mixin.py:190} INFO - [2026-08-18T23:30:03.727+0000] {dag.py:4180} INFO - Setting next_dagrun for data_quality to None, run_after=None
[2026-08-18T23:30:03.735+0000] {logging_mixin.py:190} INFO - [2026-08-18T23:30:03.734+0000] {dag.py:4180} INFO - Setting next_dagrun for produce_json to 2026-08-18 11:00:00+00:00, run_after=2026-08-19 11:00:00+00:00
[2026-08-18T23:30:03.737+0000] {logging_mixin.py:190} INFO - [2026-08-18T23:30:03.736+0000] {dag.py:4180} INFO - Setting next_dagrun for update_db to None, run_after=None
[2026-08-18T23:30:03.750+0000] {processor.py:208} INFO - Processing /opt/airflow/dags/main.py took 0.176 seconds
[2026-08-18T23:30:33.824+0000] {processor.py:186} INFO - Started process (PID=859) to work on /opt/airflow/dags/main.py
[2026-08-18T23:30:33.825+0000] {processor.py:914} INFO - Processing file /opt/airflow/dags/main.py for tasks to queue
[2026-08-18T23:30:33.828+0000] {logging_mixin.py:190} INFO - [2026-08-18T23:30:33.828+0000] {dagbag.py:588} INFO - Filling up the DagBag from /opt/airflow/dags/main.py
[2026-08-18T23:30:33.909+0000] {processor.py:925} INFO - DAG(s) 'produce_json', 'update_db', 'data_quality' retrieved from /opt/airflow/dags/main.py
[2026-08-18T23:30:33.931+0000] {logging_mixin.py:190} INFO - [2026-08-18T23:30:33.930+0000] {dag.py:3239} INFO - Sync 3 DAGs
[2026-08-18T23:30:33.947+0000] {logging_mixin.py:190} INFO - [2026-08-18T23:30:33.947+0000] {dag.py:4180} INFO - Setting next_dagrun for data_quality to None, run_after=None
[2026-08-18T23:30:33.952+0000] {logging_mixin.py:190} INFO - [2026-08-18T23:30:33.952+0000] {dag.py:4180} INFO - Setting next_dagrun for produce_json to 2026-08-18 11:00:00+00:00, run_after=2026-08-19 11:00:00+00:00
[2026-08-18T23:30:33.954+0000] {logging_mixin.py:190} INFO - [2026-08-18T23:30:33.953+0000] {dag.py:4180} INFO - Setting next_dagrun for update_db to None, run_after=None
[2026-08-18T23:30:33.968+0000] {processor.py:208} INFO - Processing /opt/airflow/dags/main.py took 0.149 seconds
[2026-08-18T23:31:04.235+0000] {processor.py:186} INFO - Started process (PID=866) to work on /opt/airflow/dags/main.py
[2026-08-18T23:31:04.237+0000] {processor.py:914} INFO - Processing file /opt/airflow/dags/main.py for tasks to queue
[2026-08-18T23:31:04.239+0000] {logging_mixin.py:190} INFO - [2026-08-18T23:31:04.239+0000] {dagbag.py:588} INFO - Filling up the DagBag from /opt/airflow/dags/main.py
[2026-08-18T23:31:04.326+0000] {processor.py:925} INFO - DAG(s) 'data_quality', 'update_db', 'produce_json' retrieved from /opt/airflow/dags/main.py
[2026-08-18T23:31:04.347+0000] {logging_mixin.py:190} INFO - [2026-08-18T23:31:04.347+0000] {dag.py:3239} INFO - Sync 3 DAGs
[2026-08-18T23:31:04.366+0000] {logging_mixin.py:190} INFO - [2026-08-18T23:31:04.365+0000] {dag.py:4180} INFO - Setting next_dagrun for data_quality to None, run_after=None
[2026-08-18T23:31:04.370+0000] {logging_mixin.py:190} INFO - [2026-08-18T23:31:04.370+0000] {dag.py:4180} INFO - Setting next_dagrun for produce_json to 2026-08-18 11:00:00+00:00, run_after=2026-08-19 11:00:00+00:00
[2026-08-18T23:31:04.371+0000] {logging_mixin.py:190} INFO - [2026-08-18T23:31:04.371+0000] {dag.py:4180} INFO - Setting next_dagrun for update_db to None, run_after=None
[2026-08-18T23:31:04.387+0000] {processor.py:208} INFO - Processing /opt/airflow/dags/main.py took 0.156 seconds
[2026-08-18T23:31:34.481+0000] {processor.py:186} INFO - Started process (PID=873) to work on /opt/airflow/dags/main.py
[2026-08-18T23:31:34.483+0000] {processor.py:914} INFO - Processing file /opt/airflow/dags/main.py for tasks to queue
[2026-08-18T23:31:34.485+0000] {logging_mixin.py:190} INFO - [2026-08-18T23:31:34.485+0000] {dagbag.py:588} INFO - Filling up the DagBag from /opt/airflow/dags/main.py
[2026-08-18T23:31:34.588+0000] {processor.py:925} INFO - DAG(s) 'produce_json', 'data_quality', 'update_db' retrieved from /opt/airflow/dags/main.py
[2026-08-18T23:31:34.612+0000] {logging_mixin.py:190} INFO - [2026-08-18T23:31:34.612+0000] {dag.py:3239} INFO - Sync 3 DAGs
[2026-08-18T23:31:34.630+0000] {logging_mixin.py:190} INFO - [2026-08-18T23:31:34.629+0000] {dag.py:4180} INFO - Setting next_dagrun for data_quality to None, run_after=None
[2026-08-18T23:31:34.634+0000] {logging_mixin.py:190} INFO - [2026-08-18T23:31:34.634+0000] {dag.py:4180} INFO - Setting next_dagrun for produce_json to 2026-08-18 11:00:00+00:00, run_after=2026-08-19 11:00:00+00:00
[2026-08-18T23:31:34.636+0000] {logging_mixin.py:190} INFO - [2026-08-18T23:31:34.636+0000] {dag.py:4180} INFO - Setting next_dagrun for update_db to None, run_after=None
[2026-08-18T23:31:34.651+0000] {processor.py:208} INFO - Processing /opt/airflow/dags/main.py took 0.174 seconds
[2026-08-18T23:32:04.875+0000] {processor.py:186} INFO - Started process (PID=880) to work on /opt/airflow/dags/main.py
[2026-08-18T23:32:04.877+0000] {processor.py:914} INFO - Processing file /opt/airflow/dags/main.py for tasks to queue
[2026-08-18T23:32:04.879+0000] {logging_mixin.py:190} INFO - [2026-08-18T23:32:04.879+0000] {dagbag.py:588} INFO - Filling up the DagBag from /opt/airflow/dags/main.py
[2026-08-18T23:32:04.989+0000] {processor.py:925} INFO - DAG(s) 'update_db', 'produce_json', 'data_quality' retrieved from /opt/airflow/dags/main.py
[2026-08-18T23:32:05.009+0000] {logging_mixin.py:190} INFO - [2026-08-18T23:32:05.009+0000] {dag.py:3239} INFO - Sync 3 DAGs
[2026-08-18T23:32:05.024+0000] {logging_mixin.py:190} INFO - [2026-08-18T23:32:05.024+0000] {dag.py:4180} INFO - Setting next_dagrun for data_quality to None, run_after=None
[2026-08-18T23:32:05.028+0000] {logging_mixin.py:190} INFO - [2026-08-18T23:32:05.028+0000] {dag.py:4180} INFO - Setting next_dagrun for produce_json to 2026-08-18 11:00:00+00:00, run_after=2026-08-19 11:00:00+00:00
[2026-08-18T23:32:05.030+0000] {logging_mixin.py:190} INFO - [2026-08-18T23:32:05.029+0000] {dag.py:4180} INFO - Setting next_dagrun for update_db to None, run_after=None
[2026-08-18T23:32:05.043+0000] {processor.py:208} INFO - Processing /opt/airflow/dags/main.py took 0.173 seconds
[2026-08-18T23:32:35.128+0000] {processor.py:186} INFO - Started process (PID=887) to work on /opt/airflow/dags/main.py
[2026-08-18T23:32:35.130+0000] {processor.py:914} INFO - Processing file /opt/airflow/dags/main.py for tasks to queue
[2026-08-18T23:32:35.133+0000] {logging_mixin.py:190} INFO - [2026-08-18T23:32:35.133+0000] {dagbag.py:588} INFO - Filling up the DagBag from /opt/airflow/dags/main.py
[2026-08-18T23:32:35.245+0000] {processor.py:925} INFO - DAG(s) 'produce_json', 'data_quality', 'update_db' retrieved from /opt/airflow/dags/main.py
[2026-08-18T23:32:35.266+0000] {logging_mixin.py:190} INFO - [2026-08-18T23:32:35.265+0000] {dag.py:3239} INFO - Sync 3 DAGs
[2026-08-18T23:32:35.283+0000] {logging_mixin.py:190} INFO - [2026-08-18T23:32:35.283+0000] {dag.py:4180} INFO - Setting next_dagrun for data_quality to None, run_after=None
[2026-08-18T23:32:35.288+0000] {logging_mixin.py:190} INFO - [2026-08-18T23:32:35.288+0000] {dag.py:4180} INFO - Setting next_dagrun for produce_json to 2026-08-18 11:00:00+00:00, run_after=2026-08-19 11:00:00+00:00
[2026-08-18T23:32:35.289+0000] {logging_mixin.py:190} INFO - [2026-08-18T23:32:35.289+0000] {dag.py:4180} INFO - Setting next_dagrun for update_db to None, run_after=None
[2026-08-18T23:32:35.305+0000] {processor.py:208} INFO - Processing /opt/airflow/dags/main.py took 0.183 seconds
[2026-08-18T23:33:05.682+0000] {processor.py:186} INFO - Started process (PID=894) to work on /opt/airflow/dags/main.py
[2026-08-18T23:33:05.683+0000] {processor.py:914} INFO - Processing file /opt/airflow/dags/main.py for tasks to queue
[2026-08-18T23:33:05.686+0000] {logging_mixin.py:190} INFO - [2026-08-18T23:33:05.685+0000] {dagbag.py:588} INFO - Filling up the DagBag from /opt/airflow/dags/main.py
[2026-08-18T23:33:05.799+0000] {processor.py:925} INFO - DAG(s) 'update_db', 'data_quality', 'produce_json' retrieved from /opt/airflow/dags/main.py
[2026-08-18T23:33:05.823+0000] {logging_mixin.py:190} INFO - [2026-08-18T23:33:05.823+0000] {dag.py:3239} INFO - Sync 3 DAGs
[2026-08-18T23:33:05.843+0000] {logging_mixin.py:190} INFO - [2026-08-18T23:33:05.842+0000] {dag.py:4180} INFO - Setting next_dagrun for data_quality to None, run_after=None
[2026-08-18T23:33:05.848+0000] {logging_mixin.py:190} INFO - [2026-08-18T23:33:05.848+0000] {dag.py:4180} INFO - Setting next_dagrun for produce_json to 2026-08-18 11:00:00+00:00, run_after=2026-08-19 11:00:00+00:00
[2026-08-18T23:33:05.850+0000] {logging_mixin.py:190} INFO - [2026-08-18T23:33:05.850+0000] {dag.py:4180} INFO - Setting next_dagrun for update_db to None, run_after=None
[2026-08-18T23:33:05.868+0000] {processor.py:208} INFO - Processing /opt/airflow/dags/main.py took 0.191 seconds
[2026-08-18T23:33:35.943+0000] {processor.py:186} INFO - Started process (PID=901) to work on /opt/airflow/dags/main.py
[2026-08-18T23:33:35.945+0000] {processor.py:914} INFO - Processing file /opt/airflow/dags/main.py for tasks to queue
[2026-08-18T23:33:35.948+0000] {logging_mixin.py:190} INFO - [2026-08-18T23:33:35.948+0000] {dagbag.py:588} INFO - Filling up the DagBag from /opt/airflow/dags/main.py
[2026-08-18T23:33:36.033+0000] {processor.py:925} INFO - DAG(s) 'produce_json', 'update_db', 'data_quality' retrieved from /opt/airflow/dags/main.py
[2026-08-18T23:33:36.054+0000] {logging_mixin.py:190} INFO - [2026-08-18T23:33:36.054+0000] {dag.py:3239} INFO - Sync 3 DAGs
[2026-08-18T23:33:36.073+0000] {logging_mixin.py:190} INFO - [2026-08-18T23:33:36.073+0000] {dag.py:4180} INFO - Setting next_dagrun for data_quality to None, run_after=None
[2026-08-18T23:33:36.078+0000] {logging_mixin.py:190} INFO - [2026-08-18T23:33:36.078+0000] {dag.py:4180} INFO - Setting next_dagrun for produce_json to 2026-08-18 11:00:00+00:00, run_after=2026-08-19 11:00:00+00:00
[2026-08-18T23:33:36.080+0000] {logging_mixin.py:190} INFO - [2026-08-18T23:33:36.080+0000] {dag.py:4180} INFO - Setting next_dagrun for update_db to None, run_after=None
[2026-08-18T23:33:36.094+0000] {processor.py:208} INFO - Processing /opt/airflow/dags/main.py took 0.157 seconds
[2026-08-18T23:34:06.193+0000] {processor.py:186} INFO - Started process (PID=908) to work on /opt/airflow/dags/main.py
[2026-08-18T23:34:06.196+0000] {processor.py:914} INFO - Processing file /opt/airflow/dags/main.py for tasks to queue
[2026-08-18T23:34:06.199+0000] {logging_mixin.py:190} INFO - [2026-08-18T23:34:06.198+0000] {dagbag.py:588} INFO - Filling up the DagBag from /opt/airflow/dags/main.py
[2026-08-18T23:34:06.286+0000] {processor.py:925} INFO - DAG(s) 'data_quality', 'produce_json', 'update_db' retrieved from /opt/airflow/dags/main.py
[2026-08-18T23:34:06.308+0000] {logging_mixin.py:190} INFO - [2026-08-18T23:34:06.308+0000] {dag.py:3239} INFO - Sync 3 DAGs
[2026-08-18T23:34:06.326+0000] {logging_mixin.py:190} INFO - [2026-08-18T23:34:06.325+0000] {dag.py:4180} INFO - Setting next_dagrun for data_quality to None, run_after=None
[2026-08-18T23:34:06.330+0000] {logging_mixin.py:190} INFO - [2026-08-18T23:34:06.330+0000] {dag.py:4180} INFO - Setting next_dagrun for produce_json to 2026-08-18 11:00:00+00:00, run_after=2026-08-19 11:00:00+00:00
[2026-08-18T23:34:06.336+0000] {logging_mixin.py:190} INFO - [2026-08-18T23:34:06.335+0000] {dag.py:4180} INFO - Setting next_dagrun for update_db to None, run_after=None
[2026-08-18T23:34:06.351+0000] {processor.py:208} INFO - Processing /opt/airflow/dags/main.py took 0.163 seconds
[2026-08-18T23:34:36.627+0000] {processor.py:186} INFO - Started process (PID=915) to work on /opt/airflow/dags/main.py
[2026-08-18T23:34:36.629+0000] {processor.py:914} INFO - Processing file /opt/airflow/dags/main.py for tasks to queue
[2026-08-18T23:34:36.631+0000] {logging_mixin.py:190} INFO - [2026-08-18T23:34:36.631+0000] {dagbag.py:588} INFO - Filling up the DagBag from /opt/airflow/dags/main.py
[2026-08-18T23:34:36.712+0000] {processor.py:925} INFO - DAG(s) 'update_db', 'data_quality', 'produce_json' retrieved from /opt/airflow/dags/main.py
[2026-08-18T23:34:36.732+0000] {logging_mixin.py:190} INFO - [2026-08-18T23:34:36.732+0000] {dag.py:3239} INFO - Sync 3 DAGs
[2026-08-18T23:34:36.750+0000] {logging_mixin.py:190} INFO - [2026-08-18T23:34:36.749+0000] {dag.py:4180} INFO - Setting next_dagrun for data_quality to None, run_after=None
[2026-08-18T23:34:36.754+0000] {logging_mixin.py:190} INFO - [2026-08-18T23:34:36.754+0000] {dag.py:4180} INFO - Setting next_dagrun for produce_json to 2026-08-18 11:00:00+00:00, run_after=2026-08-19 11:00:00+00:00
[2026-08-18T23:34:36.755+0000] {logging_mixin.py:190} INFO - [2026-08-18T23:34:36.755+0000] {dag.py:4180} INFO - Setting next_dagrun for update_db to None, run_after=None
[2026-08-18T23:34:36.771+0000] {processor.py:208} INFO - Processing /opt/airflow/dags/main.py took 0.149 seconds
[2026-08-18T23:35:06.888+0000] {processor.py:186} INFO - Started process (PID=922) to work on /opt/airflow/dags/main.py
[2026-08-18T23:35:06.889+0000] {processor.py:914} INFO - Processing file /opt/airflow/dags/main.py for tasks to queue
[2026-08-18T23:35:06.892+0000] {logging_mixin.py:190} INFO - [2026-08-18T23:35:06.892+0000] {dagbag.py:588} INFO - Filling up the DagBag from /opt/airflow/dags/main.py
[2026-08-18T23:35:06.974+0000] {processor.py:925} INFO - DAG(s) 'data_quality', 'update_db', 'produce_json' retrieved from /opt/airflow/dags/main.py
[2026-08-18T23:35:06.997+0000] {logging_mixin.py:190} INFO - [2026-08-18T23:35:06.996+0000] {dag.py:3239} INFO - Sync 3 DAGs
[2026-08-18T23:35:07.014+0000] {logging_mixin.py:190} INFO - [2026-08-18T23:35:07.014+0000] {dag.py:4180} INFO - Setting next_dagrun for data_quality to None, run_after=None
[2026-08-18T23:35:07.019+0000] {logging_mixin.py:190} INFO - [2026-08-18T23:35:07.019+0000] {dag.py:4180} INFO - Setting next_dagrun for produce_json to 2026-08-18 11:00:00+00:00, run_after=2026-08-19 11:00:00+00:00
[2026-08-18T23:35:07.021+0000] {logging_mixin.py:190} INFO - [2026-08-18T23:35:07.020+0000] {dag.py:4180} INFO - Setting next_dagrun for update_db to None, run_after=None
[2026-08-18T23:35:07.034+0000] {processor.py:208} INFO - Processing /opt/airflow/dags/main.py took 0.151 seconds
[2026-08-18T23:35:37.278+0000] {processor.py:186} INFO - Started process (PID=929) to work on /opt/airflow/dags/main.py
[2026-08-18T23:35:37.279+0000] {processor.py:914} INFO - Processing file /opt/airflow/dags/main.py for tasks to queue
[2026-08-18T23:35:37.282+0000] {logging_mixin.py:190} INFO - [2026-08-18T23:35:37.282+0000] {dagbag.py:588} INFO - Filling up the DagBag from /opt/airflow/dags/main.py
[2026-08-18T23:35:37.385+0000] {processor.py:925} INFO - DAG(s) 'produce_json', 'data_quality', 'update_db' retrieved from /opt/airflow/dags/main.py
[2026-08-18T23:35:37.407+0000] {logging_mixin.py:190} INFO - [2026-08-18T23:35:37.407+0000] {dag.py:3239} INFO - Sync 3 DAGs
[2026-08-18T23:35:37.425+0000] {logging_mixin.py:190} INFO - [2026-08-18T23:35:37.425+0000] {dag.py:4180} INFO - Setting next_dagrun for data_quality to None, run_after=None
[2026-08-18T23:35:37.430+0000] {logging_mixin.py:190} INFO - [2026-08-18T23:35:37.430+0000] {dag.py:4180} INFO - Setting next_dagrun for produce_json to 2026-08-18 11:00:00+00:00, run_after=2026-08-19 11:00:00+00:00
[2026-08-18T23:35:37.432+0000] {logging_mixin.py:190} INFO - [2026-08-18T23:35:37.431+0000] {dag.py:4180} INFO - Setting next_dagrun for update_db to None, run_after=None
[2026-08-18T23:35:37.450+0000] {processor.py:208} INFO - Processing /opt/airflow/dags/main.py took 0.176 seconds
[2026-08-18T23:36:07.525+0000] {processor.py:186} INFO - Started process (PID=936) to work on /opt/airflow/dags/main.py
[2026-08-18T23:36:07.526+0000] {processor.py:914} INFO - Processing file /opt/airflow/dags/main.py for tasks to queue
[2026-08-18T23:36:07.530+0000] {logging_mixin.py:190} INFO - [2026-08-18T23:36:07.529+0000] {dagbag.py:588} INFO - Filling up the DagBag from /opt/airflow/dags/main.py
[2026-08-18T23:36:07.618+0000] {processor.py:925} INFO - DAG(s) 'update_db', 'produce_json', 'data_quality' retrieved from /opt/airflow/dags/main.py
[2026-08-18T23:36:07.639+0000] {logging_mixin.py:190} INFO - [2026-08-18T23:36:07.639+0000] {dag.py:3239} INFO - Sync 3 DAGs
[2026-08-18T23:36:07.658+0000] {logging_mixin.py:190} INFO - [2026-08-18T23:36:07.658+0000] {dag.py:4180} INFO - Setting next_dagrun for data_quality to None, run_after=None
[2026-08-18T23:36:07.662+0000] {logging_mixin.py:190} INFO - [2026-08-18T23:36:07.662+0000] {dag.py:4180} INFO - Setting next_dagrun for produce_json to 2026-08-18 11:00:00+00:00, run_after=2026-08-19 11:00:00+00:00
[2026-08-18T23:36:07.664+0000] {logging_mixin.py:190} INFO - [2026-08-18T23:36:07.664+0000] {dag.py:4180} INFO - Setting next_dagrun for update_db to None, run_after=None
[2026-08-18T23:36:07.677+0000] {processor.py:208} INFO - Processing /opt/airflow/dags/main.py took 0.157 seconds
[2026-08-18T23:36:37.790+0000] {processor.py:186} INFO - Started process (PID=943) to work on /opt/airflow/dags/main.py
[2026-08-18T23:36:37.791+0000] {processor.py:914} INFO - Processing file /opt/airflow/dags/main.py for tasks to queue
[2026-08-18T23:36:37.794+0000] {logging_mixin.py:190} INFO - [2026-08-18T23:36:37.794+0000] {dagbag.py:588} INFO - Filling up the DagBag from /opt/airflow/dags/main.py
[2026-08-18T23:36:37.874+0000] {processor.py:925} INFO - DAG(s) 'data_quality', 'update_db', 'produce_json' retrieved from /opt/airflow/dags/main.py
[2026-08-18T23:36:37.895+0000] {logging_mixin.py:190} INFO - [2026-08-18T23:36:37.895+0000] {dag.py:3239} INFO - Sync 3 DAGs
[2026-08-18T23:36:37.912+0000] {logging_mixin.py:190} INFO - [2026-08-18T23:36:37.912+0000] {dag.py:4180} INFO - Setting next_dagrun for data_quality to None, run_after=None
[2026-08-18T23:36:37.917+0000] {logging_mixin.py:190} INFO - [2026-08-18T23:36:37.917+0000] {dag.py:4180} INFO - Setting next_dagrun for produce_json to 2026-08-18 11:00:00+00:00, run_after=2026-08-19 11:00:00+00:00
[2026-08-18T23:36:37.919+0000] {logging_mixin.py:190} INFO - [2026-08-18T23:36:37.918+0000] {dag.py:4180} INFO - Setting next_dagrun for update_db to None, run_after=None
[2026-08-18T23:36:37.932+0000] {processor.py:208} INFO - Processing /opt/airflow/dags/main.py took 0.147 seconds
[2026-08-18T23:37:08.214+0000] {processor.py:186} INFO - Started process (PID=950) to work on /opt/airflow/dags/main.py
[2026-08-18T23:37:08.215+0000] {processor.py:914} INFO - Processing file /opt/airflow/dags/main.py for tasks to queue
[2026-08-18T23:37:08.218+0000] {logging_mixin.py:190} INFO - [2026-08-18T23:37:08.217+0000] {dagbag.py:588} INFO - Filling up the DagBag from /opt/airflow/dags/main.py
[2026-08-18T23:37:08.317+0000] {processor.py:925} INFO - DAG(s) 'update_db', 'data_quality', 'produce_json' retrieved from /opt/airflow/dags/main.py
[2026-08-18T23:37:08.337+0000] {logging_mixin.py:190} INFO - [2026-08-18T23:37:08.337+0000] {dag.py:3239} INFO - Sync 3 DAGs
[2026-08-18T23:37:08.354+0000] {logging_mixin.py:190} INFO - [2026-08-18T23:37:08.354+0000] {dag.py:4180} INFO - Setting next_dagrun for data_quality to None, run_after=None
[2026-08-18T23:37:08.358+0000] {logging_mixin.py:190} INFO - [2026-08-18T23:37:08.358+0000] {dag.py:4180} INFO - Setting next_dagrun for produce_json to 2026-08-18 11:00:00+00:00, run_after=2026-08-19 11:00:00+00:00
[2026-08-18T23:37:08.359+0000] {logging_mixin.py:190} INFO - [2026-08-18T23:37:08.359+0000] {dag.py:4180} INFO - Setting next_dagrun for update_db to None, run_after=None
[2026-08-18T23:37:08.373+0000] {processor.py:208} INFO - Processing /opt/airflow/dags/main.py took 0.164 seconds
[2026-08-18T23:37:38.471+0000] {processor.py:186} INFO - Started process (PID=957) to work on /opt/airflow/dags/main.py
[2026-08-18T23:37:38.472+0000] {processor.py:914} INFO - Processing file /opt/airflow/dags/main.py for tasks to queue
[2026-08-18T23:37:38.474+0000] {logging_mixin.py:190} INFO - [2026-08-18T23:37:38.474+0000] {dagbag.py:588} INFO - Filling up the DagBag from /opt/airflow/dags/main.py
[2026-08-18T23:37:38.582+0000] {processor.py:925} INFO - DAG(s) 'update_db', 'data_quality', 'produce_json' retrieved from /opt/airflow/dags/main.py
[2026-08-18T23:37:38.604+0000] {logging_mixin.py:190} INFO - [2026-08-18T23:37:38.604+0000] {dag.py:3239} INFO - Sync 3 DAGs
[2026-08-18T23:37:38.622+0000] {logging_mixin.py:190} INFO - [2026-08-18T23:37:38.622+0000] {dag.py:4180} INFO - Setting next_dagrun for data_quality to None, run_after=None
[2026-08-18T23:37:38.627+0000] {logging_mixin.py:190} INFO - [2026-08-18T23:37:38.627+0000] {dag.py:4180} INFO - Setting next_dagrun for produce_json to 2026-08-18 11:00:00+00:00, run_after=2026-08-19 11:00:00+00:00
[2026-08-18T23:37:38.629+0000] {logging_mixin.py:190} INFO - [2026-08-18T23:37:38.629+0000] {dag.py:4180} INFO - Setting next_dagrun for update_db to None, run_after=None
[2026-08-18T23:37:38.643+0000] {processor.py:208} INFO - Processing /opt/airflow/dags/main.py took 0.178 seconds
[2026-08-18T23:38:09.145+0000] {processor.py:186} INFO - Started process (PID=964) to work on /opt/airflow/dags/main.py
[2026-08-18T23:38:09.147+0000] {processor.py:914} INFO - Processing file /opt/airflow/dags/main.py for tasks to queue
[2026-08-18T23:38:09.149+0000] {logging_mixin.py:190} INFO - [2026-08-18T23:38:09.149+0000] {dagbag.py:588} INFO - Filling up the DagBag from /opt/airflow/dags/main.py
[2026-08-18T23:38:09.266+0000] {processor.py:925} INFO - DAG(s) 'data_quality', 'produce_json', 'update_db' retrieved from /opt/airflow/dags/main.py
[2026-08-18T23:38:09.288+0000] {logging_mixin.py:190} INFO - [2026-08-18T23:38:09.288+0000] {dag.py:3239} INFO - Sync 3 DAGs
[2026-08-18T23:38:09.307+0000] {logging_mixin.py:190} INFO - [2026-08-18T23:38:09.307+0000] {dag.py:4180} INFO - Setting next_dagrun for data_quality to None, run_after=None
[2026-08-18T23:38:09.313+0000] {logging_mixin.py:190} INFO - [2026-08-18T23:38:09.313+0000] {dag.py:4180} INFO - Setting next_dagrun for produce_json to 2026-08-18 11:00:00+00:00, run_after=2026-08-19 11:00:00+00:00
[2026-08-18T23:38:09.315+0000] {logging_mixin.py:190} INFO - [2026-08-18T23:38:09.315+0000] {dag.py:4180} INFO - Setting next_dagrun for update_db to None, run_after=None
[2026-08-18T23:38:09.331+0000] {processor.py:208} INFO - Processing /opt/airflow/dags/main.py took 0.190 seconds
[2026-08-18T23:39:57.751+0000] {processor.py:186} INFO - Started process (PID=971) to work on /opt/airflow/dags/main.py
[2026-08-18T23:39:57.752+0000] {processor.py:914} INFO - Processing file /opt/airflow/dags/main.py for tasks to queue
[2026-08-18T23:39:57.755+0000] {logging_mixin.py:190} INFO - [2026-08-18T23:39:57.755+0000] {dagbag.py:588} INFO - Filling up the DagBag from /opt/airflow/dags/main.py
[2026-08-18T23:39:57.849+0000] {processor.py:925} INFO - DAG(s) 'data_quality', 'update_db', 'produce_json' retrieved from /opt/airflow/dags/main.py
[2026-08-18T23:39:57.870+0000] {logging_mixin.py:190} INFO - [2026-08-18T23:39:57.869+0000] {dag.py:3239} INFO - Sync 3 DAGs
[2026-08-18T23:39:57.885+0000] {logging_mixin.py:190} INFO - [2026-08-18T23:39:57.885+0000] {dag.py:4180} INFO - Setting next_dagrun for data_quality to None, run_after=None
[2026-08-18T23:39:57.891+0000] {logging_mixin.py:190} INFO - [2026-08-18T23:39:57.891+0000] {dag.py:4180} INFO - Setting next_dagrun for produce_json to 2026-08-18 11:00:00+00:00, run_after=2026-08-19 11:00:00+00:00
[2026-08-18T23:39:57.893+0000] {logging_mixin.py:190} INFO - [2026-08-18T23:39:57.893+0000] {dag.py:4180} INFO - Setting next_dagrun for update_db to None, run_after=None
[2026-08-18T23:39:57.908+0000] {processor.py:208} INFO - Processing /opt/airflow/dags/main.py took 0.163 seconds
[2026-08-18T23:40:28.148+0000] {processor.py:186} INFO - Started process (PID=978) to work on /opt/airflow/dags/main.py
[2026-08-18T23:40:28.149+0000] {processor.py:914} INFO - Processing file /opt/airflow/dags/main.py for tasks to queue
[2026-08-18T23:40:28.154+0000] {logging_mixin.py:190} INFO - [2026-08-18T23:40:28.154+0000] {dagbag.py:588} INFO - Filling up the DagBag from /opt/airflow/dags/main.py
[2026-08-18T23:40:28.267+0000] {processor.py:925} INFO - DAG(s) 'produce_json', 'update_db', 'data_quality' retrieved from /opt/airflow/dags/main.py
[2026-08-18T23:40:28.291+0000] {logging_mixin.py:190} INFO - [2026-08-18T23:40:28.291+0000] {dag.py:3239} INFO - Sync 3 DAGs
[2026-08-18T23:40:28.316+0000] {logging_mixin.py:190} INFO - [2026-08-18T23:40:28.316+0000] {dag.py:4180} INFO - Setting next_dagrun for data_quality to None, run_after=None
[2026-08-18T23:40:28.322+0000] {logging_mixin.py:190} INFO - [2026-08-18T23:40:28.322+0000] {dag.py:4180} INFO - Setting next_dagrun for produce_json to 2026-08-18 11:00:00+00:00, run_after=2026-08-19 11:00:00+00:00
[2026-08-18T23:40:28.324+0000] {logging_mixin.py:190} INFO - [2026-08-18T23:40:28.324+0000] {dag.py:4180} INFO - Setting next_dagrun for update_db to None, run_after=None
[2026-08-18T23:40:28.339+0000] {processor.py:208} INFO - Processing /opt/airflow/dags/main.py took 0.197 seconds
[2026-08-18T23:40:58.384+0000] {processor.py:186} INFO - Started process (PID=985) to work on /opt/airflow/dags/main.py
[2026-08-18T23:40:58.386+0000] {processor.py:914} INFO - Processing file /opt/airflow/dags/main.py for tasks to queue
[2026-08-18T23:40:58.389+0000] {logging_mixin.py:190} INFO - [2026-08-18T23:40:58.388+0000] {dagbag.py:588} INFO - Filling up the DagBag from /opt/airflow/dags/main.py
[2026-08-18T23:40:58.491+0000] {processor.py:925} INFO - DAG(s) 'data_quality', 'update_db', 'produce_json' retrieved from /opt/airflow/dags/main.py
[2026-08-18T23:40:58.518+0000] {logging_mixin.py:190} INFO - [2026-08-18T23:40:58.517+0000] {dag.py:3239} INFO - Sync 3 DAGs
[2026-08-18T23:40:58.537+0000] {logging_mixin.py:190} INFO - [2026-08-18T23:40:58.537+0000] {dag.py:4180} INFO - Setting next_dagrun for data_quality to None, run_after=None
[2026-08-18T23:40:58.542+0000] {logging_mixin.py:190} INFO - [2026-08-18T23:40:58.542+0000] {dag.py:4180} INFO - Setting next_dagrun for produce_json to 2026-08-18 11:00:00+00:00, run_after=2026-08-19 11:00:00+00:00
[2026-08-18T23:40:58.544+0000] {logging_mixin.py:190} INFO - [2026-08-18T23:40:58.544+0000] {dag.py:4180} INFO - Setting next_dagrun for update_db to None, run_after=None
[2026-08-18T23:40:58.560+0000] {processor.py:208} INFO - Processing /opt/airflow/dags/main.py took 0.182 seconds
[2026-08-18T23:41:28.826+0000] {processor.py:186} INFO - Started process (PID=992) to work on /opt/airflow/dags/main.py
[2026-08-18T23:41:28.828+0000] {processor.py:914} INFO - Processing file /opt/airflow/dags/main.py for tasks to queue
[2026-08-18T23:41:28.831+0000] {logging_mixin.py:190} INFO - [2026-08-18T23:41:28.831+0000] {dagbag.py:588} INFO - Filling up the DagBag from /opt/airflow/dags/main.py
[2026-08-18T23:41:28.945+0000] {processor.py:925} INFO - DAG(s) 'produce_json', 'update_db', 'data_quality' retrieved from /opt/airflow/dags/main.py
[2026-08-18T23:41:28.971+0000] {logging_mixin.py:190} INFO - [2026-08-18T23:41:28.971+0000] {dag.py:3239} INFO - Sync 3 DAGs
[2026-08-18T23:41:28.988+0000] {logging_mixin.py:190} INFO - [2026-08-18T23:41:28.988+0000] {dag.py:4180} INFO - Setting next_dagrun for data_quality to None, run_after=None
[2026-08-18T23:41:28.993+0000] {logging_mixin.py:190} INFO - [2026-08-18T23:41:28.993+0000] {dag.py:4180} INFO - Setting next_dagrun for produce_json to 2026-08-18 11:00:00+00:00, run_after=2026-08-19 11:00:00+00:00
[2026-08-18T23:41:28.995+0000] {logging_mixin.py:190} INFO - [2026-08-18T23:41:28.995+0000] {dag.py:4180} INFO - Setting next_dagrun for update_db to None, run_after=None
[2026-08-18T23:41:29.010+0000] {processor.py:208} INFO - Processing /opt/airflow/dags/main.py took 0.188 seconds
[2026-08-18T23:41:59.086+0000] {processor.py:186} INFO - Started process (PID=999) to work on /opt/airflow/dags/main.py
[2026-08-18T23:41:59.088+0000] {processor.py:914} INFO - Processing file /opt/airflow/dags/main.py for tasks to queue
[2026-08-18T23:41:59.091+0000] {logging_mixin.py:190} INFO - [2026-08-18T23:41:59.091+0000] {dagbag.py:588} INFO - Filling up the DagBag from /opt/airflow/dags/main.py
[2026-08-18T23:41:59.200+0000] {processor.py:925} INFO - DAG(s) 'produce_json', 'data_quality', 'update_db' retrieved from /opt/airflow/dags/main.py
[2026-08-18T23:41:59.222+0000] {logging_mixin.py:190} INFO - [2026-08-18T23:41:59.221+0000] {dag.py:3239} INFO - Sync 3 DAGs
[2026-08-18T23:41:59.249+0000] {logging_mixin.py:190} INFO - [2026-08-18T23:41:59.249+0000] {dag.py:4180} INFO - Setting next_dagrun for data_quality to None, run_after=None
[2026-08-18T23:41:59.255+0000] {logging_mixin.py:190} INFO - [2026-08-18T23:41:59.255+0000] {dag.py:4180} INFO - Setting next_dagrun for produce_json to 2026-08-18 11:00:00+00:00, run_after=2026-08-19 11:00:00+00:00
[2026-08-18T23:41:59.257+0000] {logging_mixin.py:190} INFO - [2026-08-18T23:41:59.257+0000] {dag.py:4180} INFO - Setting next_dagrun for update_db to None, run_after=None
[2026-08-18T23:41:59.276+0000] {processor.py:208} INFO - Processing /opt/airflow/dags/main.py took 0.195 seconds
[2026-08-18T23:42:29.472+0000] {processor.py:186} INFO - Started process (PID=1006) to work on /opt/airflow/dags/main.py
[2026-08-18T23:42:29.474+0000] {processor.py:914} INFO - Processing file /opt/airflow/dags/main.py for tasks to queue
[2026-08-18T23:42:29.477+0000] {logging_mixin.py:190} INFO - [2026-08-18T23:42:29.477+0000] {dagbag.py:588} INFO - Filling up the DagBag from /opt/airflow/dags/main.py
[2026-08-18T23:42:29.589+0000] {processor.py:925} INFO - DAG(s) 'data_quality', 'update_db', 'produce_json' retrieved from /opt/airflow/dags/main.py
[2026-08-18T23:42:29.613+0000] {logging_mixin.py:190} INFO - [2026-08-18T23:42:29.613+0000] {dag.py:3239} INFO - Sync 3 DAGs
[2026-08-18T23:42:29.632+0000] {logging_mixin.py:190} INFO - [2026-08-18T23:42:29.632+0000] {dag.py:4180} INFO - Setting next_dagrun for data_quality to None, run_after=None
[2026-08-18T23:42:29.637+0000] {logging_mixin.py:190} INFO - [2026-08-18T23:42:29.637+0000] {dag.py:4180} INFO - Setting next_dagrun for produce_json to 2026-08-18 11:00:00+00:00, run_after=2026-08-19 11:00:00+00:00
[2026-08-18T23:42:29.639+0000] {logging_mixin.py:190} INFO - [2026-08-18T23:42:29.639+0000] {dag.py:4180} INFO - Setting next_dagrun for update_db to None, run_after=None
[2026-08-18T23:42:29.672+0000] {processor.py:208} INFO - Processing /opt/airflow/dags/main.py took 0.206 seconds
[2026-08-18T23:45:17.972+0000] {processor.py:186} INFO - Started process (PID=62) to work on /opt/airflow/dags/main.py
[2026-08-18T23:45:17.976+0000] {processor.py:914} INFO - Processing file /opt/airflow/dags/main.py for tasks to queue
[2026-08-18T23:45:17.986+0000] {logging_mixin.py:190} INFO - [2026-08-18T23:45:17.985+0000] {dagbag.py:588} INFO - Filling up the DagBag from /opt/airflow/dags/main.py
[2026-08-18T23:45:18.502+0000] {processor.py:925} INFO - DAG(s) 'update_db', 'produce_json', 'data_quality' retrieved from /opt/airflow/dags/main.py
[2026-08-18T23:45:18.590+0000] {logging_mixin.py:190} INFO - [2026-08-18T23:45:18.590+0000] {dag.py:3239} INFO - Sync 3 DAGs
[2026-08-18T23:45:18.653+0000] {logging_mixin.py:190} INFO - [2026-08-18T23:45:18.652+0000] {dag.py:4180} INFO - Setting next_dagrun for data_quality to None, run_after=None
[2026-08-18T23:45:18.667+0000] {logging_mixin.py:190} INFO - [2026-08-18T23:45:18.667+0000] {dag.py:4180} INFO - Setting next_dagrun for produce_json to 2026-08-18 11:00:00+00:00, run_after=2026-08-19 11:00:00+00:00
[2026-08-18T23:45:18.672+0000] {logging_mixin.py:190} INFO - [2026-08-18T23:45:18.671+0000] {dag.py:4180} INFO - Setting next_dagrun for update_db to None, run_after=None
[2026-08-18T23:45:18.726+0000] {processor.py:208} INFO - Processing /opt/airflow/dags/main.py took 0.769 seconds
[2026-08-18T23:45:49.085+0000] {processor.py:186} INFO - Started process (PID=69) to work on /opt/airflow/dags/main.py
[2026-08-18T23:45:49.089+0000] {processor.py:914} INFO - Processing file /opt/airflow/dags/main.py for tasks to queue
[2026-08-18T23:45:49.094+0000] {logging_mixin.py:190} INFO - [2026-08-18T23:45:49.094+0000] {dagbag.py:588} INFO - Filling up the DagBag from /opt/airflow/dags/main.py
[2026-08-18T23:45:49.211+0000] {processor.py:925} INFO - DAG(s) 'produce_json', 'update_db', 'data_quality' retrieved from /opt/airflow/dags/main.py
[2026-08-18T23:45:49.238+0000] {logging_mixin.py:190} INFO - [2026-08-18T23:45:49.238+0000] {dag.py:3239} INFO - Sync 3 DAGs
[2026-08-18T23:45:49.262+0000] {logging_mixin.py:190} INFO - [2026-08-18T23:45:49.262+0000] {dag.py:4180} INFO - Setting next_dagrun for data_quality to None, run_after=None
[2026-08-18T23:45:49.268+0000] {logging_mixin.py:190} INFO - [2026-08-18T23:45:49.268+0000] {dag.py:4180} INFO - Setting next_dagrun for produce_json to 2026-08-18 11:00:00+00:00, run_after=2026-08-19 11:00:00+00:00
[2026-08-18T23:45:49.271+0000] {logging_mixin.py:190} INFO - [2026-08-18T23:45:49.270+0000] {dag.py:4180} INFO - Setting next_dagrun for update_db to None, run_after=None
[2026-08-18T23:45:49.289+0000] {processor.py:208} INFO - Processing /opt/airflow/dags/main.py took 0.215 seconds
[2026-08-18T23:46:19.511+0000] {processor.py:186} INFO - Started process (PID=76) to work on /opt/airflow/dags/main.py
[2026-08-18T23:46:19.513+0000] {processor.py:914} INFO - Processing file /opt/airflow/dags/main.py for tasks to queue
[2026-08-18T23:46:19.516+0000] {logging_mixin.py:190} INFO - [2026-08-18T23:46:19.515+0000] {dagbag.py:588} INFO - Filling up the DagBag from /opt/airflow/dags/main.py
[2026-08-18T23:46:19.605+0000] {processor.py:925} INFO - DAG(s) 'update_db', 'data_quality', 'produce_json' retrieved from /opt/airflow/dags/main.py
[2026-08-18T23:46:19.629+0000] {logging_mixin.py:190} INFO - [2026-08-18T23:46:19.629+0000] {dag.py:3239} INFO - Sync 3 DAGs
[2026-08-18T23:46:19.653+0000] {logging_mixin.py:190} INFO - [2026-08-18T23:46:19.653+0000] {dag.py:4180} INFO - Setting next_dagrun for data_quality to None, run_after=None
[2026-08-18T23:46:19.659+0000] {logging_mixin.py:190} INFO - [2026-08-18T23:46:19.659+0000] {dag.py:4180} INFO - Setting next_dagrun for produce_json to 2026-08-18 11:00:00+00:00, run_after=2026-08-19 11:00:00+00:00
[2026-08-18T23:46:19.661+0000] {logging_mixin.py:190} INFO - [2026-08-18T23:46:19.661+0000] {dag.py:4180} INFO - Setting next_dagrun for update_db to None, run_after=None
[2026-08-18T23:46:19.675+0000] {processor.py:208} INFO - Processing /opt/airflow/dags/main.py took 0.171 seconds
[2026-08-18T23:46:49.865+0000] {processor.py:186} INFO - Started process (PID=83) to work on /opt/airflow/dags/main.py
[2026-08-18T23:46:49.866+0000] {processor.py:914} INFO - Processing file /opt/airflow/dags/main.py for tasks to queue
[2026-08-18T23:46:49.869+0000] {logging_mixin.py:190} INFO - [2026-08-18T23:46:49.869+0000] {dagbag.py:588} INFO - Filling up the DagBag from /opt/airflow/dags/main.py
[2026-08-18T23:46:49.959+0000] {processor.py:925} INFO - DAG(s) 'update_db', 'produce_json', 'data_quality' retrieved from /opt/airflow/dags/main.py
[2026-08-18T23:46:49.983+0000] {logging_mixin.py:190} INFO - [2026-08-18T23:46:49.982+0000] {dag.py:3239} INFO - Sync 3 DAGs
[2026-08-18T23:46:50.001+0000] {logging_mixin.py:190} INFO - [2026-08-18T23:46:50.001+0000] {dag.py:4180} INFO - Setting next_dagrun for data_quality to None, run_after=None
[2026-08-18T23:46:50.006+0000] {logging_mixin.py:190} INFO - [2026-08-18T23:46:50.006+0000] {dag.py:4180} INFO - Setting next_dagrun for produce_json to 2026-08-18 11:00:00+00:00, run_after=2026-08-19 11:00:00+00:00
[2026-08-18T23:46:50.008+0000] {logging_mixin.py:190} INFO - [2026-08-18T23:46:50.008+0000] {dag.py:4180} INFO - Setting next_dagrun for update_db to None, run_after=None
[2026-08-18T23:46:50.023+0000] {processor.py:208} INFO - Processing /opt/airflow/dags/main.py took 0.164 seconds
[2026-08-18T23:47:20.155+0000] {processor.py:186} INFO - Started process (PID=90) to work on /opt/airflow/dags/main.py
[2026-08-18T23:47:20.157+0000] {processor.py:914} INFO - Processing file /opt/airflow/dags/main.py for tasks to queue
[2026-08-18T23:47:20.160+0000] {logging_mixin.py:190} INFO - [2026-08-18T23:47:20.160+0000] {dagbag.py:588} INFO - Filling up the DagBag from /opt/airflow/dags/main.py
[2026-08-18T23:47:20.247+0000] {processor.py:925} INFO - DAG(s) 'produce_json', 'data_quality', 'update_db' retrieved from /opt/airflow/dags/main.py
[2026-08-18T23:47:20.270+0000] {logging_mixin.py:190} INFO - [2026-08-18T23:47:20.269+0000] {dag.py:3239} INFO - Sync 3 DAGs
[2026-08-18T23:47:20.288+0000] {logging_mixin.py:190} INFO - [2026-08-18T23:47:20.288+0000] {dag.py:4180} INFO - Setting next_dagrun for data_quality to None, run_after=None
[2026-08-18T23:47:20.293+0000] {logging_mixin.py:190} INFO - [2026-08-18T23:47:20.293+0000] {dag.py:4180} INFO - Setting next_dagrun for produce_json to 2026-08-18 11:00:00+00:00, run_after=2026-08-19 11:00:00+00:00
[2026-08-18T23:47:20.295+0000] {logging_mixin.py:190} INFO - [2026-08-18T23:47:20.295+0000] {dag.py:4180} INFO - Setting next_dagrun for update_db to None, run_after=None
[2026-08-18T23:47:20.310+0000] {processor.py:208} INFO - Processing /opt/airflow/dags/main.py took 0.161 seconds
[2026-08-18T23:47:50.539+0000] {processor.py:186} INFO - Started process (PID=97) to work on /opt/airflow/dags/main.py
[2026-08-18T23:47:50.540+0000] {processor.py:914} INFO - Processing file /opt/airflow/dags/main.py for tasks to queue
[2026-08-18T23:47:50.543+0000] {logging_mixin.py:190} INFO - [2026-08-18T23:47:50.543+0000] {dagbag.py:588} INFO - Filling up the DagBag from /opt/airflow/dags/main.py
[2026-08-18T23:47:50.630+0000] {processor.py:925} INFO - DAG(s) 'data_quality', 'update_db', 'produce_json' retrieved from /opt/airflow/dags/main.py
[2026-08-18T23:47:50.653+0000] {logging_mixin.py:190} INFO - [2026-08-18T23:47:50.653+0000] {dag.py:3239} INFO - Sync 3 DAGs
[2026-08-18T23:47:50.671+0000] {logging_mixin.py:190} INFO - [2026-08-18T23:47:50.670+0000] {dag.py:4180} INFO - Setting next_dagrun for data_quality to None, run_after=None
[2026-08-18T23:47:50.676+0000] {logging_mixin.py:190} INFO - [2026-08-18T23:47:50.676+0000] {dag.py:4180} INFO - Setting next_dagrun for produce_json to 2026-08-18 11:00:00+00:00, run_after=2026-08-19 11:00:00+00:00
[2026-08-18T23:47:50.677+0000] {logging_mixin.py:190} INFO - [2026-08-18T23:47:50.677+0000] {dag.py:4180} INFO - Setting next_dagrun for update_db to None, run_after=None
[2026-08-18T23:47:50.691+0000] {processor.py:208} INFO - Processing /opt/airflow/dags/main.py took 0.157 seconds
[2026-08-18T23:48:20.807+0000] {processor.py:186} INFO - Started process (PID=104) to work on /opt/airflow/dags/main.py
[2026-08-18T23:48:20.808+0000] {processor.py:914} INFO - Processing file /opt/airflow/dags/main.py for tasks to queue
[2026-08-18T23:48:20.811+0000] {logging_mixin.py:190} INFO - [2026-08-18T23:48:20.811+0000] {dagbag.py:588} INFO - Filling up the DagBag from /opt/airflow/dags/main.py
[2026-08-18T23:48:20.947+0000] {processor.py:925} INFO - DAG(s) 'data_quality', 'update_db', 'produce_json' retrieved from /opt/airflow/dags/main.py
[2026-08-18T23:48:20.970+0000] {logging_mixin.py:190} INFO - [2026-08-18T23:48:20.969+0000] {dag.py:3239} INFO - Sync 3 DAGs
[2026-08-18T23:48:20.990+0000] {logging_mixin.py:190} INFO - [2026-08-18T23:48:20.990+0000] {dag.py:4180} INFO - Setting next_dagrun for data_quality to None, run_after=None
[2026-08-18T23:48:20.995+0000] {logging_mixin.py:190} INFO - [2026-08-18T23:48:20.995+0000] {dag.py:4180} INFO - Setting next_dagrun for produce_json to 2026-08-18 11:00:00+00:00, run_after=2026-08-19 11:00:00+00:00
[2026-08-18T23:48:20.997+0000] {logging_mixin.py:190} INFO - [2026-08-18T23:48:20.997+0000] {dag.py:4180} INFO - Setting next_dagrun for update_db to None, run_after=None
[2026-08-18T23:48:21.012+0000] {processor.py:208} INFO - Processing /opt/airflow/dags/main.py took 0.211 seconds
[2026-08-18T23:48:51.184+0000] {processor.py:186} INFO - Started process (PID=111) to work on /opt/airflow/dags/main.py
[2026-08-18T23:48:51.186+0000] {processor.py:914} INFO - Processing file /opt/airflow/dags/main.py for tasks to queue
[2026-08-18T23:48:51.189+0000] {logging_mixin.py:190} INFO - [2026-08-18T23:48:51.189+0000] {dagbag.py:588} INFO - Filling up the DagBag from /opt/airflow/dags/main.py
[2026-08-18T23:48:51.297+0000] {processor.py:925} INFO - DAG(s) 'update_db', 'data_quality', 'produce_json' retrieved from /opt/airflow/dags/main.py
[2026-08-18T23:48:51.316+0000] {logging_mixin.py:190} INFO - [2026-08-18T23:48:51.318+0000] {dag.py:3239} INFO - Sync 3 DAGs
[2026-08-18T23:48:51.334+0000] {logging_mixin.py:190} INFO - [2026-08-18T23:48:51.334+0000] {dag.py:4180} INFO - Setting next_dagrun for data_quality to None, run_after=None
[2026-08-18T23:48:51.339+0000] {logging_mixin.py:190} INFO - [2026-08-18T23:48:51.339+0000] {dag.py:4180} INFO - Setting next_dagrun for produce_json to 2026-08-18 11:00:00+00:00, run_after=2026-08-19 11:00:00+00:00
[2026-08-18T23:48:51.341+0000] {logging_mixin.py:190} INFO - [2026-08-18T23:48:51.341+0000] {dag.py:4180} INFO - Setting next_dagrun for update_db to None, run_after=None
[2026-08-18T23:48:51.354+0000] {processor.py:208} INFO - Processing /opt/airflow/dags/main.py took 0.177 seconds
[2026-08-18T23:49:21.494+0000] {processor.py:186} INFO - Started process (PID=118) to work on /opt/airflow/dags/main.py
[2026-08-18T23:49:21.495+0000] {processor.py:914} INFO - Processing file /opt/airflow/dags/main.py for tasks to queue
[2026-08-18T23:49:21.498+0000] {logging_mixin.py:190} INFO - [2026-08-18T23:49:21.498+0000] {dagbag.py:588} INFO - Filling up the DagBag from /opt/airflow/dags/main.py
[2026-08-18T23:49:21.617+0000] {processor.py:925} INFO - DAG(s) 'data_quality', 'update_db', 'produce_json' retrieved from /opt/airflow/dags/main.py
[2026-08-18T23:49:21.640+0000] {logging_mixin.py:190} INFO - [2026-08-18T23:49:21.640+0000] {dag.py:3239} INFO - Sync 3 DAGs
[2026-08-18T23:49:21.660+0000] {logging_mixin.py:190} INFO - [2026-08-18T23:49:21.660+0000] {dag.py:4180} INFO - Setting next_dagrun for data_quality to None, run_after=None
[2026-08-18T23:49:21.665+0000] {logging_mixin.py:190} INFO - [2026-08-18T23:49:21.665+0000] {dag.py:4180} INFO - Setting next_dagrun for produce_json to 2026-08-18 11:00:00+00:00, run_after=2026-08-19 11:00:00+00:00
[2026-08-18T23:49:21.667+0000] {logging_mixin.py:190} INFO - [2026-08-18T23:49:21.667+0000] {dag.py:4180} INFO - Setting next_dagrun for update_db to None, run_after=None
[2026-08-18T23:49:21.682+0000] {processor.py:208} INFO - Processing /opt/airflow/dags/main.py took 0.194 seconds
[2026-08-18T23:49:51.866+0000] {processor.py:186} INFO - Started process (PID=125) to work on /opt/airflow/dags/main.py
[2026-08-18T23:49:51.868+0000] {processor.py:914} INFO - Processing file /opt/airflow/dags/main.py for tasks to queue
[2026-08-18T23:49:51.871+0000] {logging_mixin.py:190} INFO - [2026-08-18T23:49:51.871+0000] {dagbag.py:588} INFO - Filling up the DagBag from /opt/airflow/dags/main.py
[2026-08-18T23:49:51.969+0000] {processor.py:925} INFO - DAG(s) 'update_db', 'produce_json', 'data_quality' retrieved from /opt/airflow/dags/main.py
[2026-08-18T23:49:51.990+0000] {logging_mixin.py:190} INFO - [2026-08-18T23:49:51.990+0000] {dag.py:3239} INFO - Sync 3 DAGs
[2026-08-18T23:49:52.009+0000] {logging_mixin.py:190} INFO - [2026-08-18T23:49:52.009+0000] {dag.py:4180} INFO - Setting next_dagrun for data_quality to None, run_after=None
[2026-08-18T23:49:52.014+0000] {logging_mixin.py:190} INFO - [2026-08-18T23:49:52.014+0000] {dag.py:4180} INFO - Setting next_dagrun for produce_json to 2026-08-18 11:00:00+00:00, run_after=2026-08-19 11:00:00+00:00
[2026-08-18T23:49:52.015+0000] {logging_mixin.py:190} INFO - [2026-08-18T23:49:52.015+0000] {dag.py:4180} INFO - Setting next_dagrun for update_db to None, run_after=None
[2026-08-18T23:49:52.032+0000] {processor.py:208} INFO - Processing /opt/airflow/dags/main.py took 0.171 seconds
[2026-08-18T23:50:22.316+0000] {processor.py:186} INFO - Started process (PID=132) to work on /opt/airflow/dags/main.py
[2026-08-18T23:50:22.318+0000] {processor.py:914} INFO - Processing file /opt/airflow/dags/main.py for tasks to queue
[2026-08-18T23:50:22.321+0000] {logging_mixin.py:190} INFO - [2026-08-18T23:50:22.321+0000] {dagbag.py:588} INFO - Filling up the DagBag from /opt/airflow/dags/main.py
[2026-08-18T23:50:22.445+0000] {processor.py:925} INFO - DAG(s) 'produce_json', 'data_quality', 'update_db' retrieved from /opt/airflow/dags/main.py
[2026-08-18T23:50:22.468+0000] {logging_mixin.py:190} INFO - [2026-08-18T23:50:22.468+0000] {dag.py:3239} INFO - Sync 3 DAGs
[2026-08-18T23:50:22.487+0000] {logging_mixin.py:190} INFO - [2026-08-18T23:50:22.487+0000] {dag.py:4180} INFO - Setting next_dagrun for data_quality to None, run_after=None
[2026-08-18T23:50:22.493+0000] {logging_mixin.py:190} INFO - [2026-08-18T23:50:22.493+0000] {dag.py:4180} INFO - Setting next_dagrun for produce_json to 2026-08-18 11:00:00+00:00, run_after=2026-08-19 11:00:00+00:00
[2026-08-18T23:50:22.495+0000] {logging_mixin.py:190} INFO - [2026-08-18T23:50:22.495+0000] {dag.py:4180} INFO - Setting next_dagrun for update_db to None, run_after=None
[2026-08-18T23:50:22.511+0000] {processor.py:208} INFO - Processing /opt/airflow/dags/main.py took 0.200 seconds
[2026-08-18T23:50:52.555+0000] {processor.py:186} INFO - Started process (PID=145) to work on /opt/airflow/dags/main.py
[2026-08-18T23:50:52.556+0000] {processor.py:914} INFO - Processing file /opt/airflow/dags/main.py for tasks to queue
[2026-08-18T23:50:52.560+0000] {logging_mixin.py:190} INFO - [2026-08-18T23:50:52.560+0000] {dagbag.py:588} INFO - Filling up the DagBag from /opt/airflow/dags/main.py
[2026-08-18T23:50:52.674+0000] {processor.py:925} INFO - DAG(s) 'update_db', 'produce_json', 'data_quality' retrieved from /opt/airflow/dags/main.py
[2026-08-18T23:50:52.697+0000] {logging_mixin.py:190} INFO - [2026-08-18T23:50:52.697+0000] {dag.py:3239} INFO - Sync 3 DAGs
[2026-08-18T23:50:52.718+0000] {logging_mixin.py:190} INFO - [2026-08-18T23:50:52.717+0000] {dag.py:4180} INFO - Setting next_dagrun for data_quality to None, run_after=None
[2026-08-18T23:50:52.723+0000] {logging_mixin.py:190} INFO - [2026-08-18T23:50:52.723+0000] {dag.py:4180} INFO - Setting next_dagrun for produce_json to 2026-08-18 11:00:00+00:00, run_after=2026-08-19 11:00:00+00:00
[2026-08-18T23:50:52.728+0000] {logging_mixin.py:190} INFO - [2026-08-18T23:50:52.727+0000] {dag.py:4180} INFO - Setting next_dagrun for update_db to None, run_after=None
[2026-08-18T23:50:52.744+0000] {processor.py:208} INFO - Processing /opt/airflow/dags/main.py took 0.195 seconds
[2026-08-18T23:51:23.022+0000] {processor.py:186} INFO - Started process (PID=152) to work on /opt/airflow/dags/main.py
[2026-08-18T23:51:23.023+0000] {processor.py:914} INFO - Processing file /opt/airflow/dags/main.py for tasks to queue
[2026-08-18T23:51:23.028+0000] {logging_mixin.py:190} INFO - [2026-08-18T23:51:23.028+0000] {dagbag.py:588} INFO - Filling up the DagBag from /opt/airflow/dags/main.py
[2026-08-18T23:51:23.141+0000] {processor.py:925} INFO - DAG(s) 'update_db', 'produce_json', 'data_quality' retrieved from /opt/airflow/dags/main.py
[2026-08-18T23:51:23.165+0000] {logging_mixin.py:190} INFO - [2026-08-18T23:51:23.165+0000] {dag.py:3239} INFO - Sync 3 DAGs
[2026-08-18T23:51:23.185+0000] {logging_mixin.py:190} INFO - [2026-08-18T23:51:23.185+0000] {dag.py:4180} INFO - Setting next_dagrun for data_quality to None, run_after=None
[2026-08-18T23:51:23.190+0000] {logging_mixin.py:190} INFO - [2026-08-18T23:51:23.190+0000] {dag.py:4180} INFO - Setting next_dagrun for produce_json to 2026-08-18 11:00:00+00:00, run_after=2026-08-19 11:00:00+00:00
[2026-08-18T23:51:23.192+0000] {logging_mixin.py:190} INFO - [2026-08-18T23:51:23.192+0000] {dag.py:4180} INFO - Setting next_dagrun for update_db to None, run_after=None
[2026-08-18T23:51:23.206+0000] {processor.py:208} INFO - Processing /opt/airflow/dags/main.py took 0.189 seconds
[2026-08-18T23:51:53.269+0000] {processor.py:186} INFO - Started process (PID=159) to work on /opt/airflow/dags/main.py
[2026-08-18T23:51:53.271+0000] {processor.py:914} INFO - Processing file /opt/airflow/dags/main.py for tasks to queue
[2026-08-18T23:51:53.274+0000] {logging_mixin.py:190} INFO - [2026-08-18T23:51:53.274+0000] {dagbag.py:588} INFO - Filling up the DagBag from /opt/airflow/dags/main.py
[2026-08-18T23:51:53.413+0000] {processor.py:925} INFO - DAG(s) 'produce_json', 'update_db', 'data_quality' retrieved from /opt/airflow/dags/main.py
[2026-08-18T23:51:53.439+0000] {logging_mixin.py:190} INFO - [2026-08-18T23:51:53.439+0000] {dag.py:3239} INFO - Sync 3 DAGs
[2026-08-18T23:51:53.459+0000] {logging_mixin.py:190} INFO - [2026-08-18T23:51:53.459+0000] {dag.py:4180} INFO - Setting next_dagrun for data_quality to None, run_after=None
[2026-08-18T23:51:53.465+0000] {logging_mixin.py:190} INFO - [2026-08-18T23:51:53.465+0000] {dag.py:4180} INFO - Setting next_dagrun for produce_json to 2026-08-18 11:00:00+00:00, run_after=2026-08-19 11:00:00+00:00
[2026-08-18T23:51:53.468+0000] {logging_mixin.py:190} INFO - [2026-08-18T23:51:53.468+0000] {dag.py:4180} INFO - Setting next_dagrun for update_db to None, run_after=None
[2026-08-18T23:51:53.486+0000] {processor.py:208} INFO - Processing /opt/airflow/dags/main.py took 0.223 seconds
[2026-08-18T23:52:23.675+0000] {processor.py:186} INFO - Started process (PID=166) to work on /opt/airflow/dags/main.py
[2026-08-18T23:52:23.676+0000] {processor.py:914} INFO - Processing file /opt/airflow/dags/main.py for tasks to queue
[2026-08-18T23:52:23.679+0000] {logging_mixin.py:190} INFO - [2026-08-18T23:52:23.679+0000] {dagbag.py:588} INFO - Filling up the DagBag from /opt/airflow/dags/main.py
[2026-08-18T23:52:23.805+0000] {processor.py:925} INFO - DAG(s) 'update_db', 'data_quality', 'produce_json' retrieved from /opt/airflow/dags/main.py
[2026-08-18T23:52:23.828+0000] {logging_mixin.py:190} INFO - [2026-08-18T23:52:23.828+0000] {dag.py:3239} INFO - Sync 3 DAGs
[2026-08-18T23:52:23.845+0000] {logging_mixin.py:190} INFO - [2026-08-18T23:52:23.845+0000] {dag.py:4180} INFO - Setting next_dagrun for data_quality to None, run_after=None
[2026-08-18T23:52:23.851+0000] {logging_mixin.py:190} INFO - [2026-08-18T23:52:23.851+0000] {dag.py:4180} INFO - Setting next_dagrun for produce_json to 2026-08-18 11:00:00+00:00, run_after=2026-08-19 11:00:00+00:00
[2026-08-18T23:52:23.853+0000] {logging_mixin.py:190} INFO - [2026-08-18T23:52:23.853+0000] {dag.py:4180} INFO - Setting next_dagrun for update_db to None, run_after=None
[2026-08-18T23:52:23.866+0000] {processor.py:208} INFO - Processing /opt/airflow/dags/main.py took 0.196 seconds
[2026-08-18T23:52:54.002+0000] {processor.py:186} INFO - Started process (PID=173) to work on /opt/airflow/dags/main.py
[2026-08-18T23:52:54.003+0000] {processor.py:914} INFO - Processing file /opt/airflow/dags/main.py for tasks to queue
[2026-08-18T23:52:54.006+0000] {logging_mixin.py:190} INFO - [2026-08-18T23:52:54.006+0000] {dagbag.py:588} INFO - Filling up the DagBag from /opt/airflow/dags/main.py
[2026-08-18T23:52:54.114+0000] {processor.py:925} INFO - DAG(s) 'update_db', 'produce_json', 'data_quality' retrieved from /opt/airflow/dags/main.py
[2026-08-18T23:52:54.135+0000] {logging_mixin.py:190} INFO - [2026-08-18T23:52:54.135+0000] {dag.py:3239} INFO - Sync 3 DAGs
[2026-08-18T23:52:54.152+0000] {logging_mixin.py:190} INFO - [2026-08-18T23:52:54.152+0000] {dag.py:4180} INFO - Setting next_dagrun for data_quality to None, run_after=None
[2026-08-18T23:52:54.157+0000] {logging_mixin.py:190} INFO - [2026-08-18T23:52:54.157+0000] {dag.py:4180} INFO - Setting next_dagrun for produce_json to 2026-08-18 11:00:00+00:00, run_after=2026-08-19 11:00:00+00:00
[2026-08-18T23:52:54.159+0000] {logging_mixin.py:190} INFO - [2026-08-18T23:52:54.159+0000] {dag.py:4180} INFO - Setting next_dagrun for update_db to None, run_after=None
[2026-08-18T23:52:54.173+0000] {processor.py:208} INFO - Processing /opt/airflow/dags/main.py took 0.176 seconds
[2026-08-18T23:53:24.357+0000] {processor.py:186} INFO - Started process (PID=180) to work on /opt/airflow/dags/main.py
[2026-08-18T23:53:24.360+0000] {processor.py:914} INFO - Processing file /opt/airflow/dags/main.py for tasks to queue
[2026-08-18T23:53:24.362+0000] {logging_mixin.py:190} INFO - [2026-08-18T23:53:24.362+0000] {dagbag.py:588} INFO - Filling up the DagBag from /opt/airflow/dags/main.py
[2026-08-18T23:53:24.503+0000] {processor.py:925} INFO - DAG(s) 'data_quality', 'update_db', 'produce_json' retrieved from /opt/airflow/dags/main.py
[2026-08-18T23:53:24.530+0000] {logging_mixin.py:190} INFO - [2026-08-18T23:53:24.530+0000] {dag.py:3239} INFO - Sync 3 DAGs
[2026-08-18T23:53:24.554+0000] {logging_mixin.py:190} INFO - [2026-08-18T23:53:24.553+0000] {dag.py:4180} INFO - Setting next_dagrun for data_quality to None, run_after=None
[2026-08-18T23:53:24.563+0000] {logging_mixin.py:190} INFO - [2026-08-18T23:53:24.563+0000] {dag.py:4180} INFO - Setting next_dagrun for produce_json to 2026-08-18 11:00:00+00:00, run_after=2026-08-19 11:00:00+00:00
[2026-08-18T23:53:24.566+0000] {logging_mixin.py:190} INFO - [2026-08-18T23:53:24.566+0000] {dag.py:4180} INFO - Setting next_dagrun for update_db to None, run_after=None
[2026-08-18T23:53:24.584+0000] {processor.py:208} INFO - Processing /opt/airflow/dags/main.py took 0.233 seconds
[2026-08-18T23:53:54.685+0000] {processor.py:186} INFO - Started process (PID=187) to work on /opt/airflow/dags/main.py
[2026-08-18T23:53:54.687+0000] {processor.py:914} INFO - Processing file /opt/airflow/dags/main.py for tasks to queue
[2026-08-18T23:53:54.690+0000] {logging_mixin.py:190} INFO - [2026-08-18T23:53:54.690+0000] {dagbag.py:588} INFO - Filling up the DagBag from /opt/airflow/dags/main.py
[2026-08-18T23:53:54.829+0000] {processor.py:925} INFO - DAG(s) 'update_db', 'produce_json', 'data_quality' retrieved from /opt/airflow/dags/main.py
[2026-08-18T23:53:54.855+0000] {logging_mixin.py:190} INFO - [2026-08-18T23:53:54.855+0000] {dag.py:3239} INFO - Sync 3 DAGs
[2026-08-18T23:53:54.876+0000] {logging_mixin.py:190} INFO - [2026-08-18T23:53:54.876+0000] {dag.py:4180} INFO - Setting next_dagrun for data_quality to None, run_after=None
[2026-08-18T23:53:54.882+0000] {logging_mixin.py:190} INFO - [2026-08-18T23:53:54.882+0000] {dag.py:4180} INFO - Setting next_dagrun for produce_json to 2026-08-18 11:00:00+00:00, run_after=2026-08-19 11:00:00+00:00
[2026-08-18T23:53:54.884+0000] {logging_mixin.py:190} INFO - [2026-08-18T23:53:54.884+0000] {dag.py:4180} INFO - Setting next_dagrun for update_db to None, run_after=None
[2026-08-18T23:53:54.901+0000] {processor.py:208} INFO - Processing /opt/airflow/dags/main.py took 0.222 seconds
[2026-08-18T23:54:25.089+0000] {processor.py:186} INFO - Started process (PID=194) to work on /opt/airflow/dags/main.py
[2026-08-18T23:54:25.091+0000] {processor.py:914} INFO - Processing file /opt/airflow/dags/main.py for tasks to queue
[2026-08-18T23:54:25.094+0000] {logging_mixin.py:190} INFO - [2026-08-18T23:54:25.093+0000] {dagbag.py:588} INFO - Filling up the DagBag from /opt/airflow/dags/main.py
[2026-08-18T23:54:25.224+0000] {processor.py:925} INFO - DAG(s) 'produce_json', 'update_db', 'data_quality' retrieved from /opt/airflow/dags/main.py
[2026-08-18T23:54:25.244+0000] {logging_mixin.py:190} INFO - [2026-08-18T23:54:25.244+0000] {dag.py:3239} INFO - Sync 3 DAGs
[2026-08-18T23:54:25.263+0000] {logging_mixin.py:190} INFO - [2026-08-18T23:54:25.263+0000] {dag.py:4180} INFO - Setting next_dagrun for data_quality to None, run_after=None
[2026-08-18T23:54:25.268+0000] {logging_mixin.py:190} INFO - [2026-08-18T23:54:25.268+0000] {dag.py:4180} INFO - Setting next_dagrun for produce_json to 2026-08-18 11:00:00+00:00, run_after=2026-08-19 11:00:00+00:00
[2026-08-18T23:54:25.269+0000] {logging_mixin.py:190} INFO - [2026-08-18T23:54:25.269+0000] {dag.py:4180} INFO - Setting next_dagrun for update_db to None, run_after=None
[2026-08-18T23:54:25.281+0000] {processor.py:208} INFO - Processing /opt/airflow/dags/main.py took 0.197 seconds
[2026-08-18T23:54:55.375+0000] {processor.py:186} INFO - Started process (PID=201) to work on /opt/airflow/dags/main.py
[2026-08-18T23:54:55.377+0000] {processor.py:914} INFO - Processing file /opt/airflow/dags/main.py for tasks to queue
[2026-08-18T23:54:55.381+0000] {logging_mixin.py:190} INFO - [2026-08-18T23:54:55.380+0000] {dagbag.py:588} INFO - Filling up the DagBag from /opt/airflow/dags/main.py
[2026-08-18T23:54:55.521+0000] {processor.py:925} INFO - DAG(s) 'update_db', 'produce_json', 'data_quality' retrieved from /opt/airflow/dags/main.py
[2026-08-18T23:54:55.547+0000] {logging_mixin.py:190} INFO - [2026-08-18T23:54:55.547+0000] {dag.py:3239} INFO - Sync 3 DAGs
[2026-08-18T23:54:55.568+0000] {logging_mixin.py:190} INFO - [2026-08-18T23:54:55.567+0000] {dag.py:4180} INFO - Setting next_dagrun for data_quality to None, run_after=None
[2026-08-18T23:54:55.573+0000] {logging_mixin.py:190} INFO - [2026-08-18T23:54:55.573+0000] {dag.py:4180} INFO - Setting next_dagrun for produce_json to 2026-08-18 11:00:00+00:00, run_after=2026-08-19 11:00:00+00:00
[2026-08-18T23:54:55.575+0000] {logging_mixin.py:190} INFO - [2026-08-18T23:54:55.574+0000] {dag.py:4180} INFO - Setting next_dagrun for update_db to None, run_after=None
[2026-08-18T23:54:55.591+0000] {processor.py:208} INFO - Processing /opt/airflow/dags/main.py took 0.221 seconds
[2026-08-18T23:55:25.983+0000] {processor.py:186} INFO - Started process (PID=208) to work on /opt/airflow/dags/main.py
[2026-08-18T23:55:25.984+0000] {processor.py:914} INFO - Processing file /opt/airflow/dags/main.py for tasks to queue
[2026-08-18T23:55:25.989+0000] {logging_mixin.py:190} INFO - [2026-08-18T23:55:25.988+0000] {dagbag.py:588} INFO - Filling up the DagBag from /opt/airflow/dags/main.py
[2026-08-18T23:55:26.122+0000] {processor.py:925} INFO - DAG(s) 'produce_json', 'data_quality', 'update_db' retrieved from /opt/airflow/dags/main.py
[2026-08-18T23:55:26.146+0000] {logging_mixin.py:190} INFO - [2026-08-18T23:55:26.146+0000] {dag.py:3239} INFO - Sync 3 DAGs
[2026-08-18T23:55:26.166+0000] {logging_mixin.py:190} INFO - [2026-08-18T23:55:26.166+0000] {dag.py:4180} INFO - Setting next_dagrun for data_quality to None, run_after=None
[2026-08-18T23:55:26.172+0000] {logging_mixin.py:190} INFO - [2026-08-18T23:55:26.172+0000] {dag.py:4180} INFO - Setting next_dagrun for produce_json to 2026-08-18 11:00:00+00:00, run_after=2026-08-19 11:00:00+00:00
[2026-08-18T23:55:26.174+0000] {logging_mixin.py:190} INFO - [2026-08-18T23:55:26.174+0000] {dag.py:4180} INFO - Setting next_dagrun for update_db to None, run_after=None
[2026-08-18T23:55:26.192+0000] {processor.py:208} INFO - Processing /opt/airflow/dags/main.py took 0.214 seconds
[2026-08-18T23:55:56.438+0000] {processor.py:186} INFO - Started process (PID=215) to work on /opt/airflow/dags/main.py
[2026-08-18T23:55:56.440+0000] {processor.py:914} INFO - Processing file /opt/airflow/dags/main.py for tasks to queue
[2026-08-18T23:55:56.443+0000] {logging_mixin.py:190} INFO - [2026-08-18T23:55:56.442+0000] {dagbag.py:588} INFO - Filling up the DagBag from /opt/airflow/dags/main.py
[2026-08-18T23:55:56.571+0000] {processor.py:925} INFO - DAG(s) 'data_quality', 'produce_json', 'update_db' retrieved from /opt/airflow/dags/main.py
[2026-08-18T23:55:56.597+0000] {logging_mixin.py:190} INFO - [2026-08-18T23:55:56.596+0000] {dag.py:3239} INFO - Sync 3 DAGs
[2026-08-18T23:55:56.616+0000] {logging_mixin.py:190} INFO - [2026-08-18T23:55:56.615+0000] {dag.py:4180} INFO - Setting next_dagrun for data_quality to None, run_after=None
[2026-08-18T23:55:56.621+0000] {logging_mixin.py:190} INFO - [2026-08-18T23:55:56.621+0000] {dag.py:4180} INFO - Setting next_dagrun for produce_json to 2026-08-18 11:00:00+00:00, run_after=2026-08-19 11:00:00+00:00
[2026-08-18T23:55:56.623+0000] {logging_mixin.py:190} INFO - [2026-08-18T23:55:56.623+0000] {dag.py:4180} INFO - Setting next_dagrun for update_db to None, run_after=None
[2026-08-18T23:55:56.637+0000] {processor.py:208} INFO - Processing /opt/airflow/dags/main.py took 0.204 seconds
[2026-08-18T23:56:26.680+0000] {processor.py:186} INFO - Started process (PID=222) to work on /opt/airflow/dags/main.py
[2026-08-18T23:56:26.682+0000] {processor.py:914} INFO - Processing file /opt/airflow/dags/main.py for tasks to queue
[2026-08-18T23:56:26.685+0000] {logging_mixin.py:190} INFO - [2026-08-18T23:56:26.685+0000] {dagbag.py:588} INFO - Filling up the DagBag from /opt/airflow/dags/main.py
[2026-08-18T23:56:26.820+0000] {processor.py:925} INFO - DAG(s) 'update_db', 'produce_json', 'data_quality' retrieved from /opt/airflow/dags/main.py
[2026-08-18T23:56:26.847+0000] {logging_mixin.py:190} INFO - [2026-08-18T23:56:26.847+0000] {dag.py:3239} INFO - Sync 3 DAGs
[2026-08-18T23:56:26.869+0000] {logging_mixin.py:190} INFO - [2026-08-18T23:56:26.869+0000] {dag.py:4180} INFO - Setting next_dagrun for data_quality to None, run_after=None
[2026-08-18T23:56:26.875+0000] {logging_mixin.py:190} INFO - [2026-08-18T23:56:26.875+0000] {dag.py:4180} INFO - Setting next_dagrun for produce_json to 2026-08-18 11:00:00+00:00, run_after=2026-08-19 11:00:00+00:00
[2026-08-18T23:56:26.877+0000] {logging_mixin.py:190} INFO - [2026-08-18T23:56:26.877+0000] {dag.py:4180} INFO - Setting next_dagrun for update_db to None, run_after=None
[2026-08-18T23:56:26.893+0000] {processor.py:208} INFO - Processing /opt/airflow/dags/main.py took 0.219 seconds
[2026-08-18T23:56:57.100+0000] {processor.py:186} INFO - Started process (PID=229) to work on /opt/airflow/dags/main.py
[2026-08-18T23:56:57.102+0000] {processor.py:914} INFO - Processing file /opt/airflow/dags/main.py for tasks to queue
[2026-08-18T23:56:57.104+0000] {logging_mixin.py:190} INFO - [2026-08-18T23:56:57.104+0000] {dagbag.py:588} INFO - Filling up the DagBag from /opt/airflow/dags/main.py
[2026-08-18T23:56:57.253+0000] {processor.py:925} INFO - DAG(s) 'update_db', 'data_quality', 'produce_json' retrieved from /opt/airflow/dags/main.py
[2026-08-18T23:56:57.282+0000] {logging_mixin.py:190} INFO - [2026-08-18T23:56:57.281+0000] {dag.py:3239} INFO - Sync 3 DAGs
[2026-08-18T23:56:57.304+0000] {logging_mixin.py:190} INFO - [2026-08-18T23:56:57.303+0000] {dag.py:4180} INFO - Setting next_dagrun for data_quality to None, run_after=None
[2026-08-18T23:56:57.309+0000] {logging_mixin.py:190} INFO - [2026-08-18T23:56:57.309+0000] {dag.py:4180} INFO - Setting next_dagrun for produce_json to 2026-08-18 11:00:00+00:00, run_after=2026-08-19 11:00:00+00:00
[2026-08-18T23:56:57.311+0000] {logging_mixin.py:190} INFO - [2026-08-18T23:56:57.311+0000] {dag.py:4180} INFO - Setting next_dagrun for update_db to None, run_after=None
[2026-08-18T23:56:57.327+0000] {processor.py:208} INFO - Processing /opt/airflow/dags/main.py took 0.233 seconds
[2026-08-18T23:57:27.396+0000] {processor.py:186} INFO - Started process (PID=236) to work on /opt/airflow/dags/main.py
[2026-08-18T23:57:27.398+0000] {processor.py:914} INFO - Processing file /opt/airflow/dags/main.py for tasks to queue
[2026-08-18T23:57:27.401+0000] {logging_mixin.py:190} INFO - [2026-08-18T23:57:27.400+0000] {dagbag.py:588} INFO - Filling up the DagBag from /opt/airflow/dags/main.py
[2026-08-18T23:57:27.510+0000] {processor.py:925} INFO - DAG(s) 'produce_json', 'data_quality', 'update_db' retrieved from /opt/airflow/dags/main.py
[2026-08-18T23:57:27.535+0000] {logging_mixin.py:190} INFO - [2026-08-18T23:57:27.534+0000] {dag.py:3239} INFO - Sync 3 DAGs
[2026-08-18T23:57:27.554+0000] {logging_mixin.py:190} INFO - [2026-08-18T23:57:27.554+0000] {dag.py:4180} INFO - Setting next_dagrun for data_quality to None, run_after=None
[2026-08-18T23:57:27.560+0000] {logging_mixin.py:190} INFO - [2026-08-18T23:57:27.560+0000] {dag.py:4180} INFO - Setting next_dagrun for produce_json to 2026-08-18 11:00:00+00:00, run_after=2026-08-19 11:00:00+00:00
[2026-08-18T23:57:27.563+0000] {logging_mixin.py:190} INFO - [2026-08-18T23:57:27.562+0000] {dag.py:4180} INFO - Setting next_dagrun for update_db to None, run_after=None
[2026-08-18T23:57:27.578+0000] {processor.py:208} INFO - Processing /opt/airflow/dags/main.py took 0.188 seconds
[2026-08-18T23:57:57.836+0000] {processor.py:186} INFO - Started process (PID=243) to work on /opt/airflow/dags/main.py
[2026-08-18T23:57:57.837+0000] {processor.py:914} INFO - Processing file /opt/airflow/dags/main.py for tasks to queue
[2026-08-18T23:57:57.840+0000] {logging_mixin.py:190} INFO - [2026-08-18T23:57:57.840+0000] {dagbag.py:588} INFO - Filling up the DagBag from /opt/airflow/dags/main.py
[2026-08-18T23:57:57.989+0000] {processor.py:925} INFO - DAG(s) 'produce_json', 'update_db', 'data_quality' retrieved from /opt/airflow/dags/main.py
[2026-08-18T23:57:58.025+0000] {logging_mixin.py:190} INFO - [2026-08-18T23:57:58.025+0000] {dag.py:3239} INFO - Sync 3 DAGs
[2026-08-18T23:57:58.055+0000] {logging_mixin.py:190} INFO - [2026-08-18T23:57:58.054+0000] {dag.py:4180} INFO - Setting next_dagrun for data_quality to None, run_after=None
[2026-08-18T23:57:58.062+0000] {logging_mixin.py:190} INFO - [2026-08-18T23:57:58.061+0000] {dag.py:4180} INFO - Setting next_dagrun for produce_json to 2026-08-18 11:00:00+00:00, run_after=2026-08-19 11:00:00+00:00
[2026-08-18T23:57:58.064+0000] {logging_mixin.py:190} INFO - [2026-08-18T23:57:58.064+0000] {dag.py:4180} INFO - Setting next_dagrun for update_db to None, run_after=None
[2026-08-18T23:57:58.081+0000] {processor.py:208} INFO - Processing /opt/airflow/dags/main.py took 0.251 seconds
[2026-08-18T23:58:28.348+0000] {processor.py:186} INFO - Started process (PID=250) to work on /opt/airflow/dags/main.py
[2026-08-18T23:58:28.350+0000] {processor.py:914} INFO - Processing file /opt/airflow/dags/main.py for tasks to queue
[2026-08-18T23:58:28.353+0000] {logging_mixin.py:190} INFO - [2026-08-18T23:58:28.353+0000] {dagbag.py:588} INFO - Filling up the DagBag from /opt/airflow/dags/main.py
[2026-08-18T23:58:28.489+0000] {processor.py:925} INFO - DAG(s) 'produce_json', 'data_quality', 'update_db' retrieved from /opt/airflow/dags/main.py
[2026-08-18T23:58:28.514+0000] {logging_mixin.py:190} INFO - [2026-08-18T23:58:28.514+0000] {dag.py:3239} INFO - Sync 3 DAGs
[2026-08-18T23:58:28.532+0000] {logging_mixin.py:190} INFO - [2026-08-18T23:58:28.531+0000] {dag.py:4180} INFO - Setting next_dagrun for data_quality to None, run_after=None
[2026-08-18T23:58:28.536+0000] {logging_mixin.py:190} INFO - [2026-08-18T23:58:28.536+0000] {dag.py:4180} INFO - Setting next_dagrun for produce_json to 2026-08-18 11:00:00+00:00, run_after=2026-08-19 11:00:00+00:00
[2026-08-18T23:58:28.538+0000] {logging_mixin.py:190} INFO - [2026-08-18T23:58:28.538+0000] {dag.py:4180} INFO - Setting next_dagrun for update_db to None, run_after=None
[2026-08-18T23:58:28.552+0000] {processor.py:208} INFO - Processing /opt/airflow/dags/main.py took 0.209 seconds
[2026-08-18T23:58:58.613+0000] {processor.py:186} INFO - Started process (PID=257) to work on /opt/airflow/dags/main.py
[2026-08-18T23:58:58.615+0000] {processor.py:914} INFO - Processing file /opt/airflow/dags/main.py for tasks to queue
[2026-08-18T23:58:58.617+0000] {logging_mixin.py:190} INFO - [2026-08-18T23:58:58.617+0000] {dagbag.py:588} INFO - Filling up the DagBag from /opt/airflow/dags/main.py
[2026-08-18T23:58:58.746+0000] {processor.py:925} INFO - DAG(s) 'update_db', 'data_quality', 'produce_json' retrieved from /opt/airflow/dags/main.py
[2026-08-18T23:58:58.771+0000] {logging_mixin.py:190} INFO - [2026-08-18T23:58:58.771+0000] {dag.py:3239} INFO - Sync 3 DAGs
[2026-08-18T23:58:58.789+0000] {logging_mixin.py:190} INFO - [2026-08-18T23:58:58.789+0000] {dag.py:4180} INFO - Setting next_dagrun for data_quality to None, run_after=None
[2026-08-18T23:58:58.794+0000] {logging_mixin.py:190} INFO - [2026-08-18T23:58:58.793+0000] {dag.py:4180} INFO - Setting next_dagrun for produce_json to 2026-08-18 11:00:00+00:00, run_after=2026-08-19 11:00:00+00:00
[2026-08-18T23:58:58.796+0000] {logging_mixin.py:190} INFO - [2026-08-18T23:58:58.796+0000] {dag.py:4180} INFO - Setting next_dagrun for update_db to None, run_after=None
[2026-08-18T23:58:58.814+0000] {processor.py:208} INFO - Processing /opt/airflow/dags/main.py took 0.207 seconds
[2026-08-18T23:59:29.059+0000] {processor.py:186} INFO - Started process (PID=264) to work on /opt/airflow/dags/main.py
[2026-08-18T23:59:29.061+0000] {processor.py:914} INFO - Processing file /opt/airflow/dags/main.py for tasks to queue
[2026-08-18T23:59:29.065+0000] {logging_mixin.py:190} INFO - [2026-08-18T23:59:29.064+0000] {dagbag.py:588} INFO - Filling up the DagBag from /opt/airflow/dags/main.py
[2026-08-18T23:59:29.199+0000] {processor.py:925} INFO - DAG(s) 'produce_json', 'update_db', 'data_quality' retrieved from /opt/airflow/dags/main.py
[2026-08-18T23:59:29.223+0000] {logging_mixin.py:190} INFO - [2026-08-18T23:59:29.223+0000] {dag.py:3239} INFO - Sync 3 DAGs
[2026-08-18T23:59:29.245+0000] {logging_mixin.py:190} INFO - [2026-08-18T23:59:29.244+0000] {dag.py:4180} INFO - Setting next_dagrun for data_quality to None, run_after=None
[2026-08-18T23:59:29.250+0000] {logging_mixin.py:190} INFO - [2026-08-18T23:59:29.250+0000] {dag.py:4180} INFO - Setting next_dagrun for produce_json to 2026-08-18 11:00:00+00:00, run_after=2026-08-19 11:00:00+00:00
[2026-08-18T23:59:29.252+0000] {logging_mixin.py:190} INFO - [2026-08-18T23:59:29.252+0000] {dag.py:4180} INFO - Setting next_dagrun for update_db to None, run_after=None
[2026-08-18T23:59:29.270+0000] {processor.py:208} INFO - Processing /opt/airflow/dags/main.py took 0.215 seconds
[2026-08-18T23:59:59.518+0000] {processor.py:186} INFO - Started process (PID=271) to work on /opt/airflow/dags/main.py
[2026-08-18T23:59:59.520+0000] {processor.py:914} INFO - Processing file /opt/airflow/dags/main.py for tasks to queue
[2026-08-18T23:59:59.523+0000] {logging_mixin.py:190} INFO - [2026-08-18T23:59:59.523+0000] {dagbag.py:588} INFO - Filling up the DagBag from /opt/airflow/dags/main.py
[2026-08-18T23:59:59.666+0000] {processor.py:925} INFO - DAG(s) 'update_db', 'produce_json', 'data_quality' retrieved from /opt/airflow/dags/main.py
[2026-08-18T23:59:59.690+0000] {logging_mixin.py:190} INFO - [2026-08-18T23:59:59.690+0000] {dag.py:3239} INFO - Sync 3 DAGs
[2026-08-18T23:59:59.710+0000] {logging_mixin.py:190} INFO - [2026-08-18T23:59:59.710+0000] {dag.py:4180} INFO - Setting next_dagrun for data_quality to None, run_after=None
[2026-08-18T23:59:59.715+0000] {logging_mixin.py:190} INFO - [2026-08-18T23:59:59.715+0000] {dag.py:4180} INFO - Setting next_dagrun for produce_json to 2026-08-18 11:00:00+00:00, run_after=2026-08-19 11:00:00+00:00
[2026-08-18T23:59:59.717+0000] {logging_mixin.py:190} INFO - [2026-08-18T23:59:59.717+0000] {dag.py:4180} INFO - Setting next_dagrun for update_db to None, run_after=None
[2026-08-18T23:59:59.735+0000] {processor.py:208} INFO - Processing /opt/airflow/dags/main.py took 0.223 seconds
