[2026-08-18T18:37:07.162+0000] {local_task_job_runner.py:123} INFO - ::group::Pre task execution logs
[2026-08-18T18:37:07.178+0000] {taskinstance.py:2613} INFO - Dependencies all met for dep_context=non-requeueable deps ti=<TaskInstance: update_db.staging_table manual__2026-08-18T18:37:02.256514+00:00 [queued]>
[2026-08-18T18:37:07.186+0000] {taskinstance.py:2613} INFO - Dependencies all met for dep_context=requeueable deps ti=<TaskInstance: update_db.staging_table manual__2026-08-18T18:37:02.256514+00:00 [queued]>
[2026-08-18T18:37:07.188+0000] {taskinstance.py:2866} INFO - Starting attempt 1 of 1
[2026-08-18T18:37:07.205+0000] {taskinstance.py:2889} INFO - Executing <Task(_PythonDecoratedOperator): staging_table> on 2026-08-18 18:37:02.256514+00:00
[2026-08-18T18:37:07.214+0000] {standard_task_runner.py:72} INFO - Started process 119 to run task
[2026-08-18T18:37:07.218+0000] {standard_task_runner.py:104} INFO - Running: ['airflow', 'tasks', 'run', 'update_db', 'staging_table', 'manual__2026-08-18T18:37:02.256514+00:00', '--job-id', '286', '--raw', '--subdir', 'DAGS_FOLDER/main.py', '--cfg-path', '/tmp/tmp0s49qzik']
[2026-08-18T18:37:07.220+0000] {standard_task_runner.py:105} INFO - Job 286: Subtask staging_table
[2026-08-18T18:37:07.305+0000] {task_command.py:467} INFO - Running <TaskInstance: update_db.staging_table manual__2026-08-18T18:37:02.256514+00:00 [running]> on host 933b2a0e5d2b
[2026-08-18T18:37:07.409+0000] {taskinstance.py:3132} INFO - Exporting env vars: AIRFLOW_CTX_DAG_EMAIL='data@engineers.com' AIRFLOW_CTX_DAG_OWNER='rajashrigk' AIRFLOW_CTX_DAG_ID='update_db' AIRFLOW_CTX_TASK_ID='staging_table' AIRFLOW_CTX_EXECUTION_DATE='2026-08-18T18:37:02.256514+00:00' AIRFLOW_CTX_TRY_NUMBER='1' AIRFLOW_CTX_DAG_RUN_ID='manual__2026-08-18T18:37:02.256514+00:00'
[2026-08-18T18:37:07.411+0000] {taskinstance.py:731} INFO - ::endgroup::
[2026-08-18T18:37:07.423+0000] {base.py:84} INFO - Retrieving connection 'postgres_db_yt_elt'
[2026-08-18T18:37:07.427+0000] {data_loading.py:13} INFO - Processing file: YT_data_2026-08-18
[2026-08-18T18:37:07.442+0000] {base.py:84} INFO - Retrieving connection 'postgres_db_yt_elt'
[2026-08-18T18:37:07.454+0000] {base.py:84} INFO - Retrieving connection 'postgres_db_yt_elt'
[2026-08-18T18:37:07.475+0000] {data_modification.py:42} INFO - Inserted row with Video_ID: zN_lhtJFsgg
[2026-08-18T18:37:07.479+0000] {data_modification.py:42} INFO - Inserted row with Video_ID: Ur1Z0AdNW7w
[2026-08-18T18:37:07.484+0000] {data_modification.py:42} INFO - Inserted row with Video_ID: Eu6jc8Qld7g
[2026-08-18T18:37:07.495+0000] {data_modification.py:83} INFO - Updated row with Video_ID: YMTJw1G3yOM
[2026-08-18T18:37:07.500+0000] {data_modification.py:83} INFO - Updated row with Video_ID: HoTR9tN-idk
[2026-08-18T18:37:07.506+0000] {data_modification.py:83} INFO - Updated row with Video_ID: h-0u0ui8ESQ
[2026-08-18T18:37:07.511+0000] {data_modification.py:83} INFO - Updated row with Video_ID: WxoiRcbxSxQ
[2026-08-18T18:37:07.516+0000] {data_modification.py:83} INFO - Updated row with Video_ID: ywd-Ve8a8Tc
[2026-08-18T18:37:07.521+0000] {data_modification.py:83} INFO - Updated row with Video_ID: UIFOgVpQJAY
[2026-08-18T18:37:07.526+0000] {data_modification.py:83} INFO - Updated row with Video_ID: czkPKQ9VIU8
[2026-08-18T18:37:07.530+0000] {data_modification.py:83} INFO - Updated row with Video_ID: h8MxjSpPx-o
[2026-08-18T18:37:07.534+0000] {data_modification.py:83} INFO - Updated row with Video_ID: G3i3gneKNYo
[2026-08-18T18:37:07.539+0000] {data_modification.py:83} INFO - Updated row with Video_ID: zSkxqtTbEGU
[2026-08-18T18:37:07.544+0000] {data_modification.py:83} INFO - Updated row with Video_ID: RuFokbTURI0
[2026-08-18T18:37:07.548+0000] {data_modification.py:83} INFO - Updated row with Video_ID: QPXJ3VL7Li4
[2026-08-18T18:37:07.553+0000] {data_modification.py:83} INFO - Updated row with Video_ID: oU4ou_ISACk
[2026-08-18T18:37:07.558+0000] {data_modification.py:83} INFO - Updated row with Video_ID: 7tIf4wEqarg
[2026-08-18T18:37:07.563+0000] {data_modification.py:83} INFO - Updated row with Video_ID: QWFhkqa3_UY
[2026-08-18T18:37:07.567+0000] {data_modification.py:83} INFO - Updated row with Video_ID: 5pZuXAUke9w
[2026-08-18T18:37:07.572+0000] {data_modification.py:83} INFO - Updated row with Video_ID: QfqOMlz0u2A
[2026-08-18T18:37:07.576+0000] {data_modification.py:83} INFO - Updated row with Video_ID: aYJG69jjZmY
[2026-08-18T18:37:07.580+0000] {data_modification.py:83} INFO - Updated row with Video_ID: -3JZXvGpPFw
[2026-08-18T18:37:07.585+0000] {data_modification.py:83} INFO - Updated row with Video_ID: H8VLl6Y77NQ
[2026-08-18T18:37:07.589+0000] {data_modification.py:83} INFO - Updated row with Video_ID: CNCZGwqqSYI
[2026-08-18T18:37:07.594+0000] {data_modification.py:83} INFO - Updated row with Video_ID: t8sS6Lk3cYo
[2026-08-18T18:37:07.599+0000] {data_modification.py:83} INFO - Updated row with Video_ID: IT0AX-JkvQ0
[2026-08-18T18:37:07.604+0000] {data_modification.py:83} INFO - Updated row with Video_ID: 5UTkieEX-bA
[2026-08-18T18:37:07.609+0000] {data_modification.py:83} INFO - Updated row with Video_ID: Msu7c9K-WN4
[2026-08-18T18:37:07.613+0000] {data_modification.py:83} INFO - Updated row with Video_ID: jr0k_fOR1b0
[2026-08-18T18:37:07.619+0000] {data_modification.py:83} INFO - Updated row with Video_ID: 7eW5WJGkt3Q
[2026-08-18T18:37:07.623+0000] {data_modification.py:83} INFO - Updated row with Video_ID: X1Q0ZCcPiC8
[2026-08-18T18:37:07.629+0000] {data_modification.py:83} INFO - Updated row with Video_ID: pQvJquX_YHs
[2026-08-18T18:37:07.633+0000] {data_modification.py:83} INFO - Updated row with Video_ID: H0fxuPaUKQo
[2026-08-18T18:37:07.639+0000] {data_modification.py:83} INFO - Updated row with Video_ID: PXMyK7JxGOk
[2026-08-18T18:37:07.644+0000] {data_modification.py:83} INFO - Updated row with Video_ID: aaHfX3yivXo
[2026-08-18T18:37:07.648+0000] {data_modification.py:83} INFO - Updated row with Video_ID: KPidb-8iw9I
[2026-08-18T18:37:07.652+0000] {data_modification.py:83} INFO - Updated row with Video_ID: a3UVcK612iU
[2026-08-18T18:37:07.657+0000] {data_modification.py:83} INFO - Updated row with Video_ID: xFzxzmCFmBs
[2026-08-18T18:37:07.660+0000] {data_modification.py:83} INFO - Updated row with Video_ID: Tr7Uf_ftUSI
[2026-08-18T18:37:07.664+0000] {data_modification.py:83} INFO - Updated row with Video_ID: TrPEIepZGx8
[2026-08-18T18:37:07.668+0000] {data_modification.py:83} INFO - Updated row with Video_ID: 79kKoUqmdq4
[2026-08-18T18:37:07.673+0000] {data_modification.py:83} INFO - Updated row with Video_ID: 9xHvA0I5ZBI
[2026-08-18T18:37:07.678+0000] {data_modification.py:83} INFO - Updated row with Video_ID: ArsuPyWKl8I
[2026-08-18T18:37:07.683+0000] {data_modification.py:83} INFO - Updated row with Video_ID: 6jBaJkwfL1s
[2026-08-18T18:37:07.688+0000] {data_modification.py:83} INFO - Updated row with Video_ID: xZQHS9NbkxM
[2026-08-18T18:37:07.694+0000] {data_modification.py:83} INFO - Updated row with Video_ID: GnCdluU-EIs
[2026-08-18T18:37:07.699+0000] {data_modification.py:83} INFO - Updated row with Video_ID: FMO-AP3fOh4
[2026-08-18T18:37:07.704+0000] {data_modification.py:83} INFO - Updated row with Video_ID: N_eeQVXZOeo
[2026-08-18T18:37:07.708+0000] {data_modification.py:83} INFO - Updated row with Video_ID: TJ4S7HE1LjQ
[2026-08-18T18:37:07.714+0000] {data_modification.py:83} INFO - Updated row with Video_ID: 27d7htd4RAs
[2026-08-18T18:37:07.718+0000] {data_modification.py:83} INFO - Updated row with Video_ID: 1S73MBFacFE
[2026-08-18T18:37:07.723+0000] {data_modification.py:83} INFO - Updated row with Video_ID: gOEI6ZvZhQc
[2026-08-18T18:37:07.728+0000] {data_modification.py:83} INFO - Updated row with Video_ID: 7C8vFzRv8dg
[2026-08-18T18:37:07.733+0000] {data_modification.py:83} INFO - Updated row with Video_ID: GxMxcYiXCgM
[2026-08-18T18:37:07.738+0000] {data_modification.py:83} INFO - Updated row with Video_ID: o-h3STaeFro
[2026-08-18T18:37:07.742+0000] {data_modification.py:83} INFO - Updated row with Video_ID: nOQCJXhtfsU
[2026-08-18T18:37:07.747+0000] {data_modification.py:83} INFO - Updated row with Video_ID: isNPa_fKPck
[2026-08-18T18:37:07.752+0000] {data_modification.py:83} INFO - Updated row with Video_ID: 9g_O05YEKQs
[2026-08-18T18:37:07.757+0000] {data_modification.py:83} INFO - Updated row with Video_ID: YuccTqzNkLY
[2026-08-18T18:37:07.762+0000] {data_modification.py:83} INFO - Updated row with Video_ID: MPFrgj5iRfs
[2026-08-18T18:37:07.767+0000] {data_modification.py:83} INFO - Updated row with Video_ID: Zcpj0wGEEeY
[2026-08-18T18:37:07.772+0000] {data_modification.py:83} INFO - Updated row with Video_ID: 0TBjnUfulGw
[2026-08-18T18:37:07.776+0000] {data_modification.py:83} INFO - Updated row with Video_ID: 31brY-l0AyI
[2026-08-18T18:37:07.780+0000] {data_modification.py:83} INFO - Updated row with Video_ID: E-F5XJ2jJ1k
[2026-08-18T18:37:07.784+0000] {data_modification.py:83} INFO - Updated row with Video_ID: 10H_zj7AxjY
[2026-08-18T18:37:07.788+0000] {data_modification.py:83} INFO - Updated row with Video_ID: frOe2Vt9NeA
[2026-08-18T18:37:07.792+0000] {data_modification.py:83} INFO - Updated row with Video_ID: UVkmS2WTfFo
[2026-08-18T18:37:07.796+0000] {data_modification.py:83} INFO - Updated row with Video_ID: 02ZN57630Xg
[2026-08-18T18:37:07.800+0000] {data_modification.py:83} INFO - Updated row with Video_ID: BZg2howReh0
[2026-08-18T18:37:07.804+0000] {data_modification.py:83} INFO - Updated row with Video_ID: 9IxevWyzIhM
[2026-08-18T18:37:07.808+0000] {data_modification.py:83} INFO - Updated row with Video_ID: Y_VOz_0Nhyc
[2026-08-18T18:37:07.812+0000] {data_modification.py:83} INFO - Updated row with Video_ID: NGV5S9j_oL4
[2026-08-18T18:37:07.816+0000] {data_modification.py:83} INFO - Updated row with Video_ID: DTM6Rpq4lIc
[2026-08-18T18:37:07.821+0000] {data_modification.py:83} INFO - Updated row with Video_ID: FXPPMHDWMDM
[2026-08-18T18:37:07.824+0000] {data_modification.py:83} INFO - Updated row with Video_ID: N6FLYlaEhbc
[2026-08-18T18:37:07.828+0000] {data_modification.py:83} INFO - Updated row with Video_ID: YVlWj1LCv54
[2026-08-18T18:37:07.831+0000] {data_modification.py:83} INFO - Updated row with Video_ID: Gef8kiZSq3U
[2026-08-18T18:37:07.840+0000] {data_modification.py:83} INFO - Updated row with Video_ID: WlCcvxAcshw
[2026-08-18T18:37:07.847+0000] {data_modification.py:83} INFO - Updated row with Video_ID: UCLWX5U3zz8
[2026-08-18T18:37:07.852+0000] {data_modification.py:83} INFO - Updated row with Video_ID: qt2XslRMOto
[2026-08-18T18:37:07.857+0000] {data_modification.py:83} INFO - Updated row with Video_ID: 2xVJvDR2Aco
[2026-08-18T18:37:07.863+0000] {data_modification.py:83} INFO - Updated row with Video_ID: pdOgW7mFgHo
[2026-08-18T18:37:07.870+0000] {data_modification.py:83} INFO - Updated row with Video_ID: 6FNRVY2vYXw
[2026-08-18T18:37:07.875+0000] {data_modification.py:83} INFO - Updated row with Video_ID: rQ-OVYSPAAQ
[2026-08-18T18:37:07.880+0000] {data_modification.py:83} INFO - Updated row with Video_ID: uokt0pavxhM
[2026-08-18T18:37:07.885+0000] {data_modification.py:83} INFO - Updated row with Video_ID: 00jncbQz5QM
[2026-08-18T18:37:07.890+0000] {data_modification.py:83} INFO - Updated row with Video_ID: UCSwVvqO6mk
[2026-08-18T18:37:07.894+0000] {data_modification.py:83} INFO - Updated row with Video_ID: lacFcgcHx6I
[2026-08-18T18:37:07.898+0000] {data_modification.py:83} INFO - Updated row with Video_ID: saxSOiLxpBs
[2026-08-18T18:37:07.903+0000] {data_modification.py:83} INFO - Updated row with Video_ID: LxKB2UJipQw
[2026-08-18T18:37:07.908+0000] {data_modification.py:83} INFO - Updated row with Video_ID: sGpc8-f2e8U
[2026-08-18T18:37:07.912+0000] {data_modification.py:83} INFO - Updated row with Video_ID: ltUcLVfG0To
[2026-08-18T18:37:07.916+0000] {data_modification.py:83} INFO - Updated row with Video_ID: sdMHVIcPGwg
[2026-08-18T18:37:07.920+0000] {data_modification.py:83} INFO - Updated row with Video_ID: 9uUl6m0J9dg
[2026-08-18T18:37:07.925+0000] {data_modification.py:83} INFO - Updated row with Video_ID: q7L3qN_ucvQ
[2026-08-18T18:37:07.932+0000] {data_modification.py:83} INFO - Updated row with Video_ID: rdbtGeMVL_o
[2026-08-18T18:37:07.941+0000] {data_modification.py:83} INFO - Updated row with Video_ID: m7v7KLttM3k
[2026-08-18T18:37:07.973+0000] {data_modification.py:83} INFO - Updated row with Video_ID: USQpt4uF85w
[2026-08-18T18:37:07.978+0000] {data_modification.py:83} INFO - Updated row with Video_ID: SysG5lgX91Y
[2026-08-18T18:37:07.983+0000] {data_modification.py:83} INFO - Updated row with Video_ID: kKNoBH0iE1k
[2026-08-18T18:37:07.989+0000] {data_modification.py:83} INFO - Updated row with Video_ID: Tzd6exIs-aw
[2026-08-18T18:37:07.993+0000] {data_modification.py:83} INFO - Updated row with Video_ID: 8lRWZWacczA
[2026-08-18T18:37:07.997+0000] {data_modification.py:83} INFO - Updated row with Video_ID: fHBcc2oAcJU
[2026-08-18T18:37:08.002+0000] {data_modification.py:83} INFO - Updated row with Video_ID: phCov5GMOl4
[2026-08-18T18:37:08.007+0000] {data_modification.py:83} INFO - Updated row with Video_ID: wv36G-Cfc4U
[2026-08-18T18:37:08.011+0000] {data_modification.py:83} INFO - Updated row with Video_ID: JO-LZtQjwtQ
[2026-08-18T18:37:08.015+0000] {data_modification.py:83} INFO - Updated row with Video_ID: JCOb1w_LTOg
[2026-08-18T18:37:08.019+0000] {data_modification.py:83} INFO - Updated row with Video_ID: 9QTNP99Sj6Q
[2026-08-18T18:37:08.023+0000] {data_modification.py:83} INFO - Updated row with Video_ID: yW7uUoCrZFM
[2026-08-18T18:37:08.026+0000] {data_modification.py:83} INFO - Updated row with Video_ID: bRR9Hzi60YA
[2026-08-18T18:37:08.030+0000] {data_modification.py:83} INFO - Updated row with Video_ID: F0Krcd6kUNU
[2026-08-18T18:37:08.033+0000] {data_modification.py:83} INFO - Updated row with Video_ID: _wxlPGDLIE8
[2026-08-18T18:37:08.038+0000] {data_modification.py:83} INFO - Updated row with Video_ID: NuBo8fvnYw0
[2026-08-18T18:37:08.043+0000] {data_modification.py:83} INFO - Updated row with Video_ID: D1aX4l3VMpE
[2026-08-18T18:37:08.048+0000] {data_modification.py:83} INFO - Updated row with Video_ID: KstXIeCUo5k
[2026-08-18T18:37:08.053+0000] {data_modification.py:83} INFO - Updated row with Video_ID: disBIEWq5Jo
[2026-08-18T18:37:08.058+0000] {data_modification.py:83} INFO - Updated row with Video_ID: ZsPygh37hpw
[2026-08-18T18:37:08.063+0000] {data_modification.py:83} INFO - Updated row with Video_ID: MmMcs34BGQQ
[2026-08-18T18:37:08.067+0000] {data_modification.py:83} INFO - Updated row with Video_ID: Zmz5gE9nJqY
[2026-08-18T18:37:08.073+0000] {data_modification.py:83} INFO - Updated row with Video_ID: LBuUrYKQs1A
[2026-08-18T18:37:08.077+0000] {data_modification.py:83} INFO - Updated row with Video_ID: 6-tpoSaxH1E
[2026-08-18T18:37:08.081+0000] {data_modification.py:83} INFO - Updated row with Video_ID: u6Y0S1ZzyrE
[2026-08-18T18:37:08.085+0000] {data_modification.py:83} INFO - Updated row with Video_ID: axkyLmRS3mw
[2026-08-18T18:37:08.089+0000] {data_modification.py:83} INFO - Updated row with Video_ID: 3otrmTL24OA
[2026-08-18T18:37:08.093+0000] {data_modification.py:83} INFO - Updated row with Video_ID: _baDbB8jUY0
[2026-08-18T18:37:08.097+0000] {data_modification.py:83} INFO - Updated row with Video_ID: X6wtL19fxmg
[2026-08-18T18:37:08.101+0000] {data_modification.py:83} INFO - Updated row with Video_ID: gtTSk4RdZfc
[2026-08-18T18:37:08.105+0000] {data_modification.py:83} INFO - Updated row with Video_ID: U1NsJu_dJ_Q
[2026-08-18T18:37:08.109+0000] {data_modification.py:83} INFO - Updated row with Video_ID: 5w0-kcPdbNU
[2026-08-18T18:37:08.113+0000] {data_modification.py:83} INFO - Updated row with Video_ID: ttTr-QWH7hU
[2026-08-18T18:37:08.118+0000] {data_modification.py:83} INFO - Updated row with Video_ID: rcxao2sgExE
[2026-08-18T18:37:08.122+0000] {data_modification.py:83} INFO - Updated row with Video_ID: 8LCrf5849AA
[2026-08-18T18:37:08.127+0000] {data_modification.py:83} INFO - Updated row with Video_ID: L60PCbrIjqk
[2026-08-18T18:37:08.132+0000] {data_modification.py:83} INFO - Updated row with Video_ID: 23dbj3silMU
[2026-08-18T18:37:08.137+0000] {data_modification.py:83} INFO - Updated row with Video_ID: iL8ER1H4bs0
[2026-08-18T18:37:08.142+0000] {data_modification.py:83} INFO - Updated row with Video_ID: VfkoOqf7urA
[2026-08-18T18:37:08.147+0000] {data_modification.py:83} INFO - Updated row with Video_ID: LdOfF7VPf2w
[2026-08-18T18:37:08.152+0000] {data_modification.py:83} INFO - Updated row with Video_ID: ig1VtIEFkcI
[2026-08-18T18:37:08.157+0000] {data_modification.py:83} INFO - Updated row with Video_ID: LA1_Ai9ayuE
[2026-08-18T18:37:08.161+0000] {data_modification.py:83} INFO - Updated row with Video_ID: 23sHVaXlCHc
[2026-08-18T18:37:08.166+0000] {data_modification.py:83} INFO - Updated row with Video_ID: CdsneNlNpXw
[2026-08-18T18:37:08.170+0000] {data_modification.py:83} INFO - Updated row with Video_ID: TN2ceBiPP5c
[2026-08-18T18:37:08.175+0000] {data_modification.py:83} INFO - Updated row with Video_ID: brGDqhQG0Qo
[2026-08-18T18:37:08.179+0000] {data_modification.py:83} INFO - Updated row with Video_ID: 7DmnXvWmOfE
[2026-08-18T18:37:08.183+0000] {data_modification.py:83} INFO - Updated row with Video_ID: FGHUDxPrYos
[2026-08-18T18:37:08.187+0000] {data_modification.py:83} INFO - Updated row with Video_ID: rb9536WrfDA
[2026-08-18T18:37:08.192+0000] {data_modification.py:83} INFO - Updated row with Video_ID: _drpwj1kfBI
[2026-08-18T18:37:08.202+0000] {data_modification.py:83} INFO - Updated row with Video_ID: kKnHSAJ3Vus
[2026-08-18T18:37:08.213+0000] {data_modification.py:83} INFO - Updated row with Video_ID: RZiQipNLX_k
[2026-08-18T18:37:08.227+0000] {data_modification.py:83} INFO - Updated row with Video_ID: w9TAdQxshhg
[2026-08-18T18:37:08.238+0000] {data_modification.py:83} INFO - Updated row with Video_ID: gSiClsQnsaQ
[2026-08-18T18:37:08.263+0000] {data_modification.py:83} INFO - Updated row with Video_ID: 7fsb6ZESyzE
[2026-08-18T18:37:08.281+0000] {data_modification.py:83} INFO - Updated row with Video_ID: NpqFaS2T0Sg
[2026-08-18T18:37:08.297+0000] {data_modification.py:83} INFO - Updated row with Video_ID: aXgv77_yj2M
[2026-08-18T18:37:08.313+0000] {data_modification.py:83} INFO - Updated row with Video_ID: D4VJ9LW1Ypw
[2026-08-18T18:37:08.331+0000] {data_modification.py:83} INFO - Updated row with Video_ID: 3dqWCppVKCU
[2026-08-18T18:37:08.349+0000] {data_modification.py:83} INFO - Updated row with Video_ID: GB613J8JG5U
[2026-08-18T18:37:08.364+0000] {data_modification.py:83} INFO - Updated row with Video_ID: U0RCgj1XvSk
[2026-08-18T18:37:08.378+0000] {data_modification.py:83} INFO - Updated row with Video_ID: 9Gr5RCoseGw
[2026-08-18T18:37:08.390+0000] {data_modification.py:83} INFO - Updated row with Video_ID: sX6gEwH-SA4
[2026-08-18T18:37:08.406+0000] {data_modification.py:83} INFO - Updated row with Video_ID: 3UPny7Ll9q0
[2026-08-18T18:37:08.412+0000] {data_modification.py:83} INFO - Updated row with Video_ID: mbUXjgUNC9A
[2026-08-18T18:37:08.416+0000] {data_modification.py:83} INFO - Updated row with Video_ID: Uw1GCN_rz2A
[2026-08-18T18:37:08.420+0000] {data_modification.py:83} INFO - Updated row with Video_ID: pIAAJzElidg
[2026-08-18T18:37:08.424+0000] {data_modification.py:83} INFO - Updated row with Video_ID: ZfMEVzUKlcU
[2026-08-18T18:37:08.428+0000] {data_modification.py:83} INFO - Updated row with Video_ID: AozQaJkIVjo
[2026-08-18T18:37:08.432+0000] {data_modification.py:83} INFO - Updated row with Video_ID: SqZlk5PMlbg
[2026-08-18T18:37:08.439+0000] {data_modification.py:83} INFO - Updated row with Video_ID: re2glO6__Dg
[2026-08-18T18:37:08.444+0000] {data_modification.py:83} INFO - Updated row with Video_ID: vFrkf8WyJVc
[2026-08-18T18:37:08.449+0000] {data_modification.py:83} INFO - Updated row with Video_ID: umY8puBmIFE
[2026-08-18T18:37:08.453+0000] {data_modification.py:83} INFO - Updated row with Video_ID: I1hE85KMXYY
[2026-08-18T18:37:08.459+0000] {data_modification.py:83} INFO - Updated row with Video_ID: vJzN2GcR6O0
[2026-08-18T18:37:08.463+0000] {data_modification.py:83} INFO - Updated row with Video_ID: q1hvfs-VL5U
[2026-08-18T18:37:08.469+0000] {data_modification.py:83} INFO - Updated row with Video_ID: n21Fns_hsI4
[2026-08-18T18:37:08.474+0000] {data_modification.py:83} INFO - Updated row with Video_ID: 0RW6w_LbwU4
[2026-08-18T18:37:08.479+0000] {data_modification.py:83} INFO - Updated row with Video_ID: F1VGhCbn-Dk
[2026-08-18T18:37:08.483+0000] {data_modification.py:83} INFO - Updated row with Video_ID: -heydX6ivVs
[2026-08-18T18:37:08.488+0000] {data_modification.py:83} INFO - Updated row with Video_ID: 7B9ouInLN9E
[2026-08-18T18:37:08.492+0000] {data_modification.py:83} INFO - Updated row with Video_ID: dREGcZFpBZk
[2026-08-18T18:37:08.498+0000] {data_modification.py:83} INFO - Updated row with Video_ID: nEZc0_IhFlQ
[2026-08-18T18:37:08.503+0000] {data_modification.py:83} INFO - Updated row with Video_ID: Y-uaajHkbh8
[2026-08-18T18:37:08.508+0000] {data_modification.py:83} INFO - Updated row with Video_ID: JaXo8o6Pk08
[2026-08-18T18:37:08.513+0000] {data_modification.py:83} INFO - Updated row with Video_ID: x5lkswNc1Wc
[2026-08-18T18:37:08.517+0000] {data_modification.py:83} INFO - Updated row with Video_ID: rdOENTn7RLQ
[2026-08-18T18:37:08.521+0000] {data_modification.py:83} INFO - Updated row with Video_ID: JEN3vtVadqE
[2026-08-18T18:37:08.527+0000] {data_modification.py:83} INFO - Updated row with Video_ID: Q0-su2NRmms
[2026-08-18T18:37:08.531+0000] {data_modification.py:83} INFO - Updated row with Video_ID: 5suNXiI1vjQ
[2026-08-18T18:37:08.535+0000] {data_modification.py:83} INFO - Updated row with Video_ID: GmbS0E2q98M
[2026-08-18T18:37:08.542+0000] {data_modification.py:83} INFO - Updated row with Video_ID: wQPCRXV-SMc
[2026-08-18T18:37:08.546+0000] {data_modification.py:83} INFO - Updated row with Video_ID: ZDr9-jZavd0
[2026-08-18T18:37:08.550+0000] {data_modification.py:83} INFO - Updated row with Video_ID: -MzmomicG-w
[2026-08-18T18:37:08.556+0000] {data_modification.py:83} INFO - Updated row with Video_ID: JZ5pYus_i-E
[2026-08-18T18:37:08.560+0000] {data_modification.py:83} INFO - Updated row with Video_ID: U_tKz2--CNw
[2026-08-18T18:37:08.564+0000] {data_modification.py:83} INFO - Updated row with Video_ID: s-Mb0owDp-M
[2026-08-18T18:37:08.568+0000] {data_modification.py:83} INFO - Updated row with Video_ID: x_YKMjhvCuI
[2026-08-18T18:37:08.572+0000] {data_modification.py:83} INFO - Updated row with Video_ID: wxkQrtYKofc
[2026-08-18T18:37:08.576+0000] {data_modification.py:83} INFO - Updated row with Video_ID: m46vU8_Z_TU
[2026-08-18T18:37:08.581+0000] {data_modification.py:83} INFO - Updated row with Video_ID: FOShWdqVbeI
[2026-08-18T18:37:08.587+0000] {data_modification.py:83} INFO - Updated row with Video_ID: N1tsv3Cd3y0
[2026-08-18T18:37:08.592+0000] {data_modification.py:83} INFO - Updated row with Video_ID: qrz1ANz2hgA
[2026-08-18T18:37:08.597+0000] {data_modification.py:83} INFO - Updated row with Video_ID: Jle_idA-_CI
[2026-08-18T18:37:08.600+0000] {data_modification.py:83} INFO - Updated row with Video_ID: 07GiK7JpgWM
[2026-08-18T18:37:08.606+0000] {data_modification.py:83} INFO - Updated row with Video_ID: zx3J1Z5JEcs
[2026-08-18T18:37:08.610+0000] {data_modification.py:83} INFO - Updated row with Video_ID: FdJn8GtmciU
[2026-08-18T18:37:08.614+0000] {data_modification.py:83} INFO - Updated row with Video_ID: t0ZYA4-_XCs
[2026-08-18T18:37:08.619+0000] {data_modification.py:83} INFO - Updated row with Video_ID: zaDMDLQB3RE
[2026-08-18T18:37:08.625+0000] {data_modification.py:83} INFO - Updated row with Video_ID: OMig8byHT0g
[2026-08-18T18:37:08.635+0000] {data_modification.py:83} INFO - Updated row with Video_ID: yhkwU_8nzcc
[2026-08-18T18:37:08.640+0000] {data_modification.py:83} INFO - Updated row with Video_ID: kCZdE_zfZf0
[2026-08-18T18:37:08.646+0000] {data_modification.py:83} INFO - Updated row with Video_ID: mGpaIjdRDdw
[2026-08-18T18:37:08.651+0000] {data_modification.py:83} INFO - Updated row with Video_ID: INfL9UeWkfg
[2026-08-18T18:37:08.656+0000] {data_modification.py:83} INFO - Updated row with Video_ID: hJZ43EXfUDA
[2026-08-18T18:37:08.661+0000] {data_modification.py:83} INFO - Updated row with Video_ID: YjMIEulKtx4
[2026-08-18T18:37:08.666+0000] {data_modification.py:83} INFO - Updated row with Video_ID: VAtgcFtqIqw
[2026-08-18T18:37:08.672+0000] {data_modification.py:83} INFO - Updated row with Video_ID: S_9eF68GVEI
[2026-08-18T18:37:08.678+0000] {data_modification.py:83} INFO - Updated row with Video_ID: XN3VW6rUlLE
[2026-08-18T18:37:08.684+0000] {data_modification.py:83} INFO - Updated row with Video_ID: UtQmQYSTQ1c
[2026-08-18T18:37:08.690+0000] {data_modification.py:83} INFO - Updated row with Video_ID: Ys4WqB6KZlU
[2026-08-18T18:37:08.695+0000] {data_modification.py:83} INFO - Updated row with Video_ID: LuE8IZarvMc
[2026-08-18T18:37:08.700+0000] {data_modification.py:83} INFO - Updated row with Video_ID: UgKt9bI0p7g
[2026-08-18T18:37:08.706+0000] {data_modification.py:83} INFO - Updated row with Video_ID: ZiiSoLb7WvU
[2026-08-18T18:37:08.712+0000] {data_modification.py:83} INFO - Updated row with Video_ID: loggLZ4Gs60
[2026-08-18T18:37:08.717+0000] {data_modification.py:83} INFO - Updated row with Video_ID: Tq_h9XvND8s
[2026-08-18T18:37:08.722+0000] {data_modification.py:83} INFO - Updated row with Video_ID: cwg7LzVc1BE
[2026-08-18T18:37:08.728+0000] {data_modification.py:83} INFO - Updated row with Video_ID: ZOU-ekl1H9M
[2026-08-18T18:37:08.734+0000] {data_modification.py:83} INFO - Updated row with Video_ID: 9dNSeTTdz5w
[2026-08-18T18:37:08.740+0000] {data_modification.py:83} INFO - Updated row with Video_ID: _t4HoffKe7g
[2026-08-18T18:37:08.746+0000] {data_modification.py:83} INFO - Updated row with Video_ID: zpe8I9yEUbc
[2026-08-18T18:37:08.753+0000] {data_modification.py:83} INFO - Updated row with Video_ID: CG9oTjCob7U
[2026-08-18T18:37:08.758+0000] {data_modification.py:83} INFO - Updated row with Video_ID: YN16_b04Xd0
[2026-08-18T18:37:08.764+0000] {data_modification.py:83} INFO - Updated row with Video_ID: 5q9yOjEW14s
[2026-08-18T18:37:08.770+0000] {data_modification.py:83} INFO - Updated row with Video_ID: afdx8HUX3RA
[2026-08-18T18:37:08.774+0000] {data_modification.py:83} INFO - Updated row with Video_ID: xw5rBMEqTGk
[2026-08-18T18:37:08.779+0000] {data_modification.py:83} INFO - Updated row with Video_ID: R878NxqapRA
[2026-08-18T18:37:08.784+0000] {data_modification.py:83} INFO - Updated row with Video_ID: tRDN-MEJdho
[2026-08-18T18:37:08.789+0000] {data_modification.py:83} INFO - Updated row with Video_ID: 05g8p2CDayI
[2026-08-18T18:37:08.795+0000] {data_modification.py:83} INFO - Updated row with Video_ID: d0lw6NABcxE
[2026-08-18T18:37:08.800+0000] {data_modification.py:83} INFO - Updated row with Video_ID: Ga-5vbe6OCU
[2026-08-18T18:37:08.805+0000] {data_modification.py:83} INFO - Updated row with Video_ID: rMvHPSJywWY
[2026-08-18T18:37:08.811+0000] {data_modification.py:83} INFO - Updated row with Video_ID: TD-1xFts04M
[2026-08-18T18:37:08.817+0000] {data_modification.py:83} INFO - Updated row with Video_ID: keEi0LoZwL0
[2026-08-18T18:37:08.822+0000] {data_modification.py:83} INFO - Updated row with Video_ID: lRjZiOAtmQE
[2026-08-18T18:37:08.827+0000] {data_modification.py:83} INFO - Updated row with Video_ID: -iEwd-caPiQ
[2026-08-18T18:37:08.832+0000] {data_modification.py:83} INFO - Updated row with Video_ID: BC9NB1O-3h0
[2026-08-18T18:37:08.837+0000] {data_modification.py:83} INFO - Updated row with Video_ID: 7p92MFHMmUs
[2026-08-18T18:37:08.841+0000] {data_modification.py:83} INFO - Updated row with Video_ID: D3Fekckw9S0
[2026-08-18T18:37:08.845+0000] {data_modification.py:83} INFO - Updated row with Video_ID: JGC3_S9ZrRk
[2026-08-18T18:37:08.850+0000] {data_modification.py:83} INFO - Updated row with Video_ID: tdD3dPp2dbc
[2026-08-18T18:37:08.856+0000] {data_modification.py:83} INFO - Updated row with Video_ID: --FjBwCYwM4
[2026-08-18T18:37:08.861+0000] {data_modification.py:83} INFO - Updated row with Video_ID: gC8hO8fyFGk
[2026-08-18T18:37:08.866+0000] {data_modification.py:83} INFO - Updated row with Video_ID: XSakz034hio
[2026-08-18T18:37:08.871+0000] {data_modification.py:83} INFO - Updated row with Video_ID: PHKqlwL0xg8
[2026-08-18T18:37:08.875+0000] {data_modification.py:83} INFO - Updated row with Video_ID: rAlYj2PdwiM
[2026-08-18T18:37:08.880+0000] {data_modification.py:83} INFO - Updated row with Video_ID: usmu9LUPhfw
[2026-08-18T18:37:08.884+0000] {data_modification.py:83} INFO - Updated row with Video_ID: zcEU9UxE8ss
[2026-08-18T18:37:08.890+0000] {data_modification.py:83} INFO - Updated row with Video_ID: PUUcXsf1l4w
[2026-08-18T18:37:08.896+0000] {data_modification.py:83} INFO - Updated row with Video_ID: khZ8WyYuSao
[2026-08-18T18:37:08.902+0000] {data_modification.py:83} INFO - Updated row with Video_ID: Td4wlQcIDTY
[2026-08-18T18:37:08.907+0000] {data_modification.py:83} INFO - Updated row with Video_ID: etgQjtdNEtc
[2026-08-18T18:37:08.912+0000] {data_modification.py:83} INFO - Updated row with Video_ID: ugtBVLLzIg4
[2026-08-18T18:37:08.916+0000] {data_modification.py:83} INFO - Updated row with Video_ID: uSc1wDvZeWw
[2026-08-18T18:37:08.921+0000] {data_modification.py:83} INFO - Updated row with Video_ID: 7H7RKqSmRc4
[2026-08-18T18:37:08.926+0000] {data_modification.py:83} INFO - Updated row with Video_ID: 90lLQVZe2Nc
[2026-08-18T18:37:08.931+0000] {data_modification.py:83} INFO - Updated row with Video_ID: DFPYpMXG21w
[2026-08-18T18:37:08.937+0000] {data_modification.py:83} INFO - Updated row with Video_ID: Tpsh3qUaaKc
[2026-08-18T18:37:08.941+0000] {data_modification.py:83} INFO - Updated row with Video_ID: fOr6DbfRP1k
[2026-08-18T18:37:08.945+0000] {data_modification.py:83} INFO - Updated row with Video_ID: g_27766gCE4
[2026-08-18T18:37:08.951+0000] {data_modification.py:83} INFO - Updated row with Video_ID: 8pFVGR-9SLk
[2026-08-18T18:37:08.958+0000] {data_modification.py:83} INFO - Updated row with Video_ID: d7ZYuRglhvw
[2026-08-18T18:37:08.962+0000] {data_modification.py:83} INFO - Updated row with Video_ID: uTJhC9sZp-c
[2026-08-18T18:37:08.967+0000] {data_modification.py:83} INFO - Updated row with Video_ID: Tbz35Mc8pzE
[2026-08-18T18:37:08.972+0000] {data_modification.py:83} INFO - Updated row with Video_ID: 9QXCkMTbrSk
[2026-08-18T18:37:08.978+0000] {data_modification.py:83} INFO - Updated row with Video_ID: V1synzyOknI
[2026-08-18T18:37:08.983+0000] {data_modification.py:83} INFO - Updated row with Video_ID: jTbePZRfntY
[2026-08-18T18:37:08.988+0000] {data_modification.py:83} INFO - Updated row with Video_ID: Z3_qBGrDNDY
[2026-08-18T18:37:08.992+0000] {data_modification.py:83} INFO - Updated row with Video_ID: mAqdcwQi3tg
[2026-08-18T18:37:08.997+0000] {data_modification.py:83} INFO - Updated row with Video_ID: 0HrbKJkvjS8
[2026-08-18T18:37:09.002+0000] {data_modification.py:83} INFO - Updated row with Video_ID: ShcEufJOarU
[2026-08-18T18:37:09.007+0000] {data_modification.py:83} INFO - Updated row with Video_ID: OaNnGkjir-0
[2026-08-18T18:37:09.011+0000] {data_modification.py:83} INFO - Updated row with Video_ID: V7ZrhGma3l8
[2026-08-18T18:37:09.015+0000] {data_modification.py:83} INFO - Updated row with Video_ID: jg8bcFcJMkQ
[2026-08-18T18:37:09.019+0000] {data_modification.py:83} INFO - Updated row with Video_ID: J1wun_gH_JA
[2026-08-18T18:37:09.023+0000] {data_modification.py:83} INFO - Updated row with Video_ID: fGzd12i7MOE
[2026-08-18T18:37:09.026+0000] {data_modification.py:83} INFO - Updated row with Video_ID: nuSVg6J91Wc
[2026-08-18T18:37:09.030+0000] {data_modification.py:83} INFO - Updated row with Video_ID: Pkk7pGFfxxQ
[2026-08-18T18:37:09.035+0000] {data_modification.py:83} INFO - Updated row with Video_ID: L6-uAaty3YY
[2026-08-18T18:37:09.039+0000] {data_modification.py:83} INFO - Updated row with Video_ID: MGdHHVuTlH0
[2026-08-18T18:37:09.043+0000] {data_modification.py:83} INFO - Updated row with Video_ID: AZXB_yUU6DY
[2026-08-18T18:37:09.047+0000] {data_modification.py:83} INFO - Updated row with Video_ID: aMePYSyr5sM
[2026-08-18T18:37:09.051+0000] {data_modification.py:83} INFO - Updated row with Video_ID: J2GKwMI_J_I
[2026-08-18T18:37:09.055+0000] {data_modification.py:83} INFO - Updated row with Video_ID: c23uT-LLl1M
[2026-08-18T18:37:09.059+0000] {data_modification.py:83} INFO - Updated row with Video_ID: dyUR_E7WRfI
[2026-08-18T18:37:09.063+0000] {data_modification.py:83} INFO - Updated row with Video_ID: KGoSZNcbIaE
[2026-08-18T18:37:09.067+0000] {data_modification.py:83} INFO - Updated row with Video_ID: JftX6q6GVes
[2026-08-18T18:37:09.071+0000] {data_modification.py:83} INFO - Updated row with Video_ID: PDS1b-GQ_vM
[2026-08-18T18:37:09.074+0000] {data_modification.py:83} INFO - Updated row with Video_ID: MU4raR9LS3I
[2026-08-18T18:37:09.078+0000] {data_modification.py:83} INFO - Updated row with Video_ID: it6TU7xcruc
[2026-08-18T18:37:09.082+0000] {data_modification.py:83} INFO - Updated row with Video_ID: pm1RIvAZk2w
[2026-08-18T18:37:09.085+0000] {data_modification.py:83} INFO - Updated row with Video_ID: J9J4TICzBxE
[2026-08-18T18:37:09.088+0000] {data_modification.py:83} INFO - Updated row with Video_ID: nZrBQqxYe2A
[2026-08-18T18:37:09.092+0000] {data_modification.py:83} INFO - Updated row with Video_ID: g4PwWIvRSdY
[2026-08-18T18:37:09.096+0000] {data_modification.py:83} INFO - Updated row with Video_ID: ikJI7cFLdl4
[2026-08-18T18:37:09.100+0000] {data_modification.py:83} INFO - Updated row with Video_ID: s7KrsWVqAMs
[2026-08-18T18:37:09.105+0000] {data_modification.py:83} INFO - Updated row with Video_ID: 1Iz-wq5W4WE
[2026-08-18T18:37:09.109+0000] {data_modification.py:83} INFO - Updated row with Video_ID: lf7AS1cl6GI
[2026-08-18T18:37:09.112+0000] {data_modification.py:83} INFO - Updated row with Video_ID: DQw6xoIXZGI
[2026-08-18T18:37:09.116+0000] {data_modification.py:83} INFO - Updated row with Video_ID: NIid9qPMWe8
[2026-08-18T18:37:09.119+0000] {data_modification.py:83} INFO - Updated row with Video_ID: qMhkCmO_MAA
[2026-08-18T18:37:09.125+0000] {data_modification.py:83} INFO - Updated row with Video_ID: RcbO4Yo2bII
[2026-08-18T18:37:09.129+0000] {data_modification.py:83} INFO - Updated row with Video_ID: RyaaCDMjlDo
[2026-08-18T18:37:09.132+0000] {data_modification.py:83} INFO - Updated row with Video_ID: nJmkZMv85Cw
[2026-08-18T18:37:09.136+0000] {data_modification.py:83} INFO - Updated row with Video_ID: oJmyYpsIPP4
[2026-08-18T18:37:09.140+0000] {data_modification.py:83} INFO - Updated row with Video_ID: nLCc7BE8qnw
[2026-08-18T18:37:09.144+0000] {data_modification.py:83} INFO - Updated row with Video_ID: lMN7779M4h4
[2026-08-18T18:37:09.148+0000] {data_modification.py:83} INFO - Updated row with Video_ID: CYkPnOFTX_U
[2026-08-18T18:37:09.152+0000] {data_modification.py:83} INFO - Updated row with Video_ID: WKpGfM1VJn8
[2026-08-18T18:37:09.156+0000] {data_modification.py:83} INFO - Updated row with Video_ID: hVBpr7-SsSw
[2026-08-18T18:37:09.159+0000] {data_modification.py:83} INFO - Updated row with Video_ID: eiIDHP2xpCI
[2026-08-18T18:37:09.164+0000] {data_modification.py:83} INFO - Updated row with Video_ID: 2KX22j0oZg0
[2026-08-18T18:37:09.167+0000] {data_modification.py:83} INFO - Updated row with Video_ID: aEC0Q0OhlvM
[2026-08-18T18:37:09.171+0000] {data_modification.py:83} INFO - Updated row with Video_ID: nrVyl0awWsw
[2026-08-18T18:37:09.174+0000] {data_modification.py:83} INFO - Updated row with Video_ID: rCntwNsgQgI
[2026-08-18T18:37:09.178+0000] {data_modification.py:83} INFO - Updated row with Video_ID: F8Kg91YJRGE
[2026-08-18T18:37:09.182+0000] {data_modification.py:83} INFO - Updated row with Video_ID: KhFGtYvasuU
[2026-08-18T18:37:09.185+0000] {data_modification.py:83} INFO - Updated row with Video_ID: vgeQVBqZ86U
[2026-08-18T18:37:09.189+0000] {data_modification.py:83} INFO - Updated row with Video_ID: Rg-hYS-QkEo
[2026-08-18T18:37:09.193+0000] {data_modification.py:83} INFO - Updated row with Video_ID: lOg7AJVF8SQ
[2026-08-18T18:37:09.197+0000] {data_modification.py:83} INFO - Updated row with Video_ID: fBxZPQZyNp0
[2026-08-18T18:37:09.200+0000] {data_modification.py:83} INFO - Updated row with Video_ID: di0eIQOpIck
[2026-08-18T18:37:09.204+0000] {data_modification.py:83} INFO - Updated row with Video_ID: wuTd4yVSWAk
[2026-08-18T18:37:09.207+0000] {data_modification.py:83} INFO - Updated row with Video_ID: lZ-pVINQ288
[2026-08-18T18:37:09.211+0000] {data_modification.py:83} INFO - Updated row with Video_ID: 1Fu2BJnYi0g
[2026-08-18T18:37:09.214+0000] {data_modification.py:83} INFO - Updated row with Video_ID: meh2dLqYq6w
[2026-08-18T18:37:09.218+0000] {data_modification.py:83} INFO - Updated row with Video_ID: ULvplwBTbQk
[2026-08-18T18:37:09.221+0000] {data_modification.py:83} INFO - Updated row with Video_ID: JmMZztHdyM4
[2026-08-18T18:37:09.225+0000] {data_modification.py:83} INFO - Updated row with Video_ID: EqLekFkXlKg
[2026-08-18T18:37:09.228+0000] {data_modification.py:83} INFO - Updated row with Video_ID: JYW5zHXLo7E
[2026-08-18T18:37:09.232+0000] {data_modification.py:83} INFO - Updated row with Video_ID: SsSjKGny1No
[2026-08-18T18:37:09.235+0000] {data_modification.py:83} INFO - Updated row with Video_ID: mDLQGESS2X0
[2026-08-18T18:37:09.239+0000] {data_modification.py:83} INFO - Updated row with Video_ID: Po1kAXrqqSM
[2026-08-18T18:37:09.242+0000] {data_modification.py:83} INFO - Updated row with Video_ID: RQPSeIv0ZE0
[2026-08-18T18:37:09.246+0000] {data_modification.py:83} INFO - Updated row with Video_ID: l8P-1IkZYS8
[2026-08-18T18:37:09.251+0000] {data_modification.py:83} INFO - Updated row with Video_ID: toTXl4NYAQM
[2026-08-18T18:37:09.255+0000] {data_modification.py:83} INFO - Updated row with Video_ID: U5JHNP3R3ME
[2026-08-18T18:37:09.259+0000] {data_modification.py:83} INFO - Updated row with Video_ID: brl7lbSKo2Y
[2026-08-18T18:37:09.262+0000] {data_modification.py:83} INFO - Updated row with Video_ID: -MhSrFcrXYI
[2026-08-18T18:37:09.266+0000] {data_modification.py:83} INFO - Updated row with Video_ID: ke3Pb9_oMrg
[2026-08-18T18:37:09.270+0000] {data_modification.py:83} INFO - Updated row with Video_ID: RdDMOdj2AtI
[2026-08-18T18:37:09.273+0000] {data_modification.py:83} INFO - Updated row with Video_ID: D5_GE9pq_cg
[2026-08-18T18:37:09.277+0000] {data_modification.py:83} INFO - Updated row with Video_ID: syyxrt8_mBA
[2026-08-18T18:37:09.280+0000] {data_modification.py:83} INFO - Updated row with Video_ID: I4GIZf8uYSk
[2026-08-18T18:37:09.286+0000] {data_modification.py:83} INFO - Updated row with Video_ID: 9XYPdiREZvs
[2026-08-18T18:37:09.290+0000] {data_modification.py:83} INFO - Updated row with Video_ID: JqxZGXQf0qg
[2026-08-18T18:37:09.293+0000] {data_modification.py:83} INFO - Updated row with Video_ID: z1lPXO0pv_4
[2026-08-18T18:37:09.297+0000] {data_modification.py:83} INFO - Updated row with Video_ID: UEtS3ENzajQ
[2026-08-18T18:37:09.301+0000] {data_modification.py:83} INFO - Updated row with Video_ID: LyTH5rp4heo
[2026-08-18T18:37:09.304+0000] {data_modification.py:83} INFO - Updated row with Video_ID: JOsrihef5gM
[2026-08-18T18:37:09.309+0000] {data_modification.py:83} INFO - Updated row with Video_ID: lEFcoM16t4Q
[2026-08-18T18:37:09.313+0000] {data_modification.py:83} INFO - Updated row with Video_ID: P0o7gaxED3w
[2026-08-18T18:37:09.317+0000] {data_modification.py:83} INFO - Updated row with Video_ID: qVKV6iTUmGE
[2026-08-18T18:37:09.321+0000] {data_modification.py:83} INFO - Updated row with Video_ID: r9gAFGR7GxI
[2026-08-18T18:37:09.324+0000] {data_modification.py:83} INFO - Updated row with Video_ID: rDLa6JT7upM
[2026-08-18T18:37:09.328+0000] {data_modification.py:83} INFO - Updated row with Video_ID: d699MWNsNew
[2026-08-18T18:37:09.331+0000] {data_modification.py:83} INFO - Updated row with Video_ID: TDW4iMVcZzs
[2026-08-18T18:37:09.335+0000] {data_modification.py:83} INFO - Updated row with Video_ID: WuQuVIt1vwo
[2026-08-18T18:37:09.339+0000] {data_modification.py:83} INFO - Updated row with Video_ID: sgCiOz79i3w
[2026-08-18T18:37:09.343+0000] {data_modification.py:83} INFO - Updated row with Video_ID: Xik34jh-doc
[2026-08-18T18:37:09.347+0000] {data_modification.py:83} INFO - Updated row with Video_ID: wS1VG6Hl-xQ
[2026-08-18T18:37:09.350+0000] {data_modification.py:83} INFO - Updated row with Video_ID: ceMDkQgVsqo
[2026-08-18T18:37:09.354+0000] {data_modification.py:83} INFO - Updated row with Video_ID: DdQhoqjWqbc
[2026-08-18T18:37:09.358+0000] {data_modification.py:83} INFO - Updated row with Video_ID: pZB9Y3OHL1w
[2026-08-18T18:37:09.362+0000] {data_modification.py:83} INFO - Updated row with Video_ID: aATA0jI-SGQ
[2026-08-18T18:37:09.366+0000] {data_modification.py:83} INFO - Updated row with Video_ID: 0zXDy8ZTJ3I
[2026-08-18T18:37:09.370+0000] {data_modification.py:83} INFO - Updated row with Video_ID: 7zHqaTlZHU4
[2026-08-18T18:37:09.374+0000] {data_modification.py:83} INFO - Updated row with Video_ID: fuiqQVeGLNQ
[2026-08-18T18:37:09.378+0000] {data_modification.py:83} INFO - Updated row with Video_ID: tVxHIqiWWbo
[2026-08-18T18:37:09.382+0000] {data_modification.py:83} INFO - Updated row with Video_ID: 483owj7dzIw
[2026-08-18T18:37:09.385+0000] {data_modification.py:83} INFO - Updated row with Video_ID: nqrMwzafyoA
[2026-08-18T18:37:09.389+0000] {data_modification.py:83} INFO - Updated row with Video_ID: eq2-9dJaSpc
[2026-08-18T18:37:09.393+0000] {data_modification.py:83} INFO - Updated row with Video_ID: n-PkAPZZwn0
[2026-08-18T18:37:09.396+0000] {data_modification.py:83} INFO - Updated row with Video_ID: t7lAcalTmeM
[2026-08-18T18:37:09.400+0000] {data_modification.py:83} INFO - Updated row with Video_ID: hUT0Vait9Mg
[2026-08-18T18:37:09.404+0000] {data_modification.py:83} INFO - Updated row with Video_ID: FdJG8pXwOio
[2026-08-18T18:37:09.408+0000] {data_modification.py:83} INFO - Updated row with Video_ID: _G38lvFwG3Y
[2026-08-18T18:37:09.412+0000] {data_modification.py:83} INFO - Updated row with Video_ID: _ObNMjRq_WM
[2026-08-18T18:37:09.416+0000] {data_modification.py:83} INFO - Updated row with Video_ID: icIL15AIQBk
[2026-08-18T18:37:09.420+0000] {data_modification.py:83} INFO - Updated row with Video_ID: Z3Z1hdqFlwI
[2026-08-18T18:37:09.423+0000] {data_modification.py:83} INFO - Updated row with Video_ID: uTj6YC5eZCM
[2026-08-18T18:37:09.427+0000] {data_modification.py:83} INFO - Updated row with Video_ID: uBUCHEFaMqo
[2026-08-18T18:37:09.430+0000] {data_modification.py:83} INFO - Updated row with Video_ID: iIqHXu9G21w
[2026-08-18T18:37:09.434+0000] {data_modification.py:83} INFO - Updated row with Video_ID: OfPSvgps61M
[2026-08-18T18:37:09.439+0000] {data_modification.py:83} INFO - Updated row with Video_ID: x3qyh9XpqAk
[2026-08-18T18:37:09.443+0000] {data_modification.py:83} INFO - Updated row with Video_ID: 1_SmoGwqjd8
[2026-08-18T18:37:09.446+0000] {data_modification.py:83} INFO - Updated row with Video_ID: kbtOilKqaIg
[2026-08-18T18:37:09.450+0000] {data_modification.py:83} INFO - Updated row with Video_ID: gT0h7vtHf94
[2026-08-18T18:37:09.454+0000] {data_modification.py:83} INFO - Updated row with Video_ID: jSqw1b0Pp6M
[2026-08-18T18:37:09.458+0000] {data_modification.py:83} INFO - Updated row with Video_ID: IYWbbxdfGvc
[2026-08-18T18:37:09.462+0000] {data_modification.py:83} INFO - Updated row with Video_ID: hHDXze1iyKE
[2026-08-18T18:37:09.466+0000] {data_modification.py:83} INFO - Updated row with Video_ID: W7uGxt67CQI
[2026-08-18T18:37:09.470+0000] {data_modification.py:83} INFO - Updated row with Video_ID: 1PrRa-wWbSI
[2026-08-18T18:37:09.474+0000] {data_modification.py:83} INFO - Updated row with Video_ID: lQH8zaEl9Mk
[2026-08-18T18:37:09.478+0000] {data_modification.py:83} INFO - Updated row with Video_ID: R7w7ixf9sUQ
[2026-08-18T18:37:09.483+0000] {data_modification.py:83} INFO - Updated row with Video_ID: BAtiDbFG2_o
[2026-08-18T18:37:09.488+0000] {data_modification.py:83} INFO - Updated row with Video_ID: SbY0rONwQU8
[2026-08-18T18:37:09.491+0000] {data_modification.py:83} INFO - Updated row with Video_ID: J2l35NphGEg
[2026-08-18T18:37:09.495+0000] {data_modification.py:83} INFO - Updated row with Video_ID: OTtBrwkfr1U
[2026-08-18T18:37:09.499+0000] {data_modification.py:83} INFO - Updated row with Video_ID: Lg7BdO49v2E
[2026-08-18T18:37:09.504+0000] {data_modification.py:83} INFO - Updated row with Video_ID: xKderCGKZtg
[2026-08-18T18:37:09.509+0000] {data_modification.py:83} INFO - Updated row with Video_ID: K-Q4r37XgVw
[2026-08-18T18:37:09.513+0000] {data_modification.py:83} INFO - Updated row with Video_ID: yJCdrGQfxQ4
[2026-08-18T18:37:09.517+0000] {data_modification.py:83} INFO - Updated row with Video_ID: x_X9xM9S5NY
[2026-08-18T18:37:09.522+0000] {data_modification.py:83} INFO - Updated row with Video_ID: 0uOo8LRW-oI
[2026-08-18T18:37:09.526+0000] {data_modification.py:83} INFO - Updated row with Video_ID: CQKW2TUU04Q
[2026-08-18T18:37:09.529+0000] {data_modification.py:83} INFO - Updated row with Video_ID: AuNT4Oq4UG4
[2026-08-18T18:37:09.532+0000] {data_modification.py:83} INFO - Updated row with Video_ID: MB81icl6Sag
[2026-08-18T18:37:09.536+0000] {data_modification.py:83} INFO - Updated row with Video_ID: TeGqUHWEHaY
[2026-08-18T18:37:09.540+0000] {data_modification.py:83} INFO - Updated row with Video_ID: LQ1sKcehbaw
[2026-08-18T18:37:09.544+0000] {data_modification.py:83} INFO - Updated row with Video_ID: Lj3phFrIvOA
[2026-08-18T18:37:09.548+0000] {data_modification.py:83} INFO - Updated row with Video_ID: Qm1vXsytMnw
[2026-08-18T18:37:09.552+0000] {data_modification.py:83} INFO - Updated row with Video_ID: RMAux-sD1bA
[2026-08-18T18:37:09.555+0000] {data_modification.py:83} INFO - Updated row with Video_ID: vHQK1wrAtB0
[2026-08-18T18:37:09.559+0000] {data_modification.py:83} INFO - Updated row with Video_ID: 2hl-uVjXZzc
[2026-08-18T18:37:09.563+0000] {data_modification.py:83} INFO - Updated row with Video_ID: PCx7S7q9hPM
[2026-08-18T18:37:09.566+0000] {data_modification.py:83} INFO - Updated row with Video_ID: rIHGrEz52po
[2026-08-18T18:37:09.570+0000] {data_modification.py:83} INFO - Updated row with Video_ID: Ut8n_2Bclmw
[2026-08-18T18:37:09.573+0000] {data_modification.py:83} INFO - Updated row with Video_ID: XsFSTd20lW8
[2026-08-18T18:37:09.577+0000] {data_modification.py:83} INFO - Updated row with Video_ID: PZBBDdlA5uA
[2026-08-18T18:37:09.581+0000] {data_modification.py:83} INFO - Updated row with Video_ID: IevlkYSl2U0
[2026-08-18T18:37:09.584+0000] {data_modification.py:83} INFO - Updated row with Video_ID: rNr8WFaYlhI
[2026-08-18T18:37:09.588+0000] {data_modification.py:83} INFO - Updated row with Video_ID: JJ3CguQdBpM
[2026-08-18T18:37:09.591+0000] {data_modification.py:83} INFO - Updated row with Video_ID: 9FUj29yc1Zg
[2026-08-18T18:37:09.595+0000] {data_modification.py:83} INFO - Updated row with Video_ID: ofi7RT0SbLI
[2026-08-18T18:37:09.599+0000] {data_modification.py:83} INFO - Updated row with Video_ID: cAdxP7mOKoo
[2026-08-18T18:37:09.603+0000] {data_modification.py:83} INFO - Updated row with Video_ID: sHUWy3YV5bs
[2026-08-18T18:37:09.606+0000] {data_modification.py:83} INFO - Updated row with Video_ID: 3qE6Co5u9ns
[2026-08-18T18:37:09.610+0000] {data_modification.py:83} INFO - Updated row with Video_ID: Xvtwj6GGEhc
[2026-08-18T18:37:09.614+0000] {data_modification.py:83} INFO - Updated row with Video_ID: x9KRb4JS82M
[2026-08-18T18:37:09.617+0000] {data_modification.py:83} INFO - Updated row with Video_ID: ejiePMck88s
[2026-08-18T18:37:09.621+0000] {data_modification.py:83} INFO - Updated row with Video_ID: UQZsm7ErTtI
[2026-08-18T18:37:09.624+0000] {data_modification.py:83} INFO - Updated row with Video_ID: 2OtcC1G0_VY
[2026-08-18T18:37:09.628+0000] {data_modification.py:83} INFO - Updated row with Video_ID: CcY_s9AtqnY
[2026-08-18T18:37:09.632+0000] {data_modification.py:83} INFO - Updated row with Video_ID: uLnJy8LddgM
[2026-08-18T18:37:09.636+0000] {data_modification.py:83} INFO - Updated row with Video_ID: W7vXo-bI5bc
[2026-08-18T18:37:09.639+0000] {data_modification.py:83} INFO - Updated row with Video_ID: qaAgIAFSihA
[2026-08-18T18:37:09.643+0000] {data_modification.py:83} INFO - Updated row with Video_ID: zrdFjOltFJ0
[2026-08-18T18:37:09.647+0000] {data_modification.py:83} INFO - Updated row with Video_ID: tkqAdXwXQls
[2026-08-18T18:37:09.650+0000] {data_modification.py:83} INFO - Updated row with Video_ID: ckmpW70n6Pw
[2026-08-18T18:37:09.654+0000] {data_modification.py:83} INFO - Updated row with Video_ID: 3ImPBSnDd0A
[2026-08-18T18:37:09.658+0000] {data_modification.py:83} INFO - Updated row with Video_ID: jfUW78Vo-Bk
[2026-08-18T18:37:09.661+0000] {data_modification.py:83} INFO - Updated row with Video_ID: xi-zHJL5bnI
[2026-08-18T18:37:09.665+0000] {data_modification.py:83} INFO - Updated row with Video_ID: J7NUcBL8h3c
[2026-08-18T18:37:09.668+0000] {data_modification.py:83} INFO - Updated row with Video_ID: PsfMpZA9yD4
[2026-08-18T18:37:09.672+0000] {data_modification.py:83} INFO - Updated row with Video_ID: maA_Y0bkr6I
[2026-08-18T18:37:09.676+0000] {data_modification.py:83} INFO - Updated row with Video_ID: voM-zksN4nA
[2026-08-18T18:37:09.680+0000] {data_modification.py:83} INFO - Updated row with Video_ID: BPfIpbKNqsc
[2026-08-18T18:37:09.683+0000] {data_modification.py:83} INFO - Updated row with Video_ID: P2bJ6CASHPI
[2026-08-18T18:37:09.687+0000] {data_modification.py:83} INFO - Updated row with Video_ID: NcTcYDjBNNk
[2026-08-18T18:37:09.691+0000] {data_modification.py:83} INFO - Updated row with Video_ID: FegAK9CkPEw
[2026-08-18T18:37:09.695+0000] {data_modification.py:83} INFO - Updated row with Video_ID: -x3xXtrpRYk
[2026-08-18T18:37:09.698+0000] {data_modification.py:83} INFO - Updated row with Video_ID: 3xKubDLHKrA
[2026-08-18T18:37:09.702+0000] {data_modification.py:83} INFO - Updated row with Video_ID: b__Q5B0J6GY
[2026-08-18T18:37:09.706+0000] {data_modification.py:83} INFO - Updated row with Video_ID: vczYVrdxWrg
[2026-08-18T18:37:09.709+0000] {data_modification.py:83} INFO - Updated row with Video_ID: bA5UANrRhe0
[2026-08-18T18:37:09.713+0000] {data_modification.py:83} INFO - Updated row with Video_ID: yiH-I47ySsc
[2026-08-18T18:37:09.716+0000] {data_modification.py:83} INFO - Updated row with Video_ID: wVD4VF9eSGk
[2026-08-18T18:37:09.720+0000] {data_modification.py:83} INFO - Updated row with Video_ID: SttyZBzamuw
[2026-08-18T18:37:09.724+0000] {data_modification.py:83} INFO - Updated row with Video_ID: ONEkk8WZx-4
[2026-08-18T18:37:09.728+0000] {data_modification.py:83} INFO - Updated row with Video_ID: rCU5kv4VIDc
[2026-08-18T18:37:09.731+0000] {data_modification.py:83} INFO - Updated row with Video_ID: lYjE0p9dkVY
[2026-08-18T18:37:09.735+0000] {data_modification.py:83} INFO - Updated row with Video_ID: I081CMGPckM
[2026-08-18T18:37:09.738+0000] {data_modification.py:83} INFO - Updated row with Video_ID: 4B1jfMeMBqg
[2026-08-18T18:37:09.742+0000] {data_modification.py:83} INFO - Updated row with Video_ID: ppcwOAKabKQ
[2026-08-18T18:37:09.746+0000] {data_modification.py:83} INFO - Updated row with Video_ID: CoNtWmqgc3E
[2026-08-18T18:37:09.749+0000] {data_modification.py:83} INFO - Updated row with Video_ID: Lv-AyjLYsVE
[2026-08-18T18:37:09.753+0000] {data_modification.py:83} INFO - Updated row with Video_ID: Qbb4rBxA9uk
[2026-08-18T18:37:09.757+0000] {data_modification.py:83} INFO - Updated row with Video_ID: 5cuIHGNrngs
[2026-08-18T18:37:09.761+0000] {data_modification.py:83} INFO - Updated row with Video_ID: IcIo8A4Jw0k
[2026-08-18T18:37:09.764+0000] {data_modification.py:83} INFO - Updated row with Video_ID: ynaWClAA3Is
[2026-08-18T18:37:09.768+0000] {data_modification.py:83} INFO - Updated row with Video_ID: 4fAO73_Lkbs
[2026-08-18T18:37:09.772+0000] {data_modification.py:83} INFO - Updated row with Video_ID: MAXdPEwhvoo
[2026-08-18T18:37:09.775+0000] {data_modification.py:83} INFO - Updated row with Video_ID: EfHKaMELVjI
[2026-08-18T18:37:09.779+0000] {data_modification.py:83} INFO - Updated row with Video_ID: x8gX-YL9Ahk
[2026-08-18T18:37:09.783+0000] {data_modification.py:83} INFO - Updated row with Video_ID: gxzonqijbPA
[2026-08-18T18:37:09.787+0000] {data_modification.py:83} INFO - Updated row with Video_ID: Wtlu-AffPzI
[2026-08-18T18:37:09.791+0000] {data_modification.py:83} INFO - Updated row with Video_ID: 9kUFRCsAilE
[2026-08-18T18:37:09.794+0000] {data_modification.py:83} INFO - Updated row with Video_ID: aIILep6_WYo
[2026-08-18T18:37:09.798+0000] {data_modification.py:83} INFO - Updated row with Video_ID: wXMOUcw6rwQ
[2026-08-18T18:37:09.801+0000] {data_modification.py:83} INFO - Updated row with Video_ID: f68L9JaTDgI
[2026-08-18T18:37:09.804+0000] {data_modification.py:83} INFO - Updated row with Video_ID: UBPTePKZZUk
[2026-08-18T18:37:09.808+0000] {data_modification.py:83} INFO - Updated row with Video_ID: o3g8IkwmYm0
[2026-08-18T18:37:09.811+0000] {data_modification.py:83} INFO - Updated row with Video_ID: GxRfvcpk-g8
[2026-08-18T18:37:09.816+0000] {data_modification.py:83} INFO - Updated row with Video_ID: ldtdBzQBqzc
[2026-08-18T18:37:09.821+0000] {data_modification.py:83} INFO - Updated row with Video_ID: eN3pFGLYXDA
[2026-08-18T18:37:09.825+0000] {data_modification.py:83} INFO - Updated row with Video_ID: BJ7ortOdLgg
[2026-08-18T18:37:09.829+0000] {data_modification.py:83} INFO - Updated row with Video_ID: CPscYNjJZ6E
[2026-08-18T18:37:09.833+0000] {data_modification.py:83} INFO - Updated row with Video_ID: 9U0ycVJkgQk
[2026-08-18T18:37:09.837+0000] {data_modification.py:83} INFO - Updated row with Video_ID: 5aYxLtqHlZg
[2026-08-18T18:37:09.841+0000] {data_modification.py:83} INFO - Updated row with Video_ID: LvOeeHHK7v4
[2026-08-18T18:37:09.845+0000] {data_modification.py:83} INFO - Updated row with Video_ID: 7bA2xkI0PiE
[2026-08-18T18:37:09.849+0000] {data_modification.py:83} INFO - Updated row with Video_ID: VrgW3KEFx-0
[2026-08-18T18:37:09.853+0000] {data_modification.py:83} INFO - Updated row with Video_ID: WztZlaAGWPk
[2026-08-18T18:37:09.858+0000] {data_modification.py:83} INFO - Updated row with Video_ID: tizkqD3xKZ0
[2026-08-18T18:37:09.861+0000] {data_modification.py:83} INFO - Updated row with Video_ID: RKxuKMhaMnI
[2026-08-18T18:37:09.865+0000] {data_modification.py:83} INFO - Updated row with Video_ID: TdkGQxqdAkY
[2026-08-18T18:37:09.868+0000] {data_modification.py:83} INFO - Updated row with Video_ID: 7v6tDBOAy0k
[2026-08-18T18:37:09.872+0000] {data_modification.py:83} INFO - Updated row with Video_ID: 9LPDYoPrkB8
[2026-08-18T18:37:09.875+0000] {data_modification.py:83} INFO - Updated row with Video_ID: yQP4RVgCWso
[2026-08-18T18:37:09.880+0000] {data_modification.py:83} INFO - Updated row with Video_ID: lrbWRIzvZKc
[2026-08-18T18:37:09.883+0000] {data_modification.py:83} INFO - Updated row with Video_ID: ojZn9TnpNRs
[2026-08-18T18:37:09.886+0000] {data_modification.py:83} INFO - Updated row with Video_ID: T7dcQhjvTWU
[2026-08-18T18:37:09.890+0000] {data_modification.py:83} INFO - Updated row with Video_ID: JOPqfdh_o_g
[2026-08-18T18:37:09.894+0000] {data_modification.py:83} INFO - Updated row with Video_ID: SemRprLj9W8
[2026-08-18T18:37:09.897+0000] {data_modification.py:83} INFO - Updated row with Video_ID: d4NLSoghYhI
[2026-08-18T18:37:09.901+0000] {data_modification.py:83} INFO - Updated row with Video_ID: 1DnB_fw1zM4
[2026-08-18T18:37:09.904+0000] {data_modification.py:83} INFO - Updated row with Video_ID: qZGuWSzL_gc
[2026-08-18T18:37:09.908+0000] {data_modification.py:83} INFO - Updated row with Video_ID: XYjyQLkzs6M
[2026-08-18T18:37:09.912+0000] {data_modification.py:83} INFO - Updated row with Video_ID: w_tIdr0X2NY
[2026-08-18T18:37:09.915+0000] {data_modification.py:83} INFO - Updated row with Video_ID: 4gJ77I0Jj0E
[2026-08-18T18:37:09.919+0000] {data_modification.py:83} INFO - Updated row with Video_ID: KesQF-BcVBE
[2026-08-18T18:37:09.923+0000] {data_modification.py:83} INFO - Updated row with Video_ID: J9jWCz_6lZ0
[2026-08-18T18:37:09.926+0000] {data_modification.py:83} INFO - Updated row with Video_ID: TLIKrH4mkkE
[2026-08-18T18:37:09.930+0000] {data_modification.py:83} INFO - Updated row with Video_ID: 3fsfXa-x1k8
[2026-08-18T18:37:09.933+0000] {data_modification.py:83} INFO - Updated row with Video_ID: WtjOB5ra8XU
[2026-08-18T18:37:09.937+0000] {data_modification.py:83} INFO - Updated row with Video_ID: QEoQ_NxtPpM
[2026-08-18T18:37:09.941+0000] {data_modification.py:83} INFO - Updated row with Video_ID: 7ij9e-rkRrA
[2026-08-18T18:37:09.944+0000] {data_modification.py:83} INFO - Updated row with Video_ID: zqKKCOHRrww
[2026-08-18T18:37:09.947+0000] {data_modification.py:83} INFO - Updated row with Video_ID: YH6X5m0xico
[2026-08-18T18:37:09.951+0000] {data_modification.py:83} INFO - Updated row with Video_ID: bPfxBfLgXgs
[2026-08-18T18:37:09.954+0000] {data_modification.py:83} INFO - Updated row with Video_ID: EF3UfscxyrY
[2026-08-18T18:37:09.957+0000] {data_modification.py:83} INFO - Updated row with Video_ID: ApnZrR84F8s
[2026-08-18T18:37:09.960+0000] {data_modification.py:83} INFO - Updated row with Video_ID: oAvsdws5bSw
[2026-08-18T18:37:09.963+0000] {data_modification.py:83} INFO - Updated row with Video_ID: pt6HbNMxUdk
[2026-08-18T18:37:09.966+0000] {data_modification.py:83} INFO - Updated row with Video_ID: GRNbwuHnlv8
[2026-08-18T18:37:09.970+0000] {data_modification.py:83} INFO - Updated row with Video_ID: iQL7RWCAbh4
[2026-08-18T18:37:09.974+0000] {data_modification.py:83} INFO - Updated row with Video_ID: 5mJYfliinXI
[2026-08-18T18:37:09.977+0000] {data_modification.py:83} INFO - Updated row with Video_ID: giZk-zQKGSI
[2026-08-18T18:37:09.980+0000] {data_modification.py:83} INFO - Updated row with Video_ID: DfMnlzRglrY
[2026-08-18T18:37:09.984+0000] {data_modification.py:83} INFO - Updated row with Video_ID: rp3e8vX6Iww
[2026-08-18T18:37:09.987+0000] {data_modification.py:83} INFO - Updated row with Video_ID: Dl2Wrle3kr0
[2026-08-18T18:37:09.990+0000] {data_modification.py:83} INFO - Updated row with Video_ID: GMjSHcYNeio
[2026-08-18T18:37:09.993+0000] {data_modification.py:83} INFO - Updated row with Video_ID: gGzjvm4_Wq0
[2026-08-18T18:37:09.996+0000] {data_modification.py:83} INFO - Updated row with Video_ID: fqCEf0GaohI
[2026-08-18T18:37:10.000+0000] {data_modification.py:83} INFO - Updated row with Video_ID: 5lxAunI40Eo
[2026-08-18T18:37:10.003+0000] {data_modification.py:83} INFO - Updated row with Video_ID: d2Guar7BFxw
[2026-08-18T18:37:10.006+0000] {data_modification.py:83} INFO - Updated row with Video_ID: ixNpmM5FdlE
[2026-08-18T18:37:10.010+0000] {data_modification.py:83} INFO - Updated row with Video_ID: Wb5Zy9wMDBc
[2026-08-18T18:37:10.021+0000] {data_modification.py:83} INFO - Updated row with Video_ID: sbsoZV0Y-ds
[2026-08-18T18:37:10.024+0000] {data_modification.py:83} INFO - Updated row with Video_ID: b1z6DMPzG9s
[2026-08-18T18:37:10.027+0000] {data_modification.py:83} INFO - Updated row with Video_ID: Muu17c3ges0
[2026-08-18T18:37:10.032+0000] {data_modification.py:83} INFO - Updated row with Video_ID: Iyk1MbNkU1s
[2026-08-18T18:37:10.036+0000] {data_modification.py:83} INFO - Updated row with Video_ID: rwWwc9hTXWc
[2026-08-18T18:37:10.039+0000] {data_modification.py:83} INFO - Updated row with Video_ID: jDVcjNINjz8
[2026-08-18T18:37:10.042+0000] {data_modification.py:83} INFO - Updated row with Video_ID: LcIbkn9tfgY
[2026-08-18T18:37:10.046+0000] {data_modification.py:83} INFO - Updated row with Video_ID: lmjQ4ymSqnw
[2026-08-18T18:37:10.050+0000] {data_modification.py:83} INFO - Updated row with Video_ID: UFG0W57X0NE
[2026-08-18T18:37:10.053+0000] {data_modification.py:83} INFO - Updated row with Video_ID: VXnTPk-WBqo
[2026-08-18T18:37:10.056+0000] {data_modification.py:83} INFO - Updated row with Video_ID: -wwcpgXmFhE
[2026-08-18T18:37:10.060+0000] {data_modification.py:83} INFO - Updated row with Video_ID: 6-FafJwCaeo
[2026-08-18T18:37:10.063+0000] {data_modification.py:83} INFO - Updated row with Video_ID: 0QZ1yJj0WBg
[2026-08-18T18:37:10.066+0000] {data_modification.py:83} INFO - Updated row with Video_ID: J0TkybCKaJI
[2026-08-18T18:37:10.069+0000] {data_modification.py:83} INFO - Updated row with Video_ID: sB_UVeLCcW8
[2026-08-18T18:37:10.073+0000] {data_modification.py:83} INFO - Updated row with Video_ID: QFAPvU9HNKs
[2026-08-18T18:37:10.076+0000] {data_modification.py:83} INFO - Updated row with Video_ID: 2H6UJ8gWez8
[2026-08-18T18:37:10.080+0000] {data_modification.py:83} INFO - Updated row with Video_ID: tstLK-hNqwI
[2026-08-18T18:37:10.083+0000] {data_modification.py:83} INFO - Updated row with Video_ID: XNzaV1F3Lxg
[2026-08-18T18:37:10.088+0000] {data_modification.py:83} INFO - Updated row with Video_ID: TXkP_OrUVNs
[2026-08-18T18:37:10.092+0000] {data_modification.py:83} INFO - Updated row with Video_ID: QDryDofxJx0
[2026-08-18T18:37:10.096+0000] {data_modification.py:83} INFO - Updated row with Video_ID: ucxYHgCUT2w
[2026-08-18T18:37:10.099+0000] {data_modification.py:83} INFO - Updated row with Video_ID: KpmtuC-6ZMg
[2026-08-18T18:37:10.103+0000] {data_modification.py:83} INFO - Updated row with Video_ID: En8wK5jKu28
[2026-08-18T18:37:10.107+0000] {data_modification.py:83} INFO - Updated row with Video_ID: uTvE5UtdN24
[2026-08-18T18:37:10.111+0000] {data_modification.py:83} INFO - Updated row with Video_ID: AQhA06A59n4
[2026-08-18T18:37:10.114+0000] {data_modification.py:83} INFO - Updated row with Video_ID: mEHRR6r75po
[2026-08-18T18:37:10.118+0000] {data_modification.py:83} INFO - Updated row with Video_ID: -N6O3-5DZwE
[2026-08-18T18:37:10.122+0000] {data_modification.py:83} INFO - Updated row with Video_ID: oSXXo4SyiYY
[2026-08-18T18:37:10.125+0000] {data_modification.py:83} INFO - Updated row with Video_ID: ohrZOzZiC7U
[2026-08-18T18:37:10.129+0000] {data_modification.py:83} INFO - Updated row with Video_ID: e-kcBLqdzW8
[2026-08-18T18:37:10.133+0000] {data_modification.py:83} INFO - Updated row with Video_ID: EdKdkGK34AU
[2026-08-18T18:37:10.137+0000] {data_modification.py:83} INFO - Updated row with Video_ID: 2yVUZyaDS9g
[2026-08-18T18:37:10.142+0000] {data_modification.py:83} INFO - Updated row with Video_ID: n80jMTMljcQ
[2026-08-18T18:37:10.146+0000] {data_modification.py:83} INFO - Updated row with Video_ID: mcp_fX9TSYg
[2026-08-18T18:37:10.149+0000] {data_modification.py:83} INFO - Updated row with Video_ID: kWBRBQgDBAE
[2026-08-18T18:37:10.154+0000] {data_modification.py:83} INFO - Updated row with Video_ID: LoKCWdD_5R4
[2026-08-18T18:37:10.158+0000] {data_modification.py:83} INFO - Updated row with Video_ID: UcU67xgPkbc
[2026-08-18T18:37:10.161+0000] {data_modification.py:83} INFO - Updated row with Video_ID: R2PujibGGiM
[2026-08-18T18:37:10.165+0000] {data_modification.py:83} INFO - Updated row with Video_ID: 69eABcQr2fA
[2026-08-18T18:37:10.169+0000] {data_modification.py:83} INFO - Updated row with Video_ID: QBfMH_1sAB8
[2026-08-18T18:37:10.172+0000] {data_modification.py:83} INFO - Updated row with Video_ID: oPvYl1NoAwA
[2026-08-18T18:37:10.176+0000] {data_modification.py:83} INFO - Updated row with Video_ID: cntzOnaWxoc
[2026-08-18T18:37:10.179+0000] {data_modification.py:83} INFO - Updated row with Video_ID: IiII3rBs_xQ
[2026-08-18T18:37:10.183+0000] {data_modification.py:83} INFO - Updated row with Video_ID: YH_3hzFeubM
[2026-08-18T18:37:10.186+0000] {data_modification.py:83} INFO - Updated row with Video_ID: 8OgwKBiDu5w
[2026-08-18T18:37:10.190+0000] {data_modification.py:83} INFO - Updated row with Video_ID: DabQkRH6UnQ
[2026-08-18T18:37:10.194+0000] {data_modification.py:83} INFO - Updated row with Video_ID: 3jIZTvVC6Rk
[2026-08-18T18:37:10.197+0000] {data_modification.py:83} INFO - Updated row with Video_ID: fHBR1j1kJ1I
[2026-08-18T18:37:10.201+0000] {data_modification.py:83} INFO - Updated row with Video_ID: CY8dk_fXafA
[2026-08-18T18:37:10.204+0000] {data_modification.py:83} INFO - Updated row with Video_ID: ynM2Qg66zF4
[2026-08-18T18:37:10.208+0000] {data_modification.py:83} INFO - Updated row with Video_ID: 5nUd5md4oVA
[2026-08-18T18:37:10.212+0000] {data_modification.py:83} INFO - Updated row with Video_ID: TiIUfniAxrQ
[2026-08-18T18:37:10.216+0000] {data_modification.py:83} INFO - Updated row with Video_ID: 0e92T7imZE4
[2026-08-18T18:37:10.220+0000] {data_modification.py:83} INFO - Updated row with Video_ID: oyMaBpf4IG0
[2026-08-18T18:37:10.224+0000] {data_modification.py:83} INFO - Updated row with Video_ID: 1_MhaUYSXMg
[2026-08-18T18:37:10.227+0000] {data_modification.py:83} INFO - Updated row with Video_ID: JqI6Xd6TMkM
[2026-08-18T18:37:10.231+0000] {data_modification.py:83} INFO - Updated row with Video_ID: Lt9iwQ_Pru0
[2026-08-18T18:37:10.235+0000] {data_modification.py:83} INFO - Updated row with Video_ID: zzIWpBEPEMU
[2026-08-18T18:37:10.239+0000] {data_modification.py:83} INFO - Updated row with Video_ID: vIE1Fiz72Oc
[2026-08-18T18:37:10.242+0000] {data_modification.py:83} INFO - Updated row with Video_ID: qUkehK2wpD4
[2026-08-18T18:37:10.246+0000] {data_modification.py:83} INFO - Updated row with Video_ID: mbCsdfd-N4E
[2026-08-18T18:37:10.250+0000] {data_modification.py:83} INFO - Updated row with Video_ID: zTTyUjzXJxc
[2026-08-18T18:37:10.254+0000] {data_modification.py:83} INFO - Updated row with Video_ID: 72fYRTvvMRU
[2026-08-18T18:37:10.257+0000] {data_modification.py:83} INFO - Updated row with Video_ID: -mBFOLc-Gyk
[2026-08-18T18:37:10.261+0000] {data_modification.py:83} INFO - Updated row with Video_ID: fTyV7qqR1X8
[2026-08-18T18:37:10.264+0000] {data_modification.py:83} INFO - Updated row with Video_ID: VFIzaIbMsTA
[2026-08-18T18:37:10.268+0000] {data_modification.py:83} INFO - Updated row with Video_ID: 5TlvW_1lReA
[2026-08-18T18:37:10.272+0000] {data_modification.py:83} INFO - Updated row with Video_ID: bzLl_k26nM0
[2026-08-18T18:37:10.276+0000] {data_modification.py:83} INFO - Updated row with Video_ID: 8OU4D731NVE
[2026-08-18T18:37:10.279+0000] {data_modification.py:83} INFO - Updated row with Video_ID: JR7-TY87ZJI
[2026-08-18T18:37:10.283+0000] {data_modification.py:83} INFO - Updated row with Video_ID: tef3pUoVn8g
[2026-08-18T18:37:10.287+0000] {data_modification.py:83} INFO - Updated row with Video_ID: mfWswgJ-OoE
[2026-08-18T18:37:10.291+0000] {data_modification.py:83} INFO - Updated row with Video_ID: N7Q_56f39MQ
[2026-08-18T18:37:10.295+0000] {data_modification.py:83} INFO - Updated row with Video_ID: HHobKQxriIU
[2026-08-18T18:37:10.299+0000] {data_modification.py:83} INFO - Updated row with Video_ID: JCvcsz6HGg4
[2026-08-18T18:37:10.302+0000] {data_modification.py:83} INFO - Updated row with Video_ID: PY6chbMDWh8
[2026-08-18T18:37:10.306+0000] {data_modification.py:83} INFO - Updated row with Video_ID: q7hALpLxGVc
[2026-08-18T18:37:10.310+0000] {data_modification.py:83} INFO - Updated row with Video_ID: kJKD-E9Ipi0
[2026-08-18T18:37:10.314+0000] {data_modification.py:83} INFO - Updated row with Video_ID: rgCA3lPgAV0
[2026-08-18T18:37:10.318+0000] {data_modification.py:83} INFO - Updated row with Video_ID: FqHQY_Gg46s
[2026-08-18T18:37:10.321+0000] {data_modification.py:83} INFO - Updated row with Video_ID: WQShd883DRk
[2026-08-18T18:37:10.325+0000] {data_modification.py:83} INFO - Updated row with Video_ID: FOt-AK0PGOk
[2026-08-18T18:37:10.329+0000] {data_modification.py:83} INFO - Updated row with Video_ID: wVRoiMcaLAw
[2026-08-18T18:37:10.332+0000] {data_modification.py:83} INFO - Updated row with Video_ID: qW0ou3zshaA
[2026-08-18T18:37:10.336+0000] {data_modification.py:83} INFO - Updated row with Video_ID: ZUPaeV5I3fM
[2026-08-18T18:37:10.340+0000] {data_modification.py:83} INFO - Updated row with Video_ID: B2uImFJqFOQ
[2026-08-18T18:37:10.343+0000] {data_modification.py:83} INFO - Updated row with Video_ID: JhA3IsErX9g
[2026-08-18T18:37:10.347+0000] {data_modification.py:83} INFO - Updated row with Video_ID: _9_0AyCLDNY
[2026-08-18T18:37:10.350+0000] {data_modification.py:83} INFO - Updated row with Video_ID: NCFR_9hhI74
[2026-08-18T18:37:10.354+0000] {data_modification.py:83} INFO - Updated row with Video_ID: 3-gjnxP2caQ
[2026-08-18T18:37:10.357+0000] {data_modification.py:83} INFO - Updated row with Video_ID: aGJsQxfz41w
[2026-08-18T18:37:10.361+0000] {data_modification.py:83} INFO - Updated row with Video_ID: 3LhCwAyk0rM
[2026-08-18T18:37:10.365+0000] {data_modification.py:83} INFO - Updated row with Video_ID: GJHMwsokoxM
[2026-08-18T18:37:10.368+0000] {data_modification.py:83} INFO - Updated row with Video_ID: zycHikdEjoM
[2026-08-18T18:37:10.372+0000] {data_modification.py:83} INFO - Updated row with Video_ID: WMXGoc5n2uM
[2026-08-18T18:37:10.376+0000] {data_modification.py:83} INFO - Updated row with Video_ID: 30chzcdom_g
[2026-08-18T18:37:10.380+0000] {data_modification.py:83} INFO - Updated row with Video_ID: wM1UZSid0Kc
[2026-08-18T18:37:10.384+0000] {data_modification.py:83} INFO - Updated row with Video_ID: HgMrUVpqQXU
[2026-08-18T18:37:10.388+0000] {data_modification.py:83} INFO - Updated row with Video_ID: WEN24L7xo8U
[2026-08-18T18:37:10.391+0000] {data_modification.py:83} INFO - Updated row with Video_ID: MmH-IJonb5M
[2026-08-18T18:37:10.395+0000] {data_modification.py:83} INFO - Updated row with Video_ID: o8qpFPU4WXs
[2026-08-18T18:37:10.399+0000] {data_modification.py:83} INFO - Updated row with Video_ID: OFbuYpYcALU
[2026-08-18T18:37:10.403+0000] {data_modification.py:83} INFO - Updated row with Video_ID: W1rDAzoAs9g
[2026-08-18T18:37:10.406+0000] {data_modification.py:83} INFO - Updated row with Video_ID: uQjOeedwYq8
[2026-08-18T18:37:10.410+0000] {data_modification.py:83} INFO - Updated row with Video_ID: mxgJlyjRsOg
[2026-08-18T18:37:10.414+0000] {data_modification.py:83} INFO - Updated row with Video_ID: RZBJnyLyPb8
[2026-08-18T18:37:10.418+0000] {data_modification.py:83} INFO - Updated row with Video_ID: gDBHgcM-puE
[2026-08-18T18:37:10.422+0000] {data_modification.py:83} INFO - Updated row with Video_ID: 3UPw6vuziEE
[2026-08-18T18:37:10.425+0000] {data_modification.py:83} INFO - Updated row with Video_ID: leeLTPxN8lo
[2026-08-18T18:37:10.429+0000] {data_modification.py:83} INFO - Updated row with Video_ID: A4fVaHlGjAs
[2026-08-18T18:37:10.432+0000] {data_modification.py:83} INFO - Updated row with Video_ID: Z3iCvANHu0Q
[2026-08-18T18:37:10.436+0000] {data_modification.py:83} INFO - Updated row with Video_ID: cRprPuKwkyY
[2026-08-18T18:37:10.440+0000] {data_modification.py:83} INFO - Updated row with Video_ID: YIszsqhLGIs
[2026-08-18T18:37:10.444+0000] {data_modification.py:83} INFO - Updated row with Video_ID: zlNQ7q0SSRw
[2026-08-18T18:37:10.447+0000] {data_modification.py:83} INFO - Updated row with Video_ID: 7Oo6JxzzKc4
[2026-08-18T18:37:10.451+0000] {data_modification.py:83} INFO - Updated row with Video_ID: l1m1oLxhQHU
[2026-08-18T18:37:10.455+0000] {data_modification.py:83} INFO - Updated row with Video_ID: fNh9vOakPPw
[2026-08-18T18:37:10.458+0000] {data_modification.py:83} INFO - Updated row with Video_ID: 9ZBm6KW8K_k
[2026-08-18T18:37:10.462+0000] {data_modification.py:83} INFO - Updated row with Video_ID: ftVNoXn-uAo
[2026-08-18T18:37:10.465+0000] {data_modification.py:83} INFO - Updated row with Video_ID: itg6Btj2P1w
[2026-08-18T18:37:10.470+0000] {data_modification.py:83} INFO - Updated row with Video_ID: tsOAQgwt7wk
[2026-08-18T18:37:10.474+0000] {data_modification.py:83} INFO - Updated row with Video_ID: AaB5bN0a_Mw
[2026-08-18T18:37:10.478+0000] {data_modification.py:83} INFO - Updated row with Video_ID: V285NwW_e3M
[2026-08-18T18:37:10.482+0000] {data_modification.py:83} INFO - Updated row with Video_ID: tukNhR0s6VU
[2026-08-18T18:37:10.485+0000] {data_modification.py:83} INFO - Updated row with Video_ID: XcW5MRN-FGY
[2026-08-18T18:37:10.489+0000] {data_modification.py:83} INFO - Updated row with Video_ID: NCNVTrrcHDw
[2026-08-18T18:37:10.493+0000] {data_modification.py:83} INFO - Updated row with Video_ID: I0o3utVvztQ
[2026-08-18T18:37:10.500+0000] {data_modification.py:83} INFO - Updated row with Video_ID: LEbUD0ldAqs
[2026-08-18T18:37:10.504+0000] {data_modification.py:83} INFO - Updated row with Video_ID: WYfONnyamY0
[2026-08-18T18:37:10.507+0000] {data_modification.py:83} INFO - Updated row with Video_ID: aJtvLS3WdMI
[2026-08-18T18:37:10.511+0000] {data_modification.py:83} INFO - Updated row with Video_ID: Vy56q4AygPU
[2026-08-18T18:37:10.514+0000] {data_modification.py:83} INFO - Updated row with Video_ID: QMKdEO6nINk
[2026-08-18T18:37:10.518+0000] {data_modification.py:83} INFO - Updated row with Video_ID: LFO9HoPWktg
[2026-08-18T18:37:10.522+0000] {data_modification.py:83} INFO - Updated row with Video_ID: Bhm5an9tGIc
[2026-08-18T18:37:10.525+0000] {data_modification.py:83} INFO - Updated row with Video_ID: v0C75ZSwsrs
[2026-08-18T18:37:10.529+0000] {data_modification.py:83} INFO - Updated row with Video_ID: IGDT2okNulY
[2026-08-18T18:37:10.533+0000] {data_modification.py:83} INFO - Updated row with Video_ID: Uw12mXq1DXg
[2026-08-18T18:37:10.537+0000] {data_modification.py:83} INFO - Updated row with Video_ID: TUr52qVGTXY
[2026-08-18T18:37:10.541+0000] {data_modification.py:83} INFO - Updated row with Video_ID: XnA_0T-rcR8
[2026-08-18T18:37:10.545+0000] {data_modification.py:83} INFO - Updated row with Video_ID: ApiXFXHatwo
[2026-08-18T18:37:10.550+0000] {data_modification.py:83} INFO - Updated row with Video_ID: 2cxPeFL2GEY
[2026-08-18T18:37:10.554+0000] {data_modification.py:83} INFO - Updated row with Video_ID: FDm_nKzpfYM
[2026-08-18T18:37:10.558+0000] {data_modification.py:83} INFO - Updated row with Video_ID: N8NVKxRq15U
[2026-08-18T18:37:10.562+0000] {data_modification.py:83} INFO - Updated row with Video_ID: pQpmexoItU8
[2026-08-18T18:37:10.566+0000] {data_modification.py:83} INFO - Updated row with Video_ID: mPNo0-D38vY
[2026-08-18T18:37:10.570+0000] {data_modification.py:83} INFO - Updated row with Video_ID: 8Wt9T-EM5-M
[2026-08-18T18:37:10.574+0000] {data_modification.py:83} INFO - Updated row with Video_ID: 8Kv0r9rIB4c
[2026-08-18T18:37:10.578+0000] {data_modification.py:83} INFO - Updated row with Video_ID: PgFFJ_CLQPM
[2026-08-18T18:37:10.582+0000] {data_modification.py:83} INFO - Updated row with Video_ID: -40VKMDl2x4
[2026-08-18T18:37:10.585+0000] {data_modification.py:83} INFO - Updated row with Video_ID: IhssiXQMLUM
[2026-08-18T18:37:10.589+0000] {data_modification.py:83} INFO - Updated row with Video_ID: wK7UUfJBbW8
[2026-08-18T18:37:10.593+0000] {data_modification.py:83} INFO - Updated row with Video_ID: E8QYIC6WVvY
[2026-08-18T18:37:10.596+0000] {data_modification.py:83} INFO - Updated row with Video_ID: 2Gp2jqpPOas
[2026-08-18T18:37:10.600+0000] {data_modification.py:83} INFO - Updated row with Video_ID: 9f_UL8BH9ZA
[2026-08-18T18:37:10.604+0000] {data_modification.py:83} INFO - Updated row with Video_ID: EMmwfjhR5JY
[2026-08-18T18:37:10.608+0000] {data_modification.py:83} INFO - Updated row with Video_ID: IKUGgkHRypg
[2026-08-18T18:37:10.611+0000] {data_modification.py:83} INFO - Updated row with Video_ID: bLWK7lsZp3U
[2026-08-18T18:37:10.615+0000] {data_modification.py:83} INFO - Updated row with Video_ID: z_k5keq1qKs
[2026-08-18T18:37:10.619+0000] {data_modification.py:83} INFO - Updated row with Video_ID: 8vuGXlsW2rk
[2026-08-18T18:37:10.622+0000] {data_modification.py:83} INFO - Updated row with Video_ID: YgSbMW235Yk
[2026-08-18T18:37:10.626+0000] {data_modification.py:83} INFO - Updated row with Video_ID: l40OweUGRq8
[2026-08-18T18:37:10.631+0000] {data_modification.py:83} INFO - Updated row with Video_ID: IHBDe-MKS8Q
[2026-08-18T18:37:10.635+0000] {data_modification.py:83} INFO - Updated row with Video_ID: BY2C3liFlU4
[2026-08-18T18:37:10.639+0000] {data_modification.py:83} INFO - Updated row with Video_ID: sMuheiO3E-U
[2026-08-18T18:37:10.643+0000] {data_modification.py:83} INFO - Updated row with Video_ID: ud6TOa3G_Go
[2026-08-18T18:37:10.647+0000] {data_modification.py:83} INFO - Updated row with Video_ID: GnYmmUkO4qQ
[2026-08-18T18:37:10.651+0000] {data_modification.py:83} INFO - Updated row with Video_ID: FsIUH_kV-gY
[2026-08-18T18:37:10.655+0000] {data_modification.py:83} INFO - Updated row with Video_ID: R4IDFZ3ja9k
[2026-08-18T18:37:10.659+0000] {data_modification.py:83} INFO - Updated row with Video_ID: 0-FUhQKe-eU
[2026-08-18T18:37:10.663+0000] {data_modification.py:83} INFO - Updated row with Video_ID: PetV_jKmpEg
[2026-08-18T18:37:10.666+0000] {data_modification.py:83} INFO - Updated row with Video_ID: XzMcJR2UFE4
[2026-08-18T18:37:10.670+0000] {data_modification.py:83} INFO - Updated row with Video_ID: wV8Gcv45Wb0
[2026-08-18T18:37:10.674+0000] {data_modification.py:83} INFO - Updated row with Video_ID: gLoLW6r_O8U
[2026-08-18T18:37:10.677+0000] {data_modification.py:83} INFO - Updated row with Video_ID: 5QBkK11ED9Q
[2026-08-18T18:37:10.681+0000] {data_modification.py:83} INFO - Updated row with Video_ID: YkuAm0ZLTfY
[2026-08-18T18:37:10.685+0000] {data_modification.py:83} INFO - Updated row with Video_ID: BnMITKdPhXg
[2026-08-18T18:37:10.689+0000] {data_modification.py:83} INFO - Updated row with Video_ID: sfyuqhp7M80
[2026-08-18T18:37:10.693+0000] {data_modification.py:83} INFO - Updated row with Video_ID: z8AhJlRVJZI
[2026-08-18T18:37:10.696+0000] {data_modification.py:83} INFO - Updated row with Video_ID: 71xri_SCszU
[2026-08-18T18:37:10.700+0000] {data_modification.py:83} INFO - Updated row with Video_ID: 20_sCsJ8NA0
[2026-08-18T18:37:10.704+0000] {data_modification.py:83} INFO - Updated row with Video_ID: xh2tA8yf3hU
[2026-08-18T18:37:10.708+0000] {data_modification.py:83} INFO - Updated row with Video_ID: m1DQx1_mweE
[2026-08-18T18:37:10.711+0000] {data_modification.py:83} INFO - Updated row with Video_ID: WNdSw0vzzOs
[2026-08-18T18:37:10.715+0000] {data_modification.py:83} INFO - Updated row with Video_ID: we9VSegCFyo
[2026-08-18T18:37:10.719+0000] {data_modification.py:83} INFO - Updated row with Video_ID: NB4TlMvCqJY
[2026-08-18T18:37:10.722+0000] {data_modification.py:83} INFO - Updated row with Video_ID: MdeQMVBuGgY
[2026-08-18T18:37:10.726+0000] {data_modification.py:83} INFO - Updated row with Video_ID: BWu-VAuok3Y
[2026-08-18T18:37:10.730+0000] {data_modification.py:83} INFO - Updated row with Video_ID: 75Zyf8f2bA8
[2026-08-18T18:37:10.734+0000] {data_modification.py:83} INFO - Updated row with Video_ID: mdNplEYgGV8
[2026-08-18T18:37:10.737+0000] {data_modification.py:83} INFO - Updated row with Video_ID: r8pDXO6zRUg
[2026-08-18T18:37:10.741+0000] {data_modification.py:83} INFO - Updated row with Video_ID: q_xbvQdkqZw
[2026-08-18T18:37:10.744+0000] {data_modification.py:83} INFO - Updated row with Video_ID: gj7oiYJkFcc
[2026-08-18T18:37:10.748+0000] {data_modification.py:83} INFO - Updated row with Video_ID: xoZw93EHxSw
[2026-08-18T18:37:10.751+0000] {data_modification.py:83} INFO - Updated row with Video_ID: LYvLh1NDVNs
[2026-08-18T18:37:10.755+0000] {data_modification.py:83} INFO - Updated row with Video_ID: yQ_6xi__utU
[2026-08-18T18:37:10.759+0000] {data_modification.py:83} INFO - Updated row with Video_ID: lx-S1WiqwTc
[2026-08-18T18:37:10.763+0000] {data_modification.py:83} INFO - Updated row with Video_ID: D4184a_RTJI
[2026-08-18T18:37:10.767+0000] {data_modification.py:83} INFO - Updated row with Video_ID: 8Ssx232ZXa4
[2026-08-18T18:37:10.771+0000] {data_modification.py:83} INFO - Updated row with Video_ID: EwXRBUvKPBs
[2026-08-18T18:37:10.774+0000] {data_modification.py:83} INFO - Updated row with Video_ID: jtgxSDACnyU
[2026-08-18T18:37:10.778+0000] {data_modification.py:83} INFO - Updated row with Video_ID: kde-4jnnHNk
[2026-08-18T18:37:10.782+0000] {data_modification.py:83} INFO - Updated row with Video_ID: jFXxHwTwlRg
[2026-08-18T18:37:10.785+0000] {data_modification.py:83} INFO - Updated row with Video_ID: OLow4xrtFYI
[2026-08-18T18:37:10.789+0000] {data_modification.py:83} INFO - Updated row with Video_ID: BEPpywj2mIQ
[2026-08-18T18:37:10.792+0000] {data_modification.py:83} INFO - Updated row with Video_ID: mrBUlkbnJcg
[2026-08-18T18:37:10.796+0000] {data_modification.py:83} INFO - Updated row with Video_ID: T9HjDNF3xx4
[2026-08-18T18:37:10.800+0000] {data_modification.py:83} INFO - Updated row with Video_ID: 7_VNqBeRQd0
[2026-08-18T18:37:10.803+0000] {data_modification.py:83} INFO - Updated row with Video_ID: z5KAKDuvXD4
[2026-08-18T18:37:10.807+0000] {data_modification.py:83} INFO - Updated row with Video_ID: d9m9MxA-aY8
[2026-08-18T18:37:10.811+0000] {data_modification.py:83} INFO - Updated row with Video_ID: h7V-cfkihNU
[2026-08-18T18:37:10.815+0000] {data_modification.py:83} INFO - Updated row with Video_ID: y39gxQS_TsM
[2026-08-18T18:37:10.818+0000] {data_modification.py:83} INFO - Updated row with Video_ID: kr5CthExmB0
[2026-08-18T18:37:10.821+0000] {data_modification.py:83} INFO - Updated row with Video_ID: F2yu8GeeIAw
[2026-08-18T18:37:10.824+0000] {data_modification.py:83} INFO - Updated row with Video_ID: FweUFTz7LYk
[2026-08-18T18:37:10.837+0000] {data_modification.py:83} INFO - Updated row with Video_ID: ndTkM5X7msg
[2026-08-18T18:37:10.842+0000] {data_modification.py:83} INFO - Updated row with Video_ID: jAZtATAb4TY
[2026-08-18T18:37:10.847+0000] {data_modification.py:83} INFO - Updated row with Video_ID: sYtkfS4wo3s
[2026-08-18T18:37:10.852+0000] {data_modification.py:83} INFO - Updated row with Video_ID: WJV8PaL_8-g
[2026-08-18T18:37:10.856+0000] {data_modification.py:83} INFO - Updated row with Video_ID: PGX-a7wWsfo
[2026-08-18T18:37:10.860+0000] {data_modification.py:83} INFO - Updated row with Video_ID: N9CiAfXrrPg
[2026-08-18T18:37:10.864+0000] {data_modification.py:83} INFO - Updated row with Video_ID: jrRtVtRcwDA
[2026-08-18T18:37:10.869+0000] {data_modification.py:83} INFO - Updated row with Video_ID: QY6yHJC2DIE
[2026-08-18T18:37:10.873+0000] {data_modification.py:83} INFO - Updated row with Video_ID: 0npa2x2aVek
[2026-08-18T18:37:10.877+0000] {data_modification.py:83} INFO - Updated row with Video_ID: rdc-toYy_90
[2026-08-18T18:37:10.881+0000] {data_modification.py:83} INFO - Updated row with Video_ID: T4CTPjKZ8j0
[2026-08-18T18:37:10.885+0000] {data_modification.py:83} INFO - Updated row with Video_ID: Okg3ujCxEnw
[2026-08-18T18:37:10.890+0000] {data_modification.py:83} INFO - Updated row with Video_ID: 373VDfqlL3E
[2026-08-18T18:37:10.893+0000] {data_modification.py:83} INFO - Updated row with Video_ID: VIbLpdxPB2g
[2026-08-18T18:37:10.897+0000] {data_modification.py:83} INFO - Updated row with Video_ID: u-3Qf9-LEoE
[2026-08-18T18:37:10.900+0000] {data_modification.py:83} INFO - Updated row with Video_ID: e1Rj4UCisEk
[2026-08-18T18:37:10.905+0000] {data_modification.py:83} INFO - Updated row with Video_ID: PUr7-Kg36M8
[2026-08-18T18:37:10.908+0000] {data_modification.py:83} INFO - Updated row with Video_ID: E6gJozQEvfs
[2026-08-18T18:37:10.912+0000] {data_modification.py:83} INFO - Updated row with Video_ID: UCKqNBZbjmw
[2026-08-18T18:37:10.916+0000] {data_modification.py:83} INFO - Updated row with Video_ID: bRXA6myu4zc
[2026-08-18T18:37:10.920+0000] {data_modification.py:83} INFO - Updated row with Video_ID: zSezq0KRgjo
[2026-08-18T18:37:10.924+0000] {data_modification.py:83} INFO - Updated row with Video_ID: nNVm9hRNVKY
[2026-08-18T18:37:10.928+0000] {data_modification.py:83} INFO - Updated row with Video_ID: _yxZkzJFZIQ
[2026-08-18T18:37:10.931+0000] {data_modification.py:83} INFO - Updated row with Video_ID: QkxkL6Hq8eU
[2026-08-18T18:37:10.935+0000] {data_modification.py:83} INFO - Updated row with Video_ID: E3oG313_kps
[2026-08-18T18:37:10.939+0000] {data_modification.py:83} INFO - Updated row with Video_ID: Vjo75RHTyeQ
[2026-08-18T18:37:10.943+0000] {data_modification.py:83} INFO - Updated row with Video_ID: 71AXHaLA8LQ
[2026-08-18T18:37:10.947+0000] {data_modification.py:83} INFO - Updated row with Video_ID: _-riyNdYtP8
[2026-08-18T18:37:10.951+0000] {data_modification.py:83} INFO - Updated row with Video_ID: AbkmNUlkVtE
[2026-08-18T18:37:10.955+0000] {data_modification.py:83} INFO - Updated row with Video_ID: GNGOGRLuDuc
[2026-08-18T18:37:10.959+0000] {data_modification.py:83} INFO - Updated row with Video_ID: aeOCLTgX5Ss
[2026-08-18T18:37:10.963+0000] {data_modification.py:83} INFO - Updated row with Video_ID: 5FYlSWbdsQg
[2026-08-18T18:37:10.967+0000] {data_modification.py:83} INFO - Updated row with Video_ID: a5z3Mu313k4
[2026-08-18T18:37:10.971+0000] {data_modification.py:83} INFO - Updated row with Video_ID: UzIH-osgcLo
[2026-08-18T18:37:10.974+0000] {data_modification.py:83} INFO - Updated row with Video_ID: ohSbY-mERJ0
[2026-08-18T18:37:10.977+0000] {data_modification.py:83} INFO - Updated row with Video_ID: NLLbRsN3-Jc
[2026-08-18T18:37:10.981+0000] {data_modification.py:83} INFO - Updated row with Video_ID: 7QjqotwmuCs
[2026-08-18T18:37:10.984+0000] {data_modification.py:83} INFO - Updated row with Video_ID: 3kLouMWROSg
[2026-08-18T18:37:10.988+0000] {data_modification.py:83} INFO - Updated row with Video_ID: 6IRTqXfKSfc
[2026-08-18T18:37:10.991+0000] {data_modification.py:83} INFO - Updated row with Video_ID: Zw_1fYAuwE8
[2026-08-18T18:37:10.994+0000] {data_modification.py:83} INFO - Updated row with Video_ID: p4z2JTtTIqQ
[2026-08-18T18:37:10.998+0000] {data_modification.py:83} INFO - Updated row with Video_ID: 2jUNkslI9gE
[2026-08-18T18:37:11.001+0000] {data_modification.py:83} INFO - Updated row with Video_ID: fmJK05BKZaE
[2026-08-18T18:37:11.005+0000] {data_modification.py:83} INFO - Updated row with Video_ID: 0jZ7GpjnlGE
[2026-08-18T18:37:11.008+0000] {data_modification.py:83} INFO - Updated row with Video_ID: CgWvwCHvReQ
[2026-08-18T18:37:11.011+0000] {data_modification.py:83} INFO - Updated row with Video_ID: zMXn5_nbGJs
[2026-08-18T18:37:11.015+0000] {data_modification.py:83} INFO - Updated row with Video_ID: r33vEVmjmTk
[2026-08-18T18:37:11.018+0000] {data_modification.py:83} INFO - Updated row with Video_ID: sWXrQhVogsA
[2026-08-18T18:37:11.022+0000] {data_modification.py:83} INFO - Updated row with Video_ID: z2zoHLDuFfI
[2026-08-18T18:37:11.025+0000] {data_modification.py:83} INFO - Updated row with Video_ID: ZU_Ilxn-qEI
[2026-08-18T18:37:11.029+0000] {data_modification.py:83} INFO - Updated row with Video_ID: heGE4lWg4HM
[2026-08-18T18:37:11.032+0000] {data_modification.py:83} INFO - Updated row with Video_ID: T0T6YroBPE0
[2026-08-18T18:37:11.035+0000] {data_modification.py:83} INFO - Updated row with Video_ID: -4lvgpX28CY
[2026-08-18T18:37:11.039+0000] {data_modification.py:83} INFO - Updated row with Video_ID: vLU3aTFPalk
[2026-08-18T18:37:11.042+0000] {data_modification.py:83} INFO - Updated row with Video_ID: QXlcH4QCbGk
[2026-08-18T18:37:11.045+0000] {data_modification.py:83} INFO - Updated row with Video_ID: D8GQ0Dzzlr4
[2026-08-18T18:37:11.048+0000] {data_modification.py:83} INFO - Updated row with Video_ID: 2MKsmr76zLs
[2026-08-18T18:37:11.052+0000] {data_modification.py:83} INFO - Updated row with Video_ID: pZNNGgCDKI8
[2026-08-18T18:37:11.055+0000] {data_modification.py:83} INFO - Updated row with Video_ID: gZk6Ur8U3do
[2026-08-18T18:37:11.058+0000] {data_modification.py:83} INFO - Updated row with Video_ID: xAt1xcC6qfM
[2026-08-18T18:37:11.061+0000] {data_modification.py:83} INFO - Updated row with Video_ID: X1hgEZKw5ek
[2026-08-18T18:37:11.065+0000] {data_modification.py:83} INFO - Updated row with Video_ID: MLni5qW8kn4
[2026-08-18T18:37:11.068+0000] {data_modification.py:83} INFO - Updated row with Video_ID: aUKY3z0CSSo
[2026-08-18T18:37:11.072+0000] {data_modification.py:83} INFO - Updated row with Video_ID: ppWYc-RWLG8
[2026-08-18T18:37:11.075+0000] {data_modification.py:83} INFO - Updated row with Video_ID: DKmCx3LGVqc
[2026-08-18T18:37:11.078+0000] {data_modification.py:83} INFO - Updated row with Video_ID: 8AUd8lmbOAQ
[2026-08-18T18:37:11.082+0000] {data_modification.py:83} INFO - Updated row with Video_ID: eGgd-0nv49A
[2026-08-18T18:37:11.085+0000] {data_modification.py:83} INFO - Updated row with Video_ID: 46NbyTDD2OI
[2026-08-18T18:37:11.088+0000] {data_modification.py:83} INFO - Updated row with Video_ID: gIY_2da2VzA
[2026-08-18T18:37:11.091+0000] {data_modification.py:83} INFO - Updated row with Video_ID: WoR2NGxojnE
[2026-08-18T18:37:11.095+0000] {data_modification.py:83} INFO - Updated row with Video_ID: 4xg2FOscsVE
[2026-08-18T18:37:11.098+0000] {data_modification.py:83} INFO - Updated row with Video_ID: AFzQKSXxG-o
[2026-08-18T18:37:11.102+0000] {data_modification.py:83} INFO - Updated row with Video_ID: 38rQkVCn75M
[2026-08-18T18:37:11.105+0000] {data_modification.py:83} INFO - Updated row with Video_ID: THGefY77N8I
[2026-08-18T18:37:11.109+0000] {data_modification.py:83} INFO - Updated row with Video_ID: jkBXlbe9pbc
[2026-08-18T18:37:11.112+0000] {data_modification.py:83} INFO - Updated row with Video_ID: MuBT7Nccyao
[2026-08-18T18:37:11.117+0000] {data_modification.py:83} INFO - Updated row with Video_ID: Hei6CIowr3Y
[2026-08-18T18:37:11.121+0000] {data_modification.py:83} INFO - Updated row with Video_ID: dCaL4Afb7_4
[2026-08-18T18:37:11.124+0000] {data_modification.py:83} INFO - Updated row with Video_ID: Q4TWkjKfXv8
[2026-08-18T18:37:11.128+0000] {data_modification.py:83} INFO - Updated row with Video_ID: T6Ctk5OCYTQ
[2026-08-18T18:37:11.131+0000] {data_modification.py:83} INFO - Updated row with Video_ID: _PWMaW71od4
[2026-08-18T18:37:11.134+0000] {data_modification.py:83} INFO - Updated row with Video_ID: PJnrwzmRGXs
[2026-08-18T18:37:11.138+0000] {data_modification.py:83} INFO - Updated row with Video_ID: ygIbo23Lijs
[2026-08-18T18:37:11.141+0000] {data_modification.py:83} INFO - Updated row with Video_ID: -XsznJ-w1do
[2026-08-18T18:37:11.144+0000] {data_modification.py:83} INFO - Updated row with Video_ID: 4F1azWFXyaU
[2026-08-18T18:37:11.148+0000] {data_modification.py:83} INFO - Updated row with Video_ID: OTcfAG7cPF4
[2026-08-18T18:37:11.151+0000] {data_modification.py:83} INFO - Updated row with Video_ID: KsM-ZIeFVAw
[2026-08-18T18:37:11.156+0000] {data_modification.py:83} INFO - Updated row with Video_ID: nfdkEKNadEE
[2026-08-18T18:37:11.164+0000] {data_modification.py:83} INFO - Updated row with Video_ID: gwNXIT4DhYg
[2026-08-18T18:37:11.168+0000] {data_modification.py:83} INFO - Updated row with Video_ID: FdWqEvpmiDg
[2026-08-18T18:37:11.173+0000] {data_modification.py:83} INFO - Updated row with Video_ID: 5hi4X6uULbg
[2026-08-18T18:37:11.176+0000] {data_modification.py:83} INFO - Updated row with Video_ID: 61e-USQyGeY
[2026-08-18T18:37:11.180+0000] {data_modification.py:83} INFO - Updated row with Video_ID: kcXtCoW6CwU
[2026-08-18T18:37:11.183+0000] {data_modification.py:83} INFO - Updated row with Video_ID: Q_s0jc1lxfI
[2026-08-18T18:37:11.187+0000] {data_modification.py:83} INFO - Updated row with Video_ID: mbgn72lIYLo
[2026-08-18T18:37:11.191+0000] {data_modification.py:83} INFO - Updated row with Video_ID: kREl-WnfAw4
[2026-08-18T18:37:11.194+0000] {data_modification.py:83} INFO - Updated row with Video_ID: 6gU7j1Mehgo
[2026-08-18T18:37:11.197+0000] {data_modification.py:83} INFO - Updated row with Video_ID: vBqy_e1h83Q
[2026-08-18T18:37:11.200+0000] {data_modification.py:83} INFO - Updated row with Video_ID: w-kHX-YZ9wg
[2026-08-18T18:37:11.205+0000] {data_modification.py:83} INFO - Updated row with Video_ID: oqHzMGhb13Q
[2026-08-18T18:37:11.215+0000] {data_modification.py:83} INFO - Updated row with Video_ID: G0Iibyfxwis
[2026-08-18T18:37:11.218+0000] {data_modification.py:83} INFO - Updated row with Video_ID: 4N4X43yZGrE
[2026-08-18T18:37:11.222+0000] {data_modification.py:83} INFO - Updated row with Video_ID: 0WjYJGwWCX8
[2026-08-18T18:37:11.225+0000] {data_modification.py:83} INFO - Updated row with Video_ID: _WMumo_XbNU
[2026-08-18T18:37:11.229+0000] {data_modification.py:83} INFO - Updated row with Video_ID: HAXQdV1GTA4
[2026-08-18T18:37:11.232+0000] {data_modification.py:83} INFO - Updated row with Video_ID: JiuEVw45_Ac
[2026-08-18T18:37:11.235+0000] {data_modification.py:83} INFO - Updated row with Video_ID: i31K25fbNRQ
[2026-08-18T18:37:11.240+0000] {data_modification.py:83} INFO - Updated row with Video_ID: WG7wihryVbE
[2026-08-18T18:37:11.243+0000] {data_modification.py:83} INFO - Updated row with Video_ID: RqH0px3NIOw
[2026-08-18T18:37:11.246+0000] {data_modification.py:83} INFO - Updated row with Video_ID: JTliDkQYKwI
[2026-08-18T18:37:11.249+0000] {data_modification.py:83} INFO - Updated row with Video_ID: ZAebp-JcZpE
[2026-08-18T18:37:11.253+0000] {data_modification.py:83} INFO - Updated row with Video_ID: eeHX_QmPDho
[2026-08-18T18:37:11.256+0000] {data_modification.py:83} INFO - Updated row with Video_ID: suiFG_qSOdY
[2026-08-18T18:37:11.259+0000] {data_modification.py:83} INFO - Updated row with Video_ID: 2ZNzIdjljVM
[2026-08-18T18:37:11.263+0000] {data_modification.py:83} INFO - Updated row with Video_ID: xD63TqCq-1M
[2026-08-18T18:37:11.266+0000] {data_modification.py:83} INFO - Updated row with Video_ID: eMRfRCcNtY4
[2026-08-18T18:37:11.271+0000] {data_modification.py:83} INFO - Updated row with Video_ID: aN8IB3VkKH8
[2026-08-18T18:37:11.274+0000] {data_modification.py:83} INFO - Updated row with Video_ID: ItCQjfeR7bE
[2026-08-18T18:37:11.278+0000] {data_modification.py:83} INFO - Updated row with Video_ID: GEkA8Eeqeuc
[2026-08-18T18:37:11.281+0000] {data_modification.py:83} INFO - Updated row with Video_ID: pjnu2KTBYCU
[2026-08-18T18:37:11.284+0000] {data_modification.py:83} INFO - Updated row with Video_ID: Z2u_N06mhTM
[2026-08-18T18:37:11.288+0000] {data_modification.py:83} INFO - Updated row with Video_ID: q4--eli2vBk
[2026-08-18T18:37:11.291+0000] {data_modification.py:83} INFO - Updated row with Video_ID: VAa_x7-3Cp4
[2026-08-18T18:37:11.294+0000] {data_modification.py:83} INFO - Updated row with Video_ID: RPnllDiXryM
[2026-08-18T18:37:11.297+0000] {data_modification.py:83} INFO - Updated row with Video_ID: z3RjpYAmsss
[2026-08-18T18:37:11.302+0000] {data_modification.py:83} INFO - Updated row with Video_ID: a68ke61TQUk
[2026-08-18T18:37:11.305+0000] {data_modification.py:83} INFO - Updated row with Video_ID: 9HayplMrh8s
[2026-08-18T18:37:11.309+0000] {data_modification.py:83} INFO - Updated row with Video_ID: 3bzsPuq_rBE
[2026-08-18T18:37:11.312+0000] {data_modification.py:83} INFO - Updated row with Video_ID: yP-fJMqWYCI
[2026-08-18T18:37:11.316+0000] {data_modification.py:83} INFO - Updated row with Video_ID: B24Eib3kag8
[2026-08-18T18:37:11.320+0000] {data_modification.py:83} INFO - Updated row with Video_ID: 2HEbyupSdgo
[2026-08-18T18:37:11.323+0000] {data_modification.py:83} INFO - Updated row with Video_ID: Kzto8yKmRn4
[2026-08-18T18:37:11.326+0000] {data_modification.py:83} INFO - Updated row with Video_ID: 7NnInGdCXIY
[2026-08-18T18:37:11.329+0000] {data_modification.py:83} INFO - Updated row with Video_ID: y43t9zahJRo
[2026-08-18T18:37:11.333+0000] {data_modification.py:83} INFO - Updated row with Video_ID: 8MtboUDeBSc
[2026-08-18T18:37:11.337+0000] {data_modification.py:83} INFO - Updated row with Video_ID: dR361ulqYSM
[2026-08-18T18:37:11.340+0000] {data_modification.py:83} INFO - Updated row with Video_ID: DJLH3lBnqqo
[2026-08-18T18:37:11.343+0000] {data_modification.py:83} INFO - Updated row with Video_ID: Ie85Ngf6Qts
[2026-08-18T18:37:11.347+0000] {data_modification.py:83} INFO - Updated row with Video_ID: uGUJUeWEPpo
[2026-08-18T18:37:11.351+0000] {data_modification.py:83} INFO - Updated row with Video_ID: 8MAOSB9sKqA
[2026-08-18T18:37:11.355+0000] {data_modification.py:83} INFO - Updated row with Video_ID: e1B-bSvVg5M
[2026-08-18T18:37:11.358+0000] {data_modification.py:83} INFO - Updated row with Video_ID: JxcRlHzFbaw
[2026-08-18T18:37:11.362+0000] {data_modification.py:83} INFO - Updated row with Video_ID: EeXOBZDwGMY
[2026-08-18T18:37:11.366+0000] {data_modification.py:83} INFO - Updated row with Video_ID: kH-ih06rmpI
[2026-08-18T18:37:11.369+0000] {data_modification.py:83} INFO - Updated row with Video_ID: mcS4MdSUsC8
[2026-08-18T18:37:11.372+0000] {data_modification.py:83} INFO - Updated row with Video_ID: PIPU1Q_p2fo
[2026-08-18T18:37:11.376+0000] {data_modification.py:83} INFO - Updated row with Video_ID: sN4mfM8C1fg
[2026-08-18T18:37:11.379+0000] {data_modification.py:83} INFO - Updated row with Video_ID: Qz_lJh57l80
[2026-08-18T18:37:11.382+0000] {data_modification.py:83} INFO - Updated row with Video_ID: kgLcrYpSnIU
[2026-08-18T18:37:11.386+0000] {data_modification.py:83} INFO - Updated row with Video_ID: JPqWTvxQFls
[2026-08-18T18:37:11.389+0000] {data_modification.py:83} INFO - Updated row with Video_ID: S6h0DHyy2y0
[2026-08-18T18:37:11.392+0000] {data_modification.py:83} INFO - Updated row with Video_ID: cJeeq30GX7w
[2026-08-18T18:37:11.396+0000] {data_modification.py:83} INFO - Updated row with Video_ID: biB111TfDI4
[2026-08-18T18:37:11.399+0000] {data_modification.py:83} INFO - Updated row with Video_ID: BiBPu2SIFtg
[2026-08-18T18:37:11.403+0000] {data_modification.py:83} INFO - Updated row with Video_ID: VFKQb8b7H3k
[2026-08-18T18:37:11.406+0000] {data_modification.py:83} INFO - Updated row with Video_ID: PuhuMyd0P1M
[2026-08-18T18:37:11.410+0000] {data_modification.py:83} INFO - Updated row with Video_ID: SQk4_p0j71c
[2026-08-18T18:37:11.413+0000] {data_modification.py:83} INFO - Updated row with Video_ID: eBwg3FS1ASA
[2026-08-18T18:37:11.416+0000] {data_modification.py:83} INFO - Updated row with Video_ID: 4IiDP7GKdtc
[2026-08-18T18:37:11.420+0000] {data_modification.py:83} INFO - Updated row with Video_ID: iYRxmW84RQg
[2026-08-18T18:37:11.424+0000] {data_modification.py:83} INFO - Updated row with Video_ID: vzXOSxNTmoI
[2026-08-18T18:37:11.427+0000] {data_modification.py:83} INFO - Updated row with Video_ID: 0daiK7nyr3Y
[2026-08-18T18:37:11.430+0000] {data_modification.py:83} INFO - Updated row with Video_ID: Ez2Yq1BJXBQ
[2026-08-18T18:37:11.434+0000] {data_modification.py:83} INFO - Updated row with Video_ID: 002Pbr8yBAo
[2026-08-18T18:37:11.438+0000] {data_modification.py:83} INFO - Updated row with Video_ID: Wuzc1BwmvgQ
[2026-08-18T18:37:11.442+0000] {data_modification.py:83} INFO - Updated row with Video_ID: KNgxG5wL_Yw
[2026-08-18T18:37:11.447+0000] {data_modification.py:83} INFO - Updated row with Video_ID: hTJUBvPiviM
[2026-08-18T18:37:11.452+0000] {data_modification.py:83} INFO - Updated row with Video_ID: mRwUmtqIVYE
[2026-08-18T18:37:11.455+0000] {data_modification.py:83} INFO - Updated row with Video_ID: zJYccJWvxWo
[2026-08-18T18:37:11.458+0000] {data_modification.py:83} INFO - Updated row with Video_ID: wvSk_D6IGj8
[2026-08-18T18:37:11.462+0000] {data_modification.py:83} INFO - Updated row with Video_ID: DrxcDiXD1_U
[2026-08-18T18:37:11.465+0000] {data_modification.py:83} INFO - Updated row with Video_ID: LtISh21t6Kg
[2026-08-18T18:37:11.468+0000] {data_modification.py:83} INFO - Updated row with Video_ID: J9C1LgSJeLo
[2026-08-18T18:37:11.471+0000] {data_modification.py:83} INFO - Updated row with Video_ID: Sm8vGzQFpzA
[2026-08-18T18:37:11.476+0000] {data_modification.py:83} INFO - Updated row with Video_ID: 5jlAFt84v7o
[2026-08-18T18:37:11.479+0000] {data_modification.py:83} INFO - Updated row with Video_ID: _fjGrnKm1EA
[2026-08-18T18:37:11.483+0000] {data_modification.py:83} INFO - Updated row with Video_ID: YoK-sJPz2rI
[2026-08-18T18:37:11.486+0000] {data_modification.py:83} INFO - Updated row with Video_ID: YcGXViwXItM
[2026-08-18T18:37:11.490+0000] {data_modification.py:83} INFO - Updated row with Video_ID: q-hvHek0kp4
[2026-08-18T18:37:11.493+0000] {data_modification.py:83} INFO - Updated row with Video_ID: D7a1cpDmC5w
[2026-08-18T18:37:11.497+0000] {data_modification.py:83} INFO - Updated row with Video_ID: _klirwpR8DQ
[2026-08-18T18:37:11.500+0000] {data_modification.py:83} INFO - Updated row with Video_ID: OK4AgsFR4NE
[2026-08-18T18:37:11.504+0000] {data_modification.py:83} INFO - Updated row with Video_ID: iQmDwj3vL7g
[2026-08-18T18:37:11.507+0000] {data_modification.py:83} INFO - Updated row with Video_ID: ctxZgsPfpo0
[2026-08-18T18:37:11.511+0000] {data_modification.py:83} INFO - Updated row with Video_ID: tf2IASWd6zw
[2026-08-18T18:37:11.514+0000] {data_modification.py:83} INFO - Updated row with Video_ID: 9EWtyRkxi6A
[2026-08-18T18:37:11.517+0000] {data_modification.py:83} INFO - Updated row with Video_ID: GOSmvE5ycfE
[2026-08-18T18:37:11.521+0000] {data_modification.py:83} INFO - Updated row with Video_ID: 7AgxgbTc4K0
[2026-08-18T18:37:11.524+0000] {data_modification.py:83} INFO - Updated row with Video_ID: 1PPbbbkz7lU
[2026-08-18T18:37:11.528+0000] {data_modification.py:83} INFO - Updated row with Video_ID: ybW2-c0D2PU
[2026-08-18T18:37:11.531+0000] {data_modification.py:83} INFO - Updated row with Video_ID: 3BgIqFB09Ec
[2026-08-18T18:37:11.535+0000] {data_modification.py:83} INFO - Updated row with Video_ID: Qv4BdSIWHUY
[2026-08-18T18:37:11.538+0000] {data_modification.py:83} INFO - Updated row with Video_ID: lx2crBcZvf4
[2026-08-18T18:37:11.542+0000] {data_modification.py:83} INFO - Updated row with Video_ID: wfRBGFmsMdw
[2026-08-18T18:37:11.545+0000] {data_modification.py:83} INFO - Updated row with Video_ID: 6H5SYyRkZkg
[2026-08-18T18:37:11.549+0000] {data_modification.py:83} INFO - Updated row with Video_ID: f_7Ty2m7H8w
[2026-08-18T18:37:11.552+0000] {data_modification.py:83} INFO - Updated row with Video_ID: 0lKJaD_NYf4
[2026-08-18T18:37:11.556+0000] {data_modification.py:83} INFO - Updated row with Video_ID: YRkHKxwM7uk
[2026-08-18T18:37:11.559+0000] {data_modification.py:83} INFO - Updated row with Video_ID: 0zCFiKIx5x0
[2026-08-18T18:37:11.562+0000] {data_modification.py:83} INFO - Updated row with Video_ID: N6O8FkknwdM
[2026-08-18T18:37:11.565+0000] {data_modification.py:83} INFO - Updated row with Video_ID: cVU8tI0K7yw
[2026-08-18T18:37:11.569+0000] {data_modification.py:83} INFO - Updated row with Video_ID: ov9Kepoz0rs
[2026-08-18T18:37:11.572+0000] {data_modification.py:83} INFO - Updated row with Video_ID: emG_KnLGNDY
[2026-08-18T18:37:11.576+0000] {data_modification.py:83} INFO - Updated row with Video_ID: WIi5d_hQuCQ
[2026-08-18T18:37:11.580+0000] {data_modification.py:83} INFO - Updated row with Video_ID: _ddxEjBm__0
[2026-08-18T18:37:11.584+0000] {data_modification.py:83} INFO - Updated row with Video_ID: 8J-IqnbTQCY
[2026-08-18T18:37:11.587+0000] {data_modification.py:83} INFO - Updated row with Video_ID: oKvkxyVr7Jo
[2026-08-18T18:37:11.592+0000] {data_modification.py:83} INFO - Updated row with Video_ID: L7WEF-XjnSE
[2026-08-18T18:37:11.604+0000] {data_modification.py:83} INFO - Updated row with Video_ID: wWOx3RYi_0w
[2026-08-18T18:37:11.608+0000] {data_modification.py:83} INFO - Updated row with Video_ID: JOJHCRwABLc
[2026-08-18T18:37:11.611+0000] {data_modification.py:83} INFO - Updated row with Video_ID: x1xGbxNrDqE
[2026-08-18T18:37:11.615+0000] {data_modification.py:83} INFO - Updated row with Video_ID: K5EmoERq3XQ
[2026-08-18T18:37:11.619+0000] {data_modification.py:83} INFO - Updated row with Video_ID: FN4YIJ3PXwQ
[2026-08-18T18:37:11.623+0000] {data_modification.py:83} INFO - Updated row with Video_ID: 3YAvrHHyivQ
[2026-08-18T18:37:11.626+0000] {data_modification.py:83} INFO - Updated row with Video_ID: qMU6gZf6K6I
[2026-08-18T18:37:11.630+0000] {data_modification.py:83} INFO - Updated row with Video_ID: 19oYYYnYnJc
[2026-08-18T18:37:11.633+0000] {data_modification.py:83} INFO - Updated row with Video_ID: JLykjUaxEqY
[2026-08-18T18:37:11.637+0000] {data_modification.py:83} INFO - Updated row with Video_ID: 7siiwizPzxU
[2026-08-18T18:37:11.641+0000] {data_modification.py:83} INFO - Updated row with Video_ID: hcvmq-hcDIE
[2026-08-18T18:37:11.645+0000] {data_modification.py:83} INFO - Updated row with Video_ID: r6VbzJmtx84
[2026-08-18T18:37:11.648+0000] {data_modification.py:83} INFO - Updated row with Video_ID: DlFqlrgzWQU
[2026-08-18T18:37:11.651+0000] {data_modification.py:83} INFO - Updated row with Video_ID: D6Euf9rWXjs
[2026-08-18T18:37:11.655+0000] {data_modification.py:83} INFO - Updated row with Video_ID: YcWkNJF_D40
[2026-08-18T18:37:11.659+0000] {data_modification.py:83} INFO - Updated row with Video_ID: F6dDtyXv8K8
[2026-08-18T18:37:11.662+0000] {data_modification.py:83} INFO - Updated row with Video_ID: D3To87TA4tE
[2026-08-18T18:37:11.665+0000] {data_modification.py:83} INFO - Updated row with Video_ID: xpN6zHg-nQg
[2026-08-18T18:37:11.669+0000] {data_modification.py:83} INFO - Updated row with Video_ID: esnscPfzDeo
[2026-08-18T18:37:11.673+0000] {data_modification.py:83} INFO - Updated row with Video_ID: 4kBGs3Ya7y8
[2026-08-18T18:37:11.698+0000] {data_modification.py:83} INFO - Updated row with Video_ID: URfOK9CPDzY
[2026-08-18T18:37:11.705+0000] {data_modification.py:83} INFO - Updated row with Video_ID: bc-TLLNXn7M
[2026-08-18T18:37:11.717+0000] {data_modification.py:83} INFO - Updated row with Video_ID: aA1vpcAJEug
[2026-08-18T18:37:11.730+0000] {data_modification.py:83} INFO - Updated row with Video_ID: 23p38JIhe0s
[2026-08-18T18:37:11.738+0000] {data_modification.py:83} INFO - Updated row with Video_ID: cBsHFf5VGOw
[2026-08-18T18:37:11.743+0000] {data_modification.py:83} INFO - Updated row with Video_ID: FSf9DU5vz9c
[2026-08-18T18:37:11.747+0000] {data_modification.py:83} INFO - Updated row with Video_ID: xDvLqGMM18k
[2026-08-18T18:37:11.752+0000] {data_modification.py:83} INFO - Updated row with Video_ID: Pyq87354XnA
[2026-08-18T18:37:11.756+0000] {data_modification.py:83} INFO - Updated row with Video_ID: mKtLclKoA24
[2026-08-18T18:37:11.760+0000] {data_modification.py:83} INFO - Updated row with Video_ID: UJMV8uzADDk
[2026-08-18T18:37:11.765+0000] {data_modification.py:83} INFO - Updated row with Video_ID: sHaJFMbgxu4
[2026-08-18T18:37:11.769+0000] {data_modification.py:83} INFO - Updated row with Video_ID: 96-MKTfzPeI
[2026-08-18T18:37:11.783+0000] {data_modification.py:83} INFO - Updated row with Video_ID: n3aLbjYrpXk
[2026-08-18T18:37:11.788+0000] {data_modification.py:83} INFO - Updated row with Video_ID: jWFHOY2Gcf4
[2026-08-18T18:37:11.792+0000] {data_modification.py:83} INFO - Updated row with Video_ID: TTMs7_YUUhs
[2026-08-18T18:37:11.796+0000] {data_modification.py:83} INFO - Updated row with Video_ID: A9kYEGFU49k
[2026-08-18T18:37:11.800+0000] {data_modification.py:83} INFO - Updated row with Video_ID: J0bhMLqOMcE
[2026-08-18T18:37:11.805+0000] {data_modification.py:83} INFO - Updated row with Video_ID: OTq8OhIY_C8
[2026-08-18T18:37:11.808+0000] {data_modification.py:83} INFO - Updated row with Video_ID: S4j8-10TXsU
[2026-08-18T18:37:11.812+0000] {data_modification.py:83} INFO - Updated row with Video_ID: x-efd-s6GVk
[2026-08-18T18:37:11.816+0000] {data_modification.py:83} INFO - Updated row with Video_ID: AuGfojDwT3Q
[2026-08-18T18:37:11.820+0000] {data_modification.py:83} INFO - Updated row with Video_ID: y8zYMjEoBwk
[2026-08-18T18:37:11.823+0000] {data_modification.py:83} INFO - Updated row with Video_ID: 7GqRVb3RFwE
[2026-08-18T18:37:11.827+0000] {data_modification.py:83} INFO - Updated row with Video_ID: R9C9Qu77bsw
[2026-08-18T18:37:11.833+0000] {data_modification.py:83} INFO - Updated row with Video_ID: iNZlRiOxvlg
[2026-08-18T18:37:11.838+0000] {data_modification.py:83} INFO - Updated row with Video_ID: AjNvnX93Deo
[2026-08-18T18:37:11.842+0000] {data_modification.py:83} INFO - Updated row with Video_ID: jK-9APd3JL0
[2026-08-18T18:37:11.846+0000] {data_modification.py:83} INFO - Updated row with Video_ID: ZQWLERvigQI
[2026-08-18T18:37:11.850+0000] {data_modification.py:83} INFO - Updated row with Video_ID: 3f7x5MicAMc
[2026-08-18T18:37:11.853+0000] {data_modification.py:83} INFO - Updated row with Video_ID: k3HIsDtvFWE
[2026-08-18T18:37:11.858+0000] {data_modification.py:83} INFO - Updated row with Video_ID: 6-A3CNc3Z98
[2026-08-18T18:37:11.862+0000] {data_modification.py:83} INFO - Updated row with Video_ID: su0CW24Ko4k
[2026-08-18T18:37:11.866+0000] {data_modification.py:83} INFO - Updated row with Video_ID: eA615UAqJFs
[2026-08-18T18:37:11.870+0000] {data_modification.py:83} INFO - Updated row with Video_ID: JABjvOCl4Mg
[2026-08-18T18:37:11.874+0000] {data_modification.py:83} INFO - Updated row with Video_ID: gzukPbYCJGU
[2026-08-18T18:37:11.878+0000] {data_modification.py:83} INFO - Updated row with Video_ID: 93i6TqznftQ
[2026-08-18T18:37:11.882+0000] {data_modification.py:83} INFO - Updated row with Video_ID: yxr_HG-Chcw
[2026-08-18T18:37:11.885+0000] {data_modification.py:83} INFO - Updated row with Video_ID: J9k3kDwTYO0
[2026-08-18T18:37:11.889+0000] {data_modification.py:83} INFO - Updated row with Video_ID: APtVqB2M2d0
[2026-08-18T18:37:11.893+0000] {data_modification.py:83} INFO - Updated row with Video_ID: 4cE_VVfpYyI
[2026-08-18T18:37:11.897+0000] {data_modification.py:83} INFO - Updated row with Video_ID: awnWdQYYGkg
[2026-08-18T18:37:11.901+0000] {data_modification.py:83} INFO - Updated row with Video_ID: S6O_E9J_doU
[2026-08-18T18:37:11.905+0000] {data_modification.py:83} INFO - Updated row with Video_ID: gtxGVZPY2R8
[2026-08-18T18:37:11.909+0000] {data_modification.py:83} INFO - Updated row with Video_ID: jKptpq7pTh0
[2026-08-18T18:37:11.913+0000] {data_modification.py:83} INFO - Updated row with Video_ID: eml6YzAQ8AQ
[2026-08-18T18:37:11.917+0000] {data_modification.py:83} INFO - Updated row with Video_ID: vcxg5j3u7UQ
[2026-08-18T18:37:11.921+0000] {data_modification.py:83} INFO - Updated row with Video_ID: BELiyff0K7Y
[2026-08-18T18:37:11.925+0000] {data_modification.py:83} INFO - Updated row with Video_ID: -Jhn5bvzxDY
[2026-08-18T18:37:11.928+0000] {data_modification.py:83} INFO - Updated row with Video_ID: -H3VcLCrc58
[2026-08-18T18:37:11.932+0000] {data_modification.py:83} INFO - Updated row with Video_ID: lBXznBzxa5k
[2026-08-18T18:37:11.936+0000] {data_modification.py:83} INFO - Updated row with Video_ID: FO-PWE2qYTc
[2026-08-18T18:37:11.940+0000] {data_modification.py:83} INFO - Updated row with Video_ID: VdrlN6AXAro
[2026-08-18T18:37:11.944+0000] {data_modification.py:83} INFO - Updated row with Video_ID: dHI2RKLw2mA
[2026-08-18T18:37:11.949+0000] {data_modification.py:83} INFO - Updated row with Video_ID: UspvR3JaDlw
[2026-08-18T18:37:11.952+0000] {data_modification.py:83} INFO - Updated row with Video_ID: 5z9t8Hp_mHk
[2026-08-18T18:37:11.956+0000] {data_modification.py:83} INFO - Updated row with Video_ID: 9ijXFi_RowE
[2026-08-18T18:37:11.960+0000] {data_modification.py:83} INFO - Updated row with Video_ID: ef2O_ZhKp0A
[2026-08-18T18:37:11.964+0000] {data_modification.py:83} INFO - Updated row with Video_ID: SMEQZojl8H0
[2026-08-18T18:37:11.968+0000] {data_modification.py:83} INFO - Updated row with Video_ID: GpN_oCtTLj4
[2026-08-18T18:37:11.971+0000] {data_modification.py:83} INFO - Updated row with Video_ID: 9WUBV7o-b-Y
[2026-08-18T18:37:11.975+0000] {data_modification.py:83} INFO - Updated row with Video_ID: 1l-5kCivLdE
[2026-08-18T18:37:11.979+0000] {data_modification.py:83} INFO - Updated row with Video_ID: XkfJbowy934
[2026-08-18T18:37:11.982+0000] {data_modification.py:83} INFO - Updated row with Video_ID: I6ArjolrYDo
[2026-08-18T18:37:11.986+0000] {data_modification.py:83} INFO - Updated row with Video_ID: -izIQXq_xVE
[2026-08-18T18:37:11.990+0000] {data_modification.py:83} INFO - Updated row with Video_ID: teo54tfx4Vc
[2026-08-18T18:37:11.993+0000] {data_modification.py:83} INFO - Updated row with Video_ID: 1lQ4bfQqRRo
[2026-08-18T18:37:11.997+0000] {data_modification.py:83} INFO - Updated row with Video_ID: twodNJMspgU
[2026-08-18T18:37:12.000+0000] {data_modification.py:83} INFO - Updated row with Video_ID: 8OWHBZQlCT0
[2026-08-18T18:37:12.004+0000] {data_modification.py:83} INFO - Updated row with Video_ID: Wx_2B-fjLJ4
[2026-08-18T18:37:12.008+0000] {data_modification.py:83} INFO - Updated row with Video_ID: VXxa_KR1EnA
[2026-08-18T18:37:12.011+0000] {data_modification.py:83} INFO - Updated row with Video_ID: xfVjlZlEfLQ
[2026-08-18T18:37:12.014+0000] {data_modification.py:83} INFO - Updated row with Video_ID: F4X1wz6pw9Y
[2026-08-18T18:37:12.018+0000] {data_modification.py:83} INFO - Updated row with Video_ID: 9CHzBmOe6qM
[2026-08-18T18:37:12.021+0000] {data_modification.py:83} INFO - Updated row with Video_ID: 1rPRtcuPkes
[2026-08-18T18:37:12.025+0000] {data_modification.py:83} INFO - Updated row with Video_ID: BMK9RTPsFmg
[2026-08-18T18:37:12.028+0000] {data_modification.py:83} INFO - Updated row with Video_ID: _ITnCEHA5DI
[2026-08-18T18:37:12.031+0000] {data_modification.py:83} INFO - Updated row with Video_ID: 1-pojsb7DuI
[2026-08-18T18:37:12.034+0000] {data_modification.py:83} INFO - Updated row with Video_ID: kk1V5fJuFvI
[2026-08-18T18:37:12.038+0000] {data_modification.py:83} INFO - Updated row with Video_ID: Rv2lTAvl8Vg
[2026-08-18T18:37:12.041+0000] {data_modification.py:83} INFO - Updated row with Video_ID: 6LxfTrlXNJ4
[2026-08-18T18:37:12.044+0000] {data_modification.py:83} INFO - Updated row with Video_ID: MgFQpQAps0o
[2026-08-18T18:37:12.048+0000] {data_modification.py:83} INFO - Updated row with Video_ID: oCfdR4ImbXo
[2026-08-18T18:37:12.051+0000] {data_modification.py:83} INFO - Updated row with Video_ID: yEVLbPiN1xA
[2026-08-18T18:37:12.055+0000] {data_modification.py:83} INFO - Updated row with Video_ID: A3KI5iBJe_4
[2026-08-18T18:37:12.058+0000] {data_modification.py:83} INFO - Updated row with Video_ID: k2MO4x-qSPs
[2026-08-18T18:37:12.061+0000] {data_modification.py:83} INFO - Updated row with Video_ID: LpXluxcspXo
[2026-08-18T18:37:12.064+0000] {data_modification.py:83} INFO - Updated row with Video_ID: 8IkjqoAAunc
[2026-08-18T18:37:12.068+0000] {data_modification.py:83} INFO - Updated row with Video_ID: zUZ0YL7G5fw
[2026-08-18T18:37:12.071+0000] {data_modification.py:83} INFO - Updated row with Video_ID: E68lRUZVQVM
[2026-08-18T18:37:12.075+0000] {data_modification.py:83} INFO - Updated row with Video_ID: KrxNYQy7k_0
[2026-08-18T18:37:12.078+0000] {data_modification.py:83} INFO - Updated row with Video_ID: PtHAJfOblCQ
[2026-08-18T18:37:12.081+0000] {data_modification.py:83} INFO - Updated row with Video_ID: ejHSpMhtxa0
[2026-08-18T18:37:12.085+0000] {data_modification.py:83} INFO - Updated row with Video_ID: mKZXLtgogJI
[2026-08-18T18:37:12.089+0000] {data_modification.py:83} INFO - Updated row with Video_ID: KeXYpgMU_n0
[2026-08-18T18:37:12.092+0000] {data_modification.py:83} INFO - Updated row with Video_ID: LAybkaLrtD0
[2026-08-18T18:37:12.095+0000] {data_modification.py:83} INFO - Updated row with Video_ID: 3kTt1zvE7Vg
[2026-08-18T18:37:12.099+0000] {data_modification.py:83} INFO - Updated row with Video_ID: 8HNVZT_kOW0
[2026-08-18T18:37:12.102+0000] {data_modification.py:83} INFO - Updated row with Video_ID: QeY8Xxwsu4g
[2026-08-18T18:37:12.106+0000] {data_modification.py:83} INFO - Updated row with Video_ID: XK-vMrk2qXA
[2026-08-18T18:37:12.109+0000] {data_modification.py:83} INFO - Updated row with Video_ID: vXSq5gS5x6U
[2026-08-18T18:37:12.112+0000] {data_modification.py:83} INFO - Updated row with Video_ID: WY3EuFaQT40
[2026-08-18T18:37:12.117+0000] {data_modification.py:83} INFO - Updated row with Video_ID: Xb1cpM463qo
[2026-08-18T18:37:12.122+0000] {data_modification.py:83} INFO - Updated row with Video_ID: x8VcPs_Udlg
[2026-08-18T18:37:12.125+0000] {data_modification.py:83} INFO - Updated row with Video_ID: vtoqXlzA2uk
[2026-08-18T18:37:12.128+0000] {data_modification.py:83} INFO - Updated row with Video_ID: c8hzez8PVN4
[2026-08-18T18:37:12.132+0000] {data_modification.py:83} INFO - Updated row with Video_ID: 6mD_rWTTLU0
[2026-08-18T18:37:12.135+0000] {data_modification.py:83} INFO - Updated row with Video_ID: AT2hTP2Awtw
[2026-08-18T18:37:12.138+0000] {data_modification.py:83} INFO - Updated row with Video_ID: 8B3jyCIr3X4
[2026-08-18T18:37:12.142+0000] {data_modification.py:83} INFO - Updated row with Video_ID: WlRKZOOlGwE
[2026-08-18T18:37:12.145+0000] {data_modification.py:83} INFO - Updated row with Video_ID: 8hHn2RpsU54
[2026-08-18T18:37:12.148+0000] {data_modification.py:83} INFO - Updated row with Video_ID: _smcZyQmRSE
[2026-08-18T18:37:12.151+0000] {data_modification.py:83} INFO - Updated row with Video_ID: Kh3q0owg52E
[2026-08-18T18:37:12.155+0000] {data_modification.py:83} INFO - Updated row with Video_ID: 1E727gnGsrI
[2026-08-18T18:37:12.158+0000] {data_modification.py:83} INFO - Updated row with Video_ID: psigAW5EJ74
[2026-08-18T18:37:12.162+0000] {data_modification.py:83} INFO - Updated row with Video_ID: 3sXAb6eJqUc
[2026-08-18T18:37:12.165+0000] {data_modification.py:83} INFO - Updated row with Video_ID: ik9HtM1-HlQ
[2026-08-18T18:37:12.168+0000] {data_modification.py:83} INFO - Updated row with Video_ID: JezGSAcVPDI
[2026-08-18T18:37:12.171+0000] {data_modification.py:83} INFO - Updated row with Video_ID: G6I5SG8NXD8
[2026-08-18T18:37:12.175+0000] {data_modification.py:83} INFO - Updated row with Video_ID: Z-aR18f4aKg
[2026-08-18T18:37:12.178+0000] {data_modification.py:83} INFO - Updated row with Video_ID: JJIyYUu2P_g
[2026-08-18T18:37:12.182+0000] {data_modification.py:83} INFO - Updated row with Video_ID: NJWq211Xyj0
[2026-08-18T18:37:12.185+0000] {data_modification.py:83} INFO - Updated row with Video_ID: J1bSpJuh-OE
[2026-08-18T18:37:12.189+0000] {data_modification.py:83} INFO - Updated row with Video_ID: 9udZyCUPG7g
[2026-08-18T18:37:12.192+0000] {data_modification.py:83} INFO - Updated row with Video_ID: HkgvZ-BohDg
[2026-08-18T18:37:12.195+0000] {data_modification.py:83} INFO - Updated row with Video_ID: 0-KxtVKCnHM
[2026-08-18T18:37:12.198+0000] {data_modification.py:83} INFO - Updated row with Video_ID: f9GIauiKplc
[2026-08-18T18:37:12.202+0000] {data_modification.py:83} INFO - Updated row with Video_ID: ClsFac6SyOk
[2026-08-18T18:37:12.205+0000] {data_modification.py:83} INFO - Updated row with Video_ID: Cda-fUJ-GjE
[2026-08-18T18:37:12.209+0000] {data_modification.py:83} INFO - Updated row with Video_ID: 0RnfZnLcYzA
[2026-08-18T18:37:12.212+0000] {data_modification.py:83} INFO - Updated row with Video_ID: h3N3E6HOo0k
[2026-08-18T18:37:12.215+0000] {data_modification.py:83} INFO - Updated row with Video_ID: iBv78MX35iY
[2026-08-18T18:37:12.219+0000] {data_modification.py:83} INFO - Updated row with Video_ID: gdopuuYVCSo
[2026-08-18T18:37:12.222+0000] {data_modification.py:83} INFO - Updated row with Video_ID: _f9P6xXd--k
[2026-08-18T18:37:12.226+0000] {data_modification.py:83} INFO - Updated row with Video_ID: 8X9cgGz-ljo
[2026-08-18T18:37:12.229+0000] {data_modification.py:83} INFO - Updated row with Video_ID: LvizmMLG1tE
[2026-08-18T18:37:12.232+0000] {data_modification.py:83} INFO - Updated row with Video_ID: aGbVyGOoAHs
[2026-08-18T18:37:12.236+0000] {data_modification.py:83} INFO - Updated row with Video_ID: rksqqWp78y8
[2026-08-18T18:37:12.240+0000] {data_modification.py:83} INFO - Updated row with Video_ID: _GqqXyXQ0nE
[2026-08-18T18:37:12.243+0000] {data_modification.py:83} INFO - Updated row with Video_ID: _Kj74_NzK44
[2026-08-18T18:37:12.246+0000] {data_modification.py:83} INFO - Updated row with Video_ID: xxGWutYuE2g
[2026-08-18T18:37:12.250+0000] {data_modification.py:83} INFO - Updated row with Video_ID: vzJC9VyFC0o
[2026-08-18T18:37:12.254+0000] {data_modification.py:83} INFO - Updated row with Video_ID: 5gyq6VcDhNc
[2026-08-18T18:37:12.258+0000] {data_modification.py:83} INFO - Updated row with Video_ID: TyT1gTEjcfI
[2026-08-18T18:37:12.263+0000] {data_modification.py:83} INFO - Updated row with Video_ID: 4AUs95yrUXw
[2026-08-18T18:37:12.267+0000] {data_modification.py:83} INFO - Updated row with Video_ID: _F49L6UrnR0
[2026-08-18T18:37:12.271+0000] {data_modification.py:83} INFO - Updated row with Video_ID: IpbaW4j7UXk
[2026-08-18T18:37:12.274+0000] {data_modification.py:83} INFO - Updated row with Video_ID: z8bDIFFurVc
[2026-08-18T18:37:12.278+0000] {data_modification.py:83} INFO - Updated row with Video_ID: 9a4lm6yBZlA
[2026-08-18T18:37:12.284+0000] {data_modification.py:83} INFO - Updated row with Video_ID: zG3OZERE-Dg
[2026-08-18T18:37:12.288+0000] {data_modification.py:83} INFO - Updated row with Video_ID: z6Qo9p-6hWg
[2026-08-18T18:37:12.292+0000] {data_modification.py:83} INFO - Updated row with Video_ID: vDuDFbfkukc
[2026-08-18T18:37:12.295+0000] {data_modification.py:83} INFO - Updated row with Video_ID: bx5gL2RlFog
[2026-08-18T18:37:12.299+0000] {data_modification.py:83} INFO - Updated row with Video_ID: ScfyBzOAkgs
[2026-08-18T18:37:12.302+0000] {data_modification.py:83} INFO - Updated row with Video_ID: 23AnNZRoEuM
[2026-08-18T18:37:12.306+0000] {data_modification.py:83} INFO - Updated row with Video_ID: GqSUKruZww8
[2026-08-18T18:37:12.309+0000] {data_modification.py:83} INFO - Updated row with Video_ID: DTFfbGwYz2g
[2026-08-18T18:37:12.312+0000] {data_modification.py:83} INFO - Updated row with Video_ID: xVuCwbDb-ec
[2026-08-18T18:37:12.315+0000] {data_modification.py:83} INFO - Updated row with Video_ID: UDGyNFZpcDs
[2026-08-18T18:37:12.319+0000] {data_modification.py:83} INFO - Updated row with Video_ID: eUbjVXbUTjc
[2026-08-18T18:37:12.322+0000] {data_modification.py:83} INFO - Updated row with Video_ID: ynL7qxMI9Ig
[2026-08-18T18:37:12.326+0000] {data_modification.py:83} INFO - Updated row with Video_ID: lw8b2ozpRyE
[2026-08-18T18:37:12.329+0000] {data_modification.py:83} INFO - Updated row with Video_ID: C8D2HrFfwAg
[2026-08-18T18:37:12.332+0000] {data_modification.py:83} INFO - Updated row with Video_ID: dFRGrsPGCGU
[2026-08-18T18:37:12.336+0000] {data_modification.py:83} INFO - Updated row with Video_ID: KCK6G9MCGg4
[2026-08-18T18:37:12.339+0000] {data_modification.py:83} INFO - Updated row with Video_ID: UO2UxpX-lvU
[2026-08-18T18:37:12.342+0000] {data_modification.py:83} INFO - Updated row with Video_ID: cHvwEpok3fc
[2026-08-18T18:37:12.346+0000] {data_modification.py:83} INFO - Updated row with Video_ID: J8ziNOuyxX0
[2026-08-18T18:37:12.349+0000] {data_modification.py:83} INFO - Updated row with Video_ID: tla-rqQed4Y
[2026-08-18T18:37:12.352+0000] {data_modification.py:83} INFO - Updated row with Video_ID: d4fPx30Ut7I
[2026-08-18T18:37:12.356+0000] {data_modification.py:83} INFO - Updated row with Video_ID: Np4vJfI4iUY
[2026-08-18T18:37:12.359+0000] {data_modification.py:83} INFO - Updated row with Video_ID: HIGKVSSlq4E
[2026-08-18T18:37:12.362+0000] {data_modification.py:83} INFO - Updated row with Video_ID: HOYKYSR-ETo
[2026-08-18T18:37:12.366+0000] {data_modification.py:83} INFO - Updated row with Video_ID: nyokkazOMnw
[2026-08-18T18:37:12.369+0000] {data_modification.py:83} INFO - Updated row with Video_ID: EZmu6zjRCag
[2026-08-18T18:37:12.373+0000] {data_modification.py:83} INFO - Updated row with Video_ID: UjbTqXCUEK4
[2026-08-18T18:37:12.376+0000] {data_modification.py:83} INFO - Updated row with Video_ID: iGXXbvFWs-Y
[2026-08-18T18:37:12.379+0000] {data_modification.py:83} INFO - Updated row with Video_ID: Iai73vNjeMw
[2026-08-18T18:37:12.383+0000] {data_modification.py:83} INFO - Updated row with Video_ID: Q4HxtBNovao
[2026-08-18T18:37:12.386+0000] {data_modification.py:83} INFO - Updated row with Video_ID: 1OrYOIbOghg
[2026-08-18T18:37:12.389+0000] {data_modification.py:83} INFO - Updated row with Video_ID: OWi8e0RUEX0
[2026-08-18T18:37:12.393+0000] {data_modification.py:83} INFO - Updated row with Video_ID: 6-BdFAjJ0_I
[2026-08-18T18:37:12.396+0000] {data_modification.py:83} INFO - Updated row with Video_ID: 05YWGsDQrFo
[2026-08-18T18:37:12.399+0000] {data_modification.py:83} INFO - Updated row with Video_ID: kMqSaMKVZoc
[2026-08-18T18:37:12.402+0000] {data_modification.py:83} INFO - Updated row with Video_ID: 7_SRwwgA3Ws
[2026-08-18T18:37:12.405+0000] {data_modification.py:83} INFO - Updated row with Video_ID: MNbfiDXZBsg
[2026-08-18T18:37:12.410+0000] {data_modification.py:83} INFO - Updated row with Video_ID: 8HG3TM22kHk
[2026-08-18T18:37:12.413+0000] {data_modification.py:83} INFO - Updated row with Video_ID: fWqxgy_JwK8
[2026-08-18T18:37:12.416+0000] {data_modification.py:83} INFO - Updated row with Video_ID: l3J1JxpTvK0
[2026-08-18T18:37:12.419+0000] {data_modification.py:83} INFO - Updated row with Video_ID: LAs9-qaAYNE
[2026-08-18T18:37:12.423+0000] {data_modification.py:83} INFO - Updated row with Video_ID: B4McAav9Ra4
[2026-08-18T18:37:12.426+0000] {data_modification.py:83} INFO - Updated row with Video_ID: -Qf8KGmTqus
[2026-08-18T18:37:12.430+0000] {data_modification.py:83} INFO - Updated row with Video_ID: oivvXPLoWzg
[2026-08-18T18:37:12.433+0000] {data_modification.py:83} INFO - Updated row with Video_ID: NznN6df13FU
[2026-08-18T18:37:12.436+0000] {data_modification.py:83} INFO - Updated row with Video_ID: 1NRlbNGbXR4
[2026-08-18T18:37:12.440+0000] {data_modification.py:83} INFO - Updated row with Video_ID: 2n0LAUwiEWg
[2026-08-18T18:37:12.444+0000] {data_modification.py:83} INFO - Updated row with Video_ID: kBXvkotAOuo
[2026-08-18T18:37:12.448+0000] {data_modification.py:83} INFO - Updated row with Video_ID: ia4zjq5aDF4
[2026-08-18T18:37:12.451+0000] {data_modification.py:83} INFO - Updated row with Video_ID: Le8kYQ7coYE
[2026-08-18T18:37:12.455+0000] {data_modification.py:83} INFO - Updated row with Video_ID: bGHBrpFi-84
[2026-08-18T18:37:12.459+0000] {data_modification.py:83} INFO - Updated row with Video_ID: b_11gsmVKqY
[2026-08-18T18:37:12.462+0000] {data_modification.py:83} INFO - Updated row with Video_ID: lPqjpUQO7D0
[2026-08-18T18:37:12.466+0000] {data_modification.py:83} INFO - Updated row with Video_ID: vZ6FIMv14ZM
[2026-08-18T18:37:12.469+0000] {data_modification.py:83} INFO - Updated row with Video_ID: KvbLepJMnb8
[2026-08-18T18:37:12.476+0000] {data_modification.py:83} INFO - Updated row with Video_ID: iQIkg3QU-Gg
[2026-08-18T18:37:12.480+0000] {data_modification.py:83} INFO - Updated row with Video_ID: oNtkGU9a6YI
[2026-08-18T18:37:12.484+0000] {data_modification.py:83} INFO - Updated row with Video_ID: XtCJTNxTN64
[2026-08-18T18:37:12.487+0000] {data_modification.py:83} INFO - Updated row with Video_ID: 9Kj4T05UdMA
[2026-08-18T18:37:12.491+0000] {data_modification.py:83} INFO - Updated row with Video_ID: 8t3yAzCHCQ8
[2026-08-18T18:37:12.494+0000] {data_modification.py:83} INFO - Updated row with Video_ID: 133hzok0GYk
[2026-08-18T18:37:12.498+0000] {data_modification.py:83} INFO - Updated row with Video_ID: 4AjTTb8-hY8
[2026-08-18T18:37:12.501+0000] {data_modification.py:83} INFO - Updated row with Video_ID: YZ5is-x349M
[2026-08-18T18:37:12.505+0000] {data_modification.py:83} INFO - Updated row with Video_ID: pVj9y3znEAQ
[2026-08-18T18:37:12.508+0000] {data_modification.py:83} INFO - Updated row with Video_ID: 5IWW442QkqA
[2026-08-18T18:37:12.511+0000] {data_modification.py:83} INFO - Updated row with Video_ID: KishzvdXi8c
[2026-08-18T18:37:12.515+0000] {data_modification.py:83} INFO - Updated row with Video_ID: dkrbzSuaQ20
[2026-08-18T18:37:12.518+0000] {data_modification.py:83} INFO - Updated row with Video_ID: bFRigw5OrrI
[2026-08-18T18:37:12.522+0000] {data_modification.py:83} INFO - Updated row with Video_ID: 1STb_sXwm9E
[2026-08-18T18:37:12.525+0000] {data_modification.py:83} INFO - Updated row with Video_ID: 1Snac5FE3bs
[2026-08-18T18:37:12.528+0000] {data_modification.py:83} INFO - Updated row with Video_ID: bgZk25Ksc4E
[2026-08-18T18:37:12.532+0000] {data_modification.py:83} INFO - Updated row with Video_ID: th9OBsL0M60
[2026-08-18T18:37:12.535+0000] {data_modification.py:83} INFO - Updated row with Video_ID: 79DjiX5AJW0
[2026-08-18T18:37:12.539+0000] {data_modification.py:83} INFO - Updated row with Video_ID: Gds2bNjstes
[2026-08-18T18:37:12.542+0000] {data_modification.py:83} INFO - Updated row with Video_ID: D7y9UnGb8hc
[2026-08-18T18:37:12.546+0000] {data_modification.py:83} INFO - Updated row with Video_ID: C-MMxrLna_8
[2026-08-18T18:37:12.549+0000] {data_modification.py:83} INFO - Updated row with Video_ID: oxfyAk2IKvo
[2026-08-18T18:37:12.552+0000] {data_modification.py:83} INFO - Updated row with Video_ID: akvtYUNrn8w
[2026-08-18T18:37:12.556+0000] {data_modification.py:83} INFO - Updated row with Video_ID: 4qHrMGh8KV0
[2026-08-18T18:37:12.560+0000] {data_modification.py:83} INFO - Updated row with Video_ID: xFBPvyAgoZY
[2026-08-18T18:37:12.564+0000] {data_modification.py:83} INFO - Updated row with Video_ID: 9aUmtVBw7kQ
[2026-08-18T18:37:12.568+0000] {data_modification.py:83} INFO - Updated row with Video_ID: FmMmixxMG7E
[2026-08-18T18:37:12.572+0000] {data_modification.py:83} INFO - Updated row with Video_ID: Zw-HGTI5E1U
[2026-08-18T18:37:12.575+0000] {data_modification.py:83} INFO - Updated row with Video_ID: XfXt1GNi8VM
[2026-08-18T18:37:12.578+0000] {data_modification.py:83} INFO - Updated row with Video_ID: P1xlaM6OMOE
[2026-08-18T18:37:12.582+0000] {data_modification.py:83} INFO - Updated row with Video_ID: FQrkfxiH78U
[2026-08-18T18:37:12.586+0000] {data_modification.py:83} INFO - Updated row with Video_ID: CTJisZ8dxf0
[2026-08-18T18:37:12.591+0000] {data_modification.py:83} INFO - Updated row with Video_ID: 4dJ7hDZ9QTU
[2026-08-18T18:37:12.595+0000] {data_modification.py:83} INFO - Updated row with Video_ID: ULsBP-AZZuI
[2026-08-18T18:37:12.599+0000] {data_modification.py:83} INFO - Updated row with Video_ID: Q6-rlcsE4V4
[2026-08-18T18:37:12.603+0000] {data_modification.py:83} INFO - Updated row with Video_ID: L4B-xHbhk4U
[2026-08-18T18:37:12.607+0000] {data_modification.py:83} INFO - Updated row with Video_ID: gHQo3UafM54
[2026-08-18T18:37:12.610+0000] {data_modification.py:83} INFO - Updated row with Video_ID: ywzOobuGoAg
[2026-08-18T18:37:12.614+0000] {data_modification.py:83} INFO - Updated row with Video_ID: Feknej-oYVI
[2026-08-18T18:37:12.620+0000] {data_modification.py:83} INFO - Updated row with Video_ID: gqCS8RVpaCg
[2026-08-18T18:37:12.624+0000] {data_modification.py:83} INFO - Updated row with Video_ID: uH532wJHpeA
[2026-08-18T18:37:12.629+0000] {data_modification.py:83} INFO - Updated row with Video_ID: TYqyvHds_58
[2026-08-18T18:37:12.633+0000] {data_modification.py:83} INFO - Updated row with Video_ID: ErL4gvqCgCo
[2026-08-18T18:37:12.638+0000] {data_modification.py:83} INFO - Updated row with Video_ID: YPet33BhJpA
[2026-08-18T18:37:12.642+0000] {data_modification.py:83} INFO - Updated row with Video_ID: 8ABFMpazxZ8
[2026-08-18T18:37:12.645+0000] {data_modification.py:83} INFO - Updated row with Video_ID: qr9NC50pFNU
[2026-08-18T18:37:12.649+0000] {data_modification.py:83} INFO - Updated row with Video_ID: F-570E9P3xE
[2026-08-18T18:37:12.652+0000] {data_modification.py:83} INFO - Updated row with Video_ID: yEXCi6gYvwI
[2026-08-18T18:37:12.657+0000] {data_modification.py:83} INFO - Updated row with Video_ID: eHkzdRjdRx4
[2026-08-18T18:37:12.660+0000] {data_modification.py:83} INFO - Updated row with Video_ID: JLwqylKvsJY
[2026-08-18T18:37:12.668+0000] {data_modification.py:83} INFO - Updated row with Video_ID: MmAElbM7AG4
[2026-08-18T18:37:12.674+0000] {data_modification.py:83} INFO - Updated row with Video_ID: _IFCOYAReyU
[2026-08-18T18:37:12.679+0000] {data_modification.py:83} INFO - Updated row with Video_ID: a4BHsLgeHxE
[2026-08-18T18:37:12.683+0000] {data_modification.py:83} INFO - Updated row with Video_ID: tg8dlsUIaQU
[2026-08-18T18:37:12.696+0000] {data_modification.py:83} INFO - Updated row with Video_ID: ELb75NfJFk8
[2026-08-18T18:37:12.700+0000] {data_modification.py:83} INFO - Updated row with Video_ID: L7lAI70ErIY
[2026-08-18T18:37:12.706+0000] {data_modification.py:83} INFO - Updated row with Video_ID: LSCtzkiNBXM
[2026-08-18T18:37:12.710+0000] {data_modification.py:83} INFO - Updated row with Video_ID: cq-Ajgs2oec
[2026-08-18T18:37:12.714+0000] {data_modification.py:83} INFO - Updated row with Video_ID: 6D3bU6mjXWc
[2026-08-18T18:37:12.717+0000] {data_modification.py:83} INFO - Updated row with Video_ID: KFsXCPXC-1o
[2026-08-18T18:37:12.721+0000] {data_modification.py:83} INFO - Updated row with Video_ID: V5fEszds2Z8
[2026-08-18T18:37:12.725+0000] {data_modification.py:83} INFO - Updated row with Video_ID: rgB3kL_Rk4g
[2026-08-18T18:37:12.728+0000] {data_modification.py:83} INFO - Updated row with Video_ID: k7EJ_9gaWPA
[2026-08-18T18:37:12.732+0000] {data_modification.py:83} INFO - Updated row with Video_ID: 4TShQEvPgw8
[2026-08-18T18:37:12.736+0000] {data_modification.py:83} INFO - Updated row with Video_ID: cvddvAqZLMg
[2026-08-18T18:37:12.740+0000] {data_modification.py:83} INFO - Updated row with Video_ID: sVXdQABD7Vs
[2026-08-18T18:37:12.743+0000] {data_modification.py:83} INFO - Updated row with Video_ID: HzsmBgSe0ak
[2026-08-18T18:37:12.747+0000] {data_modification.py:83} INFO - Updated row with Video_ID: oxhs_C9yPhs
[2026-08-18T18:37:12.751+0000] {data_modification.py:83} INFO - Updated row with Video_ID: FAnM8EDUUKc
[2026-08-18T18:37:12.755+0000] {data_modification.py:83} INFO - Updated row with Video_ID: 4jwPZvQhxmc
[2026-08-18T18:37:12.759+0000] {data_modification.py:83} INFO - Updated row with Video_ID: 5WnaCmkNsiE
[2026-08-18T18:37:12.762+0000] {data_modification.py:83} INFO - Updated row with Video_ID: M68AOUnP8sU
[2026-08-18T18:37:12.766+0000] {data_modification.py:83} INFO - Updated row with Video_ID: Zf0idCv5BGU
[2026-08-18T18:37:12.770+0000] {data_modification.py:83} INFO - Updated row with Video_ID: Nrf2QXpjgCQ
[2026-08-18T18:37:12.774+0000] {data_modification.py:83} INFO - Updated row with Video_ID: X5Re2M9Lcq8
[2026-08-18T18:37:12.777+0000] {data_modification.py:83} INFO - Updated row with Video_ID: lIUHoxTxUe0
[2026-08-18T18:37:12.781+0000] {data_modification.py:83} INFO - Updated row with Video_ID: KMXiu4Rk648
[2026-08-18T18:37:12.786+0000] {data_modification.py:83} INFO - Updated row with Video_ID: wDZpMtkrdrQ
[2026-08-18T18:37:12.790+0000] {data_modification.py:83} INFO - Updated row with Video_ID: 2y--RG8WoLM
[2026-08-18T18:37:12.794+0000] {data_modification.py:83} INFO - Updated row with Video_ID: 8VgIj_VN_sE
[2026-08-18T18:37:12.798+0000] {data_modification.py:83} INFO - Updated row with Video_ID: thu9j5W7M_8
[2026-08-18T18:37:12.803+0000] {data_modification.py:83} INFO - Updated row with Video_ID: M1l9HqDWHOY
[2026-08-18T18:37:12.806+0000] {data_modification.py:83} INFO - Updated row with Video_ID: IYPPUrcgu2E
[2026-08-18T18:37:12.810+0000] {data_modification.py:83} INFO - Updated row with Video_ID: g93IhHW600U
[2026-08-18T18:37:12.814+0000] {data_modification.py:83} INFO - Updated row with Video_ID: 0rioSOYk3vs
[2026-08-18T18:37:12.817+0000] {data_modification.py:83} INFO - Updated row with Video_ID: YxJ3AeBfykk
[2026-08-18T18:37:12.822+0000] {data_modification.py:83} INFO - Updated row with Video_ID: mSJ7nABY_qE
[2026-08-18T18:37:12.826+0000] {data_modification.py:83} INFO - Updated row with Video_ID: h2MdeFNchJE
[2026-08-18T18:37:12.830+0000] {data_modification.py:83} INFO - Updated row with Video_ID: bdupSoZWTZY
[2026-08-18T18:37:12.834+0000] {data_modification.py:83} INFO - Updated row with Video_ID: sFm2hrXlu4k
[2026-08-18T18:37:12.837+0000] {data_modification.py:83} INFO - Updated row with Video_ID: u2itg6IXgdY
[2026-08-18T18:37:12.841+0000] {data_modification.py:83} INFO - Updated row with Video_ID: V51uIW56M70
[2026-08-18T18:37:12.845+0000] {data_modification.py:83} INFO - Updated row with Video_ID: 5hrrVCl4Lkw
[2026-08-18T18:37:12.848+0000] {data_modification.py:83} INFO - Updated row with Video_ID: OEIsO9HlmUQ
[2026-08-18T18:37:12.852+0000] {data_modification.py:83} INFO - Updated row with Video_ID: QrhfqLtY550
[2026-08-18T18:37:12.856+0000] {data_modification.py:83} INFO - Updated row with Video_ID: kIEp_2mPRo8
[2026-08-18T18:37:12.860+0000] {data_modification.py:83} INFO - Updated row with Video_ID: l__uXGsUIFQ
[2026-08-18T18:37:12.863+0000] {data_modification.py:83} INFO - Updated row with Video_ID: BBbts90DW3w
[2026-08-18T18:37:12.867+0000] {data_modification.py:83} INFO - Updated row with Video_ID: XbF660mEWvM
[2026-08-18T18:37:12.871+0000] {data_modification.py:83} INFO - Updated row with Video_ID: dgqSPA-MrKA
[2026-08-18T18:37:12.875+0000] {data_modification.py:83} INFO - Updated row with Video_ID: oJLcH1ZNTas
[2026-08-18T18:37:12.879+0000] {data_modification.py:83} INFO - Updated row with Video_ID: 6xi5RxMMyF4
[2026-08-18T18:37:12.882+0000] {data_modification.py:83} INFO - Updated row with Video_ID: v-CEx1P54ng
[2026-08-18T18:37:12.887+0000] {data_modification.py:83} INFO - Updated row with Video_ID: R9oK5J367-s
[2026-08-18T18:37:12.891+0000] {data_modification.py:83} INFO - Updated row with Video_ID: 7YEw2POwBxc
[2026-08-18T18:37:12.895+0000] {data_modification.py:83} INFO - Updated row with Video_ID: HqwOuvrP2Tg
[2026-08-18T18:37:12.899+0000] {data_modification.py:83} INFO - Updated row with Video_ID: 66CibydGEJA
[2026-08-18T18:37:12.903+0000] {data_modification.py:83} INFO - Updated row with Video_ID: anFPI9BQClk
[2026-08-18T18:37:12.907+0000] {data_modification.py:83} INFO - Updated row with Video_ID: u7KLl9Kv0RE
[2026-08-18T18:37:12.911+0000] {data_modification.py:83} INFO - Updated row with Video_ID: ILV6IyNfMoA
[2026-08-18T18:37:12.915+0000] {data_modification.py:83} INFO - Updated row with Video_ID: 54m5Yk-LhFc
[2026-08-18T18:37:12.918+0000] {data_modification.py:83} INFO - Updated row with Video_ID: o7VT_AFp2PE
[2026-08-18T18:37:12.922+0000] {data_modification.py:83} INFO - Updated row with Video_ID: SxP4tO45qcE
[2026-08-18T18:37:12.926+0000] {data_modification.py:83} INFO - Updated row with Video_ID: nKbFlEJ2IPA
[2026-08-18T18:37:12.930+0000] {data_modification.py:83} INFO - Updated row with Video_ID: H-Zy59kDKyk
[2026-08-18T18:37:12.933+0000] {data_modification.py:83} INFO - Updated row with Video_ID: L4_JT6YVm-0
[2026-08-18T18:37:12.937+0000] {data_modification.py:83} INFO - Updated row with Video_ID: UJ_7_ls_dHw
[2026-08-18T18:37:12.940+0000] {data_modification.py:83} INFO - Updated row with Video_ID: jtAddPTc1q8
[2026-08-18T18:37:12.944+0000] {data_modification.py:83} INFO - Updated row with Video_ID: -f2ft1LX268
[2026-08-18T18:37:12.947+0000] {data_modification.py:83} INFO - Updated row with Video_ID: yYWNXot97AM
[2026-08-18T18:37:12.951+0000] {data_modification.py:83} INFO - Updated row with Video_ID: nfpGbXlNBbk
[2026-08-18T18:37:12.954+0000] {data_modification.py:83} INFO - Updated row with Video_ID: Z1GnEgCcCWE
[2026-08-18T18:37:12.958+0000] {data_modification.py:83} INFO - Updated row with Video_ID: HqhVVAgHVBk
[2026-08-18T18:37:12.961+0000] {data_modification.py:83} INFO - Updated row with Video_ID: HwEShZogASs
[2026-08-18T18:37:12.965+0000] {data_modification.py:83} INFO - Updated row with Video_ID: rxF3EhnwlFY
[2026-08-18T18:37:12.968+0000] {data_modification.py:83} INFO - Updated row with Video_ID: Q_1TUqZIxj0
[2026-08-18T18:37:12.972+0000] {data_modification.py:83} INFO - Updated row with Video_ID: 9I3BubUwFzU
[2026-08-18T18:37:12.976+0000] {data_modification.py:83} INFO - Updated row with Video_ID: v9AHBtbk-E0
[2026-08-18T18:37:12.979+0000] {data_modification.py:83} INFO - Updated row with Video_ID: W4nQF9srglk
[2026-08-18T18:37:12.983+0000] {data_modification.py:83} INFO - Updated row with Video_ID: 17-TzGCNsY8
[2026-08-18T18:37:12.987+0000] {data_modification.py:83} INFO - Updated row with Video_ID: 6Lkm6lXxq0U
[2026-08-18T18:37:12.991+0000] {data_modification.py:83} INFO - Updated row with Video_ID: KzBnQViIBhM
[2026-08-18T18:37:12.994+0000] {data_modification.py:83} INFO - Updated row with Video_ID: 1MrXqUNeXs8
[2026-08-18T18:37:12.998+0000] {data_modification.py:83} INFO - Updated row with Video_ID: pRj0IgzoIEY
[2026-08-18T18:37:13.001+0000] {data_modification.py:83} INFO - Updated row with Video_ID: OYxsopDNe9g
[2026-08-18T18:37:13.005+0000] {data_modification.py:83} INFO - Updated row with Video_ID: prhX-RStuVc
[2026-08-18T18:37:13.009+0000] {data_modification.py:83} INFO - Updated row with Video_ID: 2Gkf7MK6Qmg
[2026-08-18T18:37:13.012+0000] {data_modification.py:83} INFO - Updated row with Video_ID: D74vLgMYOxM
[2026-08-18T18:37:13.016+0000] {data_modification.py:83} INFO - Updated row with Video_ID: ZrcMc-FtzIM
[2026-08-18T18:37:13.019+0000] {data_modification.py:83} INFO - Updated row with Video_ID: EcQOjiVIsNI
[2026-08-18T18:37:13.023+0000] {data_modification.py:83} INFO - Updated row with Video_ID: TCdfCskufks
[2026-08-18T18:37:13.027+0000] {data_modification.py:83} INFO - Updated row with Video_ID: Qly5PzhxOuo
[2026-08-18T18:37:13.030+0000] {data_modification.py:83} INFO - Updated row with Video_ID: xWTGQPUFow4
[2026-08-18T18:37:13.034+0000] {data_modification.py:83} INFO - Updated row with Video_ID: NENj8W71b80
[2026-08-18T18:37:13.038+0000] {data_modification.py:83} INFO - Updated row with Video_ID: 6Y-3OSNaZ_8
[2026-08-18T18:37:13.042+0000] {data_modification.py:83} INFO - Updated row with Video_ID: rdLO-jvanMI
[2026-08-18T18:37:13.046+0000] {data_modification.py:83} INFO - Updated row with Video_ID: Wmt4To1ru-8
[2026-08-18T18:37:13.049+0000] {data_modification.py:83} INFO - Updated row with Video_ID: Q1F59wszZ_M
[2026-08-18T18:37:13.055+0000] {data_modification.py:83} INFO - Updated row with Video_ID: 0xpud4K1olM
[2026-08-18T18:37:13.059+0000] {data_modification.py:83} INFO - Updated row with Video_ID: QwLBIiUnhEQ
[2026-08-18T18:37:13.062+0000] {data_modification.py:83} INFO - Updated row with Video_ID: 1FNnjGa2BrE
[2026-08-18T18:37:13.066+0000] {data_modification.py:83} INFO - Updated row with Video_ID: 8vxoUj3QPSo
[2026-08-18T18:37:13.072+0000] {data_modification.py:83} INFO - Updated row with Video_ID: q4IfGGORAsM
[2026-08-18T18:37:13.076+0000] {data_modification.py:83} INFO - Updated row with Video_ID: 3M_nitkMVRI
[2026-08-18T18:37:13.080+0000] {data_modification.py:83} INFO - Updated row with Video_ID: 93qIuHBRZv8
[2026-08-18T18:37:13.084+0000] {data_modification.py:83} INFO - Updated row with Video_ID: VrOzI3brCqI
[2026-08-18T18:37:13.088+0000] {data_modification.py:83} INFO - Updated row with Video_ID: 6nWMxRV2Y-c
[2026-08-18T18:37:13.092+0000] {data_modification.py:83} INFO - Updated row with Video_ID: cgOLCFsyCCc
[2026-08-18T18:37:13.096+0000] {data_modification.py:83} INFO - Updated row with Video_ID: Vk7GsG5yJZw
[2026-08-18T18:37:13.099+0000] {data_modification.py:83} INFO - Updated row with Video_ID: eN-4wxVgRDc
[2026-08-18T18:37:13.104+0000] {data_modification.py:83} INFO - Updated row with Video_ID: _RQkZIxj9RU
[2026-08-18T18:37:13.107+0000] {data_modification.py:83} INFO - Updated row with Video_ID: by6zuZS5bqY
[2026-08-18T18:37:13.111+0000] {data_modification.py:83} INFO - Updated row with Video_ID: Z--5D2P8Tnc
[2026-08-18T18:37:13.115+0000] {data_modification.py:83} INFO - Updated row with Video_ID: 3A8DXwqzQrw
[2026-08-18T18:37:13.119+0000] {data_modification.py:83} INFO - Updated row with Video_ID: taaKxMXCTtQ
[2026-08-18T18:37:13.123+0000] {data_modification.py:83} INFO - Updated row with Video_ID: WYY5FwiKe-U
[2026-08-18T18:37:13.127+0000] {data_modification.py:83} INFO - Updated row with Video_ID: HgvnD6B-i2g
[2026-08-18T18:37:13.130+0000] {data_modification.py:83} INFO - Updated row with Video_ID: ulvGQLgDC50
[2026-08-18T18:37:13.134+0000] {data_modification.py:83} INFO - Updated row with Video_ID: IIbj03WNMqA
[2026-08-18T18:37:13.138+0000] {data_modification.py:83} INFO - Updated row with Video_ID: HlhAYZszeaA
[2026-08-18T18:37:13.142+0000] {data_modification.py:83} INFO - Updated row with Video_ID: fLx9y6wE0LM
[2026-08-18T18:37:13.146+0000] {data_modification.py:83} INFO - Updated row with Video_ID: oDrrxbQa91Q
[2026-08-18T18:37:13.150+0000] {data_modification.py:83} INFO - Updated row with Video_ID: oqK8mL9yTSE
[2026-08-18T18:37:13.154+0000] {data_modification.py:83} INFO - Updated row with Video_ID: byMjlRUWGcw
[2026-08-18T18:37:13.158+0000] {data_modification.py:83} INFO - Updated row with Video_ID: Xc-y4eTyIQc
[2026-08-18T18:37:13.161+0000] {data_modification.py:83} INFO - Updated row with Video_ID: fVUZy-Exs90
[2026-08-18T18:37:13.165+0000] {data_modification.py:83} INFO - Updated row with Video_ID: DE5n7OiXmqM
[2026-08-18T18:37:13.169+0000] {data_modification.py:83} INFO - Updated row with Video_ID: H_Caofv95a4
[2026-08-18T18:37:13.173+0000] {data_modification.py:83} INFO - Updated row with Video_ID: PxLiZcWOtWI
[2026-08-18T18:37:13.176+0000] {data_modification.py:83} INFO - Updated row with Video_ID: Q3mlNjnRO8w
[2026-08-18T18:37:13.180+0000] {data_modification.py:83} INFO - Updated row with Video_ID: Nb2vCULxnBg
[2026-08-18T18:37:13.184+0000] {data_modification.py:83} INFO - Updated row with Video_ID: b9-Mxcoxx-Q
[2026-08-18T18:37:13.188+0000] {data_modification.py:83} INFO - Updated row with Video_ID: r5Sz5fbd47Y
[2026-08-18T18:37:13.192+0000] {data_modification.py:83} INFO - Updated row with Video_ID: _D4_j8Le8wQ
[2026-08-18T18:37:13.196+0000] {data_modification.py:83} INFO - Updated row with Video_ID: zZ-VeqYPxoA
[2026-08-18T18:37:13.200+0000] {data_modification.py:83} INFO - Updated row with Video_ID: IUcYuYIYJx4
[2026-08-18T18:37:13.204+0000] {data_modification.py:83} INFO - Updated row with Video_ID: Ns0FwvPMoxs
[2026-08-18T18:37:13.209+0000] {data_modification.py:83} INFO - Updated row with Video_ID: obg9zI4XOh4
[2026-08-18T18:37:13.213+0000] {data_modification.py:83} INFO - Updated row with Video_ID: I7Lszu-DEgI
[2026-08-18T18:37:13.216+0000] {data_modification.py:83} INFO - Updated row with Video_ID: 3kavrNtxczk
[2026-08-18T18:37:13.221+0000] {data_modification.py:83} INFO - Updated row with Video_ID: Dhmq-J54x4w
[2026-08-18T18:37:13.225+0000] {data_modification.py:83} INFO - Updated row with Video_ID: mLUL6PR-PlI
[2026-08-18T18:37:13.229+0000] {data_modification.py:83} INFO - Updated row with Video_ID: 3xtKOjd1u0s
[2026-08-18T18:37:13.232+0000] {data_modification.py:83} INFO - Updated row with Video_ID: sWGcF-q-TmQ
[2026-08-18T18:37:13.236+0000] {data_modification.py:83} INFO - Updated row with Video_ID: oiI3ee6j9iE
[2026-08-18T18:37:13.241+0000] {data_modification.py:83} INFO - Updated row with Video_ID: 1zU93qM-_9w
[2026-08-18T18:37:13.245+0000] {data_modification.py:83} INFO - Updated row with Video_ID: VVr-nc0x5zA
[2026-08-18T18:37:13.252+0000] {data_modification.py:83} INFO - Updated row with Video_ID: oFlSkP6QVPA
[2026-08-18T18:37:13.257+0000] {data_modification.py:83} INFO - Updated row with Video_ID: kIgAx6IbdJc
[2026-08-18T18:37:13.260+0000] {data_modification.py:83} INFO - Updated row with Video_ID: -cHsNfVjji0
[2026-08-18T18:37:13.264+0000] {data_modification.py:83} INFO - Updated row with Video_ID: z2GYdWfOv9k
[2026-08-18T18:37:13.268+0000] {data_modification.py:83} INFO - Updated row with Video_ID: 9vuZk2sKpYw
[2026-08-18T18:37:13.272+0000] {data_modification.py:83} INFO - Updated row with Video_ID: AoQ3rgOBztg
[2026-08-18T18:37:13.278+0000] {data_modification.py:83} INFO - Updated row with Video_ID: iFU1TnhXUIY
[2026-08-18T18:37:13.284+0000] {data_modification.py:83} INFO - Updated row with Video_ID: C967tKINYbc
[2026-08-18T18:37:13.288+0000] {data_modification.py:83} INFO - Updated row with Video_ID: VhvVGZuV8CA
[2026-08-18T18:37:13.292+0000] {data_modification.py:83} INFO - Updated row with Video_ID: 7MveV_icI7M
[2026-08-18T18:37:13.296+0000] {data_modification.py:83} INFO - Updated row with Video_ID: EFAzgedovuc
[2026-08-18T18:37:13.300+0000] {data_modification.py:83} INFO - Updated row with Video_ID: 2G9msv5drZ8
[2026-08-18T18:37:13.304+0000] {data_modification.py:83} INFO - Updated row with Video_ID: fiwZsLC4NLQ
[2026-08-18T18:37:13.308+0000] {data_modification.py:83} INFO - Updated row with Video_ID: ur0gZ0HJKlM
[2026-08-18T18:37:13.312+0000] {data_modification.py:83} INFO - Updated row with Video_ID: 6m0eONRGY7I
[2026-08-18T18:37:13.316+0000] {data_modification.py:83} INFO - Updated row with Video_ID: eOsNCC5i-Yg
[2026-08-18T18:37:13.320+0000] {data_modification.py:83} INFO - Updated row with Video_ID: lurDmde6j5Y
[2026-08-18T18:37:13.323+0000] {data_modification.py:83} INFO - Updated row with Video_ID: WeLvfoIH9g4
[2026-08-18T18:37:13.327+0000] {data_modification.py:83} INFO - Updated row with Video_ID: xGUfA5wyNXk
[2026-08-18T18:37:13.331+0000] {data_modification.py:83} INFO - Updated row with Video_ID: 3OK-KJDrFsQ
[2026-08-18T18:37:13.336+0000] {data_modification.py:83} INFO - Updated row with Video_ID: Djg5IVSCE6g
[2026-08-18T18:37:13.341+0000] {data_modification.py:83} INFO - Updated row with Video_ID: hMlimvgFO4E
[2026-08-18T18:37:13.345+0000] {data_modification.py:83} INFO - Updated row with Video_ID: HjWNDtzl2VQ
[2026-08-18T18:37:13.348+0000] {data_modification.py:83} INFO - Updated row with Video_ID: wreJc3xELlY
[2026-08-18T18:37:13.352+0000] {data_modification.py:83} INFO - Updated row with Video_ID: xDZGB_w8WSo
[2026-08-18T18:37:13.355+0000] {data_modification.py:83} INFO - Updated row with Video_ID: nqmrrkUvhRw
[2026-08-18T18:37:13.360+0000] {data_modification.py:83} INFO - Updated row with Video_ID: zbjyO9sBxY0
[2026-08-18T18:37:13.363+0000] {data_modification.py:83} INFO - Updated row with Video_ID: YocX7wfxgxY
[2026-08-18T18:37:13.366+0000] {data_modification.py:83} INFO - Updated row with Video_ID: wIo7IJxsg3A
[2026-08-18T18:37:13.370+0000] {data_modification.py:83} INFO - Updated row with Video_ID: X2zQzB9P3oo
[2026-08-18T18:37:13.373+0000] {data_modification.py:83} INFO - Updated row with Video_ID: avNolvZ02_k
[2026-08-18T18:37:13.378+0000] {data_modification.py:83} INFO - Updated row with Video_ID: a-5MPb27xsA
[2026-08-18T18:37:13.381+0000] {data_modification.py:83} INFO - Updated row with Video_ID: 7QfSoW9bhoA
[2026-08-18T18:37:13.385+0000] {data_modification.py:83} INFO - Updated row with Video_ID: VLVS-0RyLCc
[2026-08-18T18:37:13.388+0000] {data_modification.py:83} INFO - Updated row with Video_ID: UE-U8eSo1cE
[2026-08-18T18:37:13.392+0000] {data_modification.py:83} INFO - Updated row with Video_ID: Kk1WPkBJu0Q
[2026-08-18T18:37:13.396+0000] {data_modification.py:83} INFO - Updated row with Video_ID: EAcqjhtCdXc
[2026-08-18T18:37:13.399+0000] {data_modification.py:83} INFO - Updated row with Video_ID: A45cBv5lt78
[2026-08-18T18:37:13.403+0000] {data_modification.py:83} INFO - Updated row with Video_ID: oTjQ7RtCzMk
[2026-08-18T18:37:13.408+0000] {data_modification.py:83} INFO - Updated row with Video_ID: skdwi6zUoe8
[2026-08-18T18:37:13.411+0000] {data_modification.py:83} INFO - Updated row with Video_ID: VKJa69Taqmc
[2026-08-18T18:37:13.415+0000] {data_modification.py:83} INFO - Updated row with Video_ID: ZmyMaD147H0
[2026-08-18T18:37:13.418+0000] {data_modification.py:83} INFO - Updated row with Video_ID: 6cAvs2qY_7Y
[2026-08-18T18:37:13.422+0000] {data_modification.py:83} INFO - Updated row with Video_ID: eBdHsIrotlg
[2026-08-18T18:37:13.429+0000] {data_modification.py:83} INFO - Updated row with Video_ID: vyfRrgZKtsQ
[2026-08-18T18:37:13.433+0000] {data_modification.py:83} INFO - Updated row with Video_ID: 4MGZXF0TzsQ
[2026-08-18T18:37:13.439+0000] {data_modification.py:83} INFO - Updated row with Video_ID: V0jYfrkNrrE
[2026-08-18T18:37:13.442+0000] {data_modification.py:83} INFO - Updated row with Video_ID: aze9Jsw6-Io
[2026-08-18T18:37:13.446+0000] {data_modification.py:83} INFO - Updated row with Video_ID: hZD4KG7itq0
[2026-08-18T18:37:13.450+0000] {data_modification.py:83} INFO - Updated row with Video_ID: wb1Y3nVQ30U
[2026-08-18T18:37:13.453+0000] {data_modification.py:83} INFO - Updated row with Video_ID: zcU1ZgBikMQ
[2026-08-18T18:37:13.458+0000] {data_modification.py:83} INFO - Updated row with Video_ID: xlfI0hrhAOk
[2026-08-18T18:37:13.462+0000] {data_modification.py:83} INFO - Updated row with Video_ID: w50zliPw6qU
[2026-08-18T18:37:13.465+0000] {data_modification.py:83} INFO - Updated row with Video_ID: fvImHDfXX-o
[2026-08-18T18:37:13.469+0000] {data_modification.py:83} INFO - Updated row with Video_ID: E68aGS1HHjI
[2026-08-18T18:37:13.475+0000] {data_modification.py:83} INFO - Updated row with Video_ID: KDdiQqyeza4
[2026-08-18T18:37:13.478+0000] {data_modification.py:83} INFO - Updated row with Video_ID: xPnbyuAlPOo
[2026-08-18T18:37:13.482+0000] {data_modification.py:83} INFO - Updated row with Video_ID: EPzzl37glaE
[2026-08-18T18:37:13.489+0000] {data_modification.py:83} INFO - Updated row with Video_ID: HVkSGvZi-WY
[2026-08-18T18:37:13.494+0000] {data_modification.py:83} INFO - Updated row with Video_ID: 759CFNJFBHw
[2026-08-18T18:37:13.501+0000] {data_modification.py:83} INFO - Updated row with Video_ID: WwiOhqv6HbY
[2026-08-18T18:37:13.505+0000] {data_modification.py:83} INFO - Updated row with Video_ID: wrU3YU36VIs
[2026-08-18T18:37:13.509+0000] {data_modification.py:83} INFO - Updated row with Video_ID: JRE8mNk9z_A
[2026-08-18T18:37:13.513+0000] {data_modification.py:83} INFO - Updated row with Video_ID: GzY-rSQ7mXM
[2026-08-18T18:37:13.517+0000] {data_modification.py:83} INFO - Updated row with Video_ID: l0n1pC_kAMg
[2026-08-18T18:37:13.521+0000] {data_modification.py:83} INFO - Updated row with Video_ID: IcVYyF3EEbk
[2026-08-18T18:37:13.525+0000] {data_modification.py:83} INFO - Updated row with Video_ID: CBp5YWlOhWA
[2026-08-18T18:37:13.529+0000] {data_modification.py:83} INFO - Updated row with Video_ID: 31aeI_jStow
[2026-08-18T18:37:13.532+0000] {data_modification.py:83} INFO - Updated row with Video_ID: 0B2MddSr_d4
[2026-08-18T18:37:13.537+0000] {data_modification.py:83} INFO - Updated row with Video_ID: xDReFV_IiP8
[2026-08-18T18:37:13.542+0000] {data_modification.py:83} INFO - Updated row with Video_ID: TULEk6tSbow
[2026-08-18T18:37:13.545+0000] {data_modification.py:83} INFO - Updated row with Video_ID: mzVr750c59g
[2026-08-18T18:37:13.550+0000] {data_modification.py:83} INFO - Updated row with Video_ID: M8ICGx4p0lA
[2026-08-18T18:37:13.555+0000] {data_modification.py:83} INFO - Updated row with Video_ID: SJfARPJYf5o
[2026-08-18T18:37:13.559+0000] {data_modification.py:83} INFO - Updated row with Video_ID: J1ZhPDu54NQ
[2026-08-18T18:37:13.562+0000] {data_modification.py:83} INFO - Updated row with Video_ID: now02e4JZvc
[2026-08-18T18:37:13.568+0000] {data_modification.py:83} INFO - Updated row with Video_ID: JepLZh_dMeY
[2026-08-18T18:37:13.575+0000] {data_modification.py:83} INFO - Updated row with Video_ID: EQvsasW4DQk
[2026-08-18T18:37:13.578+0000] {data_modification.py:83} INFO - Updated row with Video_ID: NS_Rp2rfZzw
[2026-08-18T18:37:13.583+0000] {data_modification.py:83} INFO - Updated row with Video_ID: rhrnuT6WWAc
[2026-08-18T18:37:13.587+0000] {data_modification.py:83} INFO - Updated row with Video_ID: 8_1PAFyHQts
[2026-08-18T18:37:13.591+0000] {data_modification.py:83} INFO - Updated row with Video_ID: uPLHmRYlwSk
[2026-08-18T18:37:13.595+0000] {data_modification.py:83} INFO - Updated row with Video_ID: lUr6-SKWi34
[2026-08-18T18:37:13.601+0000] {data_modification.py:83} INFO - Updated row with Video_ID: tXCVotNusIo
[2026-08-18T18:37:13.605+0000] {data_modification.py:83} INFO - Updated row with Video_ID: A4yn0fO5I7I
[2026-08-18T18:37:13.609+0000] {data_modification.py:83} INFO - Updated row with Video_ID: luA2Lz7G3Y0
[2026-08-18T18:37:13.614+0000] {data_modification.py:83} INFO - Updated row with Video_ID: uXsDntYTnhQ
[2026-08-18T18:37:13.618+0000] {data_modification.py:83} INFO - Updated row with Video_ID: ttKMoJsocoI
[2026-08-18T18:37:13.622+0000] {data_modification.py:83} INFO - Updated row with Video_ID: JymeJDFatWA
[2026-08-18T18:37:13.626+0000] {data_modification.py:83} INFO - Updated row with Video_ID: dYApTkZ7mMo
[2026-08-18T18:37:13.630+0000] {data_modification.py:83} INFO - Updated row with Video_ID: fuE_vnFcO-s
[2026-08-18T18:37:13.634+0000] {data_modification.py:83} INFO - Updated row with Video_ID: SfUla62JUzg
[2026-08-18T18:37:13.639+0000] {data_modification.py:83} INFO - Updated row with Video_ID: 7zrclXypbgw
[2026-08-18T18:37:13.643+0000] {data_modification.py:83} INFO - Updated row with Video_ID: zDmG5P1ZCD0
[2026-08-18T18:37:13.646+0000] {data_modification.py:83} INFO - Updated row with Video_ID: 3HSwBzFMRf4
[2026-08-18T18:37:13.650+0000] {data_modification.py:83} INFO - Updated row with Video_ID: eb-OoBupLnI
[2026-08-18T18:37:13.655+0000] {data_modification.py:83} INFO - Updated row with Video_ID: QXHqkMuhjMM
[2026-08-18T18:37:13.659+0000] {data_modification.py:83} INFO - Updated row with Video_ID: p61_lIHiqLg
[2026-08-18T18:37:13.663+0000] {data_modification.py:83} INFO - Updated row with Video_ID: tVIPdoGHtHs
[2026-08-18T18:37:13.666+0000] {data_modification.py:83} INFO - Updated row with Video_ID: CiPjXo63aHs
[2026-08-18T18:37:13.673+0000] {data_modification.py:83} INFO - Updated row with Video_ID: QXQEtn7Aq9Y
[2026-08-18T18:37:13.679+0000] {data_modification.py:83} INFO - Updated row with Video_ID: _rG-It86F68
[2026-08-18T18:37:13.684+0000] {data_modification.py:83} INFO - Updated row with Video_ID: qV2UAoVGtGQ
[2026-08-18T18:37:13.691+0000] {data_modification.py:83} INFO - Updated row with Video_ID: uvquD2ly9PA
[2026-08-18T18:37:13.696+0000] {data_modification.py:83} INFO - Updated row with Video_ID: qYM2-s1tgxI
[2026-08-18T18:37:13.700+0000] {data_modification.py:83} INFO - Updated row with Video_ID: g3jaj4pRfa0
[2026-08-18T18:37:13.704+0000] {data_modification.py:83} INFO - Updated row with Video_ID: enF6hmh1WUM
[2026-08-18T18:37:13.708+0000] {data_modification.py:83} INFO - Updated row with Video_ID: Rexkzm0Rt0w
[2026-08-18T18:37:13.712+0000] {data_modification.py:83} INFO - Updated row with Video_ID: Agee-PD6lv8
[2026-08-18T18:37:13.715+0000] {data_modification.py:83} INFO - Updated row with Video_ID: iUfqcpLWkOw
[2026-08-18T18:37:13.719+0000] {data_modification.py:83} INFO - Updated row with Video_ID: Bt1anVVGljw
[2026-08-18T18:37:13.724+0000] {data_modification.py:83} INFO - Updated row with Video_ID: AmEsmyasukk
[2026-08-18T18:37:13.728+0000] {data_modification.py:83} INFO - Updated row with Video_ID: oMi5faaPLaY
[2026-08-18T18:37:13.732+0000] {data_modification.py:83} INFO - Updated row with Video_ID: MC3tMhVWjBQ
[2026-08-18T18:37:13.735+0000] {data_modification.py:83} INFO - Updated row with Video_ID: pouaXB21PN4
[2026-08-18T18:37:13.741+0000] {data_modification.py:83} INFO - Updated row with Video_ID: A8Uj0as16Ek
[2026-08-18T18:37:13.745+0000] {data_modification.py:83} INFO - Updated row with Video_ID: FKqiRUuDNcI
[2026-08-18T18:37:13.748+0000] {data_modification.py:83} INFO - Updated row with Video_ID: bQEh6KF6qDo
[2026-08-18T18:37:13.753+0000] {data_modification.py:83} INFO - Updated row with Video_ID: kqOmz7rCeUQ
[2026-08-18T18:37:13.757+0000] {data_modification.py:83} INFO - Updated row with Video_ID: 4dg5tIELgIQ
[2026-08-18T18:37:13.760+0000] {data_modification.py:83} INFO - Updated row with Video_ID: ZaOb1lxa11k
[2026-08-18T18:37:13.764+0000] {data_modification.py:83} INFO - Updated row with Video_ID: tkq53He5l3I
[2026-08-18T18:37:13.767+0000] {data_modification.py:83} INFO - Updated row with Video_ID: eXATeCmTXow
[2026-08-18T18:37:13.775+0000] {data_modification.py:83} INFO - Updated row with Video_ID: MBEvuz2g90g
[2026-08-18T18:37:13.786+0000] {data_modification.py:83} INFO - Updated row with Video_ID: Ma42RCWeYC4
[2026-08-18T18:37:13.793+0000] {data_modification.py:83} INFO - Updated row with Video_ID: xmOhtSW6zbg
[2026-08-18T18:37:13.801+0000] {data_modification.py:83} INFO - Updated row with Video_ID: joqSgsDFqPU
[2026-08-18T18:37:13.807+0000] {data_modification.py:83} INFO - Updated row with Video_ID: 4VWTy5DgxkQ
[2026-08-18T18:37:13.811+0000] {data_modification.py:83} INFO - Updated row with Video_ID: 492s4LfyVKI
[2026-08-18T18:37:13.814+0000] {data_modification.py:83} INFO - Updated row with Video_ID: AemmYF6eKRI
[2026-08-18T18:37:13.819+0000] {data_modification.py:83} INFO - Updated row with Video_ID: tf4OAmRhk38
[2026-08-18T18:37:13.822+0000] {data_modification.py:83} INFO - Updated row with Video_ID: Nr75yJ_nXnQ
[2026-08-18T18:37:13.826+0000] {data_modification.py:83} INFO - Updated row with Video_ID: RIA4RuAz9gE
[2026-08-18T18:37:13.829+0000] {data_modification.py:83} INFO - Updated row with Video_ID: -jpW6NbVD9c
[2026-08-18T18:37:13.832+0000] {data_modification.py:83} INFO - Updated row with Video_ID: vmxpCInDXiY
[2026-08-18T18:37:13.836+0000] {data_modification.py:83} INFO - Updated row with Video_ID: RKoj_ATMags
[2026-08-18T18:37:13.839+0000] {data_modification.py:83} INFO - Updated row with Video_ID: ImLCP-O8q6s
[2026-08-18T18:37:13.843+0000] {data_modification.py:83} INFO - Updated row with Video_ID: bFJ1lJ9z_mk
[2026-08-18T18:37:13.846+0000] {data_modification.py:83} INFO - Updated row with Video_ID: Dn1euPfaNU8
[2026-08-18T18:37:13.854+0000] {data_modification.py:83} INFO - Updated row with Video_ID: pHJ2jUkCCvw
[2026-08-18T18:37:13.858+0000] {data_modification.py:83} INFO - Updated row with Video_ID: wPsJsB-5Ts4
[2026-08-18T18:37:13.861+0000] {data_modification.py:83} INFO - Updated row with Video_ID: sa9Pc5S5YS4
[2026-08-18T18:37:13.866+0000] {data_modification.py:83} INFO - Updated row with Video_ID: xPftLsZeKSg
[2026-08-18T18:37:13.869+0000] {data_modification.py:83} INFO - Updated row with Video_ID: 2RwsBtJV4SE
[2026-08-18T18:37:13.872+0000] {data_modification.py:83} INFO - Updated row with Video_ID: 6w_Qtt_7-dA
[2026-08-18T18:37:13.876+0000] {data_modification.py:83} INFO - Updated row with Video_ID: JGqjQlHtt3o
[2026-08-18T18:37:13.881+0000] {data_modification.py:83} INFO - Updated row with Video_ID: CVYqJTzgKjA
[2026-08-18T18:37:13.885+0000] {data_modification.py:83} INFO - Updated row with Video_ID: J_Aza9lWRI8
[2026-08-18T18:37:13.888+0000] {data_modification.py:83} INFO - Updated row with Video_ID: l5JR6vP0kWE
[2026-08-18T18:37:13.891+0000] {data_modification.py:83} INFO - Updated row with Video_ID: _T1Dxxk5QDw
[2026-08-18T18:37:13.896+0000] {data_modification.py:83} INFO - Updated row with Video_ID: x289oQsxu0s
[2026-08-18T18:37:13.900+0000] {data_modification.py:83} INFO - Updated row with Video_ID: gndV_d_Q1SE
[2026-08-18T18:37:13.903+0000] {data_modification.py:83} INFO - Updated row with Video_ID: BBaF8kH_qtI
[2026-08-18T18:37:13.907+0000] {data_modification.py:83} INFO - Updated row with Video_ID: jnd5eSwvKNA
[2026-08-18T18:37:13.910+0000] {data_modification.py:83} INFO - Updated row with Video_ID: 8H6nu67Rt3g
[2026-08-18T18:37:13.914+0000] {data_modification.py:83} INFO - Updated row with Video_ID: Ei5wKpfVFwE
[2026-08-18T18:37:13.917+0000] {data_modification.py:83} INFO - Updated row with Video_ID: cTTf0AdRZgg
[2026-08-18T18:37:13.921+0000] {data_modification.py:83} INFO - Updated row with Video_ID: hrwce8RrPvU
[2026-08-18T18:37:13.924+0000] {data_modification.py:83} INFO - Updated row with Video_ID: h_EbSqu8KI4
[2026-08-18T18:37:13.928+0000] {data_modification.py:83} INFO - Updated row with Video_ID: mPWN1YjoIR4
[2026-08-18T18:37:13.932+0000] {data_modification.py:83} INFO - Updated row with Video_ID: x1Dn-vH3xUk
[2026-08-18T18:37:13.935+0000] {data_modification.py:83} INFO - Updated row with Video_ID: fgtZyDVRydM
[2026-08-18T18:37:13.939+0000] {data_modification.py:83} INFO - Updated row with Video_ID: 9shZkA9eHbs
[2026-08-18T18:37:13.946+0000] {data_modification.py:83} INFO - Updated row with Video_ID: JQ2L-X1uHIA
[2026-08-18T18:37:13.950+0000] {data_modification.py:83} INFO - Updated row with Video_ID: xnu2k33WREU
[2026-08-18T18:37:13.954+0000] {data_modification.py:83} INFO - Updated row with Video_ID: ftkacJowya0
[2026-08-18T18:37:13.959+0000] {data_modification.py:83} INFO - Updated row with Video_ID: 3HHUG3ULqMU
[2026-08-18T18:37:13.964+0000] {data_modification.py:83} INFO - Updated row with Video_ID: xBb861qwUJw
[2026-08-18T18:37:13.968+0000] {data_modification.py:83} INFO - Updated row with Video_ID: pkoVK28g9G8
[2026-08-18T18:37:13.971+0000] {data_modification.py:83} INFO - Updated row with Video_ID: DNs5dtB19T8
[2026-08-18T18:37:13.976+0000] {data_modification.py:83} INFO - Updated row with Video_ID: c2RH7394ELk
[2026-08-18T18:37:13.979+0000] {data_modification.py:83} INFO - Updated row with Video_ID: fGn715C4N3E
[2026-08-18T18:37:13.983+0000] {data_modification.py:83} INFO - Updated row with Video_ID: hDagG-59YNQ
[2026-08-18T18:37:13.986+0000] {data_modification.py:83} INFO - Updated row with Video_ID: TOuKjdfW1fs
[2026-08-18T18:37:13.993+0000] {data_modification.py:83} INFO - Updated row with Video_ID: ejbZMMc3QfY
[2026-08-18T18:37:13.997+0000] {data_modification.py:83} INFO - Updated row with Video_ID: VlLmkcCJvJI
[2026-08-18T18:37:14.000+0000] {data_modification.py:83} INFO - Updated row with Video_ID: lG7RDMtqys8
[2026-08-18T18:37:14.003+0000] {data_modification.py:83} INFO - Updated row with Video_ID: 3L-YK9bxkvM
[2026-08-18T18:37:14.008+0000] {data_modification.py:83} INFO - Updated row with Video_ID: 3y36CF802UQ
[2026-08-18T18:37:14.011+0000] {data_modification.py:83} INFO - Updated row with Video_ID: q_OWmiA6s5M
[2026-08-18T18:37:14.015+0000] {data_modification.py:83} INFO - Updated row with Video_ID: nI4cOKPJggc
[2026-08-18T18:37:14.018+0000] {data_modification.py:83} INFO - Updated row with Video_ID: 2_TeKCgKAhU
[2026-08-18T18:37:14.023+0000] {data_modification.py:83} INFO - Updated row with Video_ID: _1-YXcDFvrY
[2026-08-18T18:37:14.027+0000] {data_modification.py:83} INFO - Updated row with Video_ID: uVt9Z7cc-HM
[2026-08-18T18:37:14.030+0000] {data_modification.py:83} INFO - Updated row with Video_ID: ig5eSf34aPo
[2026-08-18T18:37:14.033+0000] {data_modification.py:83} INFO - Updated row with Video_ID: XD0120rHefw
[2026-08-18T18:37:14.037+0000] {data_modification.py:83} INFO - Updated row with Video_ID: P7ixCjnFdoM
[2026-08-18T18:37:14.040+0000] {data_modification.py:83} INFO - Updated row with Video_ID: 67E7TwHJBQg
[2026-08-18T18:37:14.043+0000] {data_modification.py:83} INFO - Updated row with Video_ID: Gojc2laTkXE
[2026-08-18T18:37:14.047+0000] {data_modification.py:83} INFO - Updated row with Video_ID: TI0NPxpf04M
[2026-08-18T18:37:14.050+0000] {data_modification.py:83} INFO - Updated row with Video_ID: 9wh8OWt9hFg
[2026-08-18T18:37:14.054+0000] {data_modification.py:83} INFO - Updated row with Video_ID: czPuGesEcYE
[2026-08-18T18:37:14.057+0000] {data_modification.py:83} INFO - Updated row with Video_ID: yDVAnmaF9zI
[2026-08-18T18:37:14.060+0000] {data_modification.py:83} INFO - Updated row with Video_ID: haKbuoiGVyw
[2026-08-18T18:37:14.063+0000] {data_modification.py:83} INFO - Updated row with Video_ID: utSvq5v7uHo
[2026-08-18T18:37:14.067+0000] {data_modification.py:83} INFO - Updated row with Video_ID: vi3xTTdzvPU
[2026-08-18T18:37:14.071+0000] {data_modification.py:83} INFO - Updated row with Video_ID: za7f59vO5sQ
[2026-08-18T18:37:14.074+0000] {data_modification.py:83} INFO - Updated row with Video_ID: SIAHGesRHa8
[2026-08-18T18:37:14.077+0000] {data_modification.py:83} INFO - Updated row with Video_ID: xLKGl4YzpnY
[2026-08-18T18:37:14.081+0000] {data_modification.py:83} INFO - Updated row with Video_ID: xWiFsMrcziA
[2026-08-18T18:37:14.084+0000] {data_modification.py:83} INFO - Updated row with Video_ID: Uw0zsQ1sDmY
[2026-08-18T18:37:14.087+0000] {data_modification.py:83} INFO - Updated row with Video_ID: 6vm0PEQS6U8
[2026-08-18T18:37:14.091+0000] {data_modification.py:83} INFO - Updated row with Video_ID: fm5F7sLj1lQ
[2026-08-18T18:37:14.094+0000] {data_modification.py:83} INFO - Updated row with Video_ID: 2cPULlGYs4o
[2026-08-18T18:37:14.102+0000] {data_modification.py:83} INFO - Updated row with Video_ID: YN_jEgf4mfA
[2026-08-18T18:37:14.108+0000] {data_modification.py:83} INFO - Updated row with Video_ID: MntIwzr9tdY
[2026-08-18T18:37:14.112+0000] {data_modification.py:83} INFO - Updated row with Video_ID: MqZkn0J4TU0
[2026-08-18T18:37:14.117+0000] {data_modification.py:83} INFO - Updated row with Video_ID: dBgVb4QX1dA
[2026-08-18T18:37:14.121+0000] {data_modification.py:83} INFO - Updated row with Video_ID: 7J4cJXWTgyk
[2026-08-18T18:37:14.125+0000] {data_modification.py:83} INFO - Updated row with Video_ID: DGEJ-6w3RwM
[2026-08-18T18:37:14.129+0000] {data_modification.py:83} INFO - Updated row with Video_ID: fgpeopy-Zoc
[2026-08-18T18:37:14.132+0000] {data_modification.py:83} INFO - Updated row with Video_ID: BNzg_64gMTY
[2026-08-18T18:37:14.136+0000] {data_modification.py:83} INFO - Updated row with Video_ID: Q58rjLBuzfg
[2026-08-18T18:37:14.140+0000] {data_modification.py:83} INFO - Updated row with Video_ID: OXHeXvn4dlI
[2026-08-18T18:37:14.145+0000] {data_modification.py:83} INFO - Updated row with Video_ID: dCiKQUQPK7g
[2026-08-18T18:37:14.149+0000] {data_modification.py:83} INFO - Updated row with Video_ID: _buH7F-dupc
[2026-08-18T18:37:14.153+0000] {data_modification.py:83} INFO - Updated row with Video_ID: nMFiimlxMrg
[2026-08-18T18:37:14.157+0000] {data_modification.py:83} INFO - Updated row with Video_ID: REoyEQf96CY
[2026-08-18T18:37:14.160+0000] {data_modification.py:83} INFO - Updated row with Video_ID: mPW7UEOjuoY
[2026-08-18T18:37:14.164+0000] {data_modification.py:83} INFO - Updated row with Video_ID: Wf4effmhu7o
[2026-08-18T18:37:14.168+0000] {data_modification.py:83} INFO - Updated row with Video_ID: pzKCy5D9q4I
[2026-08-18T18:37:14.172+0000] {data_modification.py:83} INFO - Updated row with Video_ID: 9WnEdjOiGRg
[2026-08-18T18:37:14.176+0000] {data_modification.py:83} INFO - Updated row with Video_ID: Auuz2iswkLo
[2026-08-18T18:37:14.179+0000] {data_modification.py:83} INFO - Updated row with Video_ID: A3j7splgeps
[2026-08-18T18:37:14.183+0000] {data_modification.py:83} INFO - Updated row with Video_ID: 6TWITfCWZe8
[2026-08-18T18:37:14.187+0000] {data_modification.py:83} INFO - Updated row with Video_ID: dVuU8TFoRks
[2026-08-18T18:37:14.191+0000] {data_modification.py:83} INFO - Updated row with Video_ID: 1iJszjLAvW8
[2026-08-18T18:37:14.194+0000] {data_modification.py:83} INFO - Updated row with Video_ID: _VGzQ69WWVc
[2026-08-18T18:37:14.198+0000] {data_modification.py:83} INFO - Updated row with Video_ID: 8SoxJPEa7S8
[2026-08-18T18:37:14.202+0000] {data_modification.py:83} INFO - Updated row with Video_ID: W-d9OjIdsKE
[2026-08-18T18:37:14.206+0000] {data_modification.py:83} INFO - Updated row with Video_ID: UnsgpjNn-bg
[2026-08-18T18:37:14.210+0000] {data_modification.py:83} INFO - Updated row with Video_ID: GDDj_RFDHyk
[2026-08-18T18:37:14.215+0000] {data_modification.py:83} INFO - Updated row with Video_ID: a0nvGgLC5F8
[2026-08-18T18:37:14.218+0000] {data_modification.py:83} INFO - Updated row with Video_ID: cVQQvqiHOdA
[2026-08-18T18:37:14.223+0000] {data_modification.py:83} INFO - Updated row with Video_ID: n0XTK-DXIbQ
[2026-08-18T18:37:14.226+0000] {data_modification.py:83} INFO - Updated row with Video_ID: Wo7lxA8sfvY
[2026-08-18T18:37:14.230+0000] {data_modification.py:83} INFO - Updated row with Video_ID: Z6BkqyPvbQY
[2026-08-18T18:37:14.234+0000] {data_modification.py:83} INFO - Updated row with Video_ID: YSv-1whya24
[2026-08-18T18:37:14.238+0000] {data_modification.py:83} INFO - Updated row with Video_ID: hoPUCp7viCA
[2026-08-18T18:37:14.242+0000] {data_modification.py:83} INFO - Updated row with Video_ID: yHE9_YfVLtg
[2026-08-18T18:37:14.245+0000] {data_modification.py:83} INFO - Updated row with Video_ID: WUvY2H8KcRw
[2026-08-18T18:37:14.249+0000] {data_modification.py:83} INFO - Updated row with Video_ID: QsoytcbiqQI
[2026-08-18T18:37:14.253+0000] {data_modification.py:83} INFO - Updated row with Video_ID: a_wJqpdnbjk
[2026-08-18T18:37:14.256+0000] {data_modification.py:83} INFO - Updated row with Video_ID: 69NF_4T6Bqk
[2026-08-18T18:37:14.260+0000] {data_modification.py:83} INFO - Updated row with Video_ID: izugGKtCqOE
[2026-08-18T18:37:14.263+0000] {data_modification.py:83} INFO - Updated row with Video_ID: v8ZiCRCjGRM
[2026-08-18T18:37:14.267+0000] {data_modification.py:83} INFO - Updated row with Video_ID: 3dFpYgziO_0
[2026-08-18T18:37:14.270+0000] {data_modification.py:83} INFO - Updated row with Video_ID: nyxtW124WR4
[2026-08-18T18:37:14.273+0000] {data_modification.py:83} INFO - Updated row with Video_ID: yjxkMITf_cU
[2026-08-18T18:37:14.276+0000] {data_modification.py:83} INFO - Updated row with Video_ID: CXKEFQV17xI
[2026-08-18T18:37:14.280+0000] {data_modification.py:83} INFO - Updated row with Video_ID: G_59TjTkVVM
[2026-08-18T18:37:14.283+0000] {data_modification.py:83} INFO - Updated row with Video_ID: VgvFaNkJFY4
[2026-08-18T18:37:14.286+0000] {data_modification.py:83} INFO - Updated row with Video_ID: I_88dj8f-lA
[2026-08-18T18:37:14.290+0000] {data_modification.py:83} INFO - Updated row with Video_ID: 4S7Ra3PXXgQ
[2026-08-18T18:37:14.293+0000] {data_modification.py:83} INFO - Updated row with Video_ID: ISctWPEzbdY
[2026-08-18T18:37:14.297+0000] {data_modification.py:83} INFO - Updated row with Video_ID: FDLcUMy9yKw
[2026-08-18T18:37:14.305+0000] {data_modification.py:83} INFO - Updated row with Video_ID: OldGFW9QyqQ
[2026-08-18T18:37:14.309+0000] {data_modification.py:83} INFO - Updated row with Video_ID: ZoJ-yfzO9xk
[2026-08-18T18:37:14.313+0000] {data_modification.py:83} INFO - Updated row with Video_ID: j3Q1Ifq5w6A
[2026-08-18T18:37:14.317+0000] {data_modification.py:83} INFO - Updated row with Video_ID: ntTs0xLtp5s
[2026-08-18T18:37:14.321+0000] {data_modification.py:83} INFO - Updated row with Video_ID: wwBG3rOq5Pc
[2026-08-18T18:37:14.325+0000] {data_modification.py:83} INFO - Updated row with Video_ID: bXPNvKlQHxU
[2026-08-18T18:37:14.330+0000] {data_modification.py:83} INFO - Updated row with Video_ID: p8FwtNUYB_g
[2026-08-18T18:37:14.334+0000] {data_modification.py:83} INFO - Updated row with Video_ID: 0O1TWkzahmg
[2026-08-18T18:37:14.337+0000] {data_modification.py:83} INFO - Updated row with Video_ID: sf8MF9p_6cA
[2026-08-18T18:37:14.341+0000] {data_modification.py:83} INFO - Updated row with Video_ID: J0hzebq4_Sc
[2026-08-18T18:37:14.347+0000] {data_modification.py:83} INFO - Updated row with Video_ID: emQ7INjw_TA
[2026-08-18T18:37:14.351+0000] {data_modification.py:83} INFO - Updated row with Video_ID: LDJY6Eblmg8
[2026-08-18T18:37:14.355+0000] {data_modification.py:83} INFO - Updated row with Video_ID: GcUHgZ_g5sM
[2026-08-18T18:37:14.358+0000] {data_modification.py:83} INFO - Updated row with Video_ID: XtYpdXY_jaM
[2026-08-18T18:37:14.362+0000] {data_modification.py:83} INFO - Updated row with Video_ID: hHv_JrqShI0
[2026-08-18T18:37:14.367+0000] {data_modification.py:83} INFO - Updated row with Video_ID: xK0bnNoi5ng
[2026-08-18T18:37:14.371+0000] {data_modification.py:83} INFO - Updated row with Video_ID: x9ICVBEsds4
[2026-08-18T18:37:14.375+0000] {data_modification.py:83} INFO - Updated row with Video_ID: bQuNl812VqI
[2026-08-18T18:37:14.379+0000] {data_modification.py:83} INFO - Updated row with Video_ID: cfvLgrMYWKo
[2026-08-18T18:37:14.383+0000] {data_modification.py:83} INFO - Updated row with Video_ID: neHM7BTYt4w
[2026-08-18T18:37:14.386+0000] {data_modification.py:83} INFO - Updated row with Video_ID: HgYQo5rvehE
[2026-08-18T18:37:14.390+0000] {data_modification.py:83} INFO - Updated row with Video_ID: 9OmZ9qey3Uo
[2026-08-18T18:37:14.394+0000] {data_modification.py:83} INFO - Updated row with Video_ID: wwJiHKP2pqc
[2026-08-18T18:37:14.397+0000] {data_modification.py:83} INFO - Updated row with Video_ID: wP451vIfOUs
[2026-08-18T18:37:14.401+0000] {data_modification.py:83} INFO - Updated row with Video_ID: J0F_5jgpD3k
[2026-08-18T18:37:14.404+0000] {data_modification.py:83} INFO - Updated row with Video_ID: 2x74tCGdy70
[2026-08-18T18:37:14.408+0000] {data_modification.py:83} INFO - Updated row with Video_ID: 0Vzt3XU89kM
[2026-08-18T18:37:14.412+0000] {data_modification.py:83} INFO - Updated row with Video_ID: Iq0yOm1lQNw
[2026-08-18T18:37:14.415+0000] {data_modification.py:83} INFO - Updated row with Video_ID: FeTRrdIpt3Y
[2026-08-18T18:37:14.418+0000] {data_modification.py:83} INFO - Updated row with Video_ID: 44NHPhSyo9M
[2026-08-18T18:37:14.422+0000] {data_modification.py:83} INFO - Updated row with Video_ID: istaIJhPQBE
[2026-08-18T18:37:14.425+0000] {data_modification.py:83} INFO - Updated row with Video_ID: aPyJeZtol9s
[2026-08-18T18:37:14.428+0000] {data_modification.py:83} INFO - Updated row with Video_ID: YIqtehachHc
[2026-08-18T18:37:14.431+0000] {data_modification.py:83} INFO - Updated row with Video_ID: TuGb_gi7WTA
[2026-08-18T18:37:14.435+0000] {data_modification.py:83} INFO - Updated row with Video_ID: Vojf-725Yp8
[2026-08-18T18:37:14.439+0000] {data_modification.py:83} INFO - Updated row with Video_ID: viYbNIbe3FQ
[2026-08-18T18:37:14.443+0000] {data_modification.py:83} INFO - Updated row with Video_ID: twGPQS3XNsw
[2026-08-18T18:37:14.446+0000] {data_modification.py:83} INFO - Updated row with Video_ID: fccNB-chRQA
[2026-08-18T18:37:14.449+0000] {data_modification.py:83} INFO - Updated row with Video_ID: Qe8Rj9pnmT0
[2026-08-18T18:37:14.453+0000] {data_modification.py:83} INFO - Updated row with Video_ID: 8a2w-yH1zSI
[2026-08-18T18:37:14.457+0000] {data_modification.py:83} INFO - Updated row with Video_ID: JlnvNXvttms
[2026-08-18T18:37:14.460+0000] {data_modification.py:83} INFO - Updated row with Video_ID: D_SidjbHoGo
[2026-08-18T18:37:14.463+0000] {data_modification.py:83} INFO - Updated row with Video_ID: qskb5J36pfg
[2026-08-18T18:37:14.467+0000] {data_modification.py:83} INFO - Updated row with Video_ID: 1s5L3HjuXgA
[2026-08-18T18:37:14.471+0000] {data_modification.py:83} INFO - Updated row with Video_ID: zRdG1g3VPL0
[2026-08-18T18:37:14.474+0000] {data_modification.py:83} INFO - Updated row with Video_ID: SudbvSEaq0g
[2026-08-18T18:37:14.477+0000] {data_modification.py:83} INFO - Updated row with Video_ID: lpL8Jjt4kHk
[2026-08-18T18:37:14.481+0000] {data_modification.py:83} INFO - Updated row with Video_ID: HQsgpz9lFS0
[2026-08-18T18:37:14.484+0000] {data_modification.py:83} INFO - Updated row with Video_ID: KnoflIre5gE
[2026-08-18T18:37:14.488+0000] {data_modification.py:83} INFO - Updated row with Video_ID: nxIlyaYPAdE
[2026-08-18T18:37:14.491+0000] {data_modification.py:83} INFO - Updated row with Video_ID: NEwZHhI2Rj0
[2026-08-18T18:37:14.495+0000] {data_modification.py:83} INFO - Updated row with Video_ID: BR8YaRs-7y8
[2026-08-18T18:37:14.498+0000] {data_modification.py:83} INFO - Updated row with Video_ID: 9oN9hg0AdQw
[2026-08-18T18:37:14.502+0000] {data_modification.py:83} INFO - Updated row with Video_ID: tjOHZo1KJ9M
[2026-08-18T18:37:14.505+0000] {data_modification.py:83} INFO - Updated row with Video_ID: qxsY1VdWnfM
[2026-08-18T18:37:14.509+0000] {data_modification.py:83} INFO - Updated row with Video_ID: XsRNSxYi5SU
[2026-08-18T18:37:14.512+0000] {data_modification.py:83} INFO - Updated row with Video_ID: 06gtxUgm1N4
[2026-08-18T18:37:14.515+0000] {data_modification.py:83} INFO - Updated row with Video_ID: hPOnZMYbVaw
[2026-08-18T18:37:14.519+0000] {data_modification.py:83} INFO - Updated row with Video_ID: NCcnO58YeN0
[2026-08-18T18:37:14.522+0000] {data_modification.py:83} INFO - Updated row with Video_ID: X02KQwmeHss
[2026-08-18T18:37:14.526+0000] {data_modification.py:83} INFO - Updated row with Video_ID: qdnIpBr25dY
[2026-08-18T18:37:14.529+0000] {data_modification.py:83} INFO - Updated row with Video_ID: kxnH_mpq32w
[2026-08-18T18:37:14.532+0000] {data_modification.py:83} INFO - Updated row with Video_ID: vX_DwNI-lzA
[2026-08-18T18:37:14.535+0000] {data_modification.py:83} INFO - Updated row with Video_ID: be4p7rU_VKA
[2026-08-18T18:37:14.539+0000] {data_modification.py:83} INFO - Updated row with Video_ID: asiCNI82CcM
[2026-08-18T18:37:14.542+0000] {data_modification.py:83} INFO - Updated row with Video_ID: LhSDWTBqjKY
[2026-08-18T18:37:14.546+0000] {data_modification.py:83} INFO - Updated row with Video_ID: APy64ETlRaM
[2026-08-18T18:37:14.550+0000] {data_modification.py:83} INFO - Updated row with Video_ID: GJRQe0ISQUs
[2026-08-18T18:37:14.554+0000] {data_modification.py:83} INFO - Updated row with Video_ID: VzJQ1ommLW8
[2026-08-18T18:37:14.559+0000] {data_modification.py:83} INFO - Updated row with Video_ID: NK42Cgib4qQ
[2026-08-18T18:37:14.563+0000] {data_modification.py:83} INFO - Updated row with Video_ID: defZKYz7FuQ
[2026-08-18T18:37:14.567+0000] {data_modification.py:83} INFO - Updated row with Video_ID: h27qa9QX6EA
[2026-08-18T18:37:14.572+0000] {data_modification.py:83} INFO - Updated row with Video_ID: 36JY4X0082k
[2026-08-18T18:37:14.576+0000] {data_modification.py:83} INFO - Updated row with Video_ID: ihfJh8dv8mU
[2026-08-18T18:37:14.579+0000] {data_modification.py:83} INFO - Updated row with Video_ID: pOhpTCT4pWM
[2026-08-18T18:37:14.583+0000] {data_modification.py:83} INFO - Updated row with Video_ID: a4y7Bs_F8sU
[2026-08-18T18:37:14.587+0000] {data_modification.py:83} INFO - Updated row with Video_ID: qDzJuXoTN1Y
[2026-08-18T18:37:14.591+0000] {data_modification.py:83} INFO - Updated row with Video_ID: wVlEMD0THH8
[2026-08-18T18:37:14.594+0000] {data_modification.py:83} INFO - Updated row with Video_ID: EJ79VvL-p6w
[2026-08-18T18:37:14.598+0000] {data_modification.py:83} INFO - Updated row with Video_ID: iJyafEAUCsw
[2026-08-18T18:37:14.601+0000] {data_modification.py:83} INFO - Updated row with Video_ID: aRqCbCxxmbg
[2026-08-18T18:37:14.605+0000] {data_modification.py:83} INFO - Updated row with Video_ID: MRTU5lqpJi4
[2026-08-18T18:37:14.609+0000] {data_modification.py:83} INFO - Updated row with Video_ID: yoP_Mzu4Hf4
[2026-08-18T18:37:14.612+0000] {data_modification.py:83} INFO - Updated row with Video_ID: 0A6fmURqD8s
[2026-08-18T18:37:14.616+0000] {data_modification.py:83} INFO - Updated row with Video_ID: HL-kSqgABh8
[2026-08-18T18:37:14.619+0000] {data_modification.py:83} INFO - Updated row with Video_ID: ux9rf-TDYlQ
[2026-08-18T18:37:14.623+0000] {data_modification.py:83} INFO - Updated row with Video_ID: u6ugEgTUhUA
[2026-08-18T18:37:14.627+0000] {data_modification.py:83} INFO - Updated row with Video_ID: 4ijOv6-Fh_k
[2026-08-18T18:37:14.632+0000] {data_modification.py:83} INFO - Updated row with Video_ID: 8WiTgb23Rc8
[2026-08-18T18:37:14.636+0000] {data_modification.py:83} INFO - Updated row with Video_ID: hU0-5ta4ly8
[2026-08-18T18:37:14.640+0000] {data_modification.py:83} INFO - Updated row with Video_ID: 3FNZD254Gjg
[2026-08-18T18:37:14.643+0000] {data_modification.py:83} INFO - Updated row with Video_ID: 89SJQC7E_SU
[2026-08-18T18:37:14.647+0000] {data_modification.py:83} INFO - Updated row with Video_ID: hRM6Y4FZ-C8
[2026-08-18T18:37:14.650+0000] {data_modification.py:83} INFO - Updated row with Video_ID: Z3Vhm65rOZ8
[2026-08-18T18:37:14.655+0000] {data_modification.py:83} INFO - Updated row with Video_ID: QjPu0hmJ0iI
[2026-08-18T18:37:14.658+0000] {data_modification.py:83} INFO - Updated row with Video_ID: UX_4AEJrjm8
[2026-08-18T18:37:14.662+0000] {data_modification.py:83} INFO - Updated row with Video_ID: mVZKSwuRXFY
[2026-08-18T18:37:14.665+0000] {data_modification.py:83} INFO - Updated row with Video_ID: yqr-KzthawQ
[2026-08-18T18:37:14.669+0000] {data_modification.py:83} INFO - Updated row with Video_ID: EHkK4IyF6IM
[2026-08-18T18:37:14.672+0000] {data_modification.py:83} INFO - Updated row with Video_ID: rvhBKC5pJ9c
[2026-08-18T18:37:14.676+0000] {data_modification.py:83} INFO - Updated row with Video_ID: t3vahm6Qlu0
[2026-08-18T18:37:14.679+0000] {data_modification.py:83} INFO - Updated row with Video_ID: QIq3BjQPQOE
[2026-08-18T18:37:14.683+0000] {data_modification.py:83} INFO - Updated row with Video_ID: rvU5W_3OB7Q
[2026-08-18T18:37:14.686+0000] {data_modification.py:83} INFO - Updated row with Video_ID: e09x4LCXjqo
[2026-08-18T18:37:14.690+0000] {data_modification.py:83} INFO - Updated row with Video_ID: Ss9kCtoCPp8
[2026-08-18T18:37:14.693+0000] {data_modification.py:83} INFO - Updated row with Video_ID: eUyjPEYEzxA
[2026-08-18T18:37:14.696+0000] {data_modification.py:83} INFO - Updated row with Video_ID: K-zLsThnOf4
[2026-08-18T18:37:14.700+0000] {data_modification.py:83} INFO - Updated row with Video_ID: 6MXACxDrS-4
[2026-08-18T18:37:14.703+0000] {data_modification.py:83} INFO - Updated row with Video_ID: uANezHSh8P8
[2026-08-18T18:37:14.706+0000] {data_modification.py:83} INFO - Updated row with Video_ID: dymMZdWBwZQ
[2026-08-18T18:37:14.710+0000] {data_modification.py:83} INFO - Updated row with Video_ID: 2IZKVUcFFnM
[2026-08-18T18:37:14.713+0000] {data_modification.py:83} INFO - Updated row with Video_ID: banfLtY0dCM
[2026-08-18T18:37:14.716+0000] {data_modification.py:83} INFO - Updated row with Video_ID: 45H1SoadRxM
[2026-08-18T18:37:14.720+0000] {data_modification.py:83} INFO - Updated row with Video_ID: OyWahSZkAeQ
[2026-08-18T18:37:14.723+0000] {data_modification.py:83} INFO - Updated row with Video_ID: CO12pFdVOGc
[2026-08-18T18:37:14.727+0000] {data_modification.py:83} INFO - Updated row with Video_ID: GzPeSFykqdg
[2026-08-18T18:37:14.730+0000] {data_modification.py:83} INFO - Updated row with Video_ID: Tv00V8Lae-I
[2026-08-18T18:37:14.734+0000] {data_modification.py:83} INFO - Updated row with Video_ID: 6-qHrN_g2Wg
[2026-08-18T18:37:14.737+0000] {data_modification.py:83} INFO - Updated row with Video_ID: DY3FwcvqWDs
[2026-08-18T18:37:14.741+0000] {data_modification.py:83} INFO - Updated row with Video_ID: 8X08orQ4F4s
[2026-08-18T18:37:14.744+0000] {data_modification.py:83} INFO - Updated row with Video_ID: Y0FoKeitySM
[2026-08-18T18:37:14.747+0000] {data_modification.py:83} INFO - Updated row with Video_ID: BnpS8RtFFbg
[2026-08-18T18:37:14.752+0000] {data_modification.py:83} INFO - Updated row with Video_ID: VtD5rRZhGRQ
[2026-08-18T18:37:14.755+0000] {data_modification.py:83} INFO - Updated row with Video_ID: -tcSWt2Lgsg
[2026-08-18T18:37:14.758+0000] {data_modification.py:83} INFO - Updated row with Video_ID: E0-vGLx15dQ
[2026-08-18T18:37:14.762+0000] {data_modification.py:83} INFO - Updated row with Video_ID: aq8iaE_XzrE
[2026-08-18T18:37:14.765+0000] {data_modification.py:83} INFO - Updated row with Video_ID: aRkGlKipFhM
[2026-08-18T18:37:14.768+0000] {data_modification.py:83} INFO - Updated row with Video_ID: CBgmFzj5KjU
[2026-08-18T18:37:14.772+0000] {data_modification.py:83} INFO - Updated row with Video_ID: JjZtVUWc2AE
[2026-08-18T18:37:14.775+0000] {data_modification.py:83} INFO - Updated row with Video_ID: jVv4CwBQIp8
[2026-08-18T18:37:14.779+0000] {data_modification.py:83} INFO - Updated row with Video_ID: 9DNtHCInjVE
[2026-08-18T18:37:14.782+0000] {data_modification.py:83} INFO - Updated row with Video_ID: PfekycG77rg
[2026-08-18T18:37:14.786+0000] {data_modification.py:83} INFO - Updated row with Video_ID: 9sQzzOE3CHk
[2026-08-18T18:37:14.790+0000] {data_modification.py:83} INFO - Updated row with Video_ID: PtIJgqA_IVs
[2026-08-18T18:37:14.793+0000] {data_modification.py:83} INFO - Updated row with Video_ID: cvEjE1Rz8d0
[2026-08-18T18:37:14.796+0000] {data_modification.py:83} INFO - Updated row with Video_ID: tvCRyPXFv4g
[2026-08-18T18:37:14.801+0000] {data_modification.py:83} INFO - Updated row with Video_ID: 3JXPW6EXin0
[2026-08-18T18:37:14.804+0000] {data_modification.py:83} INFO - Updated row with Video_ID: jkiYNiJcEr8
[2026-08-18T18:37:14.807+0000] {data_modification.py:83} INFO - Updated row with Video_ID: KamtcyGIMd4
[2026-08-18T18:37:14.811+0000] {data_modification.py:83} INFO - Updated row with Video_ID: XxDjfhW_kFg
[2026-08-18T18:37:14.814+0000] {data_modification.py:83} INFO - Updated row with Video_ID: OOWL-kqcEwE
[2026-08-18T18:37:14.817+0000] {data_modification.py:83} INFO - Updated row with Video_ID: Jay3ISiwrpc
[2026-08-18T18:37:14.821+0000] {data_modification.py:83} INFO - Updated row with Video_ID: RmIG6XRgKtc
[2026-08-18T18:37:14.824+0000] {data_modification.py:83} INFO - Updated row with Video_ID: CnrpcrNgr2w
[2026-08-18T18:37:14.827+0000] {data_modification.py:83} INFO - Updated row with Video_ID: m7vfRpsNqqc
[2026-08-18T18:37:14.831+0000] {data_modification.py:83} INFO - Updated row with Video_ID: XDP5GAPuVT0
[2026-08-18T18:37:14.834+0000] {data_modification.py:83} INFO - Updated row with Video_ID: nTFuHyCN5RU
[2026-08-18T18:37:14.838+0000] {data_modification.py:83} INFO - Updated row with Video_ID: AcJKaXh2HMA
[2026-08-18T18:37:14.841+0000] {data_modification.py:83} INFO - Updated row with Video_ID: sMEcmqNUgr8
[2026-08-18T18:37:14.844+0000] {data_modification.py:83} INFO - Updated row with Video_ID: 9BiCtX3U4dc
[2026-08-18T18:37:14.848+0000] {data_modification.py:83} INFO - Updated row with Video_ID: fLpExPuRHRM
[2026-08-18T18:37:14.851+0000] {data_modification.py:83} INFO - Updated row with Video_ID: 74dqM_xtvAA
[2026-08-18T18:37:14.854+0000] {data_modification.py:83} INFO - Updated row with Video_ID: pr7QyC9YNFA
[2026-08-18T18:37:14.858+0000] {data_modification.py:83} INFO - Updated row with Video_ID: xCNtYs166yY
[2026-08-18T18:37:14.864+0000] {data_modification.py:83} INFO - Updated row with Video_ID: LzR6a33lm3U
[2026-08-18T18:37:14.868+0000] {data_modification.py:83} INFO - Updated row with Video_ID: 2_E6r5Oy0NQ
[2026-08-18T18:37:14.871+0000] {data_modification.py:83} INFO - Updated row with Video_ID: AOvaOjN9dIQ
[2026-08-18T18:37:14.875+0000] {data_modification.py:83} INFO - Updated row with Video_ID: -IcMSPkqG6k
[2026-08-18T18:37:14.878+0000] {data_modification.py:83} INFO - Updated row with Video_ID: eniIu3iX10c
[2026-08-18T18:37:14.881+0000] {data_modification.py:83} INFO - Updated row with Video_ID: uawhoSKdQvA
[2026-08-18T18:37:14.885+0000] {data_modification.py:83} INFO - Updated row with Video_ID: yNnLzj32OKQ
[2026-08-18T18:37:14.888+0000] {data_modification.py:83} INFO - Updated row with Video_ID: pm3vHAN_a18
[2026-08-18T18:37:14.891+0000] {data_modification.py:83} INFO - Updated row with Video_ID: gCK5KhEjCXI
[2026-08-18T18:37:14.895+0000] {data_modification.py:83} INFO - Updated row with Video_ID: Yhl9aXwAVQo
[2026-08-18T18:37:14.898+0000] {data_modification.py:83} INFO - Updated row with Video_ID: hhJyd4eZvOE
[2026-08-18T18:37:14.902+0000] {data_modification.py:83} INFO - Updated row with Video_ID: FDpGOrCoFdc
[2026-08-18T18:37:14.905+0000] {data_modification.py:83} INFO - Updated row with Video_ID: 4L0AdIQXqk8
[2026-08-18T18:37:14.909+0000] {data_modification.py:83} INFO - Updated row with Video_ID: pSIa0x0tAWY
[2026-08-18T18:37:14.912+0000] {data_modification.py:83} INFO - Updated row with Video_ID: abr8NhByc-I
[2026-08-18T18:37:14.915+0000] {data_modification.py:83} INFO - Updated row with Video_ID: c78YRPemJeQ
[2026-08-18T18:37:14.919+0000] {data_modification.py:83} INFO - Updated row with Video_ID: WgtHo16hXyw
[2026-08-18T18:37:14.922+0000] {data_modification.py:83} INFO - Updated row with Video_ID: qdjknKXGMLc
[2026-08-18T18:37:14.927+0000] {data_modification.py:83} INFO - Updated row with Video_ID: HoawYLTrY54
[2026-08-18T18:37:14.930+0000] {data_modification.py:83} INFO - Updated row with Video_ID: N2hgTv9jgqI
[2026-08-18T18:37:14.934+0000] {data_modification.py:83} INFO - Updated row with Video_ID: 8f5S99KGECg
[2026-08-18T18:37:14.937+0000] {data_modification.py:83} INFO - Updated row with Video_ID: Vu5lAxhbKL8
[2026-08-18T18:37:14.941+0000] {data_modification.py:83} INFO - Updated row with Video_ID: wsyiKguutmY
[2026-08-18T18:37:14.944+0000] {data_modification.py:83} INFO - Updated row with Video_ID: gJ8qhZf7VFM
[2026-08-18T18:37:14.947+0000] {data_modification.py:83} INFO - Updated row with Video_ID: Op3fekVBMnc
[2026-08-18T18:37:14.951+0000] {data_modification.py:83} INFO - Updated row with Video_ID: wO9o6oEOeP0
[2026-08-18T18:37:14.954+0000] {data_modification.py:83} INFO - Updated row with Video_ID: ts5z3AYGY6Q
[2026-08-18T18:37:14.958+0000] {data_modification.py:83} INFO - Updated row with Video_ID: T9sv7_9y-XI
[2026-08-18T18:37:14.962+0000] {data_modification.py:83} INFO - Updated row with Video_ID: 1SL1bJhlkAU
[2026-08-18T18:37:14.965+0000] {data_modification.py:83} INFO - Updated row with Video_ID: HROTZQv1QZM
[2026-08-18T18:37:14.968+0000] {data_modification.py:83} INFO - Updated row with Video_ID: jNxChNEDPYA
[2026-08-18T18:37:14.972+0000] {data_modification.py:83} INFO - Updated row with Video_ID: kTfciHia5mE
[2026-08-18T18:37:14.976+0000] {data_modification.py:83} INFO - Updated row with Video_ID: KVpVb5XLD1k
[2026-08-18T18:37:14.979+0000] {data_modification.py:83} INFO - Updated row with Video_ID: 5YJUlVDeAEY
[2026-08-18T18:37:14.983+0000] {data_modification.py:83} INFO - Updated row with Video_ID: 1HME8nOAtA0
[2026-08-18T18:37:14.986+0000] {data_modification.py:83} INFO - Updated row with Video_ID: AmEFkORGGpU
[2026-08-18T18:37:14.990+0000] {data_modification.py:83} INFO - Updated row with Video_ID: ihsf-BxWh6o
[2026-08-18T18:37:14.993+0000] {data_modification.py:83} INFO - Updated row with Video_ID: gOFookdcnIU
[2026-08-18T18:37:14.996+0000] {data_modification.py:83} INFO - Updated row with Video_ID: zr31KHWdQiQ
[2026-08-18T18:37:15.000+0000] {data_modification.py:83} INFO - Updated row with Video_ID: 1MCCNeYT2qg
[2026-08-18T18:37:15.004+0000] {data_modification.py:83} INFO - Updated row with Video_ID: 25Z41q9gCws
[2026-08-18T18:37:15.008+0000] {data_modification.py:83} INFO - Updated row with Video_ID: rItVSkDL2uw
[2026-08-18T18:37:15.012+0000] {data_modification.py:83} INFO - Updated row with Video_ID: EA40HZp7sgk
[2026-08-18T18:37:15.015+0000] {data_modification.py:83} INFO - Updated row with Video_ID: hOXiTlQ_KCo
[2026-08-18T18:37:15.018+0000] {data_modification.py:83} INFO - Updated row with Video_ID: lW-THRLG_xA
[2026-08-18T18:37:15.022+0000] {data_modification.py:83} INFO - Updated row with Video_ID: RPkhV_FDK-I
[2026-08-18T18:37:15.025+0000] {data_modification.py:83} INFO - Updated row with Video_ID: uosdFYvjg2Q
[2026-08-18T18:37:15.028+0000] {data_modification.py:83} INFO - Updated row with Video_ID: 5anGNNnr6Ng
[2026-08-18T18:37:15.032+0000] {data_modification.py:83} INFO - Updated row with Video_ID: xCKHin-AisU
[2026-08-18T18:37:15.035+0000] {data_modification.py:83} INFO - Updated row with Video_ID: 7SfSCmnKonw
[2026-08-18T18:37:15.039+0000] {data_modification.py:83} INFO - Updated row with Video_ID: p3FHbs2nS58
[2026-08-18T18:37:15.042+0000] {data_modification.py:83} INFO - Updated row with Video_ID: BnYY0y1i22A
[2026-08-18T18:37:15.046+0000] {data_modification.py:83} INFO - Updated row with Video_ID: y0ZDVBNmT4Q
[2026-08-18T18:37:15.049+0000] {data_modification.py:83} INFO - Updated row with Video_ID: XwOgu2TzgN4
[2026-08-18T18:37:15.052+0000] {data_modification.py:83} INFO - Updated row with Video_ID: PKMbt1EGBVA
[2026-08-18T18:37:15.056+0000] {data_modification.py:83} INFO - Updated row with Video_ID: c-8YgLdTDuM
[2026-08-18T18:37:15.059+0000] {data_modification.py:83} INFO - Updated row with Video_ID: 4fKQir6zl0w
[2026-08-18T18:37:15.062+0000] {data_modification.py:83} INFO - Updated row with Video_ID: yrjAQbFyVC4
[2026-08-18T18:37:15.065+0000] {data_modification.py:83} INFO - Updated row with Video_ID: 4dVbb2VshtY
[2026-08-18T18:37:15.069+0000] {data_modification.py:83} INFO - Updated row with Video_ID: Go83NQTZ9xU
[2026-08-18T18:37:15.072+0000] {data_modification.py:83} INFO - Updated row with Video_ID: rLuYctpNbk0
[2026-08-18T18:37:15.076+0000] {data_modification.py:83} INFO - Updated row with Video_ID: O5uWoJET-cY
[2026-08-18T18:37:15.079+0000] {data_modification.py:83} INFO - Updated row with Video_ID: Vxq4HTxmtI4
[2026-08-18T18:37:15.083+0000] {data_modification.py:83} INFO - Updated row with Video_ID: 6ziMMSVWR7k
[2026-08-18T18:37:15.086+0000] {data_modification.py:83} INFO - Updated row with Video_ID: 9Jl6focS1uw
[2026-08-18T18:37:15.089+0000] {data_modification.py:83} INFO - Updated row with Video_ID: CGmz89M1_WI
[2026-08-18T18:37:15.093+0000] {data_modification.py:83} INFO - Updated row with Video_ID: ZDdRP0Y-v2A
[2026-08-18T18:37:15.096+0000] {data_modification.py:83} INFO - Updated row with Video_ID: JIm60sPIXlo
[2026-08-18T18:37:15.100+0000] {data_modification.py:83} INFO - Updated row with Video_ID: JlngrkEFayw
[2026-08-18T18:37:15.103+0000] {data_modification.py:83} INFO - Updated row with Video_ID: 2Sbwnn2ZgLc
[2026-08-18T18:37:15.106+0000] {data_modification.py:83} INFO - Updated row with Video_ID: fF8Agz8YWs8
[2026-08-18T18:37:15.110+0000] {data_modification.py:83} INFO - Updated row with Video_ID: UJbOvZ2GqQY
[2026-08-18T18:37:15.113+0000] {data_modification.py:83} INFO - Updated row with Video_ID: 0kghEWEIXjw
[2026-08-18T18:37:15.117+0000] {data_modification.py:83} INFO - Updated row with Video_ID: JfIS20YKByo
[2026-08-18T18:37:15.121+0000] {data_modification.py:83} INFO - Updated row with Video_ID: iSbxGivsGZk
[2026-08-18T18:37:15.124+0000] {data_modification.py:83} INFO - Updated row with Video_ID: 5FonJUR6JPk
[2026-08-18T18:37:15.127+0000] {data_modification.py:83} INFO - Updated row with Video_ID: _8khOiu8E_c
[2026-08-18T18:37:15.130+0000] {data_modification.py:83} INFO - Updated row with Video_ID: lCStk-7Icdg
[2026-08-18T18:37:15.134+0000] {data_modification.py:83} INFO - Updated row with Video_ID: SKzlGsCjwQ4
[2026-08-18T18:37:15.138+0000] {data_modification.py:83} INFO - Updated row with Video_ID: CWTd2p6Fmlk
[2026-08-18T18:37:15.142+0000] {data_modification.py:83} INFO - Updated row with Video_ID: 5nfvlxxqBAE
[2026-08-18T18:37:15.146+0000] {data_modification.py:83} INFO - Updated row with Video_ID: TAO6fvQH-Pg
[2026-08-18T18:37:15.149+0000] {data_modification.py:83} INFO - Updated row with Video_ID: lPSqe8igFBE
[2026-08-18T18:37:15.154+0000] {data_modification.py:83} INFO - Updated row with Video_ID: qz1Y7c7Ywkw
[2026-08-18T18:37:15.157+0000] {data_modification.py:83} INFO - Updated row with Video_ID: iqiKhdcJGKY
[2026-08-18T18:37:15.161+0000] {data_modification.py:83} INFO - Updated row with Video_ID: C_JXJeEnaqc
[2026-08-18T18:37:15.164+0000] {data_modification.py:83} INFO - Updated row with Video_ID: zLOzY4Gfaj8
[2026-08-18T18:37:15.167+0000] {data_modification.py:83} INFO - Updated row with Video_ID: iSFH7y5D7V4
[2026-08-18T18:37:15.170+0000] {data_modification.py:83} INFO - Updated row with Video_ID: q8YrDrZXQyk
[2026-08-18T18:37:15.174+0000] {data_modification.py:83} INFO - Updated row with Video_ID: P-8km85OP1E
[2026-08-18T18:37:15.177+0000] {data_modification.py:83} INFO - Updated row with Video_ID: X3OjSRH5iLA
[2026-08-18T18:37:15.181+0000] {data_modification.py:83} INFO - Updated row with Video_ID: kGCijouKODw
[2026-08-18T18:37:15.184+0000] {data_modification.py:83} INFO - Updated row with Video_ID: xE9o8u-3ki8
[2026-08-18T18:37:15.188+0000] {data_modification.py:83} INFO - Updated row with Video_ID: cx7yEbBDPFY
[2026-08-18T18:37:15.191+0000] {data_modification.py:83} INFO - Updated row with Video_ID: SB86WKZLOIU
[2026-08-18T18:37:15.195+0000] {data_modification.py:83} INFO - Updated row with Video_ID: pa0ryejIe7E
[2026-08-18T18:37:15.198+0000] {data_modification.py:83} INFO - Updated row with Video_ID: LXEQKl0SCAs
[2026-08-18T18:37:15.201+0000] {data_modification.py:83} INFO - Updated row with Video_ID: lyWjD0WGRMw
[2026-08-18T18:37:15.205+0000] {data_modification.py:83} INFO - Updated row with Video_ID: M2sFCCd0IVA
[2026-08-18T18:37:15.208+0000] {data_modification.py:83} INFO - Updated row with Video_ID: zFfAaixZ8uA
[2026-08-18T18:37:15.214+0000] {data_modification.py:83} INFO - Updated row with Video_ID: X_NYcPGGttU
[2026-08-18T18:37:15.217+0000] {data_modification.py:83} INFO - Updated row with Video_ID: L_HeC7_DRJk
[2026-08-18T18:37:15.220+0000] {data_modification.py:83} INFO - Updated row with Video_ID: VLrDHLcw7Co
[2026-08-18T18:37:15.224+0000] {data_modification.py:83} INFO - Updated row with Video_ID: n9oWFV21FkM
[2026-08-18T18:37:15.227+0000] {data_modification.py:83} INFO - Updated row with Video_ID: Q206IILCkjI
[2026-08-18T18:37:15.230+0000] {data_modification.py:83} INFO - Updated row with Video_ID: nChfwcHHxV4
[2026-08-18T18:37:15.234+0000] {data_modification.py:83} INFO - Updated row with Video_ID: N7GWjg3LltE
[2026-08-18T18:37:15.237+0000] {data_modification.py:83} INFO - Updated row with Video_ID: OBwMMLC3L0g
[2026-08-18T18:37:15.240+0000] {data_modification.py:83} INFO - Updated row with Video_ID: W1tnCGltGWQ
[2026-08-18T18:37:15.243+0000] {data_modification.py:83} INFO - Updated row with Video_ID: qvyjiJMjeJs
[2026-08-18T18:37:15.247+0000] {data_modification.py:83} INFO - Updated row with Video_ID: Q0NTWj2ovxE
[2026-08-18T18:37:15.250+0000] {data_modification.py:83} INFO - Updated row with Video_ID: gsFqiV9f6RQ
[2026-08-18T18:37:15.254+0000] {data_modification.py:83} INFO - Updated row with Video_ID: 4PNgzYIrudo
[2026-08-18T18:37:15.257+0000] {data_modification.py:83} INFO - Updated row with Video_ID: VJs4MExU5Wg
[2026-08-18T18:37:15.260+0000] {data_modification.py:83} INFO - Updated row with Video_ID: RSXgelsf6EA
[2026-08-18T18:37:15.264+0000] {data_modification.py:83} INFO - Updated row with Video_ID: pJM6v2E0qXU
[2026-08-18T18:37:15.267+0000] {data_modification.py:83} INFO - Updated row with Video_ID: w0P168VHWj0
[2026-08-18T18:37:15.271+0000] {data_modification.py:83} INFO - Updated row with Video_ID: GgWT0AIsYeI
[2026-08-18T18:37:15.274+0000] {data_modification.py:83} INFO - Updated row with Video_ID: NVuWnv62AwM
[2026-08-18T18:37:15.278+0000] {data_modification.py:83} INFO - Updated row with Video_ID: 3fL2Whr1QfQ
[2026-08-18T18:37:15.281+0000] {data_modification.py:83} INFO - Updated row with Video_ID: tqzhkr9T470
[2026-08-18T18:37:15.285+0000] {data_modification.py:83} INFO - Updated row with Video_ID: uO1grbkqs60
[2026-08-18T18:37:15.289+0000] {data_modification.py:83} INFO - Updated row with Video_ID: IDS5ojS87C4
[2026-08-18T18:37:15.292+0000] {data_modification.py:83} INFO - Updated row with Video_ID: jJaRZFeB35I
[2026-08-18T18:37:15.296+0000] {data_modification.py:83} INFO - Updated row with Video_ID: cUaiZicpYpU
[2026-08-18T18:37:15.299+0000] {data_modification.py:83} INFO - Updated row with Video_ID: AXxE9CalF1s
[2026-08-18T18:37:15.303+0000] {data_modification.py:83} INFO - Updated row with Video_ID: rUBz7h-YE3U
[2026-08-18T18:37:15.307+0000] {data_modification.py:83} INFO - Updated row with Video_ID: dpCMYdR1yJE
[2026-08-18T18:37:15.310+0000] {data_modification.py:83} INFO - Updated row with Video_ID: lnh-dFoERyI
[2026-08-18T18:37:15.313+0000] {data_modification.py:83} INFO - Updated row with Video_ID: l58vRi8l46Y
[2026-08-18T18:37:15.317+0000] {data_modification.py:83} INFO - Updated row with Video_ID: tFGAI3epNXc
[2026-08-18T18:37:15.320+0000] {data_modification.py:83} INFO - Updated row with Video_ID: ex7W252Wdao
[2026-08-18T18:37:15.324+0000] {data_modification.py:83} INFO - Updated row with Video_ID: iqC29F3mRrg
[2026-08-18T18:37:15.327+0000] {data_modification.py:83} INFO - Updated row with Video_ID: dmOwlmSU5xM
[2026-08-18T18:37:15.330+0000] {data_modification.py:83} INFO - Updated row with Video_ID: PVlxEdNklfw
[2026-08-18T18:37:15.334+0000] {data_modification.py:83} INFO - Updated row with Video_ID: xeGPzH-weLc
[2026-08-18T18:37:15.337+0000] {data_modification.py:83} INFO - Updated row with Video_ID: J1yhuCtZhbA
[2026-08-18T18:37:15.340+0000] {data_modification.py:83} INFO - Updated row with Video_ID: LUsIdgtUNr0
[2026-08-18T18:37:15.344+0000] {data_modification.py:83} INFO - Updated row with Video_ID: _K4UPjsCInw
[2026-08-18T18:37:15.348+0000] {data_modification.py:83} INFO - Updated row with Video_ID: rSIC07gP2Aw
[2026-08-18T18:37:15.351+0000] {data_modification.py:83} INFO - Updated row with Video_ID: T44uKZmZAss
[2026-08-18T18:37:15.354+0000] {data_modification.py:83} INFO - Updated row with Video_ID: GVpIQE4EsxY
[2026-08-18T18:37:15.357+0000] {data_modification.py:83} INFO - Updated row with Video_ID: kLT5t5yRZ8k
[2026-08-18T18:37:15.361+0000] {data_modification.py:83} INFO - Updated row with Video_ID: PFG_O9ncbw4
[2026-08-18T18:37:15.364+0000] {data_modification.py:83} INFO - Updated row with Video_ID: 0rcYqORkAEQ
[2026-08-18T18:37:15.368+0000] {data_modification.py:83} INFO - Updated row with Video_ID: f_DV84YGMTU
[2026-08-18T18:37:15.372+0000] {data_modification.py:83} INFO - Updated row with Video_ID: wxiJc1fTDMM
[2026-08-18T18:37:15.376+0000] {data_modification.py:83} INFO - Updated row with Video_ID: 3uZvRkPHUsU
[2026-08-18T18:37:15.379+0000] {data_modification.py:83} INFO - Updated row with Video_ID: bDW9qGtq2Rk
[2026-08-18T18:37:15.395+0000] {data_modification.py:83} INFO - Updated row with Video_ID: klwFJxhvwd8
[2026-08-18T18:37:15.400+0000] {data_modification.py:83} INFO - Updated row with Video_ID: ncyPu731iXg
[2026-08-18T18:37:15.406+0000] {data_modification.py:83} INFO - Updated row with Video_ID: VyOPm9T306E
[2026-08-18T18:37:15.412+0000] {data_modification.py:83} INFO - Updated row with Video_ID: CLujMwTj63U
[2026-08-18T18:37:15.420+0000] {data_modification.py:83} INFO - Updated row with Video_ID: n1-crZKwQU0
[2026-08-18T18:37:15.429+0000] {data_modification.py:83} INFO - Updated row with Video_ID: AWzWvFLVe38
[2026-08-18T18:37:15.438+0000] {data_modification.py:83} INFO - Updated row with Video_ID: YlNkm1XEiBs
[2026-08-18T18:37:15.448+0000] {data_modification.py:83} INFO - Updated row with Video_ID: aaP-1SN_vzc
[2026-08-18T18:37:15.455+0000] {data_modification.py:83} INFO - Updated row with Video_ID: 655jY4YnaoE
[2026-08-18T18:37:15.460+0000] {data_modification.py:83} INFO - Updated row with Video_ID: 4ZNsGa9PSc4
[2026-08-18T18:37:15.465+0000] {data_modification.py:83} INFO - Updated row with Video_ID: Q3H7Q3KtWFY
[2026-08-18T18:37:15.470+0000] {data_modification.py:83} INFO - Updated row with Video_ID: t_wSdQii0js
[2026-08-18T18:37:15.475+0000] {data_modification.py:83} INFO - Updated row with Video_ID: ZpxweY5NqJw
[2026-08-18T18:37:15.480+0000] {data_modification.py:83} INFO - Updated row with Video_ID: 8dK1XBmGUHg
[2026-08-18T18:37:15.486+0000] {data_modification.py:83} INFO - Updated row with Video_ID: PpgKlCd4LCI
[2026-08-18T18:37:15.493+0000] {data_modification.py:83} INFO - Updated row with Video_ID: SF6gA4XLbCs
[2026-08-18T18:37:15.498+0000] {data_modification.py:83} INFO - Updated row with Video_ID: TWwAZr-C9vE
[2026-08-18T18:37:15.502+0000] {data_modification.py:83} INFO - Updated row with Video_ID: FhxDbWoLZtk
[2026-08-18T18:37:15.506+0000] {data_modification.py:83} INFO - Updated row with Video_ID: 33JucC6dcRg
[2026-08-18T18:37:15.510+0000] {data_modification.py:83} INFO - Updated row with Video_ID: 7hNAHjWZ1V0
[2026-08-18T18:37:15.514+0000] {data_modification.py:83} INFO - Updated row with Video_ID: fj6fPk4A4HM
[2026-08-18T18:37:15.518+0000] {data_modification.py:83} INFO - Updated row with Video_ID: lHlLXVF5z70
[2026-08-18T18:37:15.523+0000] {data_modification.py:83} INFO - Updated row with Video_ID: hq7evsbiFlU
[2026-08-18T18:37:15.527+0000] {data_modification.py:83} INFO - Updated row with Video_ID: HnL5mB-1Fy4
[2026-08-18T18:37:15.531+0000] {data_modification.py:83} INFO - Updated row with Video_ID: TNBzr4DFS_4
[2026-08-18T18:37:15.535+0000] {data_modification.py:83} INFO - Updated row with Video_ID: fAJ6-E5miXI
[2026-08-18T18:37:15.539+0000] {data_modification.py:83} INFO - Updated row with Video_ID: YwpdrI8ngxs
[2026-08-18T18:37:15.544+0000] {data_modification.py:83} INFO - Updated row with Video_ID: q0PXogim-Lg
[2026-08-18T18:37:15.548+0000] {data_modification.py:83} INFO - Updated row with Video_ID: Cv6HRe65s3U
[2026-08-18T18:37:15.552+0000] {data_modification.py:83} INFO - Updated row with Video_ID: Lm2k3Xv-Qmw
[2026-08-18T18:37:15.556+0000] {data_modification.py:83} INFO - Updated row with Video_ID: 9VfsfFajrrg
[2026-08-18T18:37:15.559+0000] {data_modification.py:83} INFO - Updated row with Video_ID: 2E9PiCqlW6w
[2026-08-18T18:37:15.563+0000] {data_modification.py:83} INFO - Updated row with Video_ID: ROs4SZ_yQvY
[2026-08-18T18:37:15.567+0000] {data_modification.py:83} INFO - Updated row with Video_ID: dnaSeUONZP4
[2026-08-18T18:37:15.570+0000] {data_modification.py:83} INFO - Updated row with Video_ID: xIb_GhpU4g8
[2026-08-18T18:37:15.575+0000] {data_modification.py:83} INFO - Updated row with Video_ID: 5D9AT7m7D0s
[2026-08-18T18:37:15.579+0000] {data_modification.py:83} INFO - Updated row with Video_ID: 4t42WfxL8Qo
[2026-08-18T18:37:15.583+0000] {data_modification.py:83} INFO - Updated row with Video_ID: Ht0lPcph7ic
[2026-08-18T18:37:15.588+0000] {data_modification.py:83} INFO - Updated row with Video_ID: SSRkVvDO4iU
[2026-08-18T18:37:15.592+0000] {data_modification.py:83} INFO - Updated row with Video_ID: -oX_hodJL7A
[2026-08-18T18:37:15.596+0000] {data_modification.py:83} INFO - Updated row with Video_ID: NR7kOGr6qo4
[2026-08-18T18:37:15.601+0000] {data_modification.py:83} INFO - Updated row with Video_ID: iK5zUOw1si8
[2026-08-18T18:37:15.607+0000] {data_modification.py:83} INFO - Updated row with Video_ID: owPRGKclUs0
[2026-08-18T18:37:15.613+0000] {data_modification.py:83} INFO - Updated row with Video_ID: Z9B9g2nHRMs
[2026-08-18T18:37:15.617+0000] {data_modification.py:83} INFO - Updated row with Video_ID: eAzl7iq82v4
[2026-08-18T18:37:15.622+0000] {data_modification.py:83} INFO - Updated row with Video_ID: oJf4UnBSc7s
[2026-08-18T18:37:15.625+0000] {data_modification.py:83} INFO - Updated row with Video_ID: m8ursykhvWU
[2026-08-18T18:37:15.629+0000] {data_modification.py:83} INFO - Updated row with Video_ID: qwtbuYiT_nk
[2026-08-18T18:37:15.633+0000] {data_modification.py:83} INFO - Updated row with Video_ID: Jbl4Nkapgoc
[2026-08-18T18:37:15.636+0000] {data_modification.py:83} INFO - Updated row with Video_ID: RbIEcyHNImQ
[2026-08-18T18:37:15.640+0000] {data_modification.py:83} INFO - Updated row with Video_ID: x0D3YfDlcZE
[2026-08-18T18:37:15.644+0000] {data_modification.py:83} INFO - Updated row with Video_ID: x-O_iL-gSbE
[2026-08-18T18:37:15.647+0000] {data_modification.py:83} INFO - Updated row with Video_ID: xdShRmqCv6s
[2026-08-18T18:37:15.651+0000] {data_modification.py:83} INFO - Updated row with Video_ID: kaIQ9IgTkFQ
[2026-08-18T18:37:15.654+0000] {data_modification.py:83} INFO - Updated row with Video_ID: i6QnGIahAH4
[2026-08-18T18:37:15.658+0000] {data_modification.py:83} INFO - Updated row with Video_ID: p6upMXm1D2k
[2026-08-18T18:37:15.662+0000] {data_modification.py:83} INFO - Updated row with Video_ID: OlulviQanFc
[2026-08-18T18:37:15.665+0000] {data_modification.py:83} INFO - Updated row with Video_ID: zVh0dJlTbCU
[2026-08-18T18:37:15.669+0000] {data_modification.py:83} INFO - Updated row with Video_ID: GrChhXs_fZk
[2026-08-18T18:37:15.672+0000] {data_modification.py:83} INFO - Updated row with Video_ID: HjhnaYtWzlg
[2026-08-18T18:37:15.676+0000] {data_modification.py:83} INFO - Updated row with Video_ID: HsUPZNEyOdY
[2026-08-18T18:37:15.679+0000] {data_modification.py:83} INFO - Updated row with Video_ID: IbwNIhXlaW8
[2026-08-18T18:37:15.682+0000] {data_modification.py:83} INFO - Updated row with Video_ID: fGu60pqd4tI
[2026-08-18T18:37:15.686+0000] {data_modification.py:83} INFO - Updated row with Video_ID: DmppHdpXbfY
[2026-08-18T18:37:15.690+0000] {data_modification.py:83} INFO - Updated row with Video_ID: FaTQldGEp5o
[2026-08-18T18:37:15.693+0000] {data_modification.py:83} INFO - Updated row with Video_ID: FLCXjUvn9p0
[2026-08-18T18:37:15.696+0000] {data_modification.py:83} INFO - Updated row with Video_ID: xEZXX386OfQ
[2026-08-18T18:37:15.700+0000] {data_modification.py:83} INFO - Updated row with Video_ID: SrmEYONzwhc
[2026-08-18T18:37:15.703+0000] {data_modification.py:83} INFO - Updated row with Video_ID: Y544heOqPJQ
[2026-08-18T18:37:15.707+0000] {data_modification.py:83} INFO - Updated row with Video_ID: aaZvpsHGO8Q
[2026-08-18T18:37:15.710+0000] {data_modification.py:83} INFO - Updated row with Video_ID: 3aXdj83jRr4
[2026-08-18T18:37:15.713+0000] {data_modification.py:83} INFO - Updated row with Video_ID: NKTOXD4s7Mc
[2026-08-18T18:37:15.717+0000] {data_modification.py:83} INFO - Updated row with Video_ID: EwuLROV0L-M
[2026-08-18T18:37:15.733+0000] {data_modification.py:83} INFO - Updated row with Video_ID: Bs9xQDAZg6E
[2026-08-18T18:37:15.743+0000] {data_modification.py:83} INFO - Updated row with Video_ID: YwExQgpKKm0
[2026-08-18T18:37:15.747+0000] {data_modification.py:83} INFO - Updated row with Video_ID: 9sxSZJaG3JM
[2026-08-18T18:37:15.750+0000] {data_modification.py:83} INFO - Updated row with Video_ID: aDWl70uWCsk
[2026-08-18T18:37:15.754+0000] {data_modification.py:83} INFO - Updated row with Video_ID: vMtypWib6GE
[2026-08-18T18:37:15.758+0000] {data_modification.py:83} INFO - Updated row with Video_ID: 3i8VxgseLSY
[2026-08-18T18:37:15.761+0000] {data_modification.py:83} INFO - Updated row with Video_ID: U3oAmKzUKrg
[2026-08-18T18:37:15.765+0000] {data_modification.py:83} INFO - Updated row with Video_ID: O_hJTBv17zo
[2026-08-18T18:37:15.768+0000] {data_modification.py:83} INFO - Updated row with Video_ID: z7yfZBxQzoQ
[2026-08-18T18:37:15.771+0000] {data_modification.py:83} INFO - Updated row with Video_ID: 9WHpprt6cjU
[2026-08-18T18:37:15.775+0000] {data_modification.py:83} INFO - Updated row with Video_ID: 1aKm8J1ucRU
[2026-08-18T18:37:15.778+0000] {data_modification.py:83} INFO - Updated row with Video_ID: KB5NsFhk8Bk
[2026-08-18T18:37:15.781+0000] {data_modification.py:83} INFO - Updated row with Video_ID: 49sGbt1_QPI
[2026-08-18T18:37:15.785+0000] {data_modification.py:83} INFO - Updated row with Video_ID: wvVV3nXrrZM
[2026-08-18T18:37:15.789+0000] {data_modification.py:83} INFO - Updated row with Video_ID: 9WwttIhG4Rc
[2026-08-18T18:37:15.792+0000] {data_modification.py:83} INFO - Updated row with Video_ID: xV5hpZRJtSY
[2026-08-18T18:37:15.795+0000] {data_modification.py:83} INFO - Updated row with Video_ID: 1AFcZWOrK4Q
[2026-08-18T18:37:15.799+0000] {data_modification.py:83} INFO - Updated row with Video_ID: H0UpDSOy8Hs
[2026-08-18T18:37:15.802+0000] {data_modification.py:83} INFO - Updated row with Video_ID: vwXTn-k0Wy0
[2026-08-18T18:37:15.806+0000] {data_modification.py:83} INFO - Updated row with Video_ID: VKhegQj-Siw
[2026-08-18T18:37:15.809+0000] {data_modification.py:83} INFO - Updated row with Video_ID: PCvauLXog1k
[2026-08-18T18:37:15.812+0000] {data_modification.py:83} INFO - Updated row with Video_ID: jLst0awuuE0
[2026-08-18T18:37:15.816+0000] {data_modification.py:83} INFO - Updated row with Video_ID: dsgMjv6jk48
[2026-08-18T18:37:15.819+0000] {data_modification.py:83} INFO - Updated row with Video_ID: RgPIsuchNv4
[2026-08-18T18:37:15.822+0000] {data_modification.py:83} INFO - Updated row with Video_ID: 7h8VKo_6zpk
[2026-08-18T18:37:15.826+0000] {data_modification.py:83} INFO - Updated row with Video_ID: xhmIR0iUt7g
[2026-08-18T18:37:15.830+0000] {data_modification.py:83} INFO - Updated row with Video_ID: l-OwZHUM-oU
[2026-08-18T18:37:15.833+0000] {data_modification.py:83} INFO - Updated row with Video_ID: XxLijY6W9e0
[2026-08-18T18:37:15.837+0000] {data_modification.py:83} INFO - Updated row with Video_ID: i8-QCXtBCVE
[2026-08-18T18:37:15.840+0000] {data_modification.py:83} INFO - Updated row with Video_ID: h8h2nACHIJY
[2026-08-18T18:37:15.844+0000] {data_modification.py:83} INFO - Updated row with Video_ID: I7Dz20M4m2w
[2026-08-18T18:37:15.847+0000] {data_modification.py:83} INFO - Updated row with Video_ID: 5u-xgQBMc1w
[2026-08-18T18:37:15.851+0000] {data_modification.py:83} INFO - Updated row with Video_ID: kwdi6xicOFY
[2026-08-18T18:37:15.854+0000] {data_modification.py:83} INFO - Updated row with Video_ID: Go6C6KSxpQY
[2026-08-18T18:37:15.857+0000] {data_modification.py:83} INFO - Updated row with Video_ID: Z7Yy4dbX5No
[2026-08-18T18:37:15.860+0000] {data_modification.py:83} INFO - Updated row with Video_ID: S2PmFlGhBmg
[2026-08-18T18:37:15.864+0000] {data_modification.py:83} INFO - Updated row with Video_ID: eXfQVOtNxp0
[2026-08-18T18:37:15.868+0000] {data_modification.py:83} INFO - Updated row with Video_ID: W1l9rKYd9Ao
[2026-08-18T18:37:15.872+0000] {data_modification.py:83} INFO - Updated row with Video_ID: u8pzlxnKyAI
[2026-08-18T18:37:15.875+0000] {data_modification.py:83} INFO - Updated row with Video_ID: yJ7BBN9WBnQ
[2026-08-18T18:37:15.878+0000] {data_modification.py:83} INFO - Updated row with Video_ID: 3l0F7I4fNbg
[2026-08-18T18:37:15.882+0000] {data_modification.py:83} INFO - Updated row with Video_ID: 9AA39VY14M0
[2026-08-18T18:37:15.885+0000] {data_modification.py:83} INFO - Updated row with Video_ID: RWxLcRvs6Fg
[2026-08-18T18:37:15.888+0000] {data_modification.py:83} INFO - Updated row with Video_ID: oKTqlN1AoHY
[2026-08-18T18:37:15.892+0000] {data_modification.py:83} INFO - Updated row with Video_ID: 6JO27qmjv4o
[2026-08-18T18:37:15.895+0000] {data_modification.py:83} INFO - Updated row with Video_ID: sMrSvWsmDTQ
[2026-08-18T18:37:15.899+0000] {data_modification.py:83} INFO - Updated row with Video_ID: I7WkOzX1140
[2026-08-18T18:37:15.902+0000] {data_modification.py:83} INFO - Updated row with Video_ID: 9tM3wN7SqIc
[2026-08-18T18:37:15.905+0000] {data_modification.py:83} INFO - Updated row with Video_ID: 4zgNCTdSo8o
[2026-08-18T18:37:15.909+0000] {data_modification.py:83} INFO - Updated row with Video_ID: sT_OL5XZbnc
[2026-08-18T18:37:15.913+0000] {data_modification.py:83} INFO - Updated row with Video_ID: wMT07u0lW5k
[2026-08-18T18:37:15.917+0000] {data_modification.py:83} INFO - Updated row with Video_ID: G-WnjYztPfc
[2026-08-18T18:37:15.920+0000] {data_modification.py:83} INFO - Updated row with Video_ID: jyuC7vK7ePU
[2026-08-18T18:37:15.923+0000] {data_modification.py:83} INFO - Updated row with Video_ID: 4liUj_5pFWg
[2026-08-18T18:37:15.926+0000] {data_modification.py:83} INFO - Updated row with Video_ID: zMeKVsoOwUM
[2026-08-18T18:37:15.930+0000] {data_modification.py:83} INFO - Updated row with Video_ID: 34A_vfNzDGg
[2026-08-18T18:37:15.933+0000] {data_modification.py:83} INFO - Updated row with Video_ID: N6uXI8QbMwc
[2026-08-18T18:37:15.937+0000] {data_modification.py:83} INFO - Updated row with Video_ID: 17HkpilJFAY
[2026-08-18T18:37:15.940+0000] {data_modification.py:83} INFO - Updated row with Video_ID: dZ-jCrg0P2w
[2026-08-18T18:37:15.943+0000] {data_modification.py:83} INFO - Updated row with Video_ID: kGIZcrxKW14
[2026-08-18T18:37:15.947+0000] {data_modification.py:83} INFO - Updated row with Video_ID: 2VsUoZWPC9k
[2026-08-18T18:37:15.950+0000] {data_modification.py:83} INFO - Updated row with Video_ID: b60xNRO4pqo
[2026-08-18T18:37:15.954+0000] {data_modification.py:83} INFO - Updated row with Video_ID: BcAXML17cJQ
[2026-08-18T18:37:15.957+0000] {data_modification.py:83} INFO - Updated row with Video_ID: WwLQafMATb4
[2026-08-18T18:37:15.960+0000] {data_modification.py:83} INFO - Updated row with Video_ID: OlGZK81Y34s
[2026-08-18T18:37:15.963+0000] {data_modification.py:83} INFO - Updated row with Video_ID: 81ir__lm7Tw
[2026-08-18T18:37:15.967+0000] {data_modification.py:83} INFO - Updated row with Video_ID: zyfYqc1Q4-U
[2026-08-18T18:37:15.970+0000] {data_modification.py:83} INFO - Updated row with Video_ID: Uy79y2_4xmo
[2026-08-18T18:37:15.974+0000] {data_modification.py:83} INFO - Updated row with Video_ID: 8Pb-7WIvPMQ
[2026-08-18T18:37:15.977+0000] {data_modification.py:83} INFO - Updated row with Video_ID: _lzL8ooAykY
[2026-08-18T18:37:15.980+0000] {data_modification.py:83} INFO - Updated row with Video_ID: FBz24TXYRDw
[2026-08-18T18:37:15.984+0000] {data_modification.py:83} INFO - Updated row with Video_ID: QFSz-rvSAMA
[2026-08-18T18:37:15.987+0000] {data_modification.py:83} INFO - Updated row with Video_ID: -rjcni2I758
[2026-08-18T18:37:15.990+0000] {data_modification.py:83} INFO - Updated row with Video_ID: M8H097tYBi4
[2026-08-18T18:37:15.994+0000] {data_modification.py:83} INFO - Updated row with Video_ID: Q-Z7bqD2RqI
[2026-08-18T18:37:15.997+0000] {data_modification.py:83} INFO - Updated row with Video_ID: 6wKUoGh0eQI
[2026-08-18T18:37:16.000+0000] {data_modification.py:83} INFO - Updated row with Video_ID: dAsfYLNJDQk
[2026-08-18T18:37:16.004+0000] {data_modification.py:83} INFO - Updated row with Video_ID: aLaCzAFdabo
[2026-08-18T18:37:16.010+0000] {data_modification.py:83} INFO - Updated row with Video_ID: nyFzpHcGVx4
[2026-08-18T18:37:16.014+0000] {data_modification.py:83} INFO - Updated row with Video_ID: 8949buNSOmU
[2026-08-18T18:37:16.017+0000] {data_modification.py:83} INFO - Updated row with Video_ID: ZdgxpROW0II
[2026-08-18T18:37:16.021+0000] {data_modification.py:83} INFO - Updated row with Video_ID: EXZg9nkySEc
[2026-08-18T18:37:16.024+0000] {data_modification.py:83} INFO - Updated row with Video_ID: FlzvNeuoLgk
[2026-08-18T18:37:16.027+0000] {data_modification.py:83} INFO - Updated row with Video_ID: ybAD88kReo8
[2026-08-18T18:37:16.031+0000] {data_modification.py:83} INFO - Updated row with Video_ID: KLvlWo_2UVI
[2026-08-18T18:37:16.034+0000] {data_modification.py:83} INFO - Updated row with Video_ID: 7amSQcaUqQU
[2026-08-18T18:37:16.038+0000] {data_modification.py:83} INFO - Updated row with Video_ID: 0wsVy-UrKVY
[2026-08-18T18:37:16.041+0000] {data_modification.py:83} INFO - Updated row with Video_ID: nJb7nDxF6OQ
[2026-08-18T18:37:16.045+0000] {data_modification.py:83} INFO - Updated row with Video_ID: LJ2Nk5vA4Gw
[2026-08-18T18:37:16.048+0000] {data_modification.py:83} INFO - Updated row with Video_ID: -LiKLjHjvck
[2026-08-18T18:37:16.051+0000] {data_modification.py:83} INFO - Updated row with Video_ID: 3OljoetfTic
[2026-08-18T18:37:16.055+0000] {data_modification.py:83} INFO - Updated row with Video_ID: O8yUSICMZ90
[2026-08-18T18:37:16.059+0000] {data_modification.py:83} INFO - Updated row with Video_ID: ssqybPu9vVw
[2026-08-18T18:37:16.062+0000] {data_modification.py:83} INFO - Updated row with Video_ID: BbZQRU_cD9U
[2026-08-18T18:37:16.065+0000] {data_modification.py:83} INFO - Updated row with Video_ID: Mj8elG1igeo
[2026-08-18T18:37:16.069+0000] {data_modification.py:83} INFO - Updated row with Video_ID: maZOZsPqpes
[2026-08-18T18:37:16.072+0000] {data_modification.py:83} INFO - Updated row with Video_ID: atnhrdKOVG8
[2026-08-18T18:37:16.075+0000] {data_modification.py:83} INFO - Updated row with Video_ID: 57Iy0UZI0SM
[2026-08-18T18:37:16.079+0000] {data_modification.py:83} INFO - Updated row with Video_ID: wAg9pg9vQUo
[2026-08-18T18:37:16.082+0000] {data_modification.py:83} INFO - Updated row with Video_ID: MbTGAM4OhG0
[2026-08-18T18:37:16.085+0000] {data_modification.py:83} INFO - Updated row with Video_ID: pkPcV0DSgJs
[2026-08-18T18:37:16.089+0000] {data_modification.py:83} INFO - Updated row with Video_ID: 0L0cQafhqrM
[2026-08-18T18:37:16.092+0000] {data_modification.py:83} INFO - Updated row with Video_ID: jRylZ4OtuGU
[2026-08-18T18:37:16.096+0000] {data_modification.py:83} INFO - Updated row with Video_ID: BwwsdEZ_SYU
[2026-08-18T18:37:16.099+0000] {data_modification.py:83} INFO - Updated row with Video_ID: zzEZZLuvePM
[2026-08-18T18:37:16.103+0000] {data_modification.py:83} INFO - Updated row with Video_ID: 4Cvf51dLYSk
[2026-08-18T18:37:16.106+0000] {data_modification.py:83} INFO - Updated row with Video_ID: ZKKaeB5JQU8
[2026-08-18T18:37:16.110+0000] {data_modification.py:83} INFO - Updated row with Video_ID: ARJP_njN0os
[2026-08-18T18:37:16.113+0000] {data_modification.py:83} INFO - Updated row with Video_ID: gegkjbS5Tew
[2026-08-18T18:37:16.116+0000] {data_modification.py:83} INFO - Updated row with Video_ID: ZirpjsGfTMY
[2026-08-18T18:37:16.121+0000] {data_modification.py:83} INFO - Updated row with Video_ID: ORJOugU5D3I
[2026-08-18T18:37:16.124+0000] {data_modification.py:83} INFO - Updated row with Video_ID: NeXRyiVlKsI
[2026-08-18T18:37:16.127+0000] {data_modification.py:83} INFO - Updated row with Video_ID: rGHJciNIGAc
[2026-08-18T18:37:16.131+0000] {data_modification.py:83} INFO - Updated row with Video_ID: PSP18PWf5Zs
[2026-08-18T18:37:16.134+0000] {data_modification.py:83} INFO - Updated row with Video_ID: g5oGT8kwvbw
[2026-08-18T18:37:16.139+0000] {data_modification.py:83} INFO - Updated row with Video_ID: Hf6Xu2NL4_s
[2026-08-18T18:37:16.143+0000] {data_modification.py:83} INFO - Updated row with Video_ID: tWC0VDEscvI
[2026-08-18T18:37:16.146+0000] {data_modification.py:83} INFO - Updated row with Video_ID: cS7RhYUjEQI
[2026-08-18T18:37:16.150+0000] {data_modification.py:83} INFO - Updated row with Video_ID: sE1NV_9ReTg
[2026-08-18T18:37:16.155+0000] {data_modification.py:83} INFO - Updated row with Video_ID: 7PTe7CNgr9g
[2026-08-18T18:37:16.162+0000] {data_modification.py:83} INFO - Updated row with Video_ID: 68_Bu4FCdfI
[2026-08-18T18:37:16.169+0000] {data_modification.py:83} INFO - Updated row with Video_ID: hz1CKPY3m4U
[2026-08-18T18:37:16.175+0000] {data_modification.py:83} INFO - Updated row with Video_ID: oe2n1fr6mFA
[2026-08-18T18:37:16.179+0000] {data_modification.py:83} INFO - Updated row with Video_ID: 1pZkVccIrWM
[2026-08-18T18:37:16.183+0000] {data_modification.py:83} INFO - Updated row with Video_ID: R1WPx1fYVq0
[2026-08-18T18:37:16.188+0000] {data_modification.py:83} INFO - Updated row with Video_ID: mBD2NqvxpPc
[2026-08-18T18:37:16.192+0000] {data_modification.py:83} INFO - Updated row with Video_ID: ZlGKtvzvjp8
[2026-08-18T18:37:16.195+0000] {data_modification.py:83} INFO - Updated row with Video_ID: p09CoG0Du4I
[2026-08-18T18:37:16.198+0000] {data_modification.py:83} INFO - Updated row with Video_ID: g4VYtyqTg6g
[2026-08-18T18:37:16.201+0000] {data_modification.py:83} INFO - Updated row with Video_ID: dWAYUrGg5cM
[2026-08-18T18:37:16.206+0000] {data_modification.py:83} INFO - Updated row with Video_ID: tuhUc9_dT20
[2026-08-18T18:37:16.210+0000] {data_modification.py:83} INFO - Updated row with Video_ID: hia0Xg8j_IU
[2026-08-18T18:37:16.214+0000] {data_modification.py:83} INFO - Updated row with Video_ID: EiGbC7Yluf0
[2026-08-18T18:37:16.218+0000] {data_modification.py:83} INFO - Updated row with Video_ID: Ti86SZL9CX4
[2026-08-18T18:37:16.222+0000] {data_modification.py:83} INFO - Updated row with Video_ID: 0eRgdC7xLcs
[2026-08-18T18:37:16.227+0000] {data_modification.py:83} INFO - Updated row with Video_ID: WvOiHiaXr5E
[2026-08-18T18:37:16.230+0000] {data_modification.py:83} INFO - Updated row with Video_ID: N6fgJypFyQI
[2026-08-18T18:37:16.234+0000] {data_modification.py:83} INFO - Updated row with Video_ID: tcN8f9V4t8I
[2026-08-18T18:37:16.238+0000] {data_modification.py:83} INFO - Updated row with Video_ID: LJe2jLKIXd0
[2026-08-18T18:37:16.242+0000] {data_modification.py:83} INFO - Updated row with Video_ID: C_GStS6a29c
[2026-08-18T18:37:16.245+0000] {data_modification.py:83} INFO - Updated row with Video_ID: Saz70nG4oKE
[2026-08-18T18:37:16.249+0000] {data_modification.py:83} INFO - Updated row with Video_ID: q9exwXizr2Y
[2026-08-18T18:37:16.252+0000] {data_modification.py:83} INFO - Updated row with Video_ID: utkF94f09_c
[2026-08-18T18:37:16.256+0000] {data_modification.py:83} INFO - Updated row with Video_ID: QfN0Jm-2hxE
[2026-08-18T18:37:16.260+0000] {data_modification.py:83} INFO - Updated row with Video_ID: mNQlQwDKZAU
[2026-08-18T18:37:16.263+0000] {data_modification.py:83} INFO - Updated row with Video_ID: SWsarmgRl_I
[2026-08-18T18:37:16.267+0000] {data_modification.py:83} INFO - Updated row with Video_ID: HuaopOsCSmU
[2026-08-18T18:37:16.270+0000] {data_modification.py:83} INFO - Updated row with Video_ID: 7jZc0Rw8snc
[2026-08-18T18:37:16.274+0000] {data_modification.py:83} INFO - Updated row with Video_ID: NlOhyyJzBF4
[2026-08-18T18:37:16.278+0000] {data_modification.py:83} INFO - Updated row with Video_ID: P7f6dJtCkLw
[2026-08-18T18:37:16.281+0000] {data_modification.py:83} INFO - Updated row with Video_ID: RpvYNGITDJE
[2026-08-18T18:37:16.285+0000] {data_modification.py:83} INFO - Updated row with Video_ID: tWiDKxHunDI
[2026-08-18T18:37:16.288+0000] {data_modification.py:83} INFO - Updated row with Video_ID: ltfm6J9qRrc
[2026-08-18T18:37:16.292+0000] {data_modification.py:83} INFO - Updated row with Video_ID: IxVgfev3Oyg
[2026-08-18T18:37:16.295+0000] {data_modification.py:83} INFO - Updated row with Video_ID: e472gzphihs
[2026-08-18T18:37:16.299+0000] {data_modification.py:83} INFO - Updated row with Video_ID: 8YFiZ6vjP1w
[2026-08-18T18:37:16.302+0000] {data_modification.py:83} INFO - Updated row with Video_ID: CaYdS8ci2bk
[2026-08-18T18:37:16.305+0000] {data_modification.py:83} INFO - Updated row with Video_ID: Ci2QcgdAzh0
[2026-08-18T18:37:16.308+0000] {data_modification.py:83} INFO - Updated row with Video_ID: mva2UnLiz_g
[2026-08-18T18:37:16.312+0000] {data_modification.py:83} INFO - Updated row with Video_ID: xxtmt62-Pq0
[2026-08-18T18:37:16.315+0000] {data_modification.py:83} INFO - Updated row with Video_ID: mamEn6Afs7c
[2026-08-18T18:37:16.318+0000] {data_modification.py:83} INFO - Updated row with Video_ID: K-XyW1STCWY
[2026-08-18T18:37:16.325+0000] {data_modification.py:83} INFO - Updated row with Video_ID: hA9oempNTQ8
[2026-08-18T18:37:16.328+0000] {data_modification.py:83} INFO - Updated row with Video_ID: CVACZnX_Htk
[2026-08-18T18:37:16.333+0000] {data_modification.py:83} INFO - Updated row with Video_ID: 28LTgEBDGF8
[2026-08-18T18:37:16.337+0000] {data_modification.py:83} INFO - Updated row with Video_ID: 6ShY4HV7DU4
[2026-08-18T18:37:16.340+0000] {data_modification.py:83} INFO - Updated row with Video_ID: 2apVBh6XJT4
[2026-08-18T18:37:16.343+0000] {data_modification.py:83} INFO - Updated row with Video_ID: xqi-ZQtoLfo
[2026-08-18T18:37:16.347+0000] {data_modification.py:83} INFO - Updated row with Video_ID: JzxUcL7L6Ak
[2026-08-18T18:37:16.350+0000] {data_modification.py:83} INFO - Updated row with Video_ID: j8XMf6z3_Dc
[2026-08-18T18:37:16.353+0000] {data_modification.py:83} INFO - Updated row with Video_ID: 0z1OOai9ntQ
[2026-08-18T18:37:16.357+0000] {data_modification.py:83} INFO - Updated row with Video_ID: yKbIg-9Y3Ig
[2026-08-18T18:37:16.360+0000] {data_modification.py:83} INFO - Updated row with Video_ID: 3T3bR8sxnmo
[2026-08-18T18:37:16.364+0000] {data_modification.py:83} INFO - Updated row with Video_ID: WLnHW6xnw1w
[2026-08-18T18:37:16.367+0000] {data_modification.py:83} INFO - Updated row with Video_ID: voYHf4JmtgY
[2026-08-18T18:37:16.371+0000] {data_modification.py:83} INFO - Updated row with Video_ID: WJmOQnnpUds
[2026-08-18T18:37:16.374+0000] {data_modification.py:83} INFO - Updated row with Video_ID: AXWHe9PpQSo
[2026-08-18T18:37:16.378+0000] {data_modification.py:83} INFO - Updated row with Video_ID: ntnj4EQRYu0
[2026-08-18T18:37:16.381+0000] {data_modification.py:83} INFO - Updated row with Video_ID: xbS5IjBy2Co
[2026-08-18T18:37:16.384+0000] {data_modification.py:83} INFO - Updated row with Video_ID: PGhylw4uUTs
[2026-08-18T18:37:16.388+0000] {data_modification.py:83} INFO - Updated row with Video_ID: 5lMtOiYpyEs
[2026-08-18T18:37:16.391+0000] {data_modification.py:83} INFO - Updated row with Video_ID: AT3i6Qsg6cg
[2026-08-18T18:37:16.394+0000] {data_modification.py:83} INFO - Updated row with Video_ID: Pk9eMnRaRJc
[2026-08-18T18:37:16.398+0000] {data_modification.py:83} INFO - Updated row with Video_ID: SEjuBIgcoIg
[2026-08-18T18:37:16.401+0000] {data_modification.py:83} INFO - Updated row with Video_ID: KvTFn0JPW48
[2026-08-18T18:37:16.405+0000] {data_modification.py:83} INFO - Updated row with Video_ID: 8XkYSXMWy-8
[2026-08-18T18:37:16.408+0000] {data_modification.py:83} INFO - Updated row with Video_ID: YBmBizZFY08
[2026-08-18T18:37:16.412+0000] {data_modification.py:83} INFO - Updated row with Video_ID: yUODxEIYEq8
[2026-08-18T18:37:16.416+0000] {data_modification.py:83} INFO - Updated row with Video_ID: KNEPHbfMuho
[2026-08-18T18:37:16.420+0000] {data_modification.py:83} INFO - Updated row with Video_ID: wPQtiUmfrYU
[2026-08-18T18:37:16.423+0000] {data_modification.py:83} INFO - Updated row with Video_ID: Qv865OO-AS0
[2026-08-18T18:37:16.427+0000] {data_modification.py:83} INFO - Updated row with Video_ID: 9LTTa4HEwZc
[2026-08-18T18:37:16.430+0000] {data_modification.py:83} INFO - Updated row with Video_ID: vzkVxHhfiRc
[2026-08-18T18:37:16.434+0000] {data_modification.py:83} INFO - Updated row with Video_ID: sx4RQ4XlwTI
[2026-08-18T18:37:16.437+0000] {data_modification.py:83} INFO - Updated row with Video_ID: sfTifNeupyo
[2026-08-18T18:37:16.441+0000] {data_modification.py:83} INFO - Updated row with Video_ID: DDEFSYrTH80
[2026-08-18T18:37:16.444+0000] {data_modification.py:83} INFO - Updated row with Video_ID: VHsOXMYFRco
[2026-08-18T18:37:16.447+0000] {data_modification.py:83} INFO - Updated row with Video_ID: Pjh0sOblujM
[2026-08-18T18:37:16.451+0000] {data_modification.py:83} INFO - Updated row with Video_ID: xwhNmaJBRQQ
[2026-08-18T18:37:16.454+0000] {data_modification.py:83} INFO - Updated row with Video_ID: mlyiEwsjoL0
[2026-08-18T18:37:16.458+0000] {data_modification.py:83} INFO - Updated row with Video_ID: 5_wWatTzxhM
[2026-08-18T18:37:16.461+0000] {data_modification.py:83} INFO - Updated row with Video_ID: bwYur6KY2fQ
[2026-08-18T18:37:16.464+0000] {data_modification.py:83} INFO - Updated row with Video_ID: Ynk4imdNQws
[2026-08-18T18:37:16.468+0000] {data_modification.py:83} INFO - Updated row with Video_ID: UYzCjroDuOc
[2026-08-18T18:37:16.471+0000] {data_modification.py:83} INFO - Updated row with Video_ID: 1dX3y9QYbZs
[2026-08-18T18:37:16.475+0000] {data_modification.py:83} INFO - Updated row with Video_ID: RwV-SbE_qto
[2026-08-18T18:37:16.478+0000] {data_modification.py:83} INFO - Updated row with Video_ID: 3IAsAAi425I
[2026-08-18T18:37:16.482+0000] {data_modification.py:83} INFO - Updated row with Video_ID: xi8BdELFs9Y
[2026-08-18T18:37:16.485+0000] {data_modification.py:83} INFO - Updated row with Video_ID: lfw-3t6UfX4
[2026-08-18T18:37:16.489+0000] {data_modification.py:83} INFO - Updated row with Video_ID: 3cEpHAJmPss
[2026-08-18T18:37:16.492+0000] {data_modification.py:83} INFO - Updated row with Video_ID: T5sFxzP4Ko8
[2026-08-18T18:37:16.495+0000] {data_modification.py:83} INFO - Updated row with Video_ID: 5IQm9s_TR4Y
[2026-08-18T18:37:16.499+0000] {data_modification.py:83} INFO - Updated row with Video_ID: jaJ1DZ6W6_g
[2026-08-18T18:37:16.502+0000] {data_modification.py:83} INFO - Updated row with Video_ID: 8wVrs2HR158
[2026-08-18T18:37:16.506+0000] {data_modification.py:83} INFO - Updated row with Video_ID: Nrsoo3hXmTE
[2026-08-18T18:37:16.509+0000] {data_modification.py:83} INFO - Updated row with Video_ID: iW2HUfooOho
[2026-08-18T18:37:16.513+0000] {data_modification.py:83} INFO - Updated row with Video_ID: r_va8VL6ksQ
[2026-08-18T18:37:16.516+0000] {data_modification.py:83} INFO - Updated row with Video_ID: e6LQnLeDons
[2026-08-18T18:37:16.519+0000] {data_modification.py:83} INFO - Updated row with Video_ID: ZWpZuFuEYAc
[2026-08-18T18:37:16.523+0000] {data_modification.py:83} INFO - Updated row with Video_ID: kcX3wb6-bpo
[2026-08-18T18:37:16.526+0000] {data_modification.py:83} INFO - Updated row with Video_ID: Zam4O0Vq5LM
[2026-08-18T18:37:16.534+0000] {data_modification.py:83} INFO - Updated row with Video_ID: nw3oYXSjnt8
[2026-08-18T18:37:16.541+0000] {data_modification.py:83} INFO - Updated row with Video_ID: CXLOaMWR_l0
[2026-08-18T18:37:16.545+0000] {data_modification.py:83} INFO - Updated row with Video_ID: bNnuNSSoTag
[2026-08-18T18:37:16.548+0000] {data_modification.py:83} INFO - Updated row with Video_ID: JiNHP5ZwiaI
[2026-08-18T18:37:16.552+0000] {data_modification.py:83} INFO - Updated row with Video_ID: 6qQCAw743iE
[2026-08-18T18:37:16.555+0000] {data_modification.py:83} INFO - Updated row with Video_ID: nX6ehuC-daI
[2026-08-18T18:37:16.559+0000] {data_modification.py:83} INFO - Updated row with Video_ID: MKSkd13dp10
[2026-08-18T18:37:16.562+0000] {data_modification.py:83} INFO - Updated row with Video_ID: JjXgDfjmJaE
[2026-08-18T18:37:16.565+0000] {data_modification.py:83} INFO - Updated row with Video_ID: qHan_9wIaaE
[2026-08-18T18:37:16.569+0000] {data_modification.py:83} INFO - Updated row with Video_ID: gZwYFWXdVyg
[2026-08-18T18:37:16.572+0000] {data_modification.py:83} INFO - Updated row with Video_ID: 2Oqg9TUaPMo
[2026-08-18T18:37:16.576+0000] {data_modification.py:83} INFO - Updated row with Video_ID: AtmKOQVDKxo
[2026-08-18T18:37:16.579+0000] {data_modification.py:83} INFO - Updated row with Video_ID: NYY0t2muhNc
[2026-08-18T18:37:16.583+0000] {data_modification.py:83} INFO - Updated row with Video_ID: goZGkMQYCEk
[2026-08-18T18:37:16.586+0000] {data_modification.py:83} INFO - Updated row with Video_ID: o0itviqEFxI
[2026-08-18T18:37:16.589+0000] {data_modification.py:83} INFO - Updated row with Video_ID: f_bOQqF3Wb4
[2026-08-18T18:37:16.593+0000] {data_modification.py:83} INFO - Updated row with Video_ID: qK7VNuftVX8
[2026-08-18T18:37:16.596+0000] {data_modification.py:83} INFO - Updated row with Video_ID: 292ZgH9HIB0
[2026-08-18T18:37:16.599+0000] {data_modification.py:83} INFO - Updated row with Video_ID: 0_jumuSvFYc
[2026-08-18T18:37:16.603+0000] {data_modification.py:83} INFO - Updated row with Video_ID: BUBUwXpcStE
[2026-08-18T18:37:16.606+0000] {data_modification.py:83} INFO - Updated row with Video_ID: entr0RTTNEA
[2026-08-18T18:37:16.610+0000] {data_modification.py:83} INFO - Updated row with Video_ID: De_dV2zhXCg
[2026-08-18T18:37:16.613+0000] {data_modification.py:83} INFO - Updated row with Video_ID: UFMe8DZvies
[2026-08-18T18:37:16.616+0000] {data_modification.py:83} INFO - Updated row with Video_ID: sybu-zhYwTk
[2026-08-18T18:37:16.622+0000] {data_modification.py:83} INFO - Updated row with Video_ID: GWX_by2TA3k
[2026-08-18T18:37:16.626+0000] {data_modification.py:83} INFO - Updated row with Video_ID: EqdIH2yEw9Q
[2026-08-18T18:37:16.630+0000] {data_modification.py:83} INFO - Updated row with Video_ID: 7EixjDZXtyI
[2026-08-18T18:37:16.635+0000] {data_modification.py:83} INFO - Updated row with Video_ID: L8wz-zH7XmA
[2026-08-18T18:37:16.641+0000] {data_modification.py:83} INFO - Updated row with Video_ID: Ktsy3HRAXY4
[2026-08-18T18:37:16.645+0000] {data_modification.py:83} INFO - Updated row with Video_ID: 5up2FE4P6vE
[2026-08-18T18:37:16.648+0000] {data_modification.py:83} INFO - Updated row with Video_ID: riuUXReVtEI
[2026-08-18T18:37:16.653+0000] {data_modification.py:83} INFO - Updated row with Video_ID: pnPkjqX6XAA
[2026-08-18T18:37:16.657+0000] {data_modification.py:83} INFO - Updated row with Video_ID: p5iQY_UUtvs
[2026-08-18T18:37:16.661+0000] {data_modification.py:83} INFO - Updated row with Video_ID: aydS7-eewis
[2026-08-18T18:37:16.665+0000] {data_modification.py:83} INFO - Updated row with Video_ID: 0jTREcKPPHQ
[2026-08-18T18:37:16.668+0000] {data_modification.py:83} INFO - Updated row with Video_ID: euTj9F5HGvI
[2026-08-18T18:37:16.672+0000] {data_modification.py:83} INFO - Updated row with Video_ID: aHsI0VcvTmo
[2026-08-18T18:37:16.680+0000] {data_modification.py:83} INFO - Updated row with Video_ID: 9yCqE-uE6HE
[2026-08-18T18:37:16.683+0000] {data_modification.py:83} INFO - Updated row with Video_ID: RL5qw1suJOU
[2026-08-18T18:37:16.688+0000] {data_modification.py:83} INFO - Updated row with Video_ID: OssDGKAk5oI
[2026-08-18T18:37:16.692+0000] {data_modification.py:83} INFO - Updated row with Video_ID: gwotyKIfTCs
[2026-08-18T18:37:16.696+0000] {data_modification.py:83} INFO - Updated row with Video_ID: BWvfriecn7k
[2026-08-18T18:37:16.699+0000] {data_modification.py:83} INFO - Updated row with Video_ID: E4RO8Mstaac
[2026-08-18T18:37:16.703+0000] {data_modification.py:83} INFO - Updated row with Video_ID: 9k26p36ik_U
[2026-08-18T18:37:16.707+0000] {data_modification.py:83} INFO - Updated row with Video_ID: vbbzlUG0EOM
[2026-08-18T18:37:16.711+0000] {data_modification.py:83} INFO - Updated row with Video_ID: jssLk5YSbzA
[2026-08-18T18:37:16.715+0000] {data_modification.py:83} INFO - Updated row with Video_ID: 9mq5aFiL3H8
[2026-08-18T18:37:16.718+0000] {data_modification.py:83} INFO - Updated row with Video_ID: DR5iVyJhRLA
[2026-08-18T18:37:16.722+0000] {data_modification.py:83} INFO - Updated row with Video_ID: mQ5HVNrkKBc
[2026-08-18T18:37:16.726+0000] {data_modification.py:83} INFO - Updated row with Video_ID: aMoMtGK3JJk
[2026-08-18T18:37:16.729+0000] {data_modification.py:83} INFO - Updated row with Video_ID: ZDq-1hyFXAY
[2026-08-18T18:37:16.733+0000] {data_modification.py:83} INFO - Updated row with Video_ID: ecAEQOWBw10
[2026-08-18T18:37:16.737+0000] {data_modification.py:83} INFO - Updated row with Video_ID: v0eKUpJUApc
[2026-08-18T18:37:16.741+0000] {data_modification.py:83} INFO - Updated row with Video_ID: JngpM5iv_vA
[2026-08-18T18:37:16.744+0000] {data_modification.py:83} INFO - Updated row with Video_ID: _GWODyFZil8
[2026-08-18T18:37:16.748+0000] {data_modification.py:83} INFO - Updated row with Video_ID: XETyVhqRNKo
[2026-08-18T18:37:16.752+0000] {data_modification.py:83} INFO - Updated row with Video_ID: nl4awBgaL8A
[2026-08-18T18:37:16.756+0000] {data_modification.py:83} INFO - Updated row with Video_ID: 24A4fuqFDd0
[2026-08-18T18:37:16.760+0000] {data_modification.py:83} INFO - Updated row with Video_ID: 1wTLmVu0rsU
[2026-08-18T18:37:16.763+0000] {data_modification.py:83} INFO - Updated row with Video_ID: amRtB5Y7A3g
[2026-08-18T18:37:16.767+0000] {data_modification.py:83} INFO - Updated row with Video_ID: vQx4TjahrxM
[2026-08-18T18:37:16.772+0000] {data_modification.py:83} INFO - Updated row with Video_ID: 01jsqke-fEM
[2026-08-18T18:37:16.776+0000] {data_modification.py:83} INFO - Updated row with Video_ID: kmX4uEwrPCo
[2026-08-18T18:37:16.779+0000] {data_modification.py:83} INFO - Updated row with Video_ID: npGiqM75GSs
[2026-08-18T18:37:16.783+0000] {data_modification.py:83} INFO - Updated row with Video_ID: 3ita-1YJ4-8
[2026-08-18T18:37:16.787+0000] {data_modification.py:83} INFO - Updated row with Video_ID: XdEZ4NAHMbg
[2026-08-18T18:37:16.791+0000] {data_modification.py:83} INFO - Updated row with Video_ID: PCkAFhZENEk
[2026-08-18T18:37:16.794+0000] {data_modification.py:83} INFO - Updated row with Video_ID: jG6EtDOvEsQ
[2026-08-18T18:37:16.798+0000] {data_modification.py:83} INFO - Updated row with Video_ID: UgJ_NMfa-qk
[2026-08-18T18:37:16.802+0000] {data_modification.py:83} INFO - Updated row with Video_ID: Jh4CQFvWYC4
[2026-08-18T18:37:16.806+0000] {data_modification.py:83} INFO - Updated row with Video_ID: ha97w7Chnwo
[2026-08-18T18:37:16.809+0000] {data_modification.py:83} INFO - Updated row with Video_ID: B0vLpgf-VLc
[2026-08-18T18:37:16.812+0000] {data_modification.py:83} INFO - Updated row with Video_ID: XO1VXlmIRJc
[2026-08-18T18:37:16.816+0000] {data_modification.py:83} INFO - Updated row with Video_ID: vFyf_pPVk3E
[2026-08-18T18:37:16.819+0000] {data_modification.py:83} INFO - Updated row with Video_ID: CncTZ9aYbXE
[2026-08-18T18:37:16.822+0000] {data_modification.py:83} INFO - Updated row with Video_ID: p4ht500K-dU
[2026-08-18T18:37:16.826+0000] {data_modification.py:83} INFO - Updated row with Video_ID: W3hjgF5koT4
[2026-08-18T18:37:16.829+0000] {data_modification.py:83} INFO - Updated row with Video_ID: MHCySabjbm4
[2026-08-18T18:37:16.833+0000] {data_modification.py:83} INFO - Updated row with Video_ID: brTnu7X5oWk
[2026-08-18T18:37:16.836+0000] {data_modification.py:83} INFO - Updated row with Video_ID: eUCZShweBm8
[2026-08-18T18:37:16.839+0000] {data_modification.py:83} INFO - Updated row with Video_ID: uXW4gothy_I
[2026-08-18T18:37:16.843+0000] {data_modification.py:83} INFO - Updated row with Video_ID: vfz6JQVzKVw
[2026-08-18T18:37:16.846+0000] {data_modification.py:83} INFO - Updated row with Video_ID: OvUpb9eYj6E
[2026-08-18T18:37:16.849+0000] {data_modification.py:83} INFO - Updated row with Video_ID: 5TF0fbzhSSo
[2026-08-18T18:37:16.853+0000] {data_modification.py:83} INFO - Updated row with Video_ID: RcMBwnJu94c
[2026-08-18T18:37:16.856+0000] {data_modification.py:83} INFO - Updated row with Video_ID: av6qMDTtdR8
[2026-08-18T18:37:16.860+0000] {data_modification.py:83} INFO - Updated row with Video_ID: xJ-EuU0F720
[2026-08-18T18:37:16.864+0000] {data_modification.py:83} INFO - Updated row with Video_ID: AOAlNK2rmQE
[2026-08-18T18:37:16.869+0000] {data_modification.py:83} INFO - Updated row with Video_ID: vbwwv362nY0
[2026-08-18T18:37:16.872+0000] {data_modification.py:83} INFO - Updated row with Video_ID: 0h358VDOtBc
[2026-08-18T18:37:16.876+0000] {data_modification.py:83} INFO - Updated row with Video_ID: XumjHQsCjrU
[2026-08-18T18:37:16.879+0000] {data_modification.py:83} INFO - Updated row with Video_ID: nJdFs-pouA8
[2026-08-18T18:37:16.883+0000] {data_modification.py:83} INFO - Updated row with Video_ID: 5a5pRz_UcuY
[2026-08-18T18:37:16.886+0000] {data_modification.py:83} INFO - Updated row with Video_ID: B9jZABnvq9A
[2026-08-18T18:37:16.890+0000] {data_modification.py:83} INFO - Updated row with Video_ID: Aoj8L0_KttI
[2026-08-18T18:37:16.893+0000] {data_modification.py:83} INFO - Updated row with Video_ID: nFvmM0YJSzc
[2026-08-18T18:37:16.896+0000] {data_modification.py:83} INFO - Updated row with Video_ID: iTYc5xEWWHw
[2026-08-18T18:37:16.900+0000] {data_modification.py:83} INFO - Updated row with Video_ID: P9Uvn2iZRAQ
[2026-08-18T18:37:16.903+0000] {data_modification.py:83} INFO - Updated row with Video_ID: IpT0gQVXTXE
[2026-08-18T18:37:16.906+0000] {data_modification.py:83} INFO - Updated row with Video_ID: Ad4W4VNCweU
[2026-08-18T18:37:16.910+0000] {data_modification.py:83} INFO - Updated row with Video_ID: USVgV4YpsSA
[2026-08-18T18:37:16.913+0000] {data_modification.py:83} INFO - Updated row with Video_ID: t4GQBq2AOYY
[2026-08-18T18:37:16.917+0000] {data_modification.py:83} INFO - Updated row with Video_ID: nEOE2lldtLg
[2026-08-18T18:37:16.920+0000] {data_modification.py:83} INFO - Updated row with Video_ID: Gk-_LPYh1xQ
[2026-08-18T18:37:16.923+0000] {data_modification.py:83} INFO - Updated row with Video_ID: NA725EbXbXA
[2026-08-18T18:37:16.927+0000] {data_modification.py:83} INFO - Updated row with Video_ID: ofgOTzt8Luo
[2026-08-18T18:37:16.931+0000] {data_modification.py:83} INFO - Updated row with Video_ID: IJ-oxUAV8MI
[2026-08-18T18:37:16.935+0000] {data_modification.py:83} INFO - Updated row with Video_ID: CjExXZl5vxg
[2026-08-18T18:37:16.939+0000] {data_modification.py:83} INFO - Updated row with Video_ID: ktoZf0isisk
[2026-08-18T18:37:16.942+0000] {data_modification.py:83} INFO - Updated row with Video_ID: 3MIkMLFgxrA
[2026-08-18T18:37:16.946+0000] {data_modification.py:83} INFO - Updated row with Video_ID: qcVVjaaCeUE
[2026-08-18T18:37:16.949+0000] {data_modification.py:83} INFO - Updated row with Video_ID: HVV0E72eYZc
[2026-08-18T18:37:16.953+0000] {data_modification.py:83} INFO - Updated row with Video_ID: zYSGpOkq_JQ
[2026-08-18T18:37:16.956+0000] {data_modification.py:83} INFO - Updated row with Video_ID: QDDGmt5wLZ4
[2026-08-18T18:37:16.960+0000] {data_modification.py:83} INFO - Updated row with Video_ID: Aml_KsB8a1E
[2026-08-18T18:37:16.963+0000] {data_modification.py:83} INFO - Updated row with Video_ID: n_Wno11awXA
[2026-08-18T18:37:16.967+0000] {data_modification.py:83} INFO - Updated row with Video_ID: QH2_GeG45eI
[2026-08-18T18:37:16.970+0000] {data_modification.py:83} INFO - Updated row with Video_ID: UE-d7XM7wiU
[2026-08-18T18:37:16.974+0000] {data_modification.py:83} INFO - Updated row with Video_ID: OwJbSpAPnX8
[2026-08-18T18:37:16.977+0000] {data_modification.py:83} INFO - Updated row with Video_ID: Kq3K1g1zgK0
[2026-08-18T18:37:16.982+0000] {data_modification.py:83} INFO - Updated row with Video_ID: wOprMfjzWxU
[2026-08-18T18:37:16.986+0000] {data_modification.py:83} INFO - Updated row with Video_ID: -Hh9IoKmRvg
[2026-08-18T18:37:16.990+0000] {data_modification.py:83} INFO - Updated row with Video_ID: hs6a7t53jeo
[2026-08-18T18:37:16.993+0000] {data_modification.py:83} INFO - Updated row with Video_ID: 272-g7WwTPE
[2026-08-18T18:37:16.997+0000] {data_modification.py:83} INFO - Updated row with Video_ID: GPygrVogA0A
[2026-08-18T18:37:17.000+0000] {data_modification.py:83} INFO - Updated row with Video_ID: BuBH9gnoYNE
[2026-08-18T18:37:17.003+0000] {data_modification.py:83} INFO - Updated row with Video_ID: REFExrj1Jgg
[2026-08-18T18:37:17.007+0000] {data_modification.py:83} INFO - Updated row with Video_ID: GgeGRhSj4Y8
[2026-08-18T18:37:17.011+0000] {data_modification.py:83} INFO - Updated row with Video_ID: -JnMDXG_EeY
[2026-08-18T18:37:17.014+0000] {data_modification.py:83} INFO - Updated row with Video_ID: UmmKCEaP8zA
[2026-08-18T18:37:17.018+0000] {data_modification.py:83} INFO - Updated row with Video_ID: UskjN-9CS-8
[2026-08-18T18:37:17.021+0000] {data_modification.py:83} INFO - Updated row with Video_ID: OoWwvXMixLQ
[2026-08-18T18:37:17.025+0000] {data_modification.py:83} INFO - Updated row with Video_ID: lJ4CkX3i9xs
[2026-08-18T18:37:17.029+0000] {data_modification.py:83} INFO - Updated row with Video_ID: XVNU-sigSVo
[2026-08-18T18:37:17.032+0000] {data_modification.py:83} INFO - Updated row with Video_ID: _f-YJjrleuM
[2026-08-18T18:37:17.036+0000] {data_modification.py:83} INFO - Updated row with Video_ID: DysTiR_aNy0
[2026-08-18T18:37:17.039+0000] {data_modification.py:83} INFO - Updated row with Video_ID: 3jME4ZQ_ADU
[2026-08-18T18:37:17.043+0000] {data_modification.py:83} INFO - Updated row with Video_ID: tDdgS_CWKwg
[2026-08-18T18:37:17.048+0000] {data_modification.py:83} INFO - Updated row with Video_ID: bIDJ2jDLaQQ
[2026-08-18T18:37:17.056+0000] {data_modification.py:83} INFO - Updated row with Video_ID: 7nbfGvKcI6U
[2026-08-18T18:37:17.060+0000] {data_modification.py:83} INFO - Updated row with Video_ID: HIayimluMEA
[2026-08-18T18:37:17.063+0000] {data_modification.py:83} INFO - Updated row with Video_ID: nnEZVVC4Ap8
[2026-08-18T18:37:17.067+0000] {data_modification.py:83} INFO - Updated row with Video_ID: h8qlFyWBo8k
[2026-08-18T18:37:17.071+0000] {data_modification.py:83} INFO - Updated row with Video_ID: KMcSH9kP1pQ
[2026-08-18T18:37:17.074+0000] {data_modification.py:83} INFO - Updated row with Video_ID: b_VxnnZXACw
[2026-08-18T18:37:17.078+0000] {data_modification.py:83} INFO - Updated row with Video_ID: 7L0bdecxT5w
[2026-08-18T18:37:17.082+0000] {data_modification.py:83} INFO - Updated row with Video_ID: jbmOMe5m_R0
[2026-08-18T18:37:17.085+0000] {data_modification.py:83} INFO - Updated row with Video_ID: 68Ry-5fEDoI
[2026-08-18T18:37:17.093+0000] {data_modification.py:83} INFO - Updated row with Video_ID: G-Hqu0ieeZ0
[2026-08-18T18:37:17.107+0000] {data_modification.py:83} INFO - Updated row with Video_ID: 5pzBOSXXW5E
[2026-08-18T18:37:17.122+0000] {data_modification.py:83} INFO - Updated row with Video_ID: Ytr6Y6joSD0
[2026-08-18T18:37:17.127+0000] {data_modification.py:83} INFO - Updated row with Video_ID: Vl95YiWbiqQ
[2026-08-18T18:37:17.135+0000] {data_modification.py:83} INFO - Updated row with Video_ID: VbuSX6f0HrI
[2026-08-18T18:37:17.142+0000] {data_modification.py:83} INFO - Updated row with Video_ID: 0q1hfBATt-o
[2026-08-18T18:37:17.148+0000] {data_modification.py:83} INFO - Updated row with Video_ID: tyiF7GtCPjU
[2026-08-18T18:37:17.153+0000] {data_modification.py:83} INFO - Updated row with Video_ID: xl-L6PJ7-bg
[2026-08-18T18:37:17.157+0000] {data_modification.py:83} INFO - Updated row with Video_ID: rQK-nnptG6A
[2026-08-18T18:37:17.162+0000] {data_modification.py:83} INFO - Updated row with Video_ID: oJj0BVIQoS4
[2026-08-18T18:37:17.167+0000] {data_modification.py:83} INFO - Updated row with Video_ID: oMKz1WqTZtQ
[2026-08-18T18:37:17.172+0000] {data_modification.py:83} INFO - Updated row with Video_ID: Ks_e7KwHcEs
[2026-08-18T18:37:17.176+0000] {data_modification.py:83} INFO - Updated row with Video_ID: dPs-rIchPLA
[2026-08-18T18:37:17.183+0000] {data_modification.py:83} INFO - Updated row with Video_ID: NhQpHZzwn5Q
[2026-08-18T18:37:17.189+0000] {data_modification.py:83} INFO - Updated row with Video_ID: GAf6QMeXHZ4
[2026-08-18T18:37:17.193+0000] {data_modification.py:83} INFO - Updated row with Video_ID: BnJIrmozVdg
[2026-08-18T18:37:17.197+0000] {data_modification.py:83} INFO - Updated row with Video_ID: gjkxcEJ2MaI
[2026-08-18T18:37:17.202+0000] {data_modification.py:83} INFO - Updated row with Video_ID: oAmFVZbmAoQ
[2026-08-18T18:37:17.206+0000] {data_modification.py:83} INFO - Updated row with Video_ID: 6d2HqqrTavs
[2026-08-18T18:37:17.211+0000] {data_modification.py:83} INFO - Updated row with Video_ID: dj3nGS_IM1o
[2026-08-18T18:37:17.215+0000] {data_modification.py:83} INFO - Updated row with Video_ID: mmoNf6_60fU
[2026-08-18T18:37:17.219+0000] {data_modification.py:83} INFO - Updated row with Video_ID: jT5X5gkv2ME
[2026-08-18T18:37:17.224+0000] {data_modification.py:83} INFO - Updated row with Video_ID: 8MLHKVH9y20
[2026-08-18T18:37:17.228+0000] {data_modification.py:83} INFO - Updated row with Video_ID: jBlfx18l7DQ
[2026-08-18T18:37:17.232+0000] {data_modification.py:83} INFO - Updated row with Video_ID: imzu5nHZgY4
[2026-08-18T18:37:17.237+0000] {data_modification.py:83} INFO - Updated row with Video_ID: h7X6DOQsNcU
[2026-08-18T18:37:17.241+0000] {data_modification.py:83} INFO - Updated row with Video_ID: PmL0PQKS0Ec
[2026-08-18T18:37:17.247+0000] {data_modification.py:83} INFO - Updated row with Video_ID: vqHh7w2q9rQ
[2026-08-18T18:37:17.251+0000] {data_modification.py:83} INFO - Updated row with Video_ID: 3Ibdd10by0U
[2026-08-18T18:37:17.256+0000] {data_modification.py:83} INFO - Updated row with Video_ID: l8i22AvubME
[2026-08-18T18:37:17.261+0000] {data_modification.py:83} INFO - Updated row with Video_ID: 6qOVEzxTO5s
[2026-08-18T18:37:17.265+0000] {data_modification.py:83} INFO - Updated row with Video_ID: _Kxe78C8QEs
[2026-08-18T18:37:17.270+0000] {data_modification.py:83} INFO - Updated row with Video_ID: bu1OA3Tak8Y
[2026-08-18T18:37:17.275+0000] {data_modification.py:83} INFO - Updated row with Video_ID: KZNzusvHZAM
[2026-08-18T18:37:17.280+0000] {data_modification.py:83} INFO - Updated row with Video_ID: 2_biEIVROlQ
[2026-08-18T18:37:17.285+0000] {data_modification.py:83} INFO - Updated row with Video_ID: 7l_r8IanRWM
[2026-08-18T18:37:17.290+0000] {data_modification.py:83} INFO - Updated row with Video_ID: CSZB2gbda0s
[2026-08-18T18:37:17.294+0000] {data_modification.py:83} INFO - Updated row with Video_ID: sFf4DANqEPs
[2026-08-18T18:37:17.298+0000] {data_modification.py:83} INFO - Updated row with Video_ID: Z7zlW3RMiMM
[2026-08-18T18:37:17.302+0000] {data_modification.py:83} INFO - Updated row with Video_ID: 8g-9rZSePtc
[2026-08-18T18:37:17.307+0000] {data_modification.py:83} INFO - Updated row with Video_ID: VP9C8FT3vbk
[2026-08-18T18:37:17.312+0000] {data_modification.py:83} INFO - Updated row with Video_ID: GmdXJ0JiPB4
[2026-08-18T18:37:17.317+0000] {data_modification.py:83} INFO - Updated row with Video_ID: fdqFtP8Mg0o
[2026-08-18T18:37:17.322+0000] {data_modification.py:83} INFO - Updated row with Video_ID: abK0jlhuSpU
[2026-08-18T18:37:17.326+0000] {data_modification.py:83} INFO - Updated row with Video_ID: 5CB_cJGLQN4
[2026-08-18T18:37:17.330+0000] {data_modification.py:83} INFO - Updated row with Video_ID: N4AfGpV9Dvs
[2026-08-18T18:37:17.334+0000] {data_modification.py:83} INFO - Updated row with Video_ID: szYgpVbpaSc
[2026-08-18T18:37:17.338+0000] {data_modification.py:83} INFO - Updated row with Video_ID: xIYRx-NW_N8
[2026-08-18T18:37:17.342+0000] {data_modification.py:83} INFO - Updated row with Video_ID: GGM26tNwKTs
[2026-08-18T18:37:17.346+0000] {data_modification.py:83} INFO - Updated row with Video_ID: jxdCFxyDNUM
[2026-08-18T18:37:17.349+0000] {data_modification.py:83} INFO - Updated row with Video_ID: Yxy8d1MA8aE
[2026-08-18T18:37:17.354+0000] {data_modification.py:83} INFO - Updated row with Video_ID: HV8RfJl5w5Q
[2026-08-18T18:37:17.359+0000] {data_modification.py:83} INFO - Updated row with Video_ID: pAJZGKAgb7M
[2026-08-18T18:37:17.363+0000] {data_modification.py:83} INFO - Updated row with Video_ID: qFYjYVUL0QU
[2026-08-18T18:37:17.367+0000] {data_modification.py:83} INFO - Updated row with Video_ID: kvco8BPRW1g
[2026-08-18T18:37:17.371+0000] {data_modification.py:83} INFO - Updated row with Video_ID: CxiNMJHMWdU
[2026-08-18T18:37:17.375+0000] {data_modification.py:83} INFO - Updated row with Video_ID: 88bVOxOTWXI
[2026-08-18T18:37:17.379+0000] {data_modification.py:83} INFO - Updated row with Video_ID: KIrko2vNVUY
[2026-08-18T18:37:17.383+0000] {data_modification.py:83} INFO - Updated row with Video_ID: mM5-tYd8I1o
[2026-08-18T18:37:17.389+0000] {data_modification.py:83} INFO - Updated row with Video_ID: E-rMxqEPrcU
[2026-08-18T18:37:17.393+0000] {data_modification.py:83} INFO - Updated row with Video_ID: Sy9kHRKoUsQ
[2026-08-18T18:37:17.397+0000] {data_modification.py:83} INFO - Updated row with Video_ID: bjBLjLFCaQU
[2026-08-18T18:37:17.402+0000] {data_modification.py:83} INFO - Updated row with Video_ID: 2GOhytAUYdc
[2026-08-18T18:37:17.406+0000] {data_modification.py:83} INFO - Updated row with Video_ID: -gnVd74Yjww
[2026-08-18T18:37:17.410+0000] {data_modification.py:83} INFO - Updated row with Video_ID: 5MYu1c1InJE
[2026-08-18T18:37:17.414+0000] {data_modification.py:83} INFO - Updated row with Video_ID: lEzkDvHs0IM
[2026-08-18T18:37:17.419+0000] {data_modification.py:83} INFO - Updated row with Video_ID: xv1cv12Gy6g
[2026-08-18T18:37:17.423+0000] {data_modification.py:83} INFO - Updated row with Video_ID: 4sDYp64pKMc
[2026-08-18T18:37:17.427+0000] {data_modification.py:83} INFO - Updated row with Video_ID: P31ig0EHkg4
[2026-08-18T18:37:17.431+0000] {data_modification.py:83} INFO - Updated row with Video_ID: pC3kOyoZafM
[2026-08-18T18:37:17.435+0000] {data_modification.py:83} INFO - Updated row with Video_ID: YISBMsC-rX4
[2026-08-18T18:37:17.440+0000] {data_modification.py:83} INFO - Updated row with Video_ID: ZU9w-dnwjcs
[2026-08-18T18:37:17.444+0000] {data_modification.py:83} INFO - Updated row with Video_ID: FTKJ8pfEK9E
[2026-08-18T18:37:17.448+0000] {data_modification.py:83} INFO - Updated row with Video_ID: 3j7WBFXfcGI
[2026-08-18T18:37:17.452+0000] {data_modification.py:83} INFO - Updated row with Video_ID: 2eakbj1RVaA
[2026-08-18T18:37:17.455+0000] {data_modification.py:83} INFO - Updated row with Video_ID: zZZxd6_KdmI
[2026-08-18T18:37:17.459+0000] {data_modification.py:83} INFO - Updated row with Video_ID: ZsDFV51NJDU
[2026-08-18T18:37:17.463+0000] {data_modification.py:83} INFO - Updated row with Video_ID: WqJnM6p2xpo
[2026-08-18T18:37:17.468+0000] {data_modification.py:83} INFO - Updated row with Video_ID: g_jIgC7XfOU
[2026-08-18T18:37:17.472+0000] {data_modification.py:83} INFO - Updated row with Video_ID: s3G3gzWlXaI
[2026-08-18T18:37:17.476+0000] {data_modification.py:83} INFO - Updated row with Video_ID: GzAebhzIZ5w
[2026-08-18T18:37:17.480+0000] {data_modification.py:83} INFO - Updated row with Video_ID: YhYN54ZT8oc
[2026-08-18T18:37:17.484+0000] {data_modification.py:83} INFO - Updated row with Video_ID: -oPVgTeasz8
[2026-08-18T18:37:17.488+0000] {data_modification.py:83} INFO - Updated row with Video_ID: F7YIUM9jWAE
[2026-08-18T18:37:17.492+0000] {data_modification.py:83} INFO - Updated row with Video_ID: cpg78ouK54I
[2026-08-18T18:37:17.496+0000] {data_modification.py:83} INFO - Updated row with Video_ID: Jlq0-9NbCRU
[2026-08-18T18:37:17.500+0000] {data_modification.py:83} INFO - Updated row with Video_ID: vaZgrvt-X6c
[2026-08-18T18:37:17.505+0000] {data_modification.py:83} INFO - Updated row with Video_ID: DFmogKUAE_M
[2026-08-18T18:37:17.509+0000] {data_modification.py:83} INFO - Updated row with Video_ID: 6A36h54P0Ck
[2026-08-18T18:37:17.514+0000] {data_modification.py:83} INFO - Updated row with Video_ID: r-NRsZaMPQA
[2026-08-18T18:37:17.519+0000] {data_modification.py:83} INFO - Updated row with Video_ID: 7Ao_sUWuT0E
[2026-08-18T18:37:17.523+0000] {data_modification.py:83} INFO - Updated row with Video_ID: BZKlnQ23REs
[2026-08-18T18:37:17.527+0000] {data_modification.py:83} INFO - Updated row with Video_ID: ebErT7d4mi8
[2026-08-18T18:37:17.532+0000] {data_modification.py:83} INFO - Updated row with Video_ID: sU0f5GLJMHE
[2026-08-18T18:37:17.536+0000] {data_modification.py:83} INFO - Updated row with Video_ID: NVtP0_3MUzQ
[2026-08-18T18:37:17.540+0000] {data_modification.py:83} INFO - Updated row with Video_ID: b0cD5CQVeXM
[2026-08-18T18:37:17.544+0000] {data_modification.py:83} INFO - Updated row with Video_ID: RSeXGH2kxdo
[2026-08-18T18:37:17.548+0000] {data_modification.py:83} INFO - Updated row with Video_ID: nB-XuOiy4dw
[2026-08-18T18:37:17.553+0000] {data_modification.py:83} INFO - Updated row with Video_ID: mmfa3UrS6yQ
[2026-08-18T18:37:17.557+0000] {data_modification.py:83} INFO - Updated row with Video_ID: 6YVTLQIyC0g
[2026-08-18T18:37:17.561+0000] {data_modification.py:83} INFO - Updated row with Video_ID: vAGjapNW-Jo
[2026-08-18T18:37:17.565+0000] {data_modification.py:83} INFO - Updated row with Video_ID: OXlbIS1h9vM
[2026-08-18T18:37:17.570+0000] {data_modification.py:83} INFO - Updated row with Video_ID: IQkIOhVy_ss
[2026-08-18T18:37:17.573+0000] {data_modification.py:83} INFO - Updated row with Video_ID: Dr2hN6o5C4w
[2026-08-18T18:37:17.578+0000] {data_modification.py:83} INFO - Updated row with Video_ID: It5aR03wo-k
[2026-08-18T18:37:17.581+0000] {data_modification.py:83} INFO - Updated row with Video_ID: 57no6-7bK_8
[2026-08-18T18:37:17.585+0000] {data_modification.py:83} INFO - Updated row with Video_ID: XQ3KUwoTDoM
[2026-08-18T18:37:17.589+0000] {data_modification.py:83} INFO - Updated row with Video_ID: OXRZIyQqeKY
[2026-08-18T18:37:17.593+0000] {data_modification.py:83} INFO - Updated row with Video_ID: BAqkMUOiY0Q
[2026-08-18T18:37:17.597+0000] {data_modification.py:83} INFO - Updated row with Video_ID: PwSEdo8_7FY
[2026-08-18T18:37:17.601+0000] {data_modification.py:83} INFO - Updated row with Video_ID: FNZ2gfD7Hwk
[2026-08-18T18:37:17.604+0000] {data_modification.py:83} INFO - Updated row with Video_ID: _fnWQl90WP0
[2026-08-18T18:37:17.608+0000] {data_modification.py:83} INFO - Updated row with Video_ID: YlLJRRomnaY
[2026-08-18T18:37:17.612+0000] {data_modification.py:83} INFO - Updated row with Video_ID: LOU9UwfNt2c
[2026-08-18T18:37:17.616+0000] {data_modification.py:83} INFO - Updated row with Video_ID: 0yeG7vcPYx0
[2026-08-18T18:37:17.621+0000] {data_modification.py:83} INFO - Updated row with Video_ID: hx68XOWns_U
[2026-08-18T18:37:17.625+0000] {data_modification.py:83} INFO - Updated row with Video_ID: KZyAvUkEsD8
[2026-08-18T18:37:17.629+0000] {data_modification.py:83} INFO - Updated row with Video_ID: UfCuLj-alZM
[2026-08-18T18:37:17.633+0000] {data_modification.py:83} INFO - Updated row with Video_ID: o3vvQjsYiHQ
[2026-08-18T18:37:17.636+0000] {data_modification.py:83} INFO - Updated row with Video_ID: Hr24c8qeeKY
[2026-08-18T18:37:17.641+0000] {data_modification.py:83} INFO - Updated row with Video_ID: xN5w6lyDQzw
[2026-08-18T18:37:17.644+0000] {data_modification.py:83} INFO - Updated row with Video_ID: uF1qYkYATyM
[2026-08-18T18:37:17.650+0000] {data_modification.py:83} INFO - Updated row with Video_ID: tXBIhnU1unc
[2026-08-18T18:37:17.655+0000] {data_modification.py:83} INFO - Updated row with Video_ID: mipEUJ9IVpI
[2026-08-18T18:37:17.659+0000] {data_modification.py:83} INFO - Updated row with Video_ID: kEdFEMMvLnU
[2026-08-18T18:37:17.663+0000] {data_modification.py:83} INFO - Updated row with Video_ID: xTtYv_LskiI
[2026-08-18T18:37:17.667+0000] {data_modification.py:83} INFO - Updated row with Video_ID: nKbEJsI6GfI
[2026-08-18T18:37:17.675+0000] {data_modification.py:83} INFO - Updated row with Video_ID: tG5gulVtdVY
[2026-08-18T18:37:17.679+0000] {data_modification.py:83} INFO - Updated row with Video_ID: x1puEakZIn8
[2026-08-18T18:37:17.683+0000] {data_modification.py:83} INFO - Updated row with Video_ID: cNBEKlvcIqc
[2026-08-18T18:37:17.687+0000] {data_modification.py:83} INFO - Updated row with Video_ID: y27Zj7zCgRM
[2026-08-18T18:37:17.690+0000] {data_modification.py:83} INFO - Updated row with Video_ID: i3_fIBbd6uM
[2026-08-18T18:37:17.693+0000] {data_modification.py:83} INFO - Updated row with Video_ID: VOmmUTY5iWY
[2026-08-18T18:37:17.697+0000] {data_modification.py:83} INFO - Updated row with Video_ID: M544OC0DOz4
[2026-08-18T18:37:17.700+0000] {data_modification.py:83} INFO - Updated row with Video_ID: O6pkbxIEX2I
[2026-08-18T18:37:17.704+0000] {data_modification.py:83} INFO - Updated row with Video_ID: HSd5et0nGvs
[2026-08-18T18:37:17.705+0000] {dwh.py:59} INFO - staging table update completed
[2026-08-18T18:37:17.707+0000] {python.py:240} INFO - Done. Returned value was: None
[2026-08-18T18:37:17.716+0000] {taskinstance.py:340} INFO - ::group::Post task execution logs
[2026-08-18T18:37:17.717+0000] {taskinstance.py:352} INFO - Marking task as SUCCESS. dag_id=update_db, task_id=staging_table, run_id=manual__2026-08-18T18:37:02.256514+00:00, execution_date=20260818T183702, start_date=20260818T183707, end_date=20260818T183717
[2026-08-18T18:37:17.769+0000] {local_task_job_runner.py:266} INFO - Task exited with return code 0
[2026-08-18T18:37:17.793+0000] {taskinstance.py:3895} INFO - 1 downstream tasks scheduled from follow-on schedule check
[2026-08-18T18:37:17.798+0000] {local_task_job_runner.py:245} INFO - ::endgroup::
