[2026-08-16T09:04:39.104+0000] {local_task_job_runner.py:123} INFO - ::group::Pre task execution logs
[2026-08-16T09:04:39.119+0000] {taskinstance.py:2613} INFO - Dependencies all met for dep_context=non-requeueable deps ti=<TaskInstance: update_db.core_table manual__2026-08-16T09:04:28.200220+00:00 [queued]>
[2026-08-16T09:04:39.128+0000] {taskinstance.py:2613} INFO - Dependencies all met for dep_context=requeueable deps ti=<TaskInstance: update_db.core_table manual__2026-08-16T09:04:28.200220+00:00 [queued]>
[2026-08-16T09:04:39.131+0000] {taskinstance.py:2866} INFO - Starting attempt 1 of 1
[2026-08-16T09:04:39.143+0000] {taskinstance.py:2889} INFO - Executing <Task(_PythonDecoratedOperator): core_table> on 2026-08-16 09:04:28.200220+00:00
[2026-08-16T09:04:39.149+0000] {standard_task_runner.py:72} INFO - Started process 113 to run task
[2026-08-16T09:04:39.152+0000] {standard_task_runner.py:104} INFO - Running: ['airflow', 'tasks', 'run', 'update_db', 'core_table', 'manual__2026-08-16T09:04:28.200220+00:00', '--job-id', '261', '--raw', '--subdir', 'DAGS_FOLDER/main.py', '--cfg-path', '/tmp/tmp71ck3c8m']
[2026-08-16T09:04:39.154+0000] {standard_task_runner.py:105} INFO - Job 261: Subtask core_table
[2026-08-16T09:04:39.216+0000] {task_command.py:467} INFO - Running <TaskInstance: update_db.core_table manual__2026-08-16T09:04:28.200220+00:00 [running]> on host e7f164a8cd46
[2026-08-16T09:04:39.290+0000] {taskinstance.py:3132} INFO - Exporting env vars: AIRFLOW_CTX_DAG_EMAIL='data@engineers.com' AIRFLOW_CTX_DAG_OWNER='dataengineers' AIRFLOW_CTX_DAG_ID='update_db' AIRFLOW_CTX_TASK_ID='core_table' AIRFLOW_CTX_EXECUTION_DATE='2026-08-16T09:04:28.200220+00:00' AIRFLOW_CTX_TRY_NUMBER='1' AIRFLOW_CTX_DAG_RUN_ID='manual__2026-08-16T09:04:28.200220+00:00'
[2026-08-16T09:04:39.292+0000] {taskinstance.py:731} INFO - ::endgroup::
[2026-08-16T09:04:39.304+0000] {base.py:84} INFO - Retrieving connection 'postgres_db_yt_elt'
[2026-08-16T09:04:39.311+0000] {base.py:84} INFO - Retrieving connection 'postgres_db_yt_elt'
[2026-08-16T09:04:39.317+0000] {base.py:84} INFO - Retrieving connection 'postgres_db_yt_elt'
[2026-08-16T09:04:39.322+0000] {logging_mixin.py:190} INFO - core
[2026-08-16T09:04:39.324+0000] {logging_mixin.py:190} INFO - table created
[2026-08-16T09:04:39.348+0000] {logging_mixin.py:190} INFO - here....
[2026-08-16T09:04:39.355+0000] {data_modification.py:69} INFO - Updated row with Video_ID: Msu7c9K-WN4
[2026-08-16T09:04:39.356+0000] {logging_mixin.py:190} INFO - here....
[2026-08-16T09:04:39.360+0000] {data_modification.py:69} INFO - Updated row with Video_ID: jr0k_fOR1b0
[2026-08-16T09:04:39.361+0000] {logging_mixin.py:190} INFO - here....
[2026-08-16T09:04:39.366+0000] {data_modification.py:69} INFO - Updated row with Video_ID: 7eW5WJGkt3Q
[2026-08-16T09:04:39.367+0000] {logging_mixin.py:190} INFO - here....
[2026-08-16T09:04:39.370+0000] {data_modification.py:69} INFO - Updated row with Video_ID: X1Q0ZCcPiC8
[2026-08-16T09:04:39.372+0000] {logging_mixin.py:190} INFO - here....
[2026-08-16T09:04:39.376+0000] {data_modification.py:69} INFO - Updated row with Video_ID: pQvJquX_YHs
[2026-08-16T09:04:39.378+0000] {logging_mixin.py:190} INFO - here....
[2026-08-16T09:04:39.385+0000] {data_modification.py:69} INFO - Updated row with Video_ID: H0fxuPaUKQo
[2026-08-16T09:04:39.387+0000] {logging_mixin.py:190} INFO - here....
[2026-08-16T09:04:39.390+0000] {data_modification.py:69} INFO - Updated row with Video_ID: aaHfX3yivXo
[2026-08-16T09:04:39.392+0000] {logging_mixin.py:190} INFO - here....
[2026-08-16T09:04:39.395+0000] {data_modification.py:69} INFO - Updated row with Video_ID: KPidb-8iw9I
[2026-08-16T09:04:39.397+0000] {logging_mixin.py:190} INFO - here....
[2026-08-16T09:04:39.400+0000] {data_modification.py:69} INFO - Updated row with Video_ID: a3UVcK612iU
[2026-08-16T09:04:39.401+0000] {logging_mixin.py:190} INFO - here....
[2026-08-16T09:04:39.405+0000] {data_modification.py:69} INFO - Updated row with Video_ID: xFzxzmCFmBs
[2026-08-16T09:04:39.407+0000] {logging_mixin.py:190} INFO - here....
[2026-08-16T09:04:39.411+0000] {data_modification.py:69} INFO - Updated row with Video_ID: TrPEIepZGx8
[2026-08-16T09:04:39.413+0000] {logging_mixin.py:190} INFO - here....
[2026-08-16T09:04:39.416+0000] {data_modification.py:69} INFO - Updated row with Video_ID: 79kKoUqmdq4
[2026-08-16T09:04:39.418+0000] {logging_mixin.py:190} INFO - here....
[2026-08-16T09:04:39.421+0000] {data_modification.py:69} INFO - Updated row with Video_ID: 9xHvA0I5ZBI
[2026-08-16T09:04:39.422+0000] {logging_mixin.py:190} INFO - here....
[2026-08-16T09:04:39.425+0000] {data_modification.py:69} INFO - Updated row with Video_ID: ArsuPyWKl8I
[2026-08-16T09:04:39.427+0000] {logging_mixin.py:190} INFO - here....
[2026-08-16T09:04:39.430+0000] {data_modification.py:69} INFO - Updated row with Video_ID: 6jBaJkwfL1s
[2026-08-16T09:04:39.432+0000] {logging_mixin.py:190} INFO - here....
[2026-08-16T09:04:39.435+0000] {data_modification.py:69} INFO - Updated row with Video_ID: xZQHS9NbkxM
[2026-08-16T09:04:39.436+0000] {logging_mixin.py:190} INFO - here....
[2026-08-16T09:04:39.439+0000] {data_modification.py:69} INFO - Updated row with Video_ID: GnCdluU-EIs
[2026-08-16T09:04:39.441+0000] {logging_mixin.py:190} INFO - here....
[2026-08-16T09:04:39.444+0000] {data_modification.py:69} INFO - Updated row with Video_ID: FMO-AP3fOh4
[2026-08-16T09:04:39.445+0000] {logging_mixin.py:190} INFO - here....
[2026-08-16T09:04:39.448+0000] {data_modification.py:69} INFO - Updated row with Video_ID: N_eeQVXZOeo
[2026-08-16T09:04:39.449+0000] {logging_mixin.py:190} INFO - here....
[2026-08-16T09:04:39.452+0000] {data_modification.py:69} INFO - Updated row with Video_ID: TJ4S7HE1LjQ
[2026-08-16T09:04:39.453+0000] {logging_mixin.py:190} INFO - here....
[2026-08-16T09:04:39.457+0000] {data_modification.py:69} INFO - Updated row with Video_ID: 27d7htd4RAs
[2026-08-16T09:04:39.458+0000] {logging_mixin.py:190} INFO - here....
[2026-08-16T09:04:39.461+0000] {data_modification.py:69} INFO - Updated row with Video_ID: 1S73MBFacFE
[2026-08-16T09:04:39.462+0000] {logging_mixin.py:190} INFO - here....
[2026-08-16T09:04:39.465+0000] {data_modification.py:69} INFO - Updated row with Video_ID: gOEI6ZvZhQc
[2026-08-16T09:04:39.466+0000] {logging_mixin.py:190} INFO - here....
[2026-08-16T09:04:39.469+0000] {data_modification.py:69} INFO - Updated row with Video_ID: 7C8vFzRv8dg
[2026-08-16T09:04:39.470+0000] {logging_mixin.py:190} INFO - here....
[2026-08-16T09:04:39.483+0000] {data_modification.py:69} INFO - Updated row with Video_ID: GxMxcYiXCgM
[2026-08-16T09:04:39.485+0000] {logging_mixin.py:190} INFO - here....
[2026-08-16T09:04:39.488+0000] {data_modification.py:69} INFO - Updated row with Video_ID: o-h3STaeFro
[2026-08-16T09:04:39.490+0000] {logging_mixin.py:190} INFO - here....
[2026-08-16T09:04:39.493+0000] {data_modification.py:69} INFO - Updated row with Video_ID: 9g_O05YEKQs
[2026-08-16T09:04:39.494+0000] {logging_mixin.py:190} INFO - here....
[2026-08-16T09:04:39.497+0000] {data_modification.py:69} INFO - Updated row with Video_ID: YuccTqzNkLY
[2026-08-16T09:04:39.499+0000] {logging_mixin.py:190} INFO - here....
[2026-08-16T09:04:39.502+0000] {data_modification.py:69} INFO - Updated row with Video_ID: MPFrgj5iRfs
[2026-08-16T09:04:39.504+0000] {logging_mixin.py:190} INFO - here....
[2026-08-16T09:04:39.507+0000] {data_modification.py:69} INFO - Updated row with Video_ID: Zcpj0wGEEeY
[2026-08-16T09:04:39.509+0000] {logging_mixin.py:190} INFO - here....
[2026-08-16T09:04:39.512+0000] {data_modification.py:69} INFO - Updated row with Video_ID: 0TBjnUfulGw
[2026-08-16T09:04:39.513+0000] {logging_mixin.py:190} INFO - here....
[2026-08-16T09:04:39.516+0000] {data_modification.py:69} INFO - Updated row with Video_ID: 31brY-l0AyI
[2026-08-16T09:04:39.518+0000] {logging_mixin.py:190} INFO - here....
[2026-08-16T09:04:39.521+0000] {data_modification.py:69} INFO - Updated row with Video_ID: E-F5XJ2jJ1k
[2026-08-16T09:04:39.523+0000] {logging_mixin.py:190} INFO - here....
[2026-08-16T09:04:39.526+0000] {data_modification.py:69} INFO - Updated row with Video_ID: 10H_zj7AxjY
[2026-08-16T09:04:39.528+0000] {logging_mixin.py:190} INFO - here....
[2026-08-16T09:04:39.531+0000] {data_modification.py:69} INFO - Updated row with Video_ID: frOe2Vt9NeA
[2026-08-16T09:04:39.533+0000] {logging_mixin.py:190} INFO - here....
[2026-08-16T09:04:39.536+0000] {data_modification.py:69} INFO - Updated row with Video_ID: UVkmS2WTfFo
[2026-08-16T09:04:39.537+0000] {logging_mixin.py:190} INFO - here....
[2026-08-16T09:04:39.540+0000] {data_modification.py:69} INFO - Updated row with Video_ID: 02ZN57630Xg
[2026-08-16T09:04:39.542+0000] {logging_mixin.py:190} INFO - here....
[2026-08-16T09:04:39.545+0000] {data_modification.py:69} INFO - Updated row with Video_ID: BZg2howReh0
[2026-08-16T09:04:39.546+0000] {logging_mixin.py:190} INFO - here....
[2026-08-16T09:04:39.549+0000] {data_modification.py:69} INFO - Updated row with Video_ID: 9IxevWyzIhM
[2026-08-16T09:04:39.551+0000] {logging_mixin.py:190} INFO - here....
[2026-08-16T09:04:39.555+0000] {data_modification.py:69} INFO - Updated row with Video_ID: Y_VOz_0Nhyc
[2026-08-16T09:04:39.556+0000] {logging_mixin.py:190} INFO - here....
[2026-08-16T09:04:39.559+0000] {data_modification.py:69} INFO - Updated row with Video_ID: H8VLl6Y77NQ
[2026-08-16T09:04:39.560+0000] {logging_mixin.py:190} INFO - here....
[2026-08-16T09:04:39.563+0000] {data_modification.py:69} INFO - Updated row with Video_ID: CNCZGwqqSYI
[2026-08-16T09:04:39.564+0000] {logging_mixin.py:190} INFO - here....
[2026-08-16T09:04:39.568+0000] {data_modification.py:69} INFO - Updated row with Video_ID: t8sS6Lk3cYo
[2026-08-16T09:04:39.569+0000] {logging_mixin.py:190} INFO - here....
[2026-08-16T09:04:39.572+0000] {data_modification.py:69} INFO - Updated row with Video_ID: IT0AX-JkvQ0
[2026-08-16T09:04:39.574+0000] {logging_mixin.py:190} INFO - here....
[2026-08-16T09:04:39.576+0000] {data_modification.py:69} INFO - Updated row with Video_ID: 5UTkieEX-bA
[2026-08-16T09:04:39.578+0000] {logging_mixin.py:190} INFO - here....
[2026-08-16T09:04:39.580+0000] {data_modification.py:69} INFO - Updated row with Video_ID: isNPa_fKPck
[2026-08-16T09:04:39.581+0000] {logging_mixin.py:190} INFO - here....
[2026-08-16T09:04:39.584+0000] {data_modification.py:69} INFO - Updated row with Video_ID: WlCcvxAcshw
[2026-08-16T09:04:39.585+0000] {logging_mixin.py:190} INFO - here....
[2026-08-16T09:04:39.588+0000] {data_modification.py:69} INFO - Updated row with Video_ID: UCLWX5U3zz8
[2026-08-16T09:04:39.589+0000] {logging_mixin.py:190} INFO - here....
[2026-08-16T09:04:39.592+0000] {data_modification.py:69} INFO - Updated row with Video_ID: qt2XslRMOto
[2026-08-16T09:04:39.593+0000] {logging_mixin.py:190} INFO - here....
[2026-08-16T09:04:39.596+0000] {data_modification.py:69} INFO - Updated row with Video_ID: 2xVJvDR2Aco
[2026-08-16T09:04:39.597+0000] {logging_mixin.py:190} INFO - here....
[2026-08-16T09:04:39.599+0000] {data_modification.py:69} INFO - Updated row with Video_ID: pdOgW7mFgHo
[2026-08-16T09:04:39.601+0000] {logging_mixin.py:190} INFO - here....
[2026-08-16T09:04:39.604+0000] {data_modification.py:69} INFO - Updated row with Video_ID: 6FNRVY2vYXw
[2026-08-16T09:04:39.605+0000] {logging_mixin.py:190} INFO - here....
[2026-08-16T09:04:39.607+0000] {data_modification.py:69} INFO - Updated row with Video_ID: rQ-OVYSPAAQ
[2026-08-16T09:04:39.608+0000] {logging_mixin.py:190} INFO - here....
[2026-08-16T09:04:39.611+0000] {data_modification.py:69} INFO - Updated row with Video_ID: uokt0pavxhM
[2026-08-16T09:04:39.612+0000] {logging_mixin.py:190} INFO - here....
[2026-08-16T09:04:39.615+0000] {data_modification.py:69} INFO - Updated row with Video_ID: 00jncbQz5QM
[2026-08-16T09:04:39.617+0000] {logging_mixin.py:190} INFO - here....
[2026-08-16T09:04:39.620+0000] {data_modification.py:69} INFO - Updated row with Video_ID: UCSwVvqO6mk
[2026-08-16T09:04:39.621+0000] {logging_mixin.py:190} INFO - here....
[2026-08-16T09:04:39.624+0000] {data_modification.py:69} INFO - Updated row with Video_ID: lacFcgcHx6I
[2026-08-16T09:04:39.625+0000] {logging_mixin.py:190} INFO - here....
[2026-08-16T09:04:39.628+0000] {data_modification.py:69} INFO - Updated row with Video_ID: saxSOiLxpBs
[2026-08-16T09:04:39.629+0000] {logging_mixin.py:190} INFO - here....
[2026-08-16T09:04:39.632+0000] {data_modification.py:69} INFO - Updated row with Video_ID: LxKB2UJipQw
[2026-08-16T09:04:39.633+0000] {logging_mixin.py:190} INFO - here....
[2026-08-16T09:04:39.637+0000] {data_modification.py:69} INFO - Updated row with Video_ID: sGpc8-f2e8U
[2026-08-16T09:04:39.639+0000] {logging_mixin.py:190} INFO - here....
[2026-08-16T09:04:39.643+0000] {data_modification.py:69} INFO - Updated row with Video_ID: sdMHVIcPGwg
[2026-08-16T09:04:39.646+0000] {logging_mixin.py:190} INFO - here....
[2026-08-16T09:04:39.649+0000] {data_modification.py:69} INFO - Updated row with Video_ID: 9uUl6m0J9dg
[2026-08-16T09:04:39.651+0000] {logging_mixin.py:190} INFO - here....
[2026-08-16T09:04:39.654+0000] {data_modification.py:69} INFO - Updated row with Video_ID: q7L3qN_ucvQ
[2026-08-16T09:04:39.655+0000] {logging_mixin.py:190} INFO - here....
[2026-08-16T09:04:39.658+0000] {data_modification.py:69} INFO - Updated row with Video_ID: rdbtGeMVL_o
[2026-08-16T09:04:39.659+0000] {logging_mixin.py:190} INFO - here....
[2026-08-16T09:04:39.662+0000] {data_modification.py:69} INFO - Updated row with Video_ID: m7v7KLttM3k
[2026-08-16T09:04:39.663+0000] {logging_mixin.py:190} INFO - here....
[2026-08-16T09:04:39.666+0000] {data_modification.py:69} INFO - Updated row with Video_ID: USQpt4uF85w
[2026-08-16T09:04:39.667+0000] {logging_mixin.py:190} INFO - here....
[2026-08-16T09:04:39.670+0000] {data_modification.py:69} INFO - Updated row with Video_ID: SysG5lgX91Y
[2026-08-16T09:04:39.672+0000] {logging_mixin.py:190} INFO - here....
[2026-08-16T09:04:39.675+0000] {data_modification.py:69} INFO - Updated row with Video_ID: kKNoBH0iE1k
[2026-08-16T09:04:39.676+0000] {logging_mixin.py:190} INFO - here....
[2026-08-16T09:04:39.679+0000] {data_modification.py:69} INFO - Updated row with Video_ID: Tzd6exIs-aw
[2026-08-16T09:04:39.680+0000] {logging_mixin.py:190} INFO - here....
[2026-08-16T09:04:39.684+0000] {data_modification.py:69} INFO - Updated row with Video_ID: 8lRWZWacczA
[2026-08-16T09:04:39.686+0000] {logging_mixin.py:190} INFO - here....
[2026-08-16T09:04:39.690+0000] {data_modification.py:69} INFO - Updated row with Video_ID: fHBcc2oAcJU
[2026-08-16T09:04:39.692+0000] {logging_mixin.py:190} INFO - here....
[2026-08-16T09:04:39.696+0000] {data_modification.py:69} INFO - Updated row with Video_ID: phCov5GMOl4
[2026-08-16T09:04:39.697+0000] {logging_mixin.py:190} INFO - here....
[2026-08-16T09:04:39.700+0000] {data_modification.py:69} INFO - Updated row with Video_ID: wv36G-Cfc4U
[2026-08-16T09:04:39.701+0000] {logging_mixin.py:190} INFO - here....
[2026-08-16T09:04:39.704+0000] {data_modification.py:69} INFO - Updated row with Video_ID: JO-LZtQjwtQ
[2026-08-16T09:04:39.706+0000] {logging_mixin.py:190} INFO - here....
[2026-08-16T09:04:39.709+0000] {data_modification.py:69} INFO - Updated row with Video_ID: 9QTNP99Sj6Q
[2026-08-16T09:04:39.711+0000] {logging_mixin.py:190} INFO - here....
[2026-08-16T09:04:39.713+0000] {data_modification.py:69} INFO - Updated row with Video_ID: yW7uUoCrZFM
[2026-08-16T09:04:39.715+0000] {logging_mixin.py:190} INFO - here....
[2026-08-16T09:04:39.718+0000] {data_modification.py:69} INFO - Updated row with Video_ID: bRR9Hzi60YA
[2026-08-16T09:04:39.719+0000] {logging_mixin.py:190} INFO - here....
[2026-08-16T09:04:39.722+0000] {data_modification.py:69} INFO - Updated row with Video_ID: F0Krcd6kUNU
[2026-08-16T09:04:39.723+0000] {logging_mixin.py:190} INFO - here....
[2026-08-16T09:04:39.726+0000] {data_modification.py:69} INFO - Updated row with Video_ID: _wxlPGDLIE8
[2026-08-16T09:04:39.727+0000] {logging_mixin.py:190} INFO - here....
[2026-08-16T09:04:39.730+0000] {data_modification.py:69} INFO - Updated row with Video_ID: NuBo8fvnYw0
[2026-08-16T09:04:39.731+0000] {logging_mixin.py:190} INFO - here....
[2026-08-16T09:04:39.734+0000] {data_modification.py:69} INFO - Updated row with Video_ID: D1aX4l3VMpE
[2026-08-16T09:04:39.735+0000] {logging_mixin.py:190} INFO - here....
[2026-08-16T09:04:39.738+0000] {data_modification.py:69} INFO - Updated row with Video_ID: KstXIeCUo5k
[2026-08-16T09:04:39.740+0000] {logging_mixin.py:190} INFO - here....
[2026-08-16T09:04:39.743+0000] {data_modification.py:69} INFO - Updated row with Video_ID: disBIEWq5Jo
[2026-08-16T09:04:39.744+0000] {logging_mixin.py:190} INFO - here....
[2026-08-16T09:04:39.747+0000] {data_modification.py:69} INFO - Updated row with Video_ID: ZsPygh37hpw
[2026-08-16T09:04:39.748+0000] {logging_mixin.py:190} INFO - here....
[2026-08-16T09:04:39.751+0000] {data_modification.py:69} INFO - Updated row with Video_ID: MmMcs34BGQQ
[2026-08-16T09:04:39.753+0000] {logging_mixin.py:190} INFO - here....
[2026-08-16T09:04:39.756+0000] {data_modification.py:69} INFO - Updated row with Video_ID: Zmz5gE9nJqY
[2026-08-16T09:04:39.757+0000] {logging_mixin.py:190} INFO - here....
[2026-08-16T09:04:39.760+0000] {data_modification.py:69} INFO - Updated row with Video_ID: LBuUrYKQs1A
[2026-08-16T09:04:39.762+0000] {logging_mixin.py:190} INFO - here....
[2026-08-16T09:04:39.766+0000] {data_modification.py:69} INFO - Updated row with Video_ID: 6-tpoSaxH1E
[2026-08-16T09:04:39.767+0000] {logging_mixin.py:190} INFO - here....
[2026-08-16T09:04:39.770+0000] {data_modification.py:69} INFO - Updated row with Video_ID: u6Y0S1ZzyrE
[2026-08-16T09:04:39.771+0000] {logging_mixin.py:190} INFO - here....
[2026-08-16T09:04:39.774+0000] {data_modification.py:69} INFO - Updated row with Video_ID: axkyLmRS3mw
[2026-08-16T09:04:39.776+0000] {logging_mixin.py:190} INFO - here....
[2026-08-16T09:04:39.779+0000] {data_modification.py:69} INFO - Updated row with Video_ID: DTM6Rpq4lIc
[2026-08-16T09:04:39.781+0000] {logging_mixin.py:190} INFO - here....
[2026-08-16T09:04:39.784+0000] {data_modification.py:69} INFO - Updated row with Video_ID: FXPPMHDWMDM
[2026-08-16T09:04:39.785+0000] {logging_mixin.py:190} INFO - here....
[2026-08-16T09:04:39.788+0000] {data_modification.py:69} INFO - Updated row with Video_ID: N6FLYlaEhbc
[2026-08-16T09:04:39.790+0000] {logging_mixin.py:190} INFO - here....
[2026-08-16T09:04:39.793+0000] {data_modification.py:69} INFO - Updated row with Video_ID: YVlWj1LCv54
[2026-08-16T09:04:39.794+0000] {logging_mixin.py:190} INFO - here....
[2026-08-16T09:04:39.797+0000] {data_modification.py:69} INFO - Updated row with Video_ID: Gef8kiZSq3U
[2026-08-16T09:04:39.799+0000] {logging_mixin.py:190} INFO - here....
[2026-08-16T09:04:39.801+0000] {data_modification.py:69} INFO - Updated row with Video_ID: 7fsb6ZESyzE
[2026-08-16T09:04:39.803+0000] {logging_mixin.py:190} INFO - here....
[2026-08-16T09:04:39.806+0000] {data_modification.py:69} INFO - Updated row with Video_ID: NpqFaS2T0Sg
[2026-08-16T09:04:39.807+0000] {logging_mixin.py:190} INFO - here....
[2026-08-16T09:04:39.810+0000] {data_modification.py:69} INFO - Updated row with Video_ID: aXgv77_yj2M
[2026-08-16T09:04:39.811+0000] {logging_mixin.py:190} INFO - here....
[2026-08-16T09:04:39.814+0000] {data_modification.py:69} INFO - Updated row with Video_ID: GB613J8JG5U
[2026-08-16T09:04:39.815+0000] {logging_mixin.py:190} INFO - here....
[2026-08-16T09:04:39.818+0000] {data_modification.py:69} INFO - Updated row with Video_ID: U0RCgj1XvSk
[2026-08-16T09:04:39.820+0000] {logging_mixin.py:190} INFO - here....
[2026-08-16T09:04:39.823+0000] {data_modification.py:69} INFO - Updated row with Video_ID: 9Gr5RCoseGw
[2026-08-16T09:04:39.824+0000] {logging_mixin.py:190} INFO - here....
[2026-08-16T09:04:39.827+0000] {data_modification.py:69} INFO - Updated row with Video_ID: mbUXjgUNC9A
[2026-08-16T09:04:39.828+0000] {logging_mixin.py:190} INFO - here....
[2026-08-16T09:04:39.831+0000] {data_modification.py:69} INFO - Updated row with Video_ID: Uw1GCN_rz2A
[2026-08-16T09:04:39.832+0000] {logging_mixin.py:190} INFO - here....
[2026-08-16T09:04:39.835+0000] {data_modification.py:69} INFO - Updated row with Video_ID: pIAAJzElidg
[2026-08-16T09:04:39.836+0000] {logging_mixin.py:190} INFO - here....
[2026-08-16T09:04:39.838+0000] {data_modification.py:69} INFO - Updated row with Video_ID: ZfMEVzUKlcU
[2026-08-16T09:04:39.839+0000] {logging_mixin.py:190} INFO - here....
[2026-08-16T09:04:39.842+0000] {data_modification.py:69} INFO - Updated row with Video_ID: SqZlk5PMlbg
[2026-08-16T09:04:39.843+0000] {logging_mixin.py:190} INFO - here....
[2026-08-16T09:04:39.846+0000] {data_modification.py:69} INFO - Updated row with Video_ID: re2glO6__Dg
[2026-08-16T09:04:39.847+0000] {logging_mixin.py:190} INFO - here....
[2026-08-16T09:04:39.850+0000] {data_modification.py:69} INFO - Updated row with Video_ID: vFrkf8WyJVc
[2026-08-16T09:04:39.852+0000] {logging_mixin.py:190} INFO - here....
[2026-08-16T09:04:39.856+0000] {data_modification.py:69} INFO - Updated row with Video_ID: umY8puBmIFE
[2026-08-16T09:04:39.860+0000] {logging_mixin.py:190} INFO - here....
[2026-08-16T09:04:39.869+0000] {data_modification.py:69} INFO - Updated row with Video_ID: vJzN2GcR6O0
[2026-08-16T09:04:39.873+0000] {logging_mixin.py:190} INFO - here....
[2026-08-16T09:04:39.880+0000] {data_modification.py:69} INFO - Updated row with Video_ID: q1hvfs-VL5U
[2026-08-16T09:04:39.882+0000] {logging_mixin.py:190} INFO - here....
[2026-08-16T09:04:39.886+0000] {data_modification.py:69} INFO - Updated row with Video_ID: n21Fns_hsI4
[2026-08-16T09:04:39.888+0000] {logging_mixin.py:190} INFO - here....
[2026-08-16T09:04:39.891+0000] {data_modification.py:69} INFO - Updated row with Video_ID: _baDbB8jUY0
[2026-08-16T09:04:39.893+0000] {logging_mixin.py:190} INFO - here....
[2026-08-16T09:04:39.896+0000] {data_modification.py:69} INFO - Updated row with Video_ID: X6wtL19fxmg
[2026-08-16T09:04:39.897+0000] {logging_mixin.py:190} INFO - here....
[2026-08-16T09:04:39.901+0000] {data_modification.py:69} INFO - Updated row with Video_ID: gtTSk4RdZfc
[2026-08-16T09:04:39.902+0000] {logging_mixin.py:190} INFO - here....
[2026-08-16T09:04:39.905+0000] {data_modification.py:69} INFO - Updated row with Video_ID: U1NsJu_dJ_Q
[2026-08-16T09:04:39.906+0000] {logging_mixin.py:190} INFO - here....
[2026-08-16T09:04:39.909+0000] {data_modification.py:69} INFO - Updated row with Video_ID: ttTr-QWH7hU
[2026-08-16T09:04:39.911+0000] {logging_mixin.py:190} INFO - here....
[2026-08-16T09:04:39.914+0000] {data_modification.py:69} INFO - Updated row with Video_ID: rcxao2sgExE
[2026-08-16T09:04:39.916+0000] {logging_mixin.py:190} INFO - here....
[2026-08-16T09:04:39.919+0000] {data_modification.py:69} INFO - Updated row with Video_ID: 8LCrf5849AA
[2026-08-16T09:04:39.921+0000] {logging_mixin.py:190} INFO - here....
[2026-08-16T09:04:39.924+0000] {data_modification.py:69} INFO - Updated row with Video_ID: L60PCbrIjqk
[2026-08-16T09:04:39.925+0000] {logging_mixin.py:190} INFO - here....
[2026-08-16T09:04:39.928+0000] {data_modification.py:69} INFO - Updated row with Video_ID: 23dbj3silMU
[2026-08-16T09:04:39.930+0000] {logging_mixin.py:190} INFO - here....
[2026-08-16T09:04:39.933+0000] {data_modification.py:69} INFO - Updated row with Video_ID: iL8ER1H4bs0
[2026-08-16T09:04:39.935+0000] {logging_mixin.py:190} INFO - here....
[2026-08-16T09:04:39.938+0000] {data_modification.py:69} INFO - Updated row with Video_ID: 7DmnXvWmOfE
[2026-08-16T09:04:39.940+0000] {logging_mixin.py:190} INFO - here....
[2026-08-16T09:04:39.943+0000] {data_modification.py:69} INFO - Updated row with Video_ID: FGHUDxPrYos
[2026-08-16T09:04:39.945+0000] {logging_mixin.py:190} INFO - here....
[2026-08-16T09:04:39.948+0000] {data_modification.py:69} INFO - Updated row with Video_ID: rb9536WrfDA
[2026-08-16T09:04:39.949+0000] {logging_mixin.py:190} INFO - here....
[2026-08-16T09:04:39.952+0000] {data_modification.py:69} INFO - Updated row with Video_ID: _drpwj1kfBI
[2026-08-16T09:04:39.954+0000] {logging_mixin.py:190} INFO - here....
[2026-08-16T09:04:39.957+0000] {data_modification.py:69} INFO - Updated row with Video_ID: kKnHSAJ3Vus
[2026-08-16T09:04:39.958+0000] {logging_mixin.py:190} INFO - here....
[2026-08-16T09:04:39.962+0000] {data_modification.py:69} INFO - Updated row with Video_ID: RZiQipNLX_k
[2026-08-16T09:04:39.963+0000] {logging_mixin.py:190} INFO - here....
[2026-08-16T09:04:39.966+0000] {data_modification.py:69} INFO - Updated row with Video_ID: w9TAdQxshhg
[2026-08-16T09:04:39.968+0000] {logging_mixin.py:190} INFO - here....
[2026-08-16T09:04:39.970+0000] {data_modification.py:69} INFO - Updated row with Video_ID: gSiClsQnsaQ
[2026-08-16T09:04:39.972+0000] {logging_mixin.py:190} INFO - here....
[2026-08-16T09:04:39.975+0000] {data_modification.py:69} INFO - Updated row with Video_ID: D4VJ9LW1Ypw
[2026-08-16T09:04:39.977+0000] {logging_mixin.py:190} INFO - here....
[2026-08-16T09:04:39.981+0000] {data_modification.py:69} INFO - Updated row with Video_ID: 3dqWCppVKCU
[2026-08-16T09:04:39.982+0000] {logging_mixin.py:190} INFO - here....
[2026-08-16T09:04:39.985+0000] {data_modification.py:69} INFO - Updated row with Video_ID: sX6gEwH-SA4
[2026-08-16T09:04:39.987+0000] {logging_mixin.py:190} INFO - here....
[2026-08-16T09:04:39.991+0000] {data_modification.py:69} INFO - Updated row with Video_ID: 3UPny7Ll9q0
[2026-08-16T09:04:39.993+0000] {logging_mixin.py:190} INFO - here....
[2026-08-16T09:04:39.997+0000] {data_modification.py:69} INFO - Updated row with Video_ID: AozQaJkIVjo
[2026-08-16T09:04:39.999+0000] {logging_mixin.py:190} INFO - here....
[2026-08-16T09:04:40.002+0000] {data_modification.py:69} INFO - Updated row with Video_ID: I1hE85KMXYY
[2026-08-16T09:04:40.003+0000] {logging_mixin.py:190} INFO - here....
[2026-08-16T09:04:40.006+0000] {data_modification.py:69} INFO - Updated row with Video_ID: JaXo8o6Pk08
[2026-08-16T09:04:40.008+0000] {logging_mixin.py:190} INFO - here....
[2026-08-16T09:04:40.011+0000] {data_modification.py:69} INFO - Updated row with Video_ID: x5lkswNc1Wc
[2026-08-16T09:04:40.013+0000] {logging_mixin.py:190} INFO - here....
[2026-08-16T09:04:40.015+0000] {data_modification.py:69} INFO - Updated row with Video_ID: rdOENTn7RLQ
[2026-08-16T09:04:40.017+0000] {logging_mixin.py:190} INFO - here....
[2026-08-16T09:04:40.020+0000] {data_modification.py:69} INFO - Updated row with Video_ID: JEN3vtVadqE
[2026-08-16T09:04:40.022+0000] {logging_mixin.py:190} INFO - here....
[2026-08-16T09:04:40.025+0000] {data_modification.py:69} INFO - Updated row with Video_ID: Q0-su2NRmms
[2026-08-16T09:04:40.026+0000] {logging_mixin.py:190} INFO - here....
[2026-08-16T09:04:40.029+0000] {data_modification.py:69} INFO - Updated row with Video_ID: 5suNXiI1vjQ
[2026-08-16T09:04:40.031+0000] {logging_mixin.py:190} INFO - here....
[2026-08-16T09:04:40.038+0000] {data_modification.py:69} INFO - Updated row with Video_ID: GmbS0E2q98M
[2026-08-16T09:04:40.043+0000] {logging_mixin.py:190} INFO - here....
[2026-08-16T09:04:40.046+0000] {data_modification.py:69} INFO - Updated row with Video_ID: wQPCRXV-SMc
[2026-08-16T09:04:40.050+0000] {logging_mixin.py:190} INFO - here....
[2026-08-16T09:04:40.054+0000] {data_modification.py:69} INFO - Updated row with Video_ID: ZDr9-jZavd0
[2026-08-16T09:04:40.056+0000] {logging_mixin.py:190} INFO - here....
[2026-08-16T09:04:40.058+0000] {data_modification.py:69} INFO - Updated row with Video_ID: -MzmomicG-w
[2026-08-16T09:04:40.060+0000] {logging_mixin.py:190} INFO - here....
[2026-08-16T09:04:40.062+0000] {data_modification.py:69} INFO - Updated row with Video_ID: JZ5pYus_i-E
[2026-08-16T09:04:40.064+0000] {logging_mixin.py:190} INFO - here....
[2026-08-16T09:04:40.067+0000] {data_modification.py:69} INFO - Updated row with Video_ID: U_tKz2--CNw
[2026-08-16T09:04:40.069+0000] {logging_mixin.py:190} INFO - here....
[2026-08-16T09:04:40.071+0000] {data_modification.py:69} INFO - Updated row with Video_ID: s-Mb0owDp-M
[2026-08-16T09:04:40.073+0000] {logging_mixin.py:190} INFO - here....
[2026-08-16T09:04:40.075+0000] {data_modification.py:69} INFO - Updated row with Video_ID: x_YKMjhvCuI
[2026-08-16T09:04:40.077+0000] {logging_mixin.py:190} INFO - here....
[2026-08-16T09:04:40.080+0000] {data_modification.py:69} INFO - Updated row with Video_ID: wxkQrtYKofc
[2026-08-16T09:04:40.081+0000] {logging_mixin.py:190} INFO - here....
[2026-08-16T09:04:40.084+0000] {data_modification.py:69} INFO - Updated row with Video_ID: m46vU8_Z_TU
[2026-08-16T09:04:40.086+0000] {logging_mixin.py:190} INFO - here....
[2026-08-16T09:04:40.089+0000] {data_modification.py:69} INFO - Updated row with Video_ID: FOShWdqVbeI
[2026-08-16T09:04:40.090+0000] {logging_mixin.py:190} INFO - here....
[2026-08-16T09:04:40.093+0000] {data_modification.py:69} INFO - Updated row with Video_ID: N1tsv3Cd3y0
[2026-08-16T09:04:40.094+0000] {logging_mixin.py:190} INFO - here....
[2026-08-16T09:04:40.097+0000] {data_modification.py:69} INFO - Updated row with Video_ID: qrz1ANz2hgA
[2026-08-16T09:04:40.098+0000] {logging_mixin.py:190} INFO - here....
[2026-08-16T09:04:40.101+0000] {data_modification.py:69} INFO - Updated row with Video_ID: Jle_idA-_CI
[2026-08-16T09:04:40.102+0000] {logging_mixin.py:190} INFO - here....
[2026-08-16T09:04:40.105+0000] {data_modification.py:69} INFO - Updated row with Video_ID: 07GiK7JpgWM
[2026-08-16T09:04:40.106+0000] {logging_mixin.py:190} INFO - here....
[2026-08-16T09:04:40.109+0000] {data_modification.py:69} INFO - Updated row with Video_ID: zx3J1Z5JEcs
[2026-08-16T09:04:40.110+0000] {logging_mixin.py:190} INFO - here....
[2026-08-16T09:04:40.113+0000] {data_modification.py:69} INFO - Updated row with Video_ID: FdJn8GtmciU
[2026-08-16T09:04:40.114+0000] {logging_mixin.py:190} INFO - here....
[2026-08-16T09:04:40.118+0000] {data_modification.py:69} INFO - Updated row with Video_ID: t0ZYA4-_XCs
[2026-08-16T09:04:40.119+0000] {logging_mixin.py:190} INFO - here....
[2026-08-16T09:04:40.122+0000] {data_modification.py:69} INFO - Updated row with Video_ID: zaDMDLQB3RE
[2026-08-16T09:04:40.123+0000] {logging_mixin.py:190} INFO - here....
[2026-08-16T09:04:40.126+0000] {data_modification.py:69} INFO - Updated row with Video_ID: OMig8byHT0g
[2026-08-16T09:04:40.127+0000] {logging_mixin.py:190} INFO - here....
[2026-08-16T09:04:40.131+0000] {data_modification.py:69} INFO - Updated row with Video_ID: yhkwU_8nzcc
[2026-08-16T09:04:40.132+0000] {logging_mixin.py:190} INFO - here....
[2026-08-16T09:04:40.136+0000] {data_modification.py:69} INFO - Updated row with Video_ID: kCZdE_zfZf0
[2026-08-16T09:04:40.137+0000] {logging_mixin.py:190} INFO - here....
[2026-08-16T09:04:40.141+0000] {data_modification.py:69} INFO - Updated row with Video_ID: mGpaIjdRDdw
[2026-08-16T09:04:40.142+0000] {logging_mixin.py:190} INFO - here....
[2026-08-16T09:04:40.145+0000] {data_modification.py:69} INFO - Updated row with Video_ID: INfL9UeWkfg
[2026-08-16T09:04:40.147+0000] {logging_mixin.py:190} INFO - here....
[2026-08-16T09:04:40.149+0000] {data_modification.py:69} INFO - Updated row with Video_ID: hJZ43EXfUDA
[2026-08-16T09:04:40.151+0000] {logging_mixin.py:190} INFO - here....
[2026-08-16T09:04:40.154+0000] {data_modification.py:69} INFO - Updated row with Video_ID: YjMIEulKtx4
[2026-08-16T09:04:40.156+0000] {logging_mixin.py:190} INFO - here....
[2026-08-16T09:04:40.159+0000] {data_modification.py:69} INFO - Updated row with Video_ID: VAtgcFtqIqw
[2026-08-16T09:04:40.160+0000] {logging_mixin.py:190} INFO - here....
[2026-08-16T09:04:40.163+0000] {data_modification.py:69} INFO - Updated row with Video_ID: S_9eF68GVEI
[2026-08-16T09:04:40.164+0000] {logging_mixin.py:190} INFO - here....
[2026-08-16T09:04:40.167+0000] {data_modification.py:69} INFO - Updated row with Video_ID: XN3VW6rUlLE
[2026-08-16T09:04:40.168+0000] {logging_mixin.py:190} INFO - here....
[2026-08-16T09:04:40.171+0000] {data_modification.py:69} INFO - Updated row with Video_ID: UtQmQYSTQ1c
[2026-08-16T09:04:40.172+0000] {logging_mixin.py:190} INFO - here....
[2026-08-16T09:04:40.176+0000] {data_modification.py:69} INFO - Updated row with Video_ID: LuE8IZarvMc
[2026-08-16T09:04:40.177+0000] {logging_mixin.py:190} INFO - here....
[2026-08-16T09:04:40.180+0000] {data_modification.py:69} INFO - Updated row with Video_ID: UgKt9bI0p7g
[2026-08-16T09:04:40.182+0000] {logging_mixin.py:190} INFO - here....
[2026-08-16T09:04:40.185+0000] {data_modification.py:69} INFO - Updated row with Video_ID: ZiiSoLb7WvU
[2026-08-16T09:04:40.187+0000] {logging_mixin.py:190} INFO - here....
[2026-08-16T09:04:40.190+0000] {data_modification.py:69} INFO - Updated row with Video_ID: loggLZ4Gs60
[2026-08-16T09:04:40.192+0000] {logging_mixin.py:190} INFO - here....
[2026-08-16T09:04:40.195+0000] {data_modification.py:69} INFO - Updated row with Video_ID: Tq_h9XvND8s
[2026-08-16T09:04:40.196+0000] {logging_mixin.py:190} INFO - here....
[2026-08-16T09:04:40.199+0000] {data_modification.py:69} INFO - Updated row with Video_ID: cwg7LzVc1BE
[2026-08-16T09:04:40.201+0000] {logging_mixin.py:190} INFO - here....
[2026-08-16T09:04:40.204+0000] {data_modification.py:69} INFO - Updated row with Video_ID: ZOU-ekl1H9M
[2026-08-16T09:04:40.206+0000] {logging_mixin.py:190} INFO - here....
[2026-08-16T09:04:40.209+0000] {data_modification.py:69} INFO - Updated row with Video_ID: eN3pFGLYXDA
[2026-08-16T09:04:40.211+0000] {logging_mixin.py:190} INFO - here....
[2026-08-16T09:04:40.214+0000] {data_modification.py:69} INFO - Updated row with Video_ID: F1VGhCbn-Dk
[2026-08-16T09:04:40.216+0000] {logging_mixin.py:190} INFO - here....
[2026-08-16T09:04:40.218+0000] {data_modification.py:69} INFO - Updated row with Video_ID: -heydX6ivVs
[2026-08-16T09:04:40.220+0000] {logging_mixin.py:190} INFO - here....
[2026-08-16T09:04:40.223+0000] {data_modification.py:69} INFO - Updated row with Video_ID: dREGcZFpBZk
[2026-08-16T09:04:40.224+0000] {logging_mixin.py:190} INFO - here....
[2026-08-16T09:04:40.227+0000] {data_modification.py:69} INFO - Updated row with Video_ID: nEZc0_IhFlQ
[2026-08-16T09:04:40.229+0000] {logging_mixin.py:190} INFO - here....
[2026-08-16T09:04:40.232+0000] {data_modification.py:69} INFO - Updated row with Video_ID: Y-uaajHkbh8
[2026-08-16T09:04:40.233+0000] {logging_mixin.py:190} INFO - here....
[2026-08-16T09:04:40.236+0000] {data_modification.py:69} INFO - Updated row with Video_ID: afdx8HUX3RA
[2026-08-16T09:04:40.238+0000] {logging_mixin.py:190} INFO - here....
[2026-08-16T09:04:40.241+0000] {data_modification.py:69} INFO - Updated row with Video_ID: xw5rBMEqTGk
[2026-08-16T09:04:40.243+0000] {logging_mixin.py:190} INFO - here....
[2026-08-16T09:04:40.246+0000] {data_modification.py:69} INFO - Updated row with Video_ID: R878NxqapRA
[2026-08-16T09:04:40.247+0000] {logging_mixin.py:190} INFO - here....
[2026-08-16T09:04:40.250+0000] {data_modification.py:69} INFO - Updated row with Video_ID: tRDN-MEJdho
[2026-08-16T09:04:40.252+0000] {logging_mixin.py:190} INFO - here....
[2026-08-16T09:04:40.256+0000] {data_modification.py:69} INFO - Updated row with Video_ID: 05g8p2CDayI
[2026-08-16T09:04:40.257+0000] {logging_mixin.py:190} INFO - here....
[2026-08-16T09:04:40.260+0000] {data_modification.py:69} INFO - Updated row with Video_ID: d0lw6NABcxE
[2026-08-16T09:04:40.262+0000] {logging_mixin.py:190} INFO - here....
[2026-08-16T09:04:40.265+0000] {data_modification.py:69} INFO - Updated row with Video_ID: Ga-5vbe6OCU
[2026-08-16T09:04:40.267+0000] {logging_mixin.py:190} INFO - here....
[2026-08-16T09:04:40.271+0000] {data_modification.py:69} INFO - Updated row with Video_ID: rMvHPSJywWY
[2026-08-16T09:04:40.273+0000] {logging_mixin.py:190} INFO - here....
[2026-08-16T09:04:40.277+0000] {data_modification.py:69} INFO - Updated row with Video_ID: TD-1xFts04M
[2026-08-16T09:04:40.279+0000] {logging_mixin.py:190} INFO - here....
[2026-08-16T09:04:40.282+0000] {data_modification.py:69} INFO - Updated row with Video_ID: lRjZiOAtmQE
[2026-08-16T09:04:40.284+0000] {logging_mixin.py:190} INFO - here....
[2026-08-16T09:04:40.287+0000] {data_modification.py:69} INFO - Updated row with Video_ID: -iEwd-caPiQ
[2026-08-16T09:04:40.288+0000] {logging_mixin.py:190} INFO - here....
[2026-08-16T09:04:40.291+0000] {data_modification.py:69} INFO - Updated row with Video_ID: 7p92MFHMmUs
[2026-08-16T09:04:40.292+0000] {logging_mixin.py:190} INFO - here....
[2026-08-16T09:04:40.296+0000] {data_modification.py:69} INFO - Updated row with Video_ID: D3Fekckw9S0
[2026-08-16T09:04:40.297+0000] {logging_mixin.py:190} INFO - here....
[2026-08-16T09:04:40.301+0000] {data_modification.py:69} INFO - Updated row with Video_ID: JGC3_S9ZrRk
[2026-08-16T09:04:40.302+0000] {logging_mixin.py:190} INFO - here....
[2026-08-16T09:04:40.306+0000] {data_modification.py:69} INFO - Updated row with Video_ID: tdD3dPp2dbc
[2026-08-16T09:04:40.307+0000] {logging_mixin.py:190} INFO - here....
[2026-08-16T09:04:40.310+0000] {data_modification.py:69} INFO - Updated row with Video_ID: --FjBwCYwM4
[2026-08-16T09:04:40.312+0000] {logging_mixin.py:190} INFO - here....
[2026-08-16T09:04:40.315+0000] {data_modification.py:69} INFO - Updated row with Video_ID: gC8hO8fyFGk
[2026-08-16T09:04:40.316+0000] {logging_mixin.py:190} INFO - here....
[2026-08-16T09:04:40.320+0000] {data_modification.py:69} INFO - Updated row with Video_ID: XSakz034hio
[2026-08-16T09:04:40.321+0000] {logging_mixin.py:190} INFO - here....
[2026-08-16T09:04:40.324+0000] {data_modification.py:69} INFO - Updated row with Video_ID: PHKqlwL0xg8
[2026-08-16T09:04:40.326+0000] {logging_mixin.py:190} INFO - here....
[2026-08-16T09:04:40.329+0000] {data_modification.py:69} INFO - Updated row with Video_ID: rAlYj2PdwiM
[2026-08-16T09:04:40.331+0000] {logging_mixin.py:190} INFO - here....
[2026-08-16T09:04:40.334+0000] {data_modification.py:69} INFO - Updated row with Video_ID: usmu9LUPhfw
[2026-08-16T09:04:40.335+0000] {logging_mixin.py:190} INFO - here....
[2026-08-16T09:04:40.339+0000] {data_modification.py:69} INFO - Updated row with Video_ID: zcEU9UxE8ss
[2026-08-16T09:04:40.340+0000] {logging_mixin.py:190} INFO - here....
[2026-08-16T09:04:40.343+0000] {data_modification.py:69} INFO - Updated row with Video_ID: PUUcXsf1l4w
[2026-08-16T09:04:40.345+0000] {logging_mixin.py:190} INFO - here....
[2026-08-16T09:04:40.348+0000] {data_modification.py:69} INFO - Updated row with Video_ID: khZ8WyYuSao
[2026-08-16T09:04:40.350+0000] {logging_mixin.py:190} INFO - here....
[2026-08-16T09:04:40.353+0000] {data_modification.py:69} INFO - Updated row with Video_ID: Td4wlQcIDTY
[2026-08-16T09:04:40.355+0000] {logging_mixin.py:190} INFO - here....
[2026-08-16T09:04:40.358+0000] {data_modification.py:69} INFO - Updated row with Video_ID: etgQjtdNEtc
[2026-08-16T09:04:40.359+0000] {logging_mixin.py:190} INFO - here....
[2026-08-16T09:04:40.362+0000] {data_modification.py:69} INFO - Updated row with Video_ID: ugtBVLLzIg4
[2026-08-16T09:04:40.364+0000] {logging_mixin.py:190} INFO - here....
[2026-08-16T09:04:40.367+0000] {data_modification.py:69} INFO - Updated row with Video_ID: uSc1wDvZeWw
[2026-08-16T09:04:40.368+0000] {logging_mixin.py:190} INFO - here....
[2026-08-16T09:04:40.371+0000] {data_modification.py:69} INFO - Updated row with Video_ID: 7H7RKqSmRc4
[2026-08-16T09:04:40.372+0000] {logging_mixin.py:190} INFO - here....
[2026-08-16T09:04:40.375+0000] {data_modification.py:69} INFO - Updated row with Video_ID: 90lLQVZe2Nc
[2026-08-16T09:04:40.377+0000] {logging_mixin.py:190} INFO - here....
[2026-08-16T09:04:40.380+0000] {data_modification.py:69} INFO - Updated row with Video_ID: DFPYpMXG21w
[2026-08-16T09:04:40.382+0000] {logging_mixin.py:190} INFO - here....
[2026-08-16T09:04:40.385+0000] {data_modification.py:69} INFO - Updated row with Video_ID: Tpsh3qUaaKc
[2026-08-16T09:04:40.386+0000] {logging_mixin.py:190} INFO - here....
[2026-08-16T09:04:40.389+0000] {data_modification.py:69} INFO - Updated row with Video_ID: fOr6DbfRP1k
[2026-08-16T09:04:40.391+0000] {logging_mixin.py:190} INFO - here....
[2026-08-16T09:04:40.394+0000] {data_modification.py:69} INFO - Updated row with Video_ID: g_27766gCE4
[2026-08-16T09:04:40.396+0000] {logging_mixin.py:190} INFO - here....
[2026-08-16T09:04:40.399+0000] {data_modification.py:69} INFO - Updated row with Video_ID: 8pFVGR-9SLk
[2026-08-16T09:04:40.400+0000] {logging_mixin.py:190} INFO - here....
[2026-08-16T09:04:40.404+0000] {data_modification.py:69} INFO - Updated row with Video_ID: d7ZYuRglhvw
[2026-08-16T09:04:40.405+0000] {logging_mixin.py:190} INFO - here....
[2026-08-16T09:04:40.409+0000] {data_modification.py:69} INFO - Updated row with Video_ID: uTJhC9sZp-c
[2026-08-16T09:04:40.411+0000] {logging_mixin.py:190} INFO - here....
[2026-08-16T09:04:40.414+0000] {data_modification.py:69} INFO - Updated row with Video_ID: Tbz35Mc8pzE
[2026-08-16T09:04:40.416+0000] {logging_mixin.py:190} INFO - here....
[2026-08-16T09:04:40.418+0000] {data_modification.py:69} INFO - Updated row with Video_ID: 9QXCkMTbrSk
[2026-08-16T09:04:40.420+0000] {logging_mixin.py:190} INFO - here....
[2026-08-16T09:04:40.423+0000] {data_modification.py:69} INFO - Updated row with Video_ID: V1synzyOknI
[2026-08-16T09:04:40.425+0000] {logging_mixin.py:190} INFO - here....
[2026-08-16T09:04:40.428+0000] {data_modification.py:69} INFO - Updated row with Video_ID: jTbePZRfntY
[2026-08-16T09:04:40.430+0000] {logging_mixin.py:190} INFO - here....
[2026-08-16T09:04:40.433+0000] {data_modification.py:69} INFO - Updated row with Video_ID: Z3_qBGrDNDY
[2026-08-16T09:04:40.435+0000] {logging_mixin.py:190} INFO - here....
[2026-08-16T09:04:40.438+0000] {data_modification.py:69} INFO - Updated row with Video_ID: mAqdcwQi3tg
[2026-08-16T09:04:40.439+0000] {logging_mixin.py:190} INFO - here....
[2026-08-16T09:04:40.443+0000] {data_modification.py:69} INFO - Updated row with Video_ID: 0HrbKJkvjS8
[2026-08-16T09:04:40.444+0000] {logging_mixin.py:190} INFO - here....
[2026-08-16T09:04:40.447+0000] {data_modification.py:69} INFO - Updated row with Video_ID: _t4HoffKe7g
[2026-08-16T09:04:40.449+0000] {logging_mixin.py:190} INFO - here....
[2026-08-16T09:04:40.452+0000] {data_modification.py:69} INFO - Updated row with Video_ID: zpe8I9yEUbc
[2026-08-16T09:04:40.457+0000] {logging_mixin.py:190} INFO - here....
[2026-08-16T09:04:40.463+0000] {data_modification.py:69} INFO - Updated row with Video_ID: CG9oTjCob7U
[2026-08-16T09:04:40.467+0000] {logging_mixin.py:190} INFO - here....
[2026-08-16T09:04:40.473+0000] {data_modification.py:69} INFO - Updated row with Video_ID: YN16_b04Xd0
[2026-08-16T09:04:40.474+0000] {logging_mixin.py:190} INFO - here....
[2026-08-16T09:04:40.478+0000] {data_modification.py:69} INFO - Updated row with Video_ID: 5q9yOjEW14s
[2026-08-16T09:04:40.479+0000] {logging_mixin.py:190} INFO - here....
[2026-08-16T09:04:40.483+0000] {data_modification.py:69} INFO - Updated row with Video_ID: nuSVg6J91Wc
[2026-08-16T09:04:40.485+0000] {logging_mixin.py:190} INFO - here....
[2026-08-16T09:04:40.488+0000] {data_modification.py:69} INFO - Updated row with Video_ID: Pkk7pGFfxxQ
[2026-08-16T09:04:40.490+0000] {logging_mixin.py:190} INFO - here....
[2026-08-16T09:04:40.495+0000] {data_modification.py:69} INFO - Updated row with Video_ID: L6-uAaty3YY
[2026-08-16T09:04:40.497+0000] {logging_mixin.py:190} INFO - here....
[2026-08-16T09:04:40.501+0000] {data_modification.py:69} INFO - Updated row with Video_ID: MGdHHVuTlH0
[2026-08-16T09:04:40.502+0000] {logging_mixin.py:190} INFO - here....
[2026-08-16T09:04:40.506+0000] {data_modification.py:69} INFO - Updated row with Video_ID: AZXB_yUU6DY
[2026-08-16T09:04:40.507+0000] {logging_mixin.py:190} INFO - here....
[2026-08-16T09:04:40.510+0000] {data_modification.py:69} INFO - Updated row with Video_ID: aMePYSyr5sM
[2026-08-16T09:04:40.511+0000] {logging_mixin.py:190} INFO - here....
[2026-08-16T09:04:40.515+0000] {data_modification.py:69} INFO - Updated row with Video_ID: J2GKwMI_J_I
[2026-08-16T09:04:40.518+0000] {logging_mixin.py:190} INFO - here....
[2026-08-16T09:04:40.521+0000] {data_modification.py:69} INFO - Updated row with Video_ID: c23uT-LLl1M
[2026-08-16T09:04:40.523+0000] {logging_mixin.py:190} INFO - here....
[2026-08-16T09:04:40.527+0000] {data_modification.py:69} INFO - Updated row with Video_ID: dyUR_E7WRfI
[2026-08-16T09:04:40.529+0000] {logging_mixin.py:190} INFO - here....
[2026-08-16T09:04:40.534+0000] {data_modification.py:69} INFO - Updated row with Video_ID: KGoSZNcbIaE
[2026-08-16T09:04:40.537+0000] {logging_mixin.py:190} INFO - here....
[2026-08-16T09:04:40.541+0000] {data_modification.py:69} INFO - Updated row with Video_ID: JftX6q6GVes
[2026-08-16T09:04:40.543+0000] {logging_mixin.py:190} INFO - here....
[2026-08-16T09:04:40.547+0000] {data_modification.py:69} INFO - Updated row with Video_ID: MU4raR9LS3I
[2026-08-16T09:04:40.553+0000] {logging_mixin.py:190} INFO - here....
[2026-08-16T09:04:40.558+0000] {data_modification.py:69} INFO - Updated row with Video_ID: it6TU7xcruc
[2026-08-16T09:04:40.560+0000] {logging_mixin.py:190} INFO - here....
[2026-08-16T09:04:40.565+0000] {data_modification.py:69} INFO - Updated row with Video_ID: pm1RIvAZk2w
[2026-08-16T09:04:40.566+0000] {logging_mixin.py:190} INFO - here....
[2026-08-16T09:04:40.570+0000] {data_modification.py:69} INFO - Updated row with Video_ID: J9J4TICzBxE
[2026-08-16T09:04:40.572+0000] {logging_mixin.py:190} INFO - here....
[2026-08-16T09:04:40.575+0000] {data_modification.py:69} INFO - Updated row with Video_ID: ikJI7cFLdl4
[2026-08-16T09:04:40.577+0000] {logging_mixin.py:190} INFO - here....
[2026-08-16T09:04:40.580+0000] {data_modification.py:69} INFO - Updated row with Video_ID: s7KrsWVqAMs
[2026-08-16T09:04:40.582+0000] {logging_mixin.py:190} INFO - here....
[2026-08-16T09:04:40.585+0000] {data_modification.py:69} INFO - Updated row with Video_ID: 1Iz-wq5W4WE
[2026-08-16T09:04:40.587+0000] {logging_mixin.py:190} INFO - here....
[2026-08-16T09:04:40.590+0000] {data_modification.py:69} INFO - Updated row with Video_ID: lf7AS1cl6GI
[2026-08-16T09:04:40.591+0000] {logging_mixin.py:190} INFO - here....
[2026-08-16T09:04:40.594+0000] {data_modification.py:69} INFO - Updated row with Video_ID: DQw6xoIXZGI
[2026-08-16T09:04:40.596+0000] {logging_mixin.py:190} INFO - here....
[2026-08-16T09:04:40.599+0000] {data_modification.py:69} INFO - Updated row with Video_ID: NIid9qPMWe8
[2026-08-16T09:04:40.601+0000] {logging_mixin.py:190} INFO - here....
[2026-08-16T09:04:40.604+0000] {data_modification.py:69} INFO - Updated row with Video_ID: qMhkCmO_MAA
[2026-08-16T09:04:40.606+0000] {logging_mixin.py:190} INFO - here....
[2026-08-16T09:04:40.609+0000] {data_modification.py:69} INFO - Updated row with Video_ID: RcbO4Yo2bII
[2026-08-16T09:04:40.611+0000] {logging_mixin.py:190} INFO - here....
[2026-08-16T09:04:40.614+0000] {data_modification.py:69} INFO - Updated row with Video_ID: RyaaCDMjlDo
[2026-08-16T09:04:40.616+0000] {logging_mixin.py:190} INFO - here....
[2026-08-16T09:04:40.620+0000] {data_modification.py:69} INFO - Updated row with Video_ID: nLCc7BE8qnw
[2026-08-16T09:04:40.621+0000] {logging_mixin.py:190} INFO - here....
[2026-08-16T09:04:40.625+0000] {data_modification.py:69} INFO - Updated row with Video_ID: lMN7779M4h4
[2026-08-16T09:04:40.626+0000] {logging_mixin.py:190} INFO - here....
[2026-08-16T09:04:40.630+0000] {data_modification.py:69} INFO - Updated row with Video_ID: CYkPnOFTX_U
[2026-08-16T09:04:40.631+0000] {logging_mixin.py:190} INFO - here....
[2026-08-16T09:04:40.634+0000] {data_modification.py:69} INFO - Updated row with Video_ID: WKpGfM1VJn8
[2026-08-16T09:04:40.636+0000] {logging_mixin.py:190} INFO - here....
[2026-08-16T09:04:40.639+0000] {data_modification.py:69} INFO - Updated row with Video_ID: hVBpr7-SsSw
[2026-08-16T09:04:40.641+0000] {logging_mixin.py:190} INFO - here....
[2026-08-16T09:04:40.645+0000] {data_modification.py:69} INFO - Updated row with Video_ID: eiIDHP2xpCI
[2026-08-16T09:04:40.646+0000] {logging_mixin.py:190} INFO - here....
[2026-08-16T09:04:40.649+0000] {data_modification.py:69} INFO - Updated row with Video_ID: 2KX22j0oZg0
[2026-08-16T09:04:40.651+0000] {logging_mixin.py:190} INFO - here....
[2026-08-16T09:04:40.654+0000] {data_modification.py:69} INFO - Updated row with Video_ID: aEC0Q0OhlvM
[2026-08-16T09:04:40.655+0000] {logging_mixin.py:190} INFO - here....
[2026-08-16T09:04:40.658+0000] {data_modification.py:69} INFO - Updated row with Video_ID: nrVyl0awWsw
[2026-08-16T09:04:40.660+0000] {logging_mixin.py:190} INFO - here....
[2026-08-16T09:04:40.663+0000] {data_modification.py:69} INFO - Updated row with Video_ID: rCntwNsgQgI
[2026-08-16T09:04:40.665+0000] {logging_mixin.py:190} INFO - here....
[2026-08-16T09:04:40.668+0000] {data_modification.py:69} INFO - Updated row with Video_ID: F8Kg91YJRGE
[2026-08-16T09:04:40.670+0000] {logging_mixin.py:190} INFO - here....
[2026-08-16T09:04:40.673+0000] {data_modification.py:69} INFO - Updated row with Video_ID: KhFGtYvasuU
[2026-08-16T09:04:40.675+0000] {logging_mixin.py:190} INFO - here....
[2026-08-16T09:04:40.678+0000] {data_modification.py:69} INFO - Updated row with Video_ID: vgeQVBqZ86U
[2026-08-16T09:04:40.680+0000] {logging_mixin.py:190} INFO - here....
[2026-08-16T09:04:40.684+0000] {data_modification.py:69} INFO - Updated row with Video_ID: Rg-hYS-QkEo
[2026-08-16T09:04:40.685+0000] {logging_mixin.py:190} INFO - here....
[2026-08-16T09:04:40.688+0000] {data_modification.py:69} INFO - Updated row with Video_ID: lOg7AJVF8SQ
[2026-08-16T09:04:40.690+0000] {logging_mixin.py:190} INFO - here....
[2026-08-16T09:04:40.693+0000] {data_modification.py:69} INFO - Updated row with Video_ID: fBxZPQZyNp0
[2026-08-16T09:04:40.695+0000] {logging_mixin.py:190} INFO - here....
[2026-08-16T09:04:40.698+0000] {data_modification.py:69} INFO - Updated row with Video_ID: di0eIQOpIck
[2026-08-16T09:04:40.699+0000] {logging_mixin.py:190} INFO - here....
[2026-08-16T09:04:40.703+0000] {data_modification.py:69} INFO - Updated row with Video_ID: wuTd4yVSWAk
[2026-08-16T09:04:40.704+0000] {logging_mixin.py:190} INFO - here....
[2026-08-16T09:04:40.707+0000] {data_modification.py:69} INFO - Updated row with Video_ID: OaNnGkjir-0
[2026-08-16T09:04:40.709+0000] {logging_mixin.py:190} INFO - here....
[2026-08-16T09:04:40.712+0000] {data_modification.py:69} INFO - Updated row with Video_ID: V7ZrhGma3l8
[2026-08-16T09:04:40.713+0000] {logging_mixin.py:190} INFO - here....
[2026-08-16T09:04:40.717+0000] {data_modification.py:69} INFO - Updated row with Video_ID: jg8bcFcJMkQ
[2026-08-16T09:04:40.718+0000] {logging_mixin.py:190} INFO - here....
[2026-08-16T09:04:40.721+0000] {data_modification.py:69} INFO - Updated row with Video_ID: J1wun_gH_JA
[2026-08-16T09:04:40.723+0000] {logging_mixin.py:190} INFO - here....
[2026-08-16T09:04:40.726+0000] {data_modification.py:69} INFO - Updated row with Video_ID: fGzd12i7MOE
[2026-08-16T09:04:40.728+0000] {logging_mixin.py:190} INFO - here....
[2026-08-16T09:04:40.731+0000] {data_modification.py:69} INFO - Updated row with Video_ID: nZrBQqxYe2A
[2026-08-16T09:04:40.733+0000] {logging_mixin.py:190} INFO - here....
[2026-08-16T09:04:40.736+0000] {data_modification.py:69} INFO - Updated row with Video_ID: g4PwWIvRSdY
[2026-08-16T09:04:40.738+0000] {logging_mixin.py:190} INFO - here....
[2026-08-16T09:04:40.741+0000] {data_modification.py:69} INFO - Updated row with Video_ID: mDLQGESS2X0
[2026-08-16T09:04:40.743+0000] {logging_mixin.py:190} INFO - here....
[2026-08-16T09:04:40.746+0000] {data_modification.py:69} INFO - Updated row with Video_ID: Po1kAXrqqSM
[2026-08-16T09:04:40.748+0000] {logging_mixin.py:190} INFO - here....
[2026-08-16T09:04:40.751+0000] {data_modification.py:69} INFO - Updated row with Video_ID: RQPSeIv0ZE0
[2026-08-16T09:04:40.752+0000] {logging_mixin.py:190} INFO - here....
[2026-08-16T09:04:40.756+0000] {data_modification.py:69} INFO - Updated row with Video_ID: l8P-1IkZYS8
[2026-08-16T09:04:40.757+0000] {logging_mixin.py:190} INFO - here....
[2026-08-16T09:04:40.760+0000] {data_modification.py:69} INFO - Updated row with Video_ID: toTXl4NYAQM
[2026-08-16T09:04:40.761+0000] {logging_mixin.py:190} INFO - here....
[2026-08-16T09:04:40.764+0000] {data_modification.py:69} INFO - Updated row with Video_ID: U5JHNP3R3ME
[2026-08-16T09:04:40.766+0000] {logging_mixin.py:190} INFO - here....
[2026-08-16T09:04:40.769+0000] {data_modification.py:69} INFO - Updated row with Video_ID: brl7lbSKo2Y
[2026-08-16T09:04:40.770+0000] {logging_mixin.py:190} INFO - here....
[2026-08-16T09:04:40.773+0000] {data_modification.py:69} INFO - Updated row with Video_ID: -MhSrFcrXYI
[2026-08-16T09:04:40.774+0000] {logging_mixin.py:190} INFO - here....
[2026-08-16T09:04:40.777+0000] {data_modification.py:69} INFO - Updated row with Video_ID: ke3Pb9_oMrg
[2026-08-16T09:04:40.778+0000] {logging_mixin.py:190} INFO - here....
[2026-08-16T09:04:40.781+0000] {data_modification.py:69} INFO - Updated row with Video_ID: RdDMOdj2AtI
[2026-08-16T09:04:40.783+0000] {logging_mixin.py:190} INFO - here....
[2026-08-16T09:04:40.785+0000] {data_modification.py:69} INFO - Updated row with Video_ID: D5_GE9pq_cg
[2026-08-16T09:04:40.787+0000] {logging_mixin.py:190} INFO - here....
[2026-08-16T09:04:40.790+0000] {data_modification.py:69} INFO - Updated row with Video_ID: syyxrt8_mBA
[2026-08-16T09:04:40.792+0000] {logging_mixin.py:190} INFO - here....
[2026-08-16T09:04:40.795+0000] {data_modification.py:69} INFO - Updated row with Video_ID: I4GIZf8uYSk
[2026-08-16T09:04:40.797+0000] {logging_mixin.py:190} INFO - here....
[2026-08-16T09:04:40.800+0000] {data_modification.py:69} INFO - Updated row with Video_ID: 9XYPdiREZvs
[2026-08-16T09:04:40.802+0000] {logging_mixin.py:190} INFO - here....
[2026-08-16T09:04:40.805+0000] {data_modification.py:69} INFO - Updated row with Video_ID: JqxZGXQf0qg
[2026-08-16T09:04:40.806+0000] {logging_mixin.py:190} INFO - here....
[2026-08-16T09:04:40.809+0000] {data_modification.py:69} INFO - Updated row with Video_ID: z1lPXO0pv_4
[2026-08-16T09:04:40.811+0000] {logging_mixin.py:190} INFO - here....
[2026-08-16T09:04:40.814+0000] {data_modification.py:69} INFO - Updated row with Video_ID: UEtS3ENzajQ
[2026-08-16T09:04:40.815+0000] {logging_mixin.py:190} INFO - here....
[2026-08-16T09:04:40.818+0000] {data_modification.py:69} INFO - Updated row with Video_ID: LyTH5rp4heo
[2026-08-16T09:04:40.819+0000] {logging_mixin.py:190} INFO - here....
[2026-08-16T09:04:40.824+0000] {data_modification.py:69} INFO - Updated row with Video_ID: JOsrihef5gM
[2026-08-16T09:04:40.826+0000] {logging_mixin.py:190} INFO - here....
[2026-08-16T09:04:40.830+0000] {data_modification.py:69} INFO - Updated row with Video_ID: lEFcoM16t4Q
[2026-08-16T09:04:40.832+0000] {logging_mixin.py:190} INFO - here....
[2026-08-16T09:04:40.835+0000] {data_modification.py:69} INFO - Updated row with Video_ID: P0o7gaxED3w
[2026-08-16T09:04:40.838+0000] {logging_mixin.py:190} INFO - here....
[2026-08-16T09:04:40.841+0000] {data_modification.py:69} INFO - Updated row with Video_ID: qVKV6iTUmGE
[2026-08-16T09:04:40.843+0000] {logging_mixin.py:190} INFO - here....
[2026-08-16T09:04:40.846+0000] {data_modification.py:69} INFO - Updated row with Video_ID: r9gAFGR7GxI
[2026-08-16T09:04:40.848+0000] {logging_mixin.py:190} INFO - here....
[2026-08-16T09:04:40.851+0000] {data_modification.py:69} INFO - Updated row with Video_ID: rDLa6JT7upM
[2026-08-16T09:04:40.852+0000] {logging_mixin.py:190} INFO - here....
[2026-08-16T09:04:40.855+0000] {data_modification.py:69} INFO - Updated row with Video_ID: d699MWNsNew
[2026-08-16T09:04:40.857+0000] {logging_mixin.py:190} INFO - here....
[2026-08-16T09:04:40.861+0000] {data_modification.py:69} INFO - Updated row with Video_ID: TDW4iMVcZzs
[2026-08-16T09:04:40.863+0000] {logging_mixin.py:190} INFO - here....
[2026-08-16T09:04:40.866+0000] {data_modification.py:69} INFO - Updated row with Video_ID: WuQuVIt1vwo
[2026-08-16T09:04:40.868+0000] {logging_mixin.py:190} INFO - here....
[2026-08-16T09:04:40.871+0000] {data_modification.py:69} INFO - Updated row with Video_ID: sgCiOz79i3w
[2026-08-16T09:04:40.873+0000] {logging_mixin.py:190} INFO - here....
[2026-08-16T09:04:40.876+0000] {data_modification.py:69} INFO - Updated row with Video_ID: Xik34jh-doc
[2026-08-16T09:04:40.877+0000] {logging_mixin.py:190} INFO - here....
[2026-08-16T09:04:40.881+0000] {data_modification.py:69} INFO - Updated row with Video_ID: wS1VG6Hl-xQ
[2026-08-16T09:04:40.883+0000] {logging_mixin.py:190} INFO - here....
[2026-08-16T09:04:40.887+0000] {data_modification.py:69} INFO - Updated row with Video_ID: ceMDkQgVsqo
[2026-08-16T09:04:40.889+0000] {logging_mixin.py:190} INFO - here....
[2026-08-16T09:04:40.892+0000] {data_modification.py:69} INFO - Updated row with Video_ID: DdQhoqjWqbc
[2026-08-16T09:04:40.894+0000] {logging_mixin.py:190} INFO - here....
[2026-08-16T09:04:40.897+0000] {data_modification.py:69} INFO - Updated row with Video_ID: pZB9Y3OHL1w
[2026-08-16T09:04:40.898+0000] {logging_mixin.py:190} INFO - here....
[2026-08-16T09:04:40.902+0000] {data_modification.py:69} INFO - Updated row with Video_ID: aATA0jI-SGQ
[2026-08-16T09:04:40.903+0000] {logging_mixin.py:190} INFO - here....
[2026-08-16T09:04:40.906+0000] {data_modification.py:69} INFO - Updated row with Video_ID: 0zXDy8ZTJ3I
[2026-08-16T09:04:40.909+0000] {logging_mixin.py:190} INFO - here....
[2026-08-16T09:04:40.914+0000] {data_modification.py:69} INFO - Updated row with Video_ID: fuiqQVeGLNQ
[2026-08-16T09:04:40.916+0000] {logging_mixin.py:190} INFO - here....
[2026-08-16T09:04:40.920+0000] {data_modification.py:69} INFO - Updated row with Video_ID: tVxHIqiWWbo
[2026-08-16T09:04:40.922+0000] {logging_mixin.py:190} INFO - here....
[2026-08-16T09:04:40.926+0000] {data_modification.py:69} INFO - Updated row with Video_ID: 483owj7dzIw
[2026-08-16T09:04:40.928+0000] {logging_mixin.py:190} INFO - here....
[2026-08-16T09:04:40.931+0000] {data_modification.py:69} INFO - Updated row with Video_ID: nqrMwzafyoA
[2026-08-16T09:04:40.933+0000] {logging_mixin.py:190} INFO - here....
[2026-08-16T09:04:40.936+0000] {data_modification.py:69} INFO - Updated row with Video_ID: eq2-9dJaSpc
[2026-08-16T09:04:40.938+0000] {logging_mixin.py:190} INFO - here....
[2026-08-16T09:04:40.941+0000] {data_modification.py:69} INFO - Updated row with Video_ID: n-PkAPZZwn0
[2026-08-16T09:04:40.943+0000] {logging_mixin.py:190} INFO - here....
[2026-08-16T09:04:40.945+0000] {data_modification.py:69} INFO - Updated row with Video_ID: t7lAcalTmeM
[2026-08-16T09:04:40.947+0000] {logging_mixin.py:190} INFO - here....
[2026-08-16T09:04:40.950+0000] {data_modification.py:69} INFO - Updated row with Video_ID: hUT0Vait9Mg
[2026-08-16T09:04:40.952+0000] {logging_mixin.py:190} INFO - here....
[2026-08-16T09:04:40.956+0000] {data_modification.py:69} INFO - Updated row with Video_ID: FdJG8pXwOio
[2026-08-16T09:04:40.957+0000] {logging_mixin.py:190} INFO - here....
[2026-08-16T09:04:40.961+0000] {data_modification.py:69} INFO - Updated row with Video_ID: 1Fu2BJnYi0g
[2026-08-16T09:04:40.962+0000] {logging_mixin.py:190} INFO - here....
[2026-08-16T09:04:40.966+0000] {data_modification.py:69} INFO - Updated row with Video_ID: meh2dLqYq6w
[2026-08-16T09:04:40.967+0000] {logging_mixin.py:190} INFO - here....
[2026-08-16T09:04:40.971+0000] {data_modification.py:69} INFO - Updated row with Video_ID: JmMZztHdyM4
[2026-08-16T09:04:40.973+0000] {logging_mixin.py:190} INFO - here....
[2026-08-16T09:04:40.977+0000] {data_modification.py:69} INFO - Updated row with Video_ID: EqLekFkXlKg
[2026-08-16T09:04:40.979+0000] {logging_mixin.py:190} INFO - here....
[2026-08-16T09:04:40.983+0000] {data_modification.py:69} INFO - Updated row with Video_ID: SsSjKGny1No
[2026-08-16T09:04:40.985+0000] {logging_mixin.py:190} INFO - here....
[2026-08-16T09:04:40.989+0000] {data_modification.py:69} INFO - Updated row with Video_ID: OfPSvgps61M
[2026-08-16T09:04:40.990+0000] {logging_mixin.py:190} INFO - here....
[2026-08-16T09:04:40.994+0000] {data_modification.py:69} INFO - Updated row with Video_ID: x3qyh9XpqAk
[2026-08-16T09:04:40.996+0000] {logging_mixin.py:190} INFO - here....
[2026-08-16T09:04:40.999+0000] {data_modification.py:69} INFO - Updated row with Video_ID: kbtOilKqaIg
[2026-08-16T09:04:41.001+0000] {logging_mixin.py:190} INFO - here....
[2026-08-16T09:04:41.005+0000] {data_modification.py:69} INFO - Updated row with Video_ID: gT0h7vtHf94
[2026-08-16T09:04:41.007+0000] {logging_mixin.py:190} INFO - here....
[2026-08-16T09:04:41.010+0000] {data_modification.py:69} INFO - Updated row with Video_ID: jSqw1b0Pp6M
[2026-08-16T09:04:41.012+0000] {logging_mixin.py:190} INFO - here....
[2026-08-16T09:04:41.016+0000] {data_modification.py:69} INFO - Updated row with Video_ID: hHDXze1iyKE
[2026-08-16T09:04:41.018+0000] {logging_mixin.py:190} INFO - here....
[2026-08-16T09:04:41.022+0000] {data_modification.py:69} INFO - Updated row with Video_ID: W7uGxt67CQI
[2026-08-16T09:04:41.023+0000] {logging_mixin.py:190} INFO - here....
[2026-08-16T09:04:41.027+0000] {data_modification.py:69} INFO - Updated row with Video_ID: 1PrRa-wWbSI
[2026-08-16T09:04:41.028+0000] {logging_mixin.py:190} INFO - here....
[2026-08-16T09:04:41.032+0000] {data_modification.py:69} INFO - Updated row with Video_ID: lQH8zaEl9Mk
[2026-08-16T09:04:41.034+0000] {logging_mixin.py:190} INFO - here....
[2026-08-16T09:04:41.038+0000] {data_modification.py:69} INFO - Updated row with Video_ID: R7w7ixf9sUQ
[2026-08-16T09:04:41.040+0000] {logging_mixin.py:190} INFO - here....
[2026-08-16T09:04:41.043+0000] {data_modification.py:69} INFO - Updated row with Video_ID: BAtiDbFG2_o
[2026-08-16T09:04:41.045+0000] {logging_mixin.py:190} INFO - here....
[2026-08-16T09:04:41.049+0000] {data_modification.py:69} INFO - Updated row with Video_ID: SbY0rONwQU8
[2026-08-16T09:04:41.051+0000] {logging_mixin.py:190} INFO - here....
[2026-08-16T09:04:41.054+0000] {data_modification.py:69} INFO - Updated row with Video_ID: J2l35NphGEg
[2026-08-16T09:04:41.056+0000] {logging_mixin.py:190} INFO - here....
[2026-08-16T09:04:41.060+0000] {data_modification.py:69} INFO - Updated row with Video_ID: OTtBrwkfr1U
[2026-08-16T09:04:41.062+0000] {logging_mixin.py:190} INFO - here....
[2026-08-16T09:04:41.066+0000] {data_modification.py:69} INFO - Updated row with Video_ID: Lg7BdO49v2E
[2026-08-16T09:04:41.068+0000] {logging_mixin.py:190} INFO - here....
[2026-08-16T09:04:41.071+0000] {data_modification.py:69} INFO - Updated row with Video_ID: xKderCGKZtg
[2026-08-16T09:04:41.073+0000] {logging_mixin.py:190} INFO - here....
[2026-08-16T09:04:41.077+0000] {data_modification.py:69} INFO - Updated row with Video_ID: K-Q4r37XgVw
[2026-08-16T09:04:41.078+0000] {logging_mixin.py:190} INFO - here....
[2026-08-16T09:04:41.082+0000] {data_modification.py:69} INFO - Updated row with Video_ID: yJCdrGQfxQ4
[2026-08-16T09:04:41.084+0000] {logging_mixin.py:190} INFO - here....
[2026-08-16T09:04:41.088+0000] {data_modification.py:69} INFO - Updated row with Video_ID: 0uOo8LRW-oI
[2026-08-16T09:04:41.090+0000] {logging_mixin.py:190} INFO - here....
[2026-08-16T09:04:41.094+0000] {data_modification.py:69} INFO - Updated row with Video_ID: CQKW2TUU04Q
[2026-08-16T09:04:41.096+0000] {logging_mixin.py:190} INFO - here....
[2026-08-16T09:04:41.099+0000] {data_modification.py:69} INFO - Updated row with Video_ID: AuNT4Oq4UG4
[2026-08-16T09:04:41.101+0000] {logging_mixin.py:190} INFO - here....
[2026-08-16T09:04:41.105+0000] {data_modification.py:69} INFO - Updated row with Video_ID: MB81icl6Sag
[2026-08-16T09:04:41.107+0000] {logging_mixin.py:190} INFO - here....
[2026-08-16T09:04:41.110+0000] {data_modification.py:69} INFO - Updated row with Video_ID: TeGqUHWEHaY
[2026-08-16T09:04:41.112+0000] {logging_mixin.py:190} INFO - here....
[2026-08-16T09:04:41.116+0000] {data_modification.py:69} INFO - Updated row with Video_ID: LQ1sKcehbaw
[2026-08-16T09:04:41.118+0000] {logging_mixin.py:190} INFO - here....
[2026-08-16T09:04:41.122+0000] {data_modification.py:69} INFO - Updated row with Video_ID: Lj3phFrIvOA
[2026-08-16T09:04:41.124+0000] {logging_mixin.py:190} INFO - here....
[2026-08-16T09:04:41.128+0000] {data_modification.py:69} INFO - Updated row with Video_ID: Qm1vXsytMnw
[2026-08-16T09:04:41.130+0000] {logging_mixin.py:190} INFO - here....
[2026-08-16T09:04:41.134+0000] {data_modification.py:69} INFO - Updated row with Video_ID: RMAux-sD1bA
[2026-08-16T09:04:41.136+0000] {logging_mixin.py:190} INFO - here....
[2026-08-16T09:04:41.140+0000] {data_modification.py:69} INFO - Updated row with Video_ID: vHQK1wrAtB0
[2026-08-16T09:04:41.141+0000] {logging_mixin.py:190} INFO - here....
[2026-08-16T09:04:41.145+0000] {data_modification.py:69} INFO - Updated row with Video_ID: 2hl-uVjXZzc
[2026-08-16T09:04:41.147+0000] {logging_mixin.py:190} INFO - here....
[2026-08-16T09:04:41.151+0000] {data_modification.py:69} INFO - Updated row with Video_ID: PCx7S7q9hPM
[2026-08-16T09:04:41.152+0000] {logging_mixin.py:190} INFO - here....
[2026-08-16T09:04:41.156+0000] {data_modification.py:69} INFO - Updated row with Video_ID: rIHGrEz52po
[2026-08-16T09:04:41.158+0000] {logging_mixin.py:190} INFO - here....
[2026-08-16T09:04:41.161+0000] {data_modification.py:69} INFO - Updated row with Video_ID: Ut8n_2Bclmw
[2026-08-16T09:04:41.163+0000] {logging_mixin.py:190} INFO - here....
[2026-08-16T09:04:41.166+0000] {data_modification.py:69} INFO - Updated row with Video_ID: XsFSTd20lW8
[2026-08-16T09:04:41.168+0000] {logging_mixin.py:190} INFO - here....
[2026-08-16T09:04:41.172+0000] {data_modification.py:69} INFO - Updated row with Video_ID: PZBBDdlA5uA
[2026-08-16T09:04:41.174+0000] {logging_mixin.py:190} INFO - here....
[2026-08-16T09:04:41.178+0000] {data_modification.py:69} INFO - Updated row with Video_ID: IevlkYSl2U0
[2026-08-16T09:04:41.180+0000] {logging_mixin.py:190} INFO - here....
[2026-08-16T09:04:41.184+0000] {data_modification.py:69} INFO - Updated row with Video_ID: rNr8WFaYlhI
[2026-08-16T09:04:41.186+0000] {logging_mixin.py:190} INFO - here....
[2026-08-16T09:04:41.189+0000] {data_modification.py:69} INFO - Updated row with Video_ID: JJ3CguQdBpM
[2026-08-16T09:04:41.191+0000] {logging_mixin.py:190} INFO - here....
[2026-08-16T09:04:41.195+0000] {data_modification.py:69} INFO - Updated row with Video_ID: 9FUj29yc1Zg
[2026-08-16T09:04:41.197+0000] {logging_mixin.py:190} INFO - here....
[2026-08-16T09:04:41.201+0000] {data_modification.py:69} INFO - Updated row with Video_ID: ofi7RT0SbLI
[2026-08-16T09:04:41.203+0000] {logging_mixin.py:190} INFO - here....
[2026-08-16T09:04:41.206+0000] {data_modification.py:69} INFO - Updated row with Video_ID: cAdxP7mOKoo
[2026-08-16T09:04:41.208+0000] {logging_mixin.py:190} INFO - here....
[2026-08-16T09:04:41.212+0000] {data_modification.py:69} INFO - Updated row with Video_ID: sHUWy3YV5bs
[2026-08-16T09:04:41.214+0000] {logging_mixin.py:190} INFO - here....
[2026-08-16T09:04:41.218+0000] {data_modification.py:69} INFO - Updated row with Video_ID: 3qE6Co5u9ns
[2026-08-16T09:04:41.220+0000] {logging_mixin.py:190} INFO - here....
[2026-08-16T09:04:41.223+0000] {data_modification.py:69} INFO - Updated row with Video_ID: Xvtwj6GGEhc
[2026-08-16T09:04:41.226+0000] {logging_mixin.py:190} INFO - here....
[2026-08-16T09:04:41.230+0000] {data_modification.py:69} INFO - Updated row with Video_ID: x9KRb4JS82M
[2026-08-16T09:04:41.232+0000] {logging_mixin.py:190} INFO - here....
[2026-08-16T09:04:41.235+0000] {data_modification.py:69} INFO - Updated row with Video_ID: ejiePMck88s
[2026-08-16T09:04:41.237+0000] {logging_mixin.py:190} INFO - here....
[2026-08-16T09:04:41.241+0000] {data_modification.py:69} INFO - Updated row with Video_ID: Z3Z1hdqFlwI
[2026-08-16T09:04:41.243+0000] {logging_mixin.py:190} INFO - here....
[2026-08-16T09:04:41.246+0000] {data_modification.py:69} INFO - Updated row with Video_ID: uTj6YC5eZCM
[2026-08-16T09:04:41.248+0000] {logging_mixin.py:190} INFO - here....
[2026-08-16T09:04:41.251+0000] {data_modification.py:69} INFO - Updated row with Video_ID: uBUCHEFaMqo
[2026-08-16T09:04:41.253+0000] {logging_mixin.py:190} INFO - here....
[2026-08-16T09:04:41.257+0000] {data_modification.py:69} INFO - Updated row with Video_ID: iIqHXu9G21w
[2026-08-16T09:04:41.259+0000] {logging_mixin.py:190} INFO - here....
[2026-08-16T09:04:41.262+0000] {data_modification.py:69} INFO - Updated row with Video_ID: 1_SmoGwqjd8
[2026-08-16T09:04:41.264+0000] {logging_mixin.py:190} INFO - here....
[2026-08-16T09:04:41.268+0000] {data_modification.py:69} INFO - Updated row with Video_ID: icIL15AIQBk
[2026-08-16T09:04:41.270+0000] {logging_mixin.py:190} INFO - here....
[2026-08-16T09:04:41.273+0000] {data_modification.py:69} INFO - Updated row with Video_ID: zrdFjOltFJ0
[2026-08-16T09:04:41.275+0000] {logging_mixin.py:190} INFO - here....
[2026-08-16T09:04:41.279+0000] {data_modification.py:69} INFO - Updated row with Video_ID: tkqAdXwXQls
[2026-08-16T09:04:41.282+0000] {logging_mixin.py:190} INFO - here....
[2026-08-16T09:04:41.286+0000] {data_modification.py:69} INFO - Updated row with Video_ID: ckmpW70n6Pw
[2026-08-16T09:04:41.288+0000] {logging_mixin.py:190} INFO - here....
[2026-08-16T09:04:41.293+0000] {data_modification.py:69} INFO - Updated row with Video_ID: 3ImPBSnDd0A
[2026-08-16T09:04:41.295+0000] {logging_mixin.py:190} INFO - here....
[2026-08-16T09:04:41.299+0000] {data_modification.py:69} INFO - Updated row with Video_ID: jfUW78Vo-Bk
[2026-08-16T09:04:41.300+0000] {logging_mixin.py:190} INFO - here....
[2026-08-16T09:04:41.305+0000] {data_modification.py:69} INFO - Updated row with Video_ID: J7NUcBL8h3c
[2026-08-16T09:04:41.307+0000] {logging_mixin.py:190} INFO - here....
[2026-08-16T09:04:41.311+0000] {data_modification.py:69} INFO - Updated row with Video_ID: PsfMpZA9yD4
[2026-08-16T09:04:41.312+0000] {logging_mixin.py:190} INFO - here....
[2026-08-16T09:04:41.316+0000] {data_modification.py:69} INFO - Updated row with Video_ID: maA_Y0bkr6I
[2026-08-16T09:04:41.318+0000] {logging_mixin.py:190} INFO - here....
[2026-08-16T09:04:41.322+0000] {data_modification.py:69} INFO - Updated row with Video_ID: voM-zksN4nA
[2026-08-16T09:04:41.324+0000] {logging_mixin.py:190} INFO - here....
[2026-08-16T09:04:41.328+0000] {data_modification.py:69} INFO - Updated row with Video_ID: BPfIpbKNqsc
[2026-08-16T09:04:41.330+0000] {logging_mixin.py:190} INFO - here....
[2026-08-16T09:04:41.334+0000] {data_modification.py:69} INFO - Updated row with Video_ID: P2bJ6CASHPI
[2026-08-16T09:04:41.336+0000] {logging_mixin.py:190} INFO - here....
[2026-08-16T09:04:41.339+0000] {data_modification.py:69} INFO - Updated row with Video_ID: NcTcYDjBNNk
[2026-08-16T09:04:41.341+0000] {logging_mixin.py:190} INFO - here....
[2026-08-16T09:04:41.345+0000] {data_modification.py:69} INFO - Updated row with Video_ID: FegAK9CkPEw
[2026-08-16T09:04:41.346+0000] {logging_mixin.py:190} INFO - here....
[2026-08-16T09:04:41.351+0000] {data_modification.py:69} INFO - Updated row with Video_ID: -x3xXtrpRYk
[2026-08-16T09:04:41.352+0000] {logging_mixin.py:190} INFO - here....
[2026-08-16T09:04:41.356+0000] {data_modification.py:69} INFO - Updated row with Video_ID: 3xKubDLHKrA
[2026-08-16T09:04:41.358+0000] {logging_mixin.py:190} INFO - here....
[2026-08-16T09:04:41.362+0000] {data_modification.py:69} INFO - Updated row with Video_ID: b__Q5B0J6GY
[2026-08-16T09:04:41.364+0000] {logging_mixin.py:190} INFO - here....
[2026-08-16T09:04:41.368+0000] {data_modification.py:69} INFO - Updated row with Video_ID: vczYVrdxWrg
[2026-08-16T09:04:41.370+0000] {logging_mixin.py:190} INFO - here....
[2026-08-16T09:04:41.373+0000] {data_modification.py:69} INFO - Updated row with Video_ID: bA5UANrRhe0
[2026-08-16T09:04:41.375+0000] {logging_mixin.py:190} INFO - here....
[2026-08-16T09:04:41.379+0000] {data_modification.py:69} INFO - Updated row with Video_ID: yiH-I47ySsc
[2026-08-16T09:04:41.381+0000] {logging_mixin.py:190} INFO - here....
[2026-08-16T09:04:41.384+0000] {data_modification.py:69} INFO - Updated row with Video_ID: wVD4VF9eSGk
[2026-08-16T09:04:41.386+0000] {logging_mixin.py:190} INFO - here....
[2026-08-16T09:04:41.390+0000] {data_modification.py:69} INFO - Updated row with Video_ID: SttyZBzamuw
[2026-08-16T09:04:41.392+0000] {logging_mixin.py:190} INFO - here....
[2026-08-16T09:04:41.395+0000] {data_modification.py:69} INFO - Updated row with Video_ID: ONEkk8WZx-4
[2026-08-16T09:04:41.397+0000] {logging_mixin.py:190} INFO - here....
[2026-08-16T09:04:41.401+0000] {data_modification.py:69} INFO - Updated row with Video_ID: rCU5kv4VIDc
[2026-08-16T09:04:41.402+0000] {logging_mixin.py:190} INFO - here....
[2026-08-16T09:04:41.406+0000] {data_modification.py:69} INFO - Updated row with Video_ID: lYjE0p9dkVY
[2026-08-16T09:04:41.408+0000] {logging_mixin.py:190} INFO - here....
[2026-08-16T09:04:41.411+0000] {data_modification.py:69} INFO - Updated row with Video_ID: I081CMGPckM
[2026-08-16T09:04:41.414+0000] {logging_mixin.py:190} INFO - here....
[2026-08-16T09:04:41.417+0000] {data_modification.py:69} INFO - Updated row with Video_ID: 4B1jfMeMBqg
[2026-08-16T09:04:41.419+0000] {logging_mixin.py:190} INFO - here....
[2026-08-16T09:04:41.424+0000] {data_modification.py:69} INFO - Updated row with Video_ID: ppcwOAKabKQ
[2026-08-16T09:04:41.426+0000] {logging_mixin.py:190} INFO - here....
[2026-08-16T09:04:41.430+0000] {data_modification.py:69} INFO - Updated row with Video_ID: CoNtWmqgc3E
[2026-08-16T09:04:41.432+0000] {logging_mixin.py:190} INFO - here....
[2026-08-16T09:04:41.436+0000] {data_modification.py:69} INFO - Updated row with Video_ID: Lv-AyjLYsVE
[2026-08-16T09:04:41.438+0000] {logging_mixin.py:190} INFO - here....
[2026-08-16T09:04:41.442+0000] {data_modification.py:69} INFO - Updated row with Video_ID: Qbb4rBxA9uk
[2026-08-16T09:04:41.444+0000] {logging_mixin.py:190} INFO - here....
[2026-08-16T09:04:41.448+0000] {data_modification.py:69} INFO - Updated row with Video_ID: 5cuIHGNrngs
[2026-08-16T09:04:41.450+0000] {logging_mixin.py:190} INFO - here....
[2026-08-16T09:04:41.454+0000] {data_modification.py:69} INFO - Updated row with Video_ID: IcIo8A4Jw0k
[2026-08-16T09:04:41.456+0000] {logging_mixin.py:190} INFO - here....
[2026-08-16T09:04:41.460+0000] {data_modification.py:69} INFO - Updated row with Video_ID: ynaWClAA3Is
[2026-08-16T09:04:41.461+0000] {logging_mixin.py:190} INFO - here....
[2026-08-16T09:04:41.465+0000] {data_modification.py:69} INFO - Updated row with Video_ID: 4fAO73_Lkbs
[2026-08-16T09:04:41.467+0000] {logging_mixin.py:190} INFO - here....
[2026-08-16T09:04:41.471+0000] {data_modification.py:69} INFO - Updated row with Video_ID: MAXdPEwhvoo
[2026-08-16T09:04:41.473+0000] {logging_mixin.py:190} INFO - here....
[2026-08-16T09:04:41.476+0000] {data_modification.py:69} INFO - Updated row with Video_ID: EfHKaMELVjI
[2026-08-16T09:04:41.478+0000] {logging_mixin.py:190} INFO - here....
[2026-08-16T09:04:41.481+0000] {data_modification.py:69} INFO - Updated row with Video_ID: x8gX-YL9Ahk
[2026-08-16T09:04:41.483+0000] {logging_mixin.py:190} INFO - here....
[2026-08-16T09:04:41.486+0000] {data_modification.py:69} INFO - Updated row with Video_ID: Wtlu-AffPzI
[2026-08-16T09:04:41.488+0000] {logging_mixin.py:190} INFO - here....
[2026-08-16T09:04:41.492+0000] {data_modification.py:69} INFO - Updated row with Video_ID: 9kUFRCsAilE
[2026-08-16T09:04:41.494+0000] {logging_mixin.py:190} INFO - here....
[2026-08-16T09:04:41.497+0000] {data_modification.py:69} INFO - Updated row with Video_ID: aIILep6_WYo
[2026-08-16T09:04:41.499+0000] {logging_mixin.py:190} INFO - here....
[2026-08-16T09:04:41.503+0000] {data_modification.py:69} INFO - Updated row with Video_ID: wXMOUcw6rwQ
[2026-08-16T09:04:41.505+0000] {logging_mixin.py:190} INFO - here....
[2026-08-16T09:04:41.509+0000] {data_modification.py:69} INFO - Updated row with Video_ID: f68L9JaTDgI
[2026-08-16T09:04:41.511+0000] {logging_mixin.py:190} INFO - here....
[2026-08-16T09:04:41.515+0000] {data_modification.py:69} INFO - Updated row with Video_ID: UBPTePKZZUk
[2026-08-16T09:04:41.516+0000] {logging_mixin.py:190} INFO - here....
[2026-08-16T09:04:41.520+0000] {data_modification.py:69} INFO - Updated row with Video_ID: o3g8IkwmYm0
[2026-08-16T09:04:41.522+0000] {logging_mixin.py:190} INFO - here....
[2026-08-16T09:04:41.526+0000] {data_modification.py:69} INFO - Updated row with Video_ID: GxRfvcpk-g8
[2026-08-16T09:04:41.528+0000] {logging_mixin.py:190} INFO - here....
[2026-08-16T09:04:41.531+0000] {data_modification.py:69} INFO - Updated row with Video_ID: ldtdBzQBqzc
[2026-08-16T09:04:41.533+0000] {logging_mixin.py:190} INFO - here....
[2026-08-16T09:04:41.537+0000] {data_modification.py:69} INFO - Updated row with Video_ID: 2OtcC1G0_VY
[2026-08-16T09:04:41.539+0000] {logging_mixin.py:190} INFO - here....
[2026-08-16T09:04:41.543+0000] {data_modification.py:69} INFO - Updated row with Video_ID: CcY_s9AtqnY
[2026-08-16T09:04:41.544+0000] {logging_mixin.py:190} INFO - here....
[2026-08-16T09:04:41.548+0000] {data_modification.py:69} INFO - Updated row with Video_ID: uLnJy8LddgM
[2026-08-16T09:04:41.550+0000] {logging_mixin.py:190} INFO - here....
[2026-08-16T09:04:41.554+0000] {data_modification.py:69} INFO - Updated row with Video_ID: W7vXo-bI5bc
[2026-08-16T09:04:41.556+0000] {logging_mixin.py:190} INFO - here....
[2026-08-16T09:04:41.560+0000] {data_modification.py:69} INFO - Updated row with Video_ID: qaAgIAFSihA
[2026-08-16T09:04:41.563+0000] {logging_mixin.py:190} INFO - here....
[2026-08-16T09:04:41.567+0000] {data_modification.py:69} INFO - Updated row with Video_ID: VrgW3KEFx-0
[2026-08-16T09:04:41.569+0000] {logging_mixin.py:190} INFO - here....
[2026-08-16T09:04:41.574+0000] {data_modification.py:69} INFO - Updated row with Video_ID: WztZlaAGWPk
[2026-08-16T09:04:41.576+0000] {logging_mixin.py:190} INFO - here....
[2026-08-16T09:04:41.581+0000] {data_modification.py:69} INFO - Updated row with Video_ID: tizkqD3xKZ0
[2026-08-16T09:04:41.583+0000] {logging_mixin.py:190} INFO - here....
[2026-08-16T09:04:41.588+0000] {data_modification.py:69} INFO - Updated row with Video_ID: RKxuKMhaMnI
[2026-08-16T09:04:41.590+0000] {logging_mixin.py:190} INFO - here....
[2026-08-16T09:04:41.594+0000] {data_modification.py:69} INFO - Updated row with Video_ID: TdkGQxqdAkY
[2026-08-16T09:04:41.596+0000] {logging_mixin.py:190} INFO - here....
[2026-08-16T09:04:41.600+0000] {data_modification.py:69} INFO - Updated row with Video_ID: 7v6tDBOAy0k
[2026-08-16T09:04:41.602+0000] {logging_mixin.py:190} INFO - here....
[2026-08-16T09:04:41.606+0000] {data_modification.py:69} INFO - Updated row with Video_ID: 9LPDYoPrkB8
[2026-08-16T09:04:41.608+0000] {logging_mixin.py:190} INFO - here....
[2026-08-16T09:04:41.614+0000] {data_modification.py:69} INFO - Updated row with Video_ID: yQP4RVgCWso
[2026-08-16T09:04:41.616+0000] {logging_mixin.py:190} INFO - here....
[2026-08-16T09:04:41.620+0000] {data_modification.py:69} INFO - Updated row with Video_ID: lrbWRIzvZKc
[2026-08-16T09:04:41.622+0000] {logging_mixin.py:190} INFO - here....
[2026-08-16T09:04:41.626+0000] {data_modification.py:69} INFO - Updated row with Video_ID: ojZn9TnpNRs
[2026-08-16T09:04:41.628+0000] {logging_mixin.py:190} INFO - here....
[2026-08-16T09:04:41.632+0000] {data_modification.py:69} INFO - Updated row with Video_ID: T7dcQhjvTWU
[2026-08-16T09:04:41.634+0000] {logging_mixin.py:190} INFO - here....
[2026-08-16T09:04:41.638+0000] {data_modification.py:69} INFO - Updated row with Video_ID: JOPqfdh_o_g
[2026-08-16T09:04:41.640+0000] {logging_mixin.py:190} INFO - here....
[2026-08-16T09:04:41.643+0000] {data_modification.py:69} INFO - Updated row with Video_ID: d4NLSoghYhI
[2026-08-16T09:04:41.645+0000] {logging_mixin.py:190} INFO - here....
[2026-08-16T09:04:41.648+0000] {data_modification.py:69} INFO - Updated row with Video_ID: 1DnB_fw1zM4
[2026-08-16T09:04:41.651+0000] {logging_mixin.py:190} INFO - here....
[2026-08-16T09:04:41.654+0000] {data_modification.py:69} INFO - Updated row with Video_ID: qZGuWSzL_gc
[2026-08-16T09:04:41.656+0000] {logging_mixin.py:190} INFO - here....
[2026-08-16T09:04:41.660+0000] {data_modification.py:69} INFO - Updated row with Video_ID: XYjyQLkzs6M
[2026-08-16T09:04:41.662+0000] {logging_mixin.py:190} INFO - here....
[2026-08-16T09:04:41.666+0000] {data_modification.py:69} INFO - Updated row with Video_ID: KesQF-BcVBE
[2026-08-16T09:04:41.668+0000] {logging_mixin.py:190} INFO - here....
[2026-08-16T09:04:41.673+0000] {data_modification.py:69} INFO - Updated row with Video_ID: J9jWCz_6lZ0
[2026-08-16T09:04:41.675+0000] {logging_mixin.py:190} INFO - here....
[2026-08-16T09:04:41.679+0000] {data_modification.py:69} INFO - Updated row with Video_ID: TLIKrH4mkkE
[2026-08-16T09:04:41.681+0000] {logging_mixin.py:190} INFO - here....
[2026-08-16T09:04:41.685+0000] {data_modification.py:69} INFO - Updated row with Video_ID: 3fsfXa-x1k8
[2026-08-16T09:04:41.687+0000] {logging_mixin.py:190} INFO - here....
[2026-08-16T09:04:41.691+0000] {data_modification.py:69} INFO - Updated row with Video_ID: WtjOB5ra8XU
[2026-08-16T09:04:41.693+0000] {logging_mixin.py:190} INFO - here....
[2026-08-16T09:04:41.697+0000] {data_modification.py:69} INFO - Updated row with Video_ID: QEoQ_NxtPpM
[2026-08-16T09:04:41.699+0000] {logging_mixin.py:190} INFO - here....
[2026-08-16T09:04:41.703+0000] {data_modification.py:69} INFO - Updated row with Video_ID: 7ij9e-rkRrA
[2026-08-16T09:04:41.705+0000] {logging_mixin.py:190} INFO - here....
[2026-08-16T09:04:41.709+0000] {data_modification.py:69} INFO - Updated row with Video_ID: zqKKCOHRrww
[2026-08-16T09:04:41.712+0000] {logging_mixin.py:190} INFO - here....
[2026-08-16T09:04:41.715+0000] {data_modification.py:69} INFO - Updated row with Video_ID: YH6X5m0xico
[2026-08-16T09:04:41.717+0000] {logging_mixin.py:190} INFO - here....
[2026-08-16T09:04:41.721+0000] {data_modification.py:69} INFO - Updated row with Video_ID: bPfxBfLgXgs
[2026-08-16T09:04:41.724+0000] {logging_mixin.py:190} INFO - here....
[2026-08-16T09:04:41.728+0000] {data_modification.py:69} INFO - Updated row with Video_ID: EF3UfscxyrY
[2026-08-16T09:04:41.730+0000] {logging_mixin.py:190} INFO - here....
[2026-08-16T09:04:41.733+0000] {data_modification.py:69} INFO - Updated row with Video_ID: ApnZrR84F8s
[2026-08-16T09:04:41.735+0000] {logging_mixin.py:190} INFO - here....
[2026-08-16T09:04:41.740+0000] {data_modification.py:69} INFO - Updated row with Video_ID: oAvsdws5bSw
[2026-08-16T09:04:41.742+0000] {logging_mixin.py:190} INFO - here....
[2026-08-16T09:04:41.746+0000] {data_modification.py:69} INFO - Updated row with Video_ID: pt6HbNMxUdk
[2026-08-16T09:04:41.748+0000] {logging_mixin.py:190} INFO - here....
[2026-08-16T09:04:41.751+0000] {data_modification.py:69} INFO - Updated row with Video_ID: GRNbwuHnlv8
[2026-08-16T09:04:41.753+0000] {logging_mixin.py:190} INFO - here....
[2026-08-16T09:04:41.757+0000] {data_modification.py:69} INFO - Updated row with Video_ID: iQL7RWCAbh4
[2026-08-16T09:04:41.759+0000] {logging_mixin.py:190} INFO - here....
[2026-08-16T09:04:41.762+0000] {data_modification.py:69} INFO - Updated row with Video_ID: 5mJYfliinXI
[2026-08-16T09:04:41.764+0000] {logging_mixin.py:190} INFO - here....
[2026-08-16T09:04:41.768+0000] {data_modification.py:69} INFO - Updated row with Video_ID: giZk-zQKGSI
[2026-08-16T09:04:41.770+0000] {logging_mixin.py:190} INFO - here....
[2026-08-16T09:04:41.774+0000] {data_modification.py:69} INFO - Updated row with Video_ID: DfMnlzRglrY
[2026-08-16T09:04:41.776+0000] {logging_mixin.py:190} INFO - here....
[2026-08-16T09:04:41.780+0000] {data_modification.py:69} INFO - Updated row with Video_ID: rp3e8vX6Iww
[2026-08-16T09:04:41.783+0000] {logging_mixin.py:190} INFO - here....
[2026-08-16T09:04:41.786+0000] {data_modification.py:69} INFO - Updated row with Video_ID: Dl2Wrle3kr0
[2026-08-16T09:04:41.788+0000] {logging_mixin.py:190} INFO - here....
[2026-08-16T09:04:41.793+0000] {data_modification.py:69} INFO - Updated row with Video_ID: GMjSHcYNeio
[2026-08-16T09:04:41.795+0000] {logging_mixin.py:190} INFO - here....
[2026-08-16T09:04:41.798+0000] {data_modification.py:69} INFO - Updated row with Video_ID: gGzjvm4_Wq0
[2026-08-16T09:04:41.800+0000] {logging_mixin.py:190} INFO - here....
[2026-08-16T09:04:41.804+0000] {data_modification.py:69} INFO - Updated row with Video_ID: fqCEf0GaohI
[2026-08-16T09:04:41.806+0000] {logging_mixin.py:190} INFO - here....
[2026-08-16T09:04:41.810+0000] {data_modification.py:69} INFO - Updated row with Video_ID: 5lxAunI40Eo
[2026-08-16T09:04:41.812+0000] {logging_mixin.py:190} INFO - here....
[2026-08-16T09:04:41.816+0000] {data_modification.py:69} INFO - Updated row with Video_ID: d2Guar7BFxw
[2026-08-16T09:04:41.818+0000] {logging_mixin.py:190} INFO - here....
[2026-08-16T09:04:41.821+0000] {data_modification.py:69} INFO - Updated row with Video_ID: ixNpmM5FdlE
[2026-08-16T09:04:41.823+0000] {logging_mixin.py:190} INFO - here....
[2026-08-16T09:04:41.827+0000] {data_modification.py:69} INFO - Updated row with Video_ID: Wb5Zy9wMDBc
[2026-08-16T09:04:41.829+0000] {logging_mixin.py:190} INFO - here....
[2026-08-16T09:04:41.833+0000] {data_modification.py:69} INFO - Updated row with Video_ID: CPscYNjJZ6E
[2026-08-16T09:04:41.835+0000] {logging_mixin.py:190} INFO - here....
[2026-08-16T09:04:41.839+0000] {data_modification.py:69} INFO - Updated row with Video_ID: 9U0ycVJkgQk
[2026-08-16T09:04:41.841+0000] {logging_mixin.py:190} INFO - here....
[2026-08-16T09:04:41.844+0000] {data_modification.py:69} INFO - Updated row with Video_ID: 5aYxLtqHlZg
[2026-08-16T09:04:41.846+0000] {logging_mixin.py:190} INFO - here....
[2026-08-16T09:04:41.850+0000] {data_modification.py:69} INFO - Updated row with Video_ID: LvOeeHHK7v4
[2026-08-16T09:04:41.852+0000] {logging_mixin.py:190} INFO - here....
[2026-08-16T09:04:41.856+0000] {data_modification.py:69} INFO - Updated row with Video_ID: 7bA2xkI0PiE
[2026-08-16T09:04:41.859+0000] {logging_mixin.py:190} INFO - here....
[2026-08-16T09:04:41.863+0000] {data_modification.py:69} INFO - Updated row with Video_ID: LcIbkn9tfgY
[2026-08-16T09:04:41.864+0000] {logging_mixin.py:190} INFO - here....
[2026-08-16T09:04:41.868+0000] {data_modification.py:69} INFO - Updated row with Video_ID: lmjQ4ymSqnw
[2026-08-16T09:04:41.870+0000] {logging_mixin.py:190} INFO - here....
[2026-08-16T09:04:41.874+0000] {data_modification.py:69} INFO - Updated row with Video_ID: UFG0W57X0NE
[2026-08-16T09:04:41.877+0000] {logging_mixin.py:190} INFO - here....
[2026-08-16T09:04:41.881+0000] {data_modification.py:69} INFO - Updated row with Video_ID: VXnTPk-WBqo
[2026-08-16T09:04:41.883+0000] {logging_mixin.py:190} INFO - here....
[2026-08-16T09:04:41.887+0000] {data_modification.py:69} INFO - Updated row with Video_ID: 6-FafJwCaeo
[2026-08-16T09:04:41.889+0000] {logging_mixin.py:190} INFO - here....
[2026-08-16T09:04:41.893+0000] {data_modification.py:69} INFO - Updated row with Video_ID: 0QZ1yJj0WBg
[2026-08-16T09:04:41.896+0000] {logging_mixin.py:190} INFO - here....
[2026-08-16T09:04:41.900+0000] {data_modification.py:69} INFO - Updated row with Video_ID: J0TkybCKaJI
[2026-08-16T09:04:41.902+0000] {logging_mixin.py:190} INFO - here....
[2026-08-16T09:04:41.905+0000] {data_modification.py:69} INFO - Updated row with Video_ID: sB_UVeLCcW8
[2026-08-16T09:04:41.907+0000] {logging_mixin.py:190} INFO - here....
[2026-08-16T09:04:41.911+0000] {data_modification.py:69} INFO - Updated row with Video_ID: QFAPvU9HNKs
[2026-08-16T09:04:41.913+0000] {logging_mixin.py:190} INFO - here....
[2026-08-16T09:04:41.916+0000] {data_modification.py:69} INFO - Updated row with Video_ID: 2H6UJ8gWez8
[2026-08-16T09:04:41.918+0000] {logging_mixin.py:190} INFO - here....
[2026-08-16T09:04:41.921+0000] {data_modification.py:69} INFO - Updated row with Video_ID: tstLK-hNqwI
[2026-08-16T09:04:41.923+0000] {logging_mixin.py:190} INFO - here....
[2026-08-16T09:04:41.927+0000] {data_modification.py:69} INFO - Updated row with Video_ID: XNzaV1F3Lxg
[2026-08-16T09:04:41.929+0000] {logging_mixin.py:190} INFO - here....
[2026-08-16T09:04:41.933+0000] {data_modification.py:69} INFO - Updated row with Video_ID: TXkP_OrUVNs
[2026-08-16T09:04:41.935+0000] {logging_mixin.py:190} INFO - here....
[2026-08-16T09:04:41.939+0000] {data_modification.py:69} INFO - Updated row with Video_ID: QDryDofxJx0
[2026-08-16T09:04:41.941+0000] {logging_mixin.py:190} INFO - here....
[2026-08-16T09:04:41.945+0000] {data_modification.py:69} INFO - Updated row with Video_ID: ucxYHgCUT2w
[2026-08-16T09:04:41.948+0000] {logging_mixin.py:190} INFO - here....
[2026-08-16T09:04:41.951+0000] {data_modification.py:69} INFO - Updated row with Video_ID: KpmtuC-6ZMg
[2026-08-16T09:04:41.953+0000] {logging_mixin.py:190} INFO - here....
[2026-08-16T09:04:41.958+0000] {data_modification.py:69} INFO - Updated row with Video_ID: En8wK5jKu28
[2026-08-16T09:04:41.960+0000] {logging_mixin.py:190} INFO - here....
[2026-08-16T09:04:41.964+0000] {data_modification.py:69} INFO - Updated row with Video_ID: mEHRR6r75po
[2026-08-16T09:04:41.966+0000] {logging_mixin.py:190} INFO - here....
[2026-08-16T09:04:41.970+0000] {data_modification.py:69} INFO - Updated row with Video_ID: -N6O3-5DZwE
[2026-08-16T09:04:41.972+0000] {logging_mixin.py:190} INFO - here....
[2026-08-16T09:04:41.976+0000] {data_modification.py:69} INFO - Updated row with Video_ID: oSXXo4SyiYY
[2026-08-16T09:04:41.978+0000] {logging_mixin.py:190} INFO - here....
[2026-08-16T09:04:41.982+0000] {data_modification.py:69} INFO - Updated row with Video_ID: ohrZOzZiC7U
[2026-08-16T09:04:41.984+0000] {logging_mixin.py:190} INFO - here....
[2026-08-16T09:04:41.988+0000] {data_modification.py:69} INFO - Updated row with Video_ID: e-kcBLqdzW8
[2026-08-16T09:04:41.990+0000] {logging_mixin.py:190} INFO - here....
[2026-08-16T09:04:41.994+0000] {data_modification.py:69} INFO - Updated row with Video_ID: EdKdkGK34AU
[2026-08-16T09:04:41.996+0000] {logging_mixin.py:190} INFO - here....
[2026-08-16T09:04:42.000+0000] {data_modification.py:69} INFO - Updated row with Video_ID: 2yVUZyaDS9g
[2026-08-16T09:04:42.002+0000] {logging_mixin.py:190} INFO - here....
[2026-08-16T09:04:42.005+0000] {data_modification.py:69} INFO - Updated row with Video_ID: n80jMTMljcQ
[2026-08-16T09:04:42.007+0000] {logging_mixin.py:190} INFO - here....
[2026-08-16T09:04:42.012+0000] {data_modification.py:69} INFO - Updated row with Video_ID: mcp_fX9TSYg
[2026-08-16T09:04:42.013+0000] {logging_mixin.py:190} INFO - here....
[2026-08-16T09:04:42.017+0000] {data_modification.py:69} INFO - Updated row with Video_ID: kWBRBQgDBAE
[2026-08-16T09:04:42.019+0000] {logging_mixin.py:190} INFO - here....
[2026-08-16T09:04:42.023+0000] {data_modification.py:69} INFO - Updated row with Video_ID: LoKCWdD_5R4
[2026-08-16T09:04:42.025+0000] {logging_mixin.py:190} INFO - here....
[2026-08-16T09:04:42.029+0000] {data_modification.py:69} INFO - Updated row with Video_ID: UcU67xgPkbc
[2026-08-16T09:04:42.031+0000] {logging_mixin.py:190} INFO - here....
[2026-08-16T09:04:42.034+0000] {data_modification.py:69} INFO - Updated row with Video_ID: R2PujibGGiM
[2026-08-16T09:04:42.036+0000] {logging_mixin.py:190} INFO - here....
[2026-08-16T09:04:42.040+0000] {data_modification.py:69} INFO - Updated row with Video_ID: 69eABcQr2fA
[2026-08-16T09:04:42.042+0000] {logging_mixin.py:190} INFO - here....
[2026-08-16T09:04:42.046+0000] {data_modification.py:69} INFO - Updated row with Video_ID: QBfMH_1sAB8
[2026-08-16T09:04:42.048+0000] {logging_mixin.py:190} INFO - here....
[2026-08-16T09:04:42.051+0000] {data_modification.py:69} INFO - Updated row with Video_ID: oPvYl1NoAwA
[2026-08-16T09:04:42.053+0000] {logging_mixin.py:190} INFO - here....
[2026-08-16T09:04:42.057+0000] {data_modification.py:69} INFO - Updated row with Video_ID: cntzOnaWxoc
[2026-08-16T09:04:42.059+0000] {logging_mixin.py:190} INFO - here....
[2026-08-16T09:04:42.063+0000] {data_modification.py:69} INFO - Updated row with Video_ID: IiII3rBs_xQ
[2026-08-16T09:04:42.065+0000] {logging_mixin.py:190} INFO - here....
[2026-08-16T09:04:42.069+0000] {data_modification.py:69} INFO - Updated row with Video_ID: YH_3hzFeubM
[2026-08-16T09:04:42.071+0000] {logging_mixin.py:190} INFO - here....
[2026-08-16T09:04:42.074+0000] {data_modification.py:69} INFO - Updated row with Video_ID: 8OgwKBiDu5w
[2026-08-16T09:04:42.076+0000] {logging_mixin.py:190} INFO - here....
[2026-08-16T09:04:42.080+0000] {data_modification.py:69} INFO - Updated row with Video_ID: DabQkRH6UnQ
[2026-08-16T09:04:42.082+0000] {logging_mixin.py:190} INFO - here....
[2026-08-16T09:04:42.086+0000] {data_modification.py:69} INFO - Updated row with Video_ID: 3jIZTvVC6Rk
[2026-08-16T09:04:42.088+0000] {logging_mixin.py:190} INFO - here....
[2026-08-16T09:04:42.092+0000] {data_modification.py:69} INFO - Updated row with Video_ID: fHBR1j1kJ1I
[2026-08-16T09:04:42.095+0000] {logging_mixin.py:190} INFO - here....
[2026-08-16T09:04:42.098+0000] {data_modification.py:69} INFO - Updated row with Video_ID: CY8dk_fXafA
[2026-08-16T09:04:42.101+0000] {logging_mixin.py:190} INFO - here....
[2026-08-16T09:04:42.105+0000] {data_modification.py:69} INFO - Updated row with Video_ID: ynM2Qg66zF4
[2026-08-16T09:04:42.107+0000] {logging_mixin.py:190} INFO - here....
[2026-08-16T09:04:42.111+0000] {data_modification.py:69} INFO - Updated row with Video_ID: 5nUd5md4oVA
[2026-08-16T09:04:42.113+0000] {logging_mixin.py:190} INFO - here....
[2026-08-16T09:04:42.117+0000] {data_modification.py:69} INFO - Updated row with Video_ID: b1z6DMPzG9s
[2026-08-16T09:04:42.119+0000] {logging_mixin.py:190} INFO - here....
[2026-08-16T09:04:42.123+0000] {data_modification.py:69} INFO - Updated row with Video_ID: Muu17c3ges0
[2026-08-16T09:04:42.125+0000] {logging_mixin.py:190} INFO - here....
[2026-08-16T09:04:42.129+0000] {data_modification.py:69} INFO - Updated row with Video_ID: Iyk1MbNkU1s
[2026-08-16T09:04:42.131+0000] {logging_mixin.py:190} INFO - here....
[2026-08-16T09:04:42.135+0000] {data_modification.py:69} INFO - Updated row with Video_ID: rwWwc9hTXWc
[2026-08-16T09:04:42.137+0000] {logging_mixin.py:190} INFO - here....
[2026-08-16T09:04:42.140+0000] {data_modification.py:69} INFO - Updated row with Video_ID: jDVcjNINjz8
[2026-08-16T09:04:42.142+0000] {logging_mixin.py:190} INFO - here....
[2026-08-16T09:04:42.145+0000] {data_modification.py:69} INFO - Updated row with Video_ID: uTvE5UtdN24
[2026-08-16T09:04:42.148+0000] {logging_mixin.py:190} INFO - here....
[2026-08-16T09:04:42.152+0000] {data_modification.py:69} INFO - Updated row with Video_ID: zzIWpBEPEMU
[2026-08-16T09:04:42.154+0000] {logging_mixin.py:190} INFO - here....
[2026-08-16T09:04:42.158+0000] {data_modification.py:69} INFO - Updated row with Video_ID: vIE1Fiz72Oc
[2026-08-16T09:04:42.160+0000] {logging_mixin.py:190} INFO - here....
[2026-08-16T09:04:42.163+0000] {data_modification.py:69} INFO - Updated row with Video_ID: qUkehK2wpD4
[2026-08-16T09:04:42.165+0000] {logging_mixin.py:190} INFO - here....
[2026-08-16T09:04:42.169+0000] {data_modification.py:69} INFO - Updated row with Video_ID: mbCsdfd-N4E
[2026-08-16T09:04:42.171+0000] {logging_mixin.py:190} INFO - here....
[2026-08-16T09:04:42.174+0000] {data_modification.py:69} INFO - Updated row with Video_ID: zTTyUjzXJxc
[2026-08-16T09:04:42.176+0000] {logging_mixin.py:190} INFO - here....
[2026-08-16T09:04:42.180+0000] {data_modification.py:69} INFO - Updated row with Video_ID: 72fYRTvvMRU
[2026-08-16T09:04:42.182+0000] {logging_mixin.py:190} INFO - here....
[2026-08-16T09:04:42.186+0000] {data_modification.py:69} INFO - Updated row with Video_ID: -mBFOLc-Gyk
[2026-08-16T09:04:42.188+0000] {logging_mixin.py:190} INFO - here....
[2026-08-16T09:04:42.192+0000] {data_modification.py:69} INFO - Updated row with Video_ID: fTyV7qqR1X8
[2026-08-16T09:04:42.195+0000] {logging_mixin.py:190} INFO - here....
[2026-08-16T09:04:42.199+0000] {data_modification.py:69} INFO - Updated row with Video_ID: VFIzaIbMsTA
[2026-08-16T09:04:42.201+0000] {logging_mixin.py:190} INFO - here....
[2026-08-16T09:04:42.204+0000] {data_modification.py:69} INFO - Updated row with Video_ID: 5TlvW_1lReA
[2026-08-16T09:04:42.206+0000] {logging_mixin.py:190} INFO - here....
[2026-08-16T09:04:42.210+0000] {data_modification.py:69} INFO - Updated row with Video_ID: bzLl_k26nM0
[2026-08-16T09:04:42.212+0000] {logging_mixin.py:190} INFO - here....
[2026-08-16T09:04:42.216+0000] {data_modification.py:69} INFO - Updated row with Video_ID: 8OU4D731NVE
[2026-08-16T09:04:42.218+0000] {logging_mixin.py:190} INFO - here....
[2026-08-16T09:04:42.222+0000] {data_modification.py:69} INFO - Updated row with Video_ID: JR7-TY87ZJI
[2026-08-16T09:04:42.224+0000] {logging_mixin.py:190} INFO - here....
[2026-08-16T09:04:42.228+0000] {data_modification.py:69} INFO - Updated row with Video_ID: tef3pUoVn8g
[2026-08-16T09:04:42.230+0000] {logging_mixin.py:190} INFO - here....
[2026-08-16T09:04:42.234+0000] {data_modification.py:69} INFO - Updated row with Video_ID: mfWswgJ-OoE
[2026-08-16T09:04:42.236+0000] {logging_mixin.py:190} INFO - here....
[2026-08-16T09:04:42.240+0000] {data_modification.py:69} INFO - Updated row with Video_ID: N7Q_56f39MQ
[2026-08-16T09:04:42.242+0000] {logging_mixin.py:190} INFO - here....
[2026-08-16T09:04:42.246+0000] {data_modification.py:69} INFO - Updated row with Video_ID: HHobKQxriIU
[2026-08-16T09:04:42.248+0000] {logging_mixin.py:190} INFO - here....
[2026-08-16T09:04:42.252+0000] {data_modification.py:69} INFO - Updated row with Video_ID: JCvcsz6HGg4
[2026-08-16T09:04:42.255+0000] {logging_mixin.py:190} INFO - here....
[2026-08-16T09:04:42.259+0000] {data_modification.py:69} INFO - Updated row with Video_ID: PY6chbMDWh8
[2026-08-16T09:04:42.261+0000] {logging_mixin.py:190} INFO - here....
[2026-08-16T09:04:42.265+0000] {data_modification.py:69} INFO - Updated row with Video_ID: q7hALpLxGVc
[2026-08-16T09:04:42.267+0000] {logging_mixin.py:190} INFO - here....
[2026-08-16T09:04:42.270+0000] {data_modification.py:69} INFO - Updated row with Video_ID: rgCA3lPgAV0
[2026-08-16T09:04:42.272+0000] {logging_mixin.py:190} INFO - here....
[2026-08-16T09:04:42.275+0000] {data_modification.py:69} INFO - Updated row with Video_ID: FqHQY_Gg46s
[2026-08-16T09:04:42.278+0000] {logging_mixin.py:190} INFO - here....
[2026-08-16T09:04:42.283+0000] {data_modification.py:69} INFO - Updated row with Video_ID: WQShd883DRk
[2026-08-16T09:04:42.285+0000] {logging_mixin.py:190} INFO - here....
[2026-08-16T09:04:42.289+0000] {data_modification.py:69} INFO - Updated row with Video_ID: FOt-AK0PGOk
[2026-08-16T09:04:42.292+0000] {logging_mixin.py:190} INFO - here....
[2026-08-16T09:04:42.296+0000] {data_modification.py:69} INFO - Updated row with Video_ID: wVRoiMcaLAw
[2026-08-16T09:04:42.298+0000] {logging_mixin.py:190} INFO - here....
[2026-08-16T09:04:42.304+0000] {data_modification.py:69} INFO - Updated row with Video_ID: qW0ou3zshaA
[2026-08-16T09:04:42.306+0000] {logging_mixin.py:190} INFO - here....
[2026-08-16T09:04:42.309+0000] {data_modification.py:69} INFO - Updated row with Video_ID: B2uImFJqFOQ
[2026-08-16T09:04:42.311+0000] {logging_mixin.py:190} INFO - here....
[2026-08-16T09:04:42.315+0000] {data_modification.py:69} INFO - Updated row with Video_ID: JhA3IsErX9g
[2026-08-16T09:04:42.318+0000] {logging_mixin.py:190} INFO - here....
[2026-08-16T09:04:42.322+0000] {data_modification.py:69} INFO - Updated row with Video_ID: _9_0AyCLDNY
[2026-08-16T09:04:42.323+0000] {logging_mixin.py:190} INFO - here....
[2026-08-16T09:04:42.327+0000] {data_modification.py:69} INFO - Updated row with Video_ID: NCFR_9hhI74
[2026-08-16T09:04:42.329+0000] {logging_mixin.py:190} INFO - here....
[2026-08-16T09:04:42.332+0000] {data_modification.py:69} INFO - Updated row with Video_ID: 3-gjnxP2caQ
[2026-08-16T09:04:42.334+0000] {logging_mixin.py:190} INFO - here....
[2026-08-16T09:04:42.338+0000] {data_modification.py:69} INFO - Updated row with Video_ID: aGJsQxfz41w
[2026-08-16T09:04:42.340+0000] {logging_mixin.py:190} INFO - here....
[2026-08-16T09:04:42.346+0000] {data_modification.py:69} INFO - Updated row with Video_ID: 3LhCwAyk0rM
[2026-08-16T09:04:42.348+0000] {logging_mixin.py:190} INFO - here....
[2026-08-16T09:04:42.351+0000] {data_modification.py:69} INFO - Updated row with Video_ID: GJHMwsokoxM
[2026-08-16T09:04:42.353+0000] {logging_mixin.py:190} INFO - here....
[2026-08-16T09:04:42.357+0000] {data_modification.py:69} INFO - Updated row with Video_ID: zycHikdEjoM
[2026-08-16T09:04:42.359+0000] {logging_mixin.py:190} INFO - here....
[2026-08-16T09:04:42.364+0000] {data_modification.py:69} INFO - Updated row with Video_ID: WMXGoc5n2uM
[2026-08-16T09:04:42.367+0000] {logging_mixin.py:190} INFO - here....
[2026-08-16T09:04:42.371+0000] {data_modification.py:69} INFO - Updated row with Video_ID: 30chzcdom_g
[2026-08-16T09:04:42.373+0000] {logging_mixin.py:190} INFO - here....
[2026-08-16T09:04:42.376+0000] {data_modification.py:69} INFO - Updated row with Video_ID: wM1UZSid0Kc
[2026-08-16T09:04:42.378+0000] {logging_mixin.py:190} INFO - here....
[2026-08-16T09:04:42.382+0000] {data_modification.py:69} INFO - Updated row with Video_ID: HgMrUVpqQXU
[2026-08-16T09:04:42.384+0000] {logging_mixin.py:190} INFO - here....
[2026-08-16T09:04:42.387+0000] {data_modification.py:69} INFO - Updated row with Video_ID: WEN24L7xo8U
[2026-08-16T09:04:42.389+0000] {logging_mixin.py:190} INFO - here....
[2026-08-16T09:04:42.392+0000] {data_modification.py:69} INFO - Updated row with Video_ID: MmH-IJonb5M
[2026-08-16T09:04:42.394+0000] {logging_mixin.py:190} INFO - here....
[2026-08-16T09:04:42.398+0000] {data_modification.py:69} INFO - Updated row with Video_ID: o8qpFPU4WXs
[2026-08-16T09:04:42.399+0000] {logging_mixin.py:190} INFO - here....
[2026-08-16T09:04:42.403+0000] {data_modification.py:69} INFO - Updated row with Video_ID: OFbuYpYcALU
[2026-08-16T09:04:42.405+0000] {logging_mixin.py:190} INFO - here....
[2026-08-16T09:04:42.408+0000] {data_modification.py:69} INFO - Updated row with Video_ID: W1rDAzoAs9g
[2026-08-16T09:04:42.410+0000] {logging_mixin.py:190} INFO - here....
[2026-08-16T09:04:42.413+0000] {data_modification.py:69} INFO - Updated row with Video_ID: uQjOeedwYq8
[2026-08-16T09:04:42.415+0000] {logging_mixin.py:190} INFO - here....
[2026-08-16T09:04:42.419+0000] {data_modification.py:69} INFO - Updated row with Video_ID: mxgJlyjRsOg
[2026-08-16T09:04:42.421+0000] {logging_mixin.py:190} INFO - here....
[2026-08-16T09:04:42.424+0000] {data_modification.py:69} INFO - Updated row with Video_ID: RZBJnyLyPb8
[2026-08-16T09:04:42.426+0000] {logging_mixin.py:190} INFO - here....
[2026-08-16T09:04:42.430+0000] {data_modification.py:69} INFO - Updated row with Video_ID: 0e92T7imZE4
[2026-08-16T09:04:42.431+0000] {logging_mixin.py:190} INFO - here....
[2026-08-16T09:04:42.435+0000] {data_modification.py:69} INFO - Updated row with Video_ID: oyMaBpf4IG0
[2026-08-16T09:04:42.436+0000] {logging_mixin.py:190} INFO - here....
[2026-08-16T09:04:42.440+0000] {data_modification.py:69} INFO - Updated row with Video_ID: 1_MhaUYSXMg
[2026-08-16T09:04:42.441+0000] {logging_mixin.py:190} INFO - here....
[2026-08-16T09:04:42.445+0000] {data_modification.py:69} INFO - Updated row with Video_ID: JqI6Xd6TMkM
[2026-08-16T09:04:42.447+0000] {logging_mixin.py:190} INFO - here....
[2026-08-16T09:04:42.450+0000] {data_modification.py:69} INFO - Updated row with Video_ID: Lt9iwQ_Pru0
[2026-08-16T09:04:42.452+0000] {logging_mixin.py:190} INFO - here....
[2026-08-16T09:04:42.456+0000] {data_modification.py:69} INFO - Updated row with Video_ID: YIszsqhLGIs
[2026-08-16T09:04:42.458+0000] {logging_mixin.py:190} INFO - here....
[2026-08-16T09:04:42.462+0000] {data_modification.py:69} INFO - Updated row with Video_ID: zlNQ7q0SSRw
[2026-08-16T09:04:42.463+0000] {logging_mixin.py:190} INFO - here....
[2026-08-16T09:04:42.467+0000] {data_modification.py:69} INFO - Updated row with Video_ID: 7Oo6JxzzKc4
[2026-08-16T09:04:42.468+0000] {logging_mixin.py:190} INFO - here....
[2026-08-16T09:04:42.472+0000] {data_modification.py:69} INFO - Updated row with Video_ID: l1m1oLxhQHU
[2026-08-16T09:04:42.473+0000] {logging_mixin.py:190} INFO - here....
[2026-08-16T09:04:42.478+0000] {data_modification.py:69} INFO - Updated row with Video_ID: fNh9vOakPPw
[2026-08-16T09:04:42.479+0000] {logging_mixin.py:190} INFO - here....
[2026-08-16T09:04:42.483+0000] {data_modification.py:69} INFO - Updated row with Video_ID: 9ZBm6KW8K_k
[2026-08-16T09:04:42.484+0000] {logging_mixin.py:190} INFO - here....
[2026-08-16T09:04:42.488+0000] {data_modification.py:69} INFO - Updated row with Video_ID: ftVNoXn-uAo
[2026-08-16T09:04:42.490+0000] {logging_mixin.py:190} INFO - here....
[2026-08-16T09:04:42.493+0000] {data_modification.py:69} INFO - Updated row with Video_ID: itg6Btj2P1w
[2026-08-16T09:04:42.495+0000] {logging_mixin.py:190} INFO - here....
[2026-08-16T09:04:42.499+0000] {data_modification.py:69} INFO - Updated row with Video_ID: tsOAQgwt7wk
[2026-08-16T09:04:42.500+0000] {logging_mixin.py:190} INFO - here....
[2026-08-16T09:04:42.504+0000] {data_modification.py:69} INFO - Updated row with Video_ID: V285NwW_e3M
[2026-08-16T09:04:42.506+0000] {logging_mixin.py:190} INFO - here....
[2026-08-16T09:04:42.509+0000] {data_modification.py:69} INFO - Updated row with Video_ID: tukNhR0s6VU
[2026-08-16T09:04:42.511+0000] {logging_mixin.py:190} INFO - here....
[2026-08-16T09:04:42.515+0000] {data_modification.py:69} INFO - Updated row with Video_ID: XcW5MRN-FGY
[2026-08-16T09:04:42.517+0000] {logging_mixin.py:190} INFO - here....
[2026-08-16T09:04:42.521+0000] {data_modification.py:69} INFO - Updated row with Video_ID: I0o3utVvztQ
[2026-08-16T09:04:42.522+0000] {logging_mixin.py:190} INFO - here....
[2026-08-16T09:04:42.526+0000] {data_modification.py:69} INFO - Updated row with Video_ID: LEbUD0ldAqs
[2026-08-16T09:04:42.527+0000] {logging_mixin.py:190} INFO - here....
[2026-08-16T09:04:42.531+0000] {data_modification.py:69} INFO - Updated row with Video_ID: WYfONnyamY0
[2026-08-16T09:04:42.533+0000] {logging_mixin.py:190} INFO - here....
[2026-08-16T09:04:42.537+0000] {data_modification.py:69} INFO - Updated row with Video_ID: aJtvLS3WdMI
[2026-08-16T09:04:42.538+0000] {logging_mixin.py:190} INFO - here....
[2026-08-16T09:04:42.542+0000] {data_modification.py:69} INFO - Updated row with Video_ID: Vy56q4AygPU
[2026-08-16T09:04:42.543+0000] {logging_mixin.py:190} INFO - here....
[2026-08-16T09:04:42.547+0000] {data_modification.py:69} INFO - Updated row with Video_ID: QMKdEO6nINk
[2026-08-16T09:04:42.548+0000] {logging_mixin.py:190} INFO - here....
[2026-08-16T09:04:42.553+0000] {data_modification.py:69} INFO - Updated row with Video_ID: LFO9HoPWktg
[2026-08-16T09:04:42.555+0000] {logging_mixin.py:190} INFO - here....
[2026-08-16T09:04:42.558+0000] {data_modification.py:69} INFO - Updated row with Video_ID: Bhm5an9tGIc
[2026-08-16T09:04:42.560+0000] {logging_mixin.py:190} INFO - here....
[2026-08-16T09:04:42.563+0000] {data_modification.py:69} INFO - Updated row with Video_ID: v0C75ZSwsrs
[2026-08-16T09:04:42.565+0000] {logging_mixin.py:190} INFO - here....
[2026-08-16T09:04:42.568+0000] {data_modification.py:69} INFO - Updated row with Video_ID: IGDT2okNulY
[2026-08-16T09:04:42.570+0000] {logging_mixin.py:190} INFO - here....
[2026-08-16T09:04:42.574+0000] {data_modification.py:69} INFO - Updated row with Video_ID: Uw12mXq1DXg
[2026-08-16T09:04:42.576+0000] {logging_mixin.py:190} INFO - here....
[2026-08-16T09:04:42.580+0000] {data_modification.py:69} INFO - Updated row with Video_ID: TUr52qVGTXY
[2026-08-16T09:04:42.582+0000] {logging_mixin.py:190} INFO - here....
[2026-08-16T09:04:42.586+0000] {data_modification.py:69} INFO - Updated row with Video_ID: XnA_0T-rcR8
[2026-08-16T09:04:42.588+0000] {logging_mixin.py:190} INFO - here....
[2026-08-16T09:04:42.592+0000] {data_modification.py:69} INFO - Updated row with Video_ID: ApiXFXHatwo
[2026-08-16T09:04:42.594+0000] {logging_mixin.py:190} INFO - here....
[2026-08-16T09:04:42.598+0000] {data_modification.py:69} INFO - Updated row with Video_ID: 2cxPeFL2GEY
[2026-08-16T09:04:42.600+0000] {logging_mixin.py:190} INFO - here....
[2026-08-16T09:04:42.604+0000] {data_modification.py:69} INFO - Updated row with Video_ID: FDm_nKzpfYM
[2026-08-16T09:04:42.606+0000] {logging_mixin.py:190} INFO - here....
[2026-08-16T09:04:42.610+0000] {data_modification.py:69} INFO - Updated row with Video_ID: N8NVKxRq15U
[2026-08-16T09:04:42.612+0000] {logging_mixin.py:190} INFO - here....
[2026-08-16T09:04:42.616+0000] {data_modification.py:69} INFO - Updated row with Video_ID: pQpmexoItU8
[2026-08-16T09:04:42.619+0000] {logging_mixin.py:190} INFO - here....
[2026-08-16T09:04:42.623+0000] {data_modification.py:69} INFO - Updated row with Video_ID: mPNo0-D38vY
[2026-08-16T09:04:42.625+0000] {logging_mixin.py:190} INFO - here....
[2026-08-16T09:04:42.629+0000] {data_modification.py:69} INFO - Updated row with Video_ID: 8Wt9T-EM5-M
[2026-08-16T09:04:42.631+0000] {logging_mixin.py:190} INFO - here....
[2026-08-16T09:04:42.635+0000] {data_modification.py:69} INFO - Updated row with Video_ID: 8Kv0r9rIB4c
[2026-08-16T09:04:42.636+0000] {logging_mixin.py:190} INFO - here....
[2026-08-16T09:04:42.640+0000] {data_modification.py:69} INFO - Updated row with Video_ID: PgFFJ_CLQPM
[2026-08-16T09:04:42.642+0000] {logging_mixin.py:190} INFO - here....
[2026-08-16T09:04:42.645+0000] {data_modification.py:69} INFO - Updated row with Video_ID: -40VKMDl2x4
[2026-08-16T09:04:42.647+0000] {logging_mixin.py:190} INFO - here....
[2026-08-16T09:04:42.650+0000] {data_modification.py:69} INFO - Updated row with Video_ID: wK7UUfJBbW8
[2026-08-16T09:04:42.652+0000] {logging_mixin.py:190} INFO - here....
[2026-08-16T09:04:42.656+0000] {data_modification.py:69} INFO - Updated row with Video_ID: E8QYIC6WVvY
[2026-08-16T09:04:42.658+0000] {logging_mixin.py:190} INFO - here....
[2026-08-16T09:04:42.663+0000] {data_modification.py:69} INFO - Updated row with Video_ID: 2Gp2jqpPOas
[2026-08-16T09:04:42.665+0000] {logging_mixin.py:190} INFO - here....
[2026-08-16T09:04:42.669+0000] {data_modification.py:69} INFO - Updated row with Video_ID: 9f_UL8BH9ZA
[2026-08-16T09:04:42.671+0000] {logging_mixin.py:190} INFO - here....
[2026-08-16T09:04:42.674+0000] {data_modification.py:69} INFO - Updated row with Video_ID: EMmwfjhR5JY
[2026-08-16T09:04:42.676+0000] {logging_mixin.py:190} INFO - here....
[2026-08-16T09:04:42.680+0000] {data_modification.py:69} INFO - Updated row with Video_ID: IKUGgkHRypg
[2026-08-16T09:04:42.682+0000] {logging_mixin.py:190} INFO - here....
[2026-08-16T09:04:42.686+0000] {data_modification.py:69} INFO - Updated row with Video_ID: bLWK7lsZp3U
[2026-08-16T09:04:42.688+0000] {logging_mixin.py:190} INFO - here....
[2026-08-16T09:04:42.692+0000] {data_modification.py:69} INFO - Updated row with Video_ID: z_k5keq1qKs
[2026-08-16T09:04:42.695+0000] {logging_mixin.py:190} INFO - here....
[2026-08-16T09:04:42.698+0000] {data_modification.py:69} INFO - Updated row with Video_ID: 8vuGXlsW2rk
[2026-08-16T09:04:42.700+0000] {logging_mixin.py:190} INFO - here....
[2026-08-16T09:04:42.703+0000] {data_modification.py:69} INFO - Updated row with Video_ID: YgSbMW235Yk
[2026-08-16T09:04:42.705+0000] {logging_mixin.py:190} INFO - here....
[2026-08-16T09:04:42.709+0000] {data_modification.py:69} INFO - Updated row with Video_ID: 3UPw6vuziEE
[2026-08-16T09:04:42.710+0000] {logging_mixin.py:190} INFO - here....
[2026-08-16T09:04:42.714+0000] {data_modification.py:69} INFO - Updated row with Video_ID: leeLTPxN8lo
[2026-08-16T09:04:42.716+0000] {logging_mixin.py:190} INFO - here....
[2026-08-16T09:04:42.719+0000] {data_modification.py:69} INFO - Updated row with Video_ID: A4fVaHlGjAs
[2026-08-16T09:04:42.721+0000] {logging_mixin.py:190} INFO - here....
[2026-08-16T09:04:42.725+0000] {data_modification.py:69} INFO - Updated row with Video_ID: Z3iCvANHu0Q
[2026-08-16T09:04:42.726+0000] {logging_mixin.py:190} INFO - here....
[2026-08-16T09:04:42.730+0000] {data_modification.py:69} INFO - Updated row with Video_ID: cRprPuKwkyY
[2026-08-16T09:04:42.731+0000] {logging_mixin.py:190} INFO - here....
[2026-08-16T09:04:42.735+0000] {data_modification.py:69} INFO - Updated row with Video_ID: IhssiXQMLUM
[2026-08-16T09:04:42.737+0000] {logging_mixin.py:190} INFO - here....
[2026-08-16T09:04:42.740+0000] {data_modification.py:69} INFO - Updated row with Video_ID: FsIUH_kV-gY
[2026-08-16T09:04:42.742+0000] {logging_mixin.py:190} INFO - here....
[2026-08-16T09:04:42.746+0000] {data_modification.py:69} INFO - Updated row with Video_ID: R4IDFZ3ja9k
[2026-08-16T09:04:42.747+0000] {logging_mixin.py:190} INFO - here....
[2026-08-16T09:04:42.751+0000] {data_modification.py:69} INFO - Updated row with Video_ID: 0-FUhQKe-eU
[2026-08-16T09:04:42.752+0000] {logging_mixin.py:190} INFO - here....
[2026-08-16T09:04:42.756+0000] {data_modification.py:69} INFO - Updated row with Video_ID: PetV_jKmpEg
[2026-08-16T09:04:42.758+0000] {logging_mixin.py:190} INFO - here....
[2026-08-16T09:04:42.761+0000] {data_modification.py:69} INFO - Updated row with Video_ID: XzMcJR2UFE4
[2026-08-16T09:04:42.763+0000] {logging_mixin.py:190} INFO - here....
[2026-08-16T09:04:42.766+0000] {data_modification.py:69} INFO - Updated row with Video_ID: wV8Gcv45Wb0
[2026-08-16T09:04:42.768+0000] {logging_mixin.py:190} INFO - here....
[2026-08-16T09:04:42.771+0000] {data_modification.py:69} INFO - Updated row with Video_ID: gLoLW6r_O8U
[2026-08-16T09:04:42.773+0000] {logging_mixin.py:190} INFO - here....
[2026-08-16T09:04:42.777+0000] {data_modification.py:69} INFO - Updated row with Video_ID: 5QBkK11ED9Q
[2026-08-16T09:04:42.778+0000] {logging_mixin.py:190} INFO - here....
[2026-08-16T09:04:42.782+0000] {data_modification.py:69} INFO - Updated row with Video_ID: YkuAm0ZLTfY
[2026-08-16T09:04:42.784+0000] {logging_mixin.py:190} INFO - here....
[2026-08-16T09:04:42.788+0000] {data_modification.py:69} INFO - Updated row with Video_ID: BnMITKdPhXg
[2026-08-16T09:04:42.790+0000] {logging_mixin.py:190} INFO - here....
[2026-08-16T09:04:42.794+0000] {data_modification.py:69} INFO - Updated row with Video_ID: sfyuqhp7M80
[2026-08-16T09:04:42.796+0000] {logging_mixin.py:190} INFO - here....
[2026-08-16T09:04:42.800+0000] {data_modification.py:69} INFO - Updated row with Video_ID: z8AhJlRVJZI
[2026-08-16T09:04:42.802+0000] {logging_mixin.py:190} INFO - here....
[2026-08-16T09:04:42.806+0000] {data_modification.py:69} INFO - Updated row with Video_ID: 71xri_SCszU
[2026-08-16T09:04:42.808+0000] {logging_mixin.py:190} INFO - here....
[2026-08-16T09:04:42.811+0000] {data_modification.py:69} INFO - Updated row with Video_ID: 20_sCsJ8NA0
[2026-08-16T09:04:42.813+0000] {logging_mixin.py:190} INFO - here....
[2026-08-16T09:04:42.817+0000] {data_modification.py:69} INFO - Updated row with Video_ID: xh2tA8yf3hU
[2026-08-16T09:04:42.819+0000] {logging_mixin.py:190} INFO - here....
[2026-08-16T09:04:42.823+0000] {data_modification.py:69} INFO - Updated row with Video_ID: m1DQx1_mweE
[2026-08-16T09:04:42.825+0000] {logging_mixin.py:190} INFO - here....
[2026-08-16T09:04:42.828+0000] {data_modification.py:69} INFO - Updated row with Video_ID: WNdSw0vzzOs
[2026-08-16T09:04:42.830+0000] {logging_mixin.py:190} INFO - here....
[2026-08-16T09:04:42.834+0000] {data_modification.py:69} INFO - Updated row with Video_ID: we9VSegCFyo
[2026-08-16T09:04:42.835+0000] {logging_mixin.py:190} INFO - here....
[2026-08-16T09:04:42.839+0000] {data_modification.py:69} INFO - Updated row with Video_ID: NB4TlMvCqJY
[2026-08-16T09:04:42.840+0000] {logging_mixin.py:190} INFO - here....
[2026-08-16T09:04:42.844+0000] {data_modification.py:69} INFO - Updated row with Video_ID: BWu-VAuok3Y
[2026-08-16T09:04:42.846+0000] {logging_mixin.py:190} INFO - here....
[2026-08-16T09:04:42.849+0000] {data_modification.py:69} INFO - Updated row with Video_ID: mdNplEYgGV8
[2026-08-16T09:04:42.851+0000] {logging_mixin.py:190} INFO - here....
[2026-08-16T09:04:42.855+0000] {data_modification.py:69} INFO - Updated row with Video_ID: r8pDXO6zRUg
[2026-08-16T09:04:42.857+0000] {logging_mixin.py:190} INFO - here....
[2026-08-16T09:04:42.860+0000] {data_modification.py:69} INFO - Updated row with Video_ID: q_xbvQdkqZw
[2026-08-16T09:04:42.862+0000] {logging_mixin.py:190} INFO - here....
[2026-08-16T09:04:42.866+0000] {data_modification.py:69} INFO - Updated row with Video_ID: gj7oiYJkFcc
[2026-08-16T09:04:42.868+0000] {logging_mixin.py:190} INFO - here....
[2026-08-16T09:04:42.872+0000] {data_modification.py:69} INFO - Updated row with Video_ID: xoZw93EHxSw
[2026-08-16T09:04:42.873+0000] {logging_mixin.py:190} INFO - here....
[2026-08-16T09:04:42.877+0000] {data_modification.py:69} INFO - Updated row with Video_ID: LYvLh1NDVNs
[2026-08-16T09:04:42.879+0000] {logging_mixin.py:190} INFO - here....
[2026-08-16T09:04:42.882+0000] {data_modification.py:69} INFO - Updated row with Video_ID: yQ_6xi__utU
[2026-08-16T09:04:42.884+0000] {logging_mixin.py:190} INFO - here....
[2026-08-16T09:04:42.888+0000] {data_modification.py:69} INFO - Updated row with Video_ID: lx-S1WiqwTc
[2026-08-16T09:04:42.890+0000] {logging_mixin.py:190} INFO - here....
[2026-08-16T09:04:42.893+0000] {data_modification.py:69} INFO - Updated row with Video_ID: D4184a_RTJI
[2026-08-16T09:04:42.895+0000] {logging_mixin.py:190} INFO - here....
[2026-08-16T09:04:42.899+0000] {data_modification.py:69} INFO - Updated row with Video_ID: 8Ssx232ZXa4
[2026-08-16T09:04:42.901+0000] {logging_mixin.py:190} INFO - here....
[2026-08-16T09:04:42.904+0000] {data_modification.py:69} INFO - Updated row with Video_ID: EwXRBUvKPBs
[2026-08-16T09:04:42.906+0000] {logging_mixin.py:190} INFO - here....
[2026-08-16T09:04:42.909+0000] {data_modification.py:69} INFO - Updated row with Video_ID: jtgxSDACnyU
[2026-08-16T09:04:42.911+0000] {logging_mixin.py:190} INFO - here....
[2026-08-16T09:04:42.914+0000] {data_modification.py:69} INFO - Updated row with Video_ID: kde-4jnnHNk
[2026-08-16T09:04:42.916+0000] {logging_mixin.py:190} INFO - here....
[2026-08-16T09:04:42.920+0000] {data_modification.py:69} INFO - Updated row with Video_ID: jFXxHwTwlRg
[2026-08-16T09:04:42.922+0000] {logging_mixin.py:190} INFO - here....
[2026-08-16T09:04:42.925+0000] {data_modification.py:69} INFO - Updated row with Video_ID: OLow4xrtFYI
[2026-08-16T09:04:42.927+0000] {logging_mixin.py:190} INFO - here....
[2026-08-16T09:04:42.931+0000] {data_modification.py:69} INFO - Updated row with Video_ID: BEPpywj2mIQ
[2026-08-16T09:04:42.933+0000] {logging_mixin.py:190} INFO - here....
[2026-08-16T09:04:42.936+0000] {data_modification.py:69} INFO - Updated row with Video_ID: mrBUlkbnJcg
[2026-08-16T09:04:42.937+0000] {logging_mixin.py:190} INFO - here....
[2026-08-16T09:04:42.941+0000] {data_modification.py:69} INFO - Updated row with Video_ID: T9HjDNF3xx4
[2026-08-16T09:04:42.943+0000] {logging_mixin.py:190} INFO - here....
[2026-08-16T09:04:42.946+0000] {data_modification.py:69} INFO - Updated row with Video_ID: 7_VNqBeRQd0
[2026-08-16T09:04:42.948+0000] {logging_mixin.py:190} INFO - here....
[2026-08-16T09:04:42.952+0000] {data_modification.py:69} INFO - Updated row with Video_ID: z5KAKDuvXD4
[2026-08-16T09:04:42.953+0000] {logging_mixin.py:190} INFO - here....
[2026-08-16T09:04:42.957+0000] {data_modification.py:69} INFO - Updated row with Video_ID: IHBDe-MKS8Q
[2026-08-16T09:04:42.959+0000] {logging_mixin.py:190} INFO - here....
[2026-08-16T09:04:42.962+0000] {data_modification.py:69} INFO - Updated row with Video_ID: BY2C3liFlU4
[2026-08-16T09:04:42.964+0000] {logging_mixin.py:190} INFO - here....
[2026-08-16T09:04:42.967+0000] {data_modification.py:69} INFO - Updated row with Video_ID: sMuheiO3E-U
[2026-08-16T09:04:42.969+0000] {logging_mixin.py:190} INFO - here....
[2026-08-16T09:04:42.972+0000] {data_modification.py:69} INFO - Updated row with Video_ID: ud6TOa3G_Go
[2026-08-16T09:04:42.974+0000] {logging_mixin.py:190} INFO - here....
[2026-08-16T09:04:42.978+0000] {data_modification.py:69} INFO - Updated row with Video_ID: GnYmmUkO4qQ
[2026-08-16T09:04:42.979+0000] {logging_mixin.py:190} INFO - here....
[2026-08-16T09:04:42.983+0000] {data_modification.py:69} INFO - Updated row with Video_ID: ndTkM5X7msg
[2026-08-16T09:04:42.985+0000] {logging_mixin.py:190} INFO - here....
[2026-08-16T09:04:42.988+0000] {data_modification.py:69} INFO - Updated row with Video_ID: jAZtATAb4TY
[2026-08-16T09:04:42.990+0000] {logging_mixin.py:190} INFO - here....
[2026-08-16T09:04:42.994+0000] {data_modification.py:69} INFO - Updated row with Video_ID: sYtkfS4wo3s
[2026-08-16T09:04:42.996+0000] {logging_mixin.py:190} INFO - here....
[2026-08-16T09:04:42.999+0000] {data_modification.py:69} INFO - Updated row with Video_ID: WJV8PaL_8-g
[2026-08-16T09:04:43.001+0000] {logging_mixin.py:190} INFO - here....
[2026-08-16T09:04:43.004+0000] {data_modification.py:69} INFO - Updated row with Video_ID: PGX-a7wWsfo
[2026-08-16T09:04:43.006+0000] {logging_mixin.py:190} INFO - here....
[2026-08-16T09:04:43.010+0000] {data_modification.py:69} INFO - Updated row with Video_ID: N9CiAfXrrPg
[2026-08-16T09:04:43.012+0000] {logging_mixin.py:190} INFO - here....
[2026-08-16T09:04:43.015+0000] {data_modification.py:69} INFO - Updated row with Video_ID: jrRtVtRcwDA
[2026-08-16T09:04:43.017+0000] {logging_mixin.py:190} INFO - here....
[2026-08-16T09:04:43.021+0000] {data_modification.py:69} INFO - Updated row with Video_ID: QY6yHJC2DIE
[2026-08-16T09:04:43.023+0000] {logging_mixin.py:190} INFO - here....
[2026-08-16T09:04:43.027+0000] {data_modification.py:69} INFO - Updated row with Video_ID: 0npa2x2aVek
[2026-08-16T09:04:43.029+0000] {logging_mixin.py:190} INFO - here....
[2026-08-16T09:04:43.032+0000] {data_modification.py:69} INFO - Updated row with Video_ID: rdc-toYy_90
[2026-08-16T09:04:43.034+0000] {logging_mixin.py:190} INFO - here....
[2026-08-16T09:04:43.038+0000] {data_modification.py:69} INFO - Updated row with Video_ID: T4CTPjKZ8j0
[2026-08-16T09:04:43.040+0000] {logging_mixin.py:190} INFO - here....
[2026-08-16T09:04:43.045+0000] {data_modification.py:69} INFO - Updated row with Video_ID: Okg3ujCxEnw
[2026-08-16T09:04:43.047+0000] {logging_mixin.py:190} INFO - here....
[2026-08-16T09:04:43.050+0000] {data_modification.py:69} INFO - Updated row with Video_ID: VIbLpdxPB2g
[2026-08-16T09:04:43.052+0000] {logging_mixin.py:190} INFO - here....
[2026-08-16T09:04:43.056+0000] {data_modification.py:69} INFO - Updated row with Video_ID: u-3Qf9-LEoE
[2026-08-16T09:04:43.058+0000] {logging_mixin.py:190} INFO - here....
[2026-08-16T09:04:43.062+0000] {data_modification.py:69} INFO - Updated row with Video_ID: e1Rj4UCisEk
[2026-08-16T09:04:43.064+0000] {logging_mixin.py:190} INFO - here....
[2026-08-16T09:04:43.068+0000] {data_modification.py:69} INFO - Updated row with Video_ID: PUr7-Kg36M8
[2026-08-16T09:04:43.070+0000] {logging_mixin.py:190} INFO - here....
[2026-08-16T09:04:43.074+0000] {data_modification.py:69} INFO - Updated row with Video_ID: E6gJozQEvfs
[2026-08-16T09:04:43.075+0000] {logging_mixin.py:190} INFO - here....
[2026-08-16T09:04:43.079+0000] {data_modification.py:69} INFO - Updated row with Video_ID: UCKqNBZbjmw
[2026-08-16T09:04:43.080+0000] {logging_mixin.py:190} INFO - here....
[2026-08-16T09:04:43.084+0000] {data_modification.py:69} INFO - Updated row with Video_ID: bRXA6myu4zc
[2026-08-16T09:04:43.086+0000] {logging_mixin.py:190} INFO - here....
[2026-08-16T09:04:43.090+0000] {data_modification.py:69} INFO - Updated row with Video_ID: zSezq0KRgjo
[2026-08-16T09:04:43.091+0000] {logging_mixin.py:190} INFO - here....
[2026-08-16T09:04:43.095+0000] {data_modification.py:69} INFO - Updated row with Video_ID: nNVm9hRNVKY
[2026-08-16T09:04:43.096+0000] {logging_mixin.py:190} INFO - here....
[2026-08-16T09:04:43.100+0000] {data_modification.py:69} INFO - Updated row with Video_ID: _yxZkzJFZIQ
[2026-08-16T09:04:43.102+0000] {logging_mixin.py:190} INFO - here....
[2026-08-16T09:04:43.105+0000] {data_modification.py:69} INFO - Updated row with Video_ID: QkxkL6Hq8eU
[2026-08-16T09:04:43.107+0000] {logging_mixin.py:190} INFO - here....
[2026-08-16T09:04:43.110+0000] {data_modification.py:69} INFO - Updated row with Video_ID: E3oG313_kps
[2026-08-16T09:04:43.112+0000] {logging_mixin.py:190} INFO - here....
[2026-08-16T09:04:43.115+0000] {data_modification.py:69} INFO - Updated row with Video_ID: Vjo75RHTyeQ
[2026-08-16T09:04:43.117+0000] {logging_mixin.py:190} INFO - here....
[2026-08-16T09:04:43.120+0000] {data_modification.py:69} INFO - Updated row with Video_ID: 71AXHaLA8LQ
[2026-08-16T09:04:43.122+0000] {logging_mixin.py:190} INFO - here....
[2026-08-16T09:04:43.126+0000] {data_modification.py:69} INFO - Updated row with Video_ID: _-riyNdYtP8
[2026-08-16T09:04:43.127+0000] {logging_mixin.py:190} INFO - here....
[2026-08-16T09:04:43.131+0000] {data_modification.py:69} INFO - Updated row with Video_ID: AbkmNUlkVtE
[2026-08-16T09:04:43.132+0000] {logging_mixin.py:190} INFO - here....
[2026-08-16T09:04:43.136+0000] {data_modification.py:69} INFO - Updated row with Video_ID: GNGOGRLuDuc
[2026-08-16T09:04:43.137+0000] {logging_mixin.py:190} INFO - here....
[2026-08-16T09:04:43.141+0000] {data_modification.py:69} INFO - Updated row with Video_ID: aeOCLTgX5Ss
[2026-08-16T09:04:43.143+0000] {logging_mixin.py:190} INFO - here....
[2026-08-16T09:04:43.146+0000] {data_modification.py:69} INFO - Updated row with Video_ID: 5FYlSWbdsQg
[2026-08-16T09:04:43.148+0000] {logging_mixin.py:190} INFO - here....
[2026-08-16T09:04:43.151+0000] {data_modification.py:69} INFO - Updated row with Video_ID: a5z3Mu313k4
[2026-08-16T09:04:43.153+0000] {logging_mixin.py:190} INFO - here....
[2026-08-16T09:04:43.157+0000] {data_modification.py:69} INFO - Updated row with Video_ID: UzIH-osgcLo
[2026-08-16T09:04:43.158+0000] {logging_mixin.py:190} INFO - here....
[2026-08-16T09:04:43.162+0000] {data_modification.py:69} INFO - Updated row with Video_ID: ohSbY-mERJ0
[2026-08-16T09:04:43.164+0000] {logging_mixin.py:190} INFO - here....
[2026-08-16T09:04:43.168+0000] {data_modification.py:69} INFO - Updated row with Video_ID: NLLbRsN3-Jc
[2026-08-16T09:04:43.169+0000] {logging_mixin.py:190} INFO - here....
[2026-08-16T09:04:43.173+0000] {data_modification.py:69} INFO - Updated row with Video_ID: 7QjqotwmuCs
[2026-08-16T09:04:43.174+0000] {logging_mixin.py:190} INFO - here....
[2026-08-16T09:04:43.178+0000] {data_modification.py:69} INFO - Updated row with Video_ID: 3kLouMWROSg
[2026-08-16T09:04:43.180+0000] {logging_mixin.py:190} INFO - here....
[2026-08-16T09:04:43.184+0000] {data_modification.py:69} INFO - Updated row with Video_ID: 6IRTqXfKSfc
[2026-08-16T09:04:43.185+0000] {logging_mixin.py:190} INFO - here....
[2026-08-16T09:04:43.189+0000] {data_modification.py:69} INFO - Updated row with Video_ID: Zw_1fYAuwE8
[2026-08-16T09:04:43.191+0000] {logging_mixin.py:190} INFO - here....
[2026-08-16T09:04:43.194+0000] {data_modification.py:69} INFO - Updated row with Video_ID: p4z2JTtTIqQ
[2026-08-16T09:04:43.196+0000] {logging_mixin.py:190} INFO - here....
[2026-08-16T09:04:43.199+0000] {data_modification.py:69} INFO - Updated row with Video_ID: 2jUNkslI9gE
[2026-08-16T09:04:43.201+0000] {logging_mixin.py:190} INFO - here....
[2026-08-16T09:04:43.205+0000] {data_modification.py:69} INFO - Updated row with Video_ID: 0jZ7GpjnlGE
[2026-08-16T09:04:43.206+0000] {logging_mixin.py:190} INFO - here....
[2026-08-16T09:04:43.210+0000] {data_modification.py:69} INFO - Updated row with Video_ID: r33vEVmjmTk
[2026-08-16T09:04:43.212+0000] {logging_mixin.py:190} INFO - here....
[2026-08-16T09:04:43.215+0000] {data_modification.py:69} INFO - Updated row with Video_ID: sWXrQhVogsA
[2026-08-16T09:04:43.216+0000] {logging_mixin.py:190} INFO - here....
[2026-08-16T09:04:43.220+0000] {data_modification.py:69} INFO - Updated row with Video_ID: z2zoHLDuFfI
[2026-08-16T09:04:43.221+0000] {logging_mixin.py:190} INFO - here....
[2026-08-16T09:04:43.225+0000] {data_modification.py:69} INFO - Updated row with Video_ID: ZU_Ilxn-qEI
[2026-08-16T09:04:43.226+0000] {logging_mixin.py:190} INFO - here....
[2026-08-16T09:04:43.229+0000] {data_modification.py:69} INFO - Updated row with Video_ID: h7V-cfkihNU
[2026-08-16T09:04:43.231+0000] {logging_mixin.py:190} INFO - here....
[2026-08-16T09:04:43.234+0000] {data_modification.py:69} INFO - Updated row with Video_ID: y39gxQS_TsM
[2026-08-16T09:04:43.236+0000] {logging_mixin.py:190} INFO - here....
[2026-08-16T09:04:43.239+0000] {data_modification.py:69} INFO - Updated row with Video_ID: kr5CthExmB0
[2026-08-16T09:04:43.241+0000] {logging_mixin.py:190} INFO - here....
[2026-08-16T09:04:43.244+0000] {data_modification.py:69} INFO - Updated row with Video_ID: F2yu8GeeIAw
[2026-08-16T09:04:43.246+0000] {logging_mixin.py:190} INFO - here....
[2026-08-16T09:04:43.249+0000] {data_modification.py:69} INFO - Updated row with Video_ID: FweUFTz7LYk
[2026-08-16T09:04:43.251+0000] {logging_mixin.py:190} INFO - here....
[2026-08-16T09:04:43.254+0000] {data_modification.py:69} INFO - Updated row with Video_ID: zMXn5_nbGJs
[2026-08-16T09:04:43.256+0000] {logging_mixin.py:190} INFO - here....
[2026-08-16T09:04:43.259+0000] {data_modification.py:69} INFO - Updated row with Video_ID: 2MKsmr76zLs
[2026-08-16T09:04:43.261+0000] {logging_mixin.py:190} INFO - here....
[2026-08-16T09:04:43.265+0000] {data_modification.py:69} INFO - Updated row with Video_ID: pZNNGgCDKI8
[2026-08-16T09:04:43.266+0000] {logging_mixin.py:190} INFO - here....
[2026-08-16T09:04:43.270+0000] {data_modification.py:69} INFO - Updated row with Video_ID: gZk6Ur8U3do
[2026-08-16T09:04:43.271+0000] {logging_mixin.py:190} INFO - here....
[2026-08-16T09:04:43.275+0000] {data_modification.py:69} INFO - Updated row with Video_ID: X1hgEZKw5ek
[2026-08-16T09:04:43.276+0000] {logging_mixin.py:190} INFO - here....
[2026-08-16T09:04:43.280+0000] {data_modification.py:69} INFO - Updated row with Video_ID: MLni5qW8kn4
[2026-08-16T09:04:43.282+0000] {logging_mixin.py:190} INFO - here....
[2026-08-16T09:04:43.285+0000] {data_modification.py:69} INFO - Updated row with Video_ID: aUKY3z0CSSo
[2026-08-16T09:04:43.287+0000] {logging_mixin.py:190} INFO - here....
[2026-08-16T09:04:43.290+0000] {data_modification.py:69} INFO - Updated row with Video_ID: ppWYc-RWLG8
[2026-08-16T09:04:43.292+0000] {logging_mixin.py:190} INFO - here....
[2026-08-16T09:04:43.295+0000] {data_modification.py:69} INFO - Updated row with Video_ID: DKmCx3LGVqc
[2026-08-16T09:04:43.297+0000] {logging_mixin.py:190} INFO - here....
[2026-08-16T09:04:43.301+0000] {data_modification.py:69} INFO - Updated row with Video_ID: 8AUd8lmbOAQ
[2026-08-16T09:04:43.302+0000] {logging_mixin.py:190} INFO - here....
[2026-08-16T09:04:43.307+0000] {data_modification.py:69} INFO - Updated row with Video_ID: eGgd-0nv49A
[2026-08-16T09:04:43.309+0000] {logging_mixin.py:190} INFO - here....
[2026-08-16T09:04:43.312+0000] {data_modification.py:69} INFO - Updated row with Video_ID: 46NbyTDD2OI
[2026-08-16T09:04:43.314+0000] {logging_mixin.py:190} INFO - here....
[2026-08-16T09:04:43.318+0000] {data_modification.py:69} INFO - Updated row with Video_ID: gIY_2da2VzA
[2026-08-16T09:04:43.319+0000] {logging_mixin.py:190} INFO - here....
[2026-08-16T09:04:43.323+0000] {data_modification.py:69} INFO - Updated row with Video_ID: WoR2NGxojnE
[2026-08-16T09:04:43.324+0000] {logging_mixin.py:190} INFO - here....
[2026-08-16T09:04:43.328+0000] {data_modification.py:69} INFO - Updated row with Video_ID: 4xg2FOscsVE
[2026-08-16T09:04:43.329+0000] {logging_mixin.py:190} INFO - here....
[2026-08-16T09:04:43.332+0000] {data_modification.py:69} INFO - Updated row with Video_ID: AFzQKSXxG-o
[2026-08-16T09:04:43.334+0000] {logging_mixin.py:190} INFO - here....
[2026-08-16T09:04:43.337+0000] {data_modification.py:69} INFO - Updated row with Video_ID: 38rQkVCn75M
[2026-08-16T09:04:43.339+0000] {logging_mixin.py:190} INFO - here....
[2026-08-16T09:04:43.343+0000] {data_modification.py:69} INFO - Updated row with Video_ID: THGefY77N8I
[2026-08-16T09:04:43.345+0000] {logging_mixin.py:190} INFO - here....
[2026-08-16T09:04:43.349+0000] {data_modification.py:69} INFO - Updated row with Video_ID: jkBXlbe9pbc
[2026-08-16T09:04:43.351+0000] {logging_mixin.py:190} INFO - here....
[2026-08-16T09:04:43.354+0000] {data_modification.py:69} INFO - Updated row with Video_ID: MuBT7Nccyao
[2026-08-16T09:04:43.356+0000] {logging_mixin.py:190} INFO - here....
[2026-08-16T09:04:43.360+0000] {data_modification.py:69} INFO - Updated row with Video_ID: Hei6CIowr3Y
[2026-08-16T09:04:43.361+0000] {logging_mixin.py:190} INFO - here....
[2026-08-16T09:04:43.365+0000] {data_modification.py:69} INFO - Updated row with Video_ID: dCaL4Afb7_4
[2026-08-16T09:04:43.367+0000] {logging_mixin.py:190} INFO - here....
[2026-08-16T09:04:43.370+0000] {data_modification.py:69} INFO - Updated row with Video_ID: Q4TWkjKfXv8
[2026-08-16T09:04:43.372+0000] {logging_mixin.py:190} INFO - here....
[2026-08-16T09:04:43.376+0000] {data_modification.py:69} INFO - Updated row with Video_ID: T6Ctk5OCYTQ
[2026-08-16T09:04:43.377+0000] {logging_mixin.py:190} INFO - here....
[2026-08-16T09:04:43.381+0000] {data_modification.py:69} INFO - Updated row with Video_ID: _PWMaW71od4
[2026-08-16T09:04:43.383+0000] {logging_mixin.py:190} INFO - here....
[2026-08-16T09:04:43.387+0000] {data_modification.py:69} INFO - Updated row with Video_ID: PJnrwzmRGXs
[2026-08-16T09:04:43.389+0000] {logging_mixin.py:190} INFO - here....
[2026-08-16T09:04:43.392+0000] {data_modification.py:69} INFO - Updated row with Video_ID: ygIbo23Lijs
[2026-08-16T09:04:43.394+0000] {logging_mixin.py:190} INFO - here....
[2026-08-16T09:04:43.398+0000] {data_modification.py:69} INFO - Updated row with Video_ID: -XsznJ-w1do
[2026-08-16T09:04:43.400+0000] {logging_mixin.py:190} INFO - here....
[2026-08-16T09:04:43.403+0000] {data_modification.py:69} INFO - Updated row with Video_ID: 4F1azWFXyaU
[2026-08-16T09:04:43.405+0000] {logging_mixin.py:190} INFO - here....
[2026-08-16T09:04:43.408+0000] {data_modification.py:69} INFO - Updated row with Video_ID: OTcfAG7cPF4
[2026-08-16T09:04:43.410+0000] {logging_mixin.py:190} INFO - here....
[2026-08-16T09:04:43.413+0000] {data_modification.py:69} INFO - Updated row with Video_ID: KsM-ZIeFVAw
[2026-08-16T09:04:43.415+0000] {logging_mixin.py:190} INFO - here....
[2026-08-16T09:04:43.418+0000] {data_modification.py:69} INFO - Updated row with Video_ID: nfdkEKNadEE
[2026-08-16T09:04:43.420+0000] {logging_mixin.py:190} INFO - here....
[2026-08-16T09:04:43.424+0000] {data_modification.py:69} INFO - Updated row with Video_ID: gwNXIT4DhYg
[2026-08-16T09:04:43.426+0000] {logging_mixin.py:190} INFO - here....
[2026-08-16T09:04:43.429+0000] {data_modification.py:69} INFO - Updated row with Video_ID: FdWqEvpmiDg
[2026-08-16T09:04:43.431+0000] {logging_mixin.py:190} INFO - here....
[2026-08-16T09:04:43.434+0000] {data_modification.py:69} INFO - Updated row with Video_ID: 5hi4X6uULbg
[2026-08-16T09:04:43.436+0000] {logging_mixin.py:190} INFO - here....
[2026-08-16T09:04:43.439+0000] {data_modification.py:69} INFO - Updated row with Video_ID: 61e-USQyGeY
[2026-08-16T09:04:43.441+0000] {logging_mixin.py:190} INFO - here....
[2026-08-16T09:04:43.446+0000] {data_modification.py:69} INFO - Updated row with Video_ID: kcXtCoW6CwU
[2026-08-16T09:04:43.448+0000] {logging_mixin.py:190} INFO - here....
[2026-08-16T09:04:43.451+0000] {data_modification.py:69} INFO - Updated row with Video_ID: Q_s0jc1lxfI
[2026-08-16T09:04:43.453+0000] {logging_mixin.py:190} INFO - here....
[2026-08-16T09:04:43.457+0000] {data_modification.py:69} INFO - Updated row with Video_ID: mbgn72lIYLo
[2026-08-16T09:04:43.459+0000] {logging_mixin.py:190} INFO - here....
[2026-08-16T09:04:43.462+0000] {data_modification.py:69} INFO - Updated row with Video_ID: kREl-WnfAw4
[2026-08-16T09:04:43.464+0000] {logging_mixin.py:190} INFO - here....
[2026-08-16T09:04:43.467+0000] {data_modification.py:69} INFO - Updated row with Video_ID: 6gU7j1Mehgo
[2026-08-16T09:04:43.469+0000] {logging_mixin.py:190} INFO - here....
[2026-08-16T09:04:43.472+0000] {data_modification.py:69} INFO - Updated row with Video_ID: vBqy_e1h83Q
[2026-08-16T09:04:43.474+0000] {logging_mixin.py:190} INFO - here....
[2026-08-16T09:04:43.477+0000] {data_modification.py:69} INFO - Updated row with Video_ID: w-kHX-YZ9wg
[2026-08-16T09:04:43.479+0000] {logging_mixin.py:190} INFO - here....
[2026-08-16T09:04:43.482+0000] {data_modification.py:69} INFO - Updated row with Video_ID: G0Iibyfxwis
[2026-08-16T09:04:43.483+0000] {logging_mixin.py:190} INFO - here....
[2026-08-16T09:04:43.487+0000] {data_modification.py:69} INFO - Updated row with Video_ID: 4N4X43yZGrE
[2026-08-16T09:04:43.488+0000] {logging_mixin.py:190} INFO - here....
[2026-08-16T09:04:43.494+0000] {data_modification.py:69} INFO - Updated row with Video_ID: 0WjYJGwWCX8
[2026-08-16T09:04:43.496+0000] {logging_mixin.py:190} INFO - here....
[2026-08-16T09:04:43.500+0000] {data_modification.py:69} INFO - Updated row with Video_ID: _WMumo_XbNU
[2026-08-16T09:04:43.501+0000] {logging_mixin.py:190} INFO - here....
[2026-08-16T09:04:43.505+0000] {data_modification.py:69} INFO - Updated row with Video_ID: HAXQdV1GTA4
[2026-08-16T09:04:43.507+0000] {logging_mixin.py:190} INFO - here....
[2026-08-16T09:04:43.511+0000] {data_modification.py:69} INFO - Updated row with Video_ID: JiuEVw45_Ac
[2026-08-16T09:04:43.513+0000] {logging_mixin.py:190} INFO - here....
[2026-08-16T09:04:43.517+0000] {data_modification.py:69} INFO - Updated row with Video_ID: T0T6YroBPE0
[2026-08-16T09:04:43.519+0000] {logging_mixin.py:190} INFO - here....
[2026-08-16T09:04:43.523+0000] {data_modification.py:69} INFO - Updated row with Video_ID: -4lvgpX28CY
[2026-08-16T09:04:43.524+0000] {logging_mixin.py:190} INFO - here....
[2026-08-16T09:04:43.528+0000] {data_modification.py:69} INFO - Updated row with Video_ID: vLU3aTFPalk
[2026-08-16T09:04:43.529+0000] {logging_mixin.py:190} INFO - here....
[2026-08-16T09:04:43.533+0000] {data_modification.py:69} INFO - Updated row with Video_ID: QXlcH4QCbGk
[2026-08-16T09:04:43.535+0000] {logging_mixin.py:190} INFO - here....
[2026-08-16T09:04:43.538+0000] {data_modification.py:69} INFO - Updated row with Video_ID: D8GQ0Dzzlr4
[2026-08-16T09:04:43.540+0000] {logging_mixin.py:190} INFO - here....
[2026-08-16T09:04:43.544+0000] {data_modification.py:69} INFO - Updated row with Video_ID: 2ZNzIdjljVM
[2026-08-16T09:04:43.546+0000] {logging_mixin.py:190} INFO - here....
[2026-08-16T09:04:43.549+0000] {data_modification.py:69} INFO - Updated row with Video_ID: xD63TqCq-1M
[2026-08-16T09:04:43.551+0000] {logging_mixin.py:190} INFO - here....
[2026-08-16T09:04:43.555+0000] {data_modification.py:69} INFO - Updated row with Video_ID: eMRfRCcNtY4
[2026-08-16T09:04:43.556+0000] {logging_mixin.py:190} INFO - here....
[2026-08-16T09:04:43.560+0000] {data_modification.py:69} INFO - Updated row with Video_ID: aN8IB3VkKH8
[2026-08-16T09:04:43.562+0000] {logging_mixin.py:190} INFO - here....
[2026-08-16T09:04:43.566+0000] {data_modification.py:69} INFO - Updated row with Video_ID: ItCQjfeR7bE
[2026-08-16T09:04:43.567+0000] {logging_mixin.py:190} INFO - here....
[2026-08-16T09:04:43.571+0000] {data_modification.py:69} INFO - Updated row with Video_ID: GEkA8Eeqeuc
[2026-08-16T09:04:43.573+0000] {logging_mixin.py:190} INFO - here....
[2026-08-16T09:04:43.577+0000] {data_modification.py:69} INFO - Updated row with Video_ID: pjnu2KTBYCU
[2026-08-16T09:04:43.579+0000] {logging_mixin.py:190} INFO - here....
[2026-08-16T09:04:43.582+0000] {data_modification.py:69} INFO - Updated row with Video_ID: Z2u_N06mhTM
[2026-08-16T09:04:43.584+0000] {logging_mixin.py:190} INFO - here....
[2026-08-16T09:04:43.588+0000] {data_modification.py:69} INFO - Updated row with Video_ID: q4--eli2vBk
[2026-08-16T09:04:43.589+0000] {logging_mixin.py:190} INFO - here....
[2026-08-16T09:04:43.593+0000] {data_modification.py:69} INFO - Updated row with Video_ID: VAa_x7-3Cp4
[2026-08-16T09:04:43.595+0000] {logging_mixin.py:190} INFO - here....
[2026-08-16T09:04:43.598+0000] {data_modification.py:69} INFO - Updated row with Video_ID: RPnllDiXryM
[2026-08-16T09:04:43.600+0000] {logging_mixin.py:190} INFO - here....
[2026-08-16T09:04:43.604+0000] {data_modification.py:69} INFO - Updated row with Video_ID: z3RjpYAmsss
[2026-08-16T09:04:43.605+0000] {logging_mixin.py:190} INFO - here....
[2026-08-16T09:04:43.609+0000] {data_modification.py:69} INFO - Updated row with Video_ID: a68ke61TQUk
[2026-08-16T09:04:43.611+0000] {logging_mixin.py:190} INFO - here....
[2026-08-16T09:04:43.615+0000] {data_modification.py:69} INFO - Updated row with Video_ID: 9HayplMrh8s
[2026-08-16T09:04:43.617+0000] {logging_mixin.py:190} INFO - here....
[2026-08-16T09:04:43.621+0000] {data_modification.py:69} INFO - Updated row with Video_ID: 3bzsPuq_rBE
[2026-08-16T09:04:43.622+0000] {logging_mixin.py:190} INFO - here....
[2026-08-16T09:04:43.626+0000] {data_modification.py:69} INFO - Updated row with Video_ID: yP-fJMqWYCI
[2026-08-16T09:04:43.628+0000] {logging_mixin.py:190} INFO - here....
[2026-08-16T09:04:43.632+0000] {data_modification.py:69} INFO - Updated row with Video_ID: B24Eib3kag8
[2026-08-16T09:04:43.634+0000] {logging_mixin.py:190} INFO - here....
[2026-08-16T09:04:43.638+0000] {data_modification.py:69} INFO - Updated row with Video_ID: 2HEbyupSdgo
[2026-08-16T09:04:43.640+0000] {logging_mixin.py:190} INFO - here....
[2026-08-16T09:04:43.644+0000] {data_modification.py:69} INFO - Updated row with Video_ID: Kzto8yKmRn4
[2026-08-16T09:04:43.646+0000] {logging_mixin.py:190} INFO - here....
[2026-08-16T09:04:43.650+0000] {data_modification.py:69} INFO - Updated row with Video_ID: 7NnInGdCXIY
[2026-08-16T09:04:43.652+0000] {logging_mixin.py:190} INFO - here....
[2026-08-16T09:04:43.656+0000] {data_modification.py:69} INFO - Updated row with Video_ID: y43t9zahJRo
[2026-08-16T09:04:43.659+0000] {logging_mixin.py:190} INFO - here....
[2026-08-16T09:04:43.663+0000] {data_modification.py:69} INFO - Updated row with Video_ID: 8MtboUDeBSc
[2026-08-16T09:04:43.664+0000] {logging_mixin.py:190} INFO - here....
[2026-08-16T09:04:43.668+0000] {data_modification.py:69} INFO - Updated row with Video_ID: dR361ulqYSM
[2026-08-16T09:04:43.670+0000] {logging_mixin.py:190} INFO - here....
[2026-08-16T09:04:43.673+0000] {data_modification.py:69} INFO - Updated row with Video_ID: DJLH3lBnqqo
[2026-08-16T09:04:43.675+0000] {logging_mixin.py:190} INFO - here....
[2026-08-16T09:04:43.679+0000] {data_modification.py:69} INFO - Updated row with Video_ID: Ie85Ngf6Qts
[2026-08-16T09:04:43.681+0000] {logging_mixin.py:190} INFO - here....
[2026-08-16T09:04:43.684+0000] {data_modification.py:69} INFO - Updated row with Video_ID: uGUJUeWEPpo
[2026-08-16T09:04:43.686+0000] {logging_mixin.py:190} INFO - here....
[2026-08-16T09:04:43.689+0000] {data_modification.py:69} INFO - Updated row with Video_ID: 8MAOSB9sKqA
[2026-08-16T09:04:43.691+0000] {logging_mixin.py:190} INFO - here....
[2026-08-16T09:04:43.694+0000] {data_modification.py:69} INFO - Updated row with Video_ID: JxcRlHzFbaw
[2026-08-16T09:04:43.696+0000] {logging_mixin.py:190} INFO - here....
[2026-08-16T09:04:43.700+0000] {data_modification.py:69} INFO - Updated row with Video_ID: EeXOBZDwGMY
[2026-08-16T09:04:43.701+0000] {logging_mixin.py:190} INFO - here....
[2026-08-16T09:04:43.704+0000] {data_modification.py:69} INFO - Updated row with Video_ID: mcS4MdSUsC8
[2026-08-16T09:04:43.706+0000] {logging_mixin.py:190} INFO - here....
[2026-08-16T09:04:43.709+0000] {data_modification.py:69} INFO - Updated row with Video_ID: PIPU1Q_p2fo
[2026-08-16T09:04:43.711+0000] {logging_mixin.py:190} INFO - here....
[2026-08-16T09:04:43.715+0000] {data_modification.py:69} INFO - Updated row with Video_ID: sN4mfM8C1fg
[2026-08-16T09:04:43.717+0000] {logging_mixin.py:190} INFO - here....
[2026-08-16T09:04:43.721+0000] {data_modification.py:69} INFO - Updated row with Video_ID: kgLcrYpSnIU
[2026-08-16T09:04:43.722+0000] {logging_mixin.py:190} INFO - here....
[2026-08-16T09:04:43.726+0000] {data_modification.py:69} INFO - Updated row with Video_ID: JPqWTvxQFls
[2026-08-16T09:04:43.728+0000] {logging_mixin.py:190} INFO - here....
[2026-08-16T09:04:43.731+0000] {data_modification.py:69} INFO - Updated row with Video_ID: S6h0DHyy2y0
[2026-08-16T09:04:43.733+0000] {logging_mixin.py:190} INFO - here....
[2026-08-16T09:04:43.737+0000] {data_modification.py:69} INFO - Updated row with Video_ID: cJeeq30GX7w
[2026-08-16T09:04:43.738+0000] {logging_mixin.py:190} INFO - here....
[2026-08-16T09:04:43.742+0000] {data_modification.py:69} INFO - Updated row with Video_ID: biB111TfDI4
[2026-08-16T09:04:43.744+0000] {logging_mixin.py:190} INFO - here....
[2026-08-16T09:04:43.748+0000] {data_modification.py:69} INFO - Updated row with Video_ID: BiBPu2SIFtg
[2026-08-16T09:04:43.750+0000] {logging_mixin.py:190} INFO - here....
[2026-08-16T09:04:43.753+0000] {data_modification.py:69} INFO - Updated row with Video_ID: VFKQb8b7H3k
[2026-08-16T09:04:43.755+0000] {logging_mixin.py:190} INFO - here....
[2026-08-16T09:04:43.758+0000] {data_modification.py:69} INFO - Updated row with Video_ID: PuhuMyd0P1M
[2026-08-16T09:04:43.760+0000] {logging_mixin.py:190} INFO - here....
[2026-08-16T09:04:43.763+0000] {data_modification.py:69} INFO - Updated row with Video_ID: SQk4_p0j71c
[2026-08-16T09:04:43.764+0000] {logging_mixin.py:190} INFO - here....
[2026-08-16T09:04:43.768+0000] {data_modification.py:69} INFO - Updated row with Video_ID: eBwg3FS1ASA
[2026-08-16T09:04:43.769+0000] {logging_mixin.py:190} INFO - here....
[2026-08-16T09:04:43.772+0000] {data_modification.py:69} INFO - Updated row with Video_ID: 4IiDP7GKdtc
[2026-08-16T09:04:43.774+0000] {logging_mixin.py:190} INFO - here....
[2026-08-16T09:04:43.777+0000] {data_modification.py:69} INFO - Updated row with Video_ID: iYRxmW84RQg
[2026-08-16T09:04:43.779+0000] {logging_mixin.py:190} INFO - here....
[2026-08-16T09:04:43.782+0000] {data_modification.py:69} INFO - Updated row with Video_ID: vzXOSxNTmoI
[2026-08-16T09:04:43.783+0000] {logging_mixin.py:190} INFO - here....
[2026-08-16T09:04:43.787+0000] {data_modification.py:69} INFO - Updated row with Video_ID: 0daiK7nyr3Y
[2026-08-16T09:04:43.788+0000] {logging_mixin.py:190} INFO - here....
[2026-08-16T09:04:43.791+0000] {data_modification.py:69} INFO - Updated row with Video_ID: Ez2Yq1BJXBQ
[2026-08-16T09:04:43.793+0000] {logging_mixin.py:190} INFO - here....
[2026-08-16T09:04:43.796+0000] {data_modification.py:69} INFO - Updated row with Video_ID: WG7wihryVbE
[2026-08-16T09:04:43.798+0000] {logging_mixin.py:190} INFO - here....
[2026-08-16T09:04:43.801+0000] {data_modification.py:69} INFO - Updated row with Video_ID: RqH0px3NIOw
[2026-08-16T09:04:43.802+0000] {logging_mixin.py:190} INFO - here....
[2026-08-16T09:04:43.806+0000] {data_modification.py:69} INFO - Updated row with Video_ID: JTliDkQYKwI
[2026-08-16T09:04:43.807+0000] {logging_mixin.py:190} INFO - here....
[2026-08-16T09:04:43.811+0000] {data_modification.py:69} INFO - Updated row with Video_ID: eeHX_QmPDho
[2026-08-16T09:04:43.812+0000] {logging_mixin.py:190} INFO - here....
[2026-08-16T09:04:43.816+0000] {data_modification.py:69} INFO - Updated row with Video_ID: suiFG_qSOdY
[2026-08-16T09:04:43.818+0000] {logging_mixin.py:190} INFO - here....
[2026-08-16T09:04:43.822+0000] {data_modification.py:69} INFO - Updated row with Video_ID: Qz_lJh57l80
[2026-08-16T09:04:43.823+0000] {logging_mixin.py:190} INFO - here....
[2026-08-16T09:04:43.827+0000] {data_modification.py:69} INFO - Updated row with Video_ID: DrxcDiXD1_U
[2026-08-16T09:04:43.829+0000] {logging_mixin.py:190} INFO - here....
[2026-08-16T09:04:43.832+0000] {data_modification.py:69} INFO - Updated row with Video_ID: LtISh21t6Kg
[2026-08-16T09:04:43.834+0000] {logging_mixin.py:190} INFO - here....
[2026-08-16T09:04:43.837+0000] {data_modification.py:69} INFO - Updated row with Video_ID: J9C1LgSJeLo
[2026-08-16T09:04:43.839+0000] {logging_mixin.py:190} INFO - here....
[2026-08-16T09:04:43.842+0000] {data_modification.py:69} INFO - Updated row with Video_ID: Sm8vGzQFpzA
[2026-08-16T09:04:43.844+0000] {logging_mixin.py:190} INFO - here....
[2026-08-16T09:04:43.847+0000] {data_modification.py:69} INFO - Updated row with Video_ID: 5jlAFt84v7o
[2026-08-16T09:04:43.849+0000] {logging_mixin.py:190} INFO - here....
[2026-08-16T09:04:43.852+0000] {data_modification.py:69} INFO - Updated row with Video_ID: _fjGrnKm1EA
[2026-08-16T09:04:43.853+0000] {logging_mixin.py:190} INFO - here....
[2026-08-16T09:04:43.857+0000] {data_modification.py:69} INFO - Updated row with Video_ID: YoK-sJPz2rI
[2026-08-16T09:04:43.858+0000] {logging_mixin.py:190} INFO - here....
[2026-08-16T09:04:43.861+0000] {data_modification.py:69} INFO - Updated row with Video_ID: YcGXViwXItM
[2026-08-16T09:04:43.863+0000] {logging_mixin.py:190} INFO - here....
[2026-08-16T09:04:43.866+0000] {data_modification.py:69} INFO - Updated row with Video_ID: q-hvHek0kp4
[2026-08-16T09:04:43.868+0000] {logging_mixin.py:190} INFO - here....
[2026-08-16T09:04:43.871+0000] {data_modification.py:69} INFO - Updated row with Video_ID: D7a1cpDmC5w
[2026-08-16T09:04:43.872+0000] {logging_mixin.py:190} INFO - here....
[2026-08-16T09:04:43.876+0000] {data_modification.py:69} INFO - Updated row with Video_ID: iQmDwj3vL7g
[2026-08-16T09:04:43.878+0000] {logging_mixin.py:190} INFO - here....
[2026-08-16T09:04:43.881+0000] {data_modification.py:69} INFO - Updated row with Video_ID: ctxZgsPfpo0
[2026-08-16T09:04:43.882+0000] {logging_mixin.py:190} INFO - here....
[2026-08-16T09:04:43.886+0000] {data_modification.py:69} INFO - Updated row with Video_ID: 7AgxgbTc4K0
[2026-08-16T09:04:43.887+0000] {logging_mixin.py:190} INFO - here....
[2026-08-16T09:04:43.890+0000] {data_modification.py:69} INFO - Updated row with Video_ID: 1PPbbbkz7lU
[2026-08-16T09:04:43.892+0000] {logging_mixin.py:190} INFO - here....
[2026-08-16T09:04:43.896+0000] {data_modification.py:69} INFO - Updated row with Video_ID: ybW2-c0D2PU
[2026-08-16T09:04:43.897+0000] {logging_mixin.py:190} INFO - here....
[2026-08-16T09:04:43.901+0000] {data_modification.py:69} INFO - Updated row with Video_ID: 3BgIqFB09Ec
[2026-08-16T09:04:43.902+0000] {logging_mixin.py:190} INFO - here....
[2026-08-16T09:04:43.906+0000] {data_modification.py:69} INFO - Updated row with Video_ID: Qv4BdSIWHUY
[2026-08-16T09:04:43.907+0000] {logging_mixin.py:190} INFO - here....
[2026-08-16T09:04:43.911+0000] {data_modification.py:69} INFO - Updated row with Video_ID: lx2crBcZvf4
[2026-08-16T09:04:43.912+0000] {logging_mixin.py:190} INFO - here....
[2026-08-16T09:04:43.916+0000] {data_modification.py:69} INFO - Updated row with Video_ID: wfRBGFmsMdw
[2026-08-16T09:04:43.917+0000] {logging_mixin.py:190} INFO - here....
[2026-08-16T09:04:43.921+0000] {data_modification.py:69} INFO - Updated row with Video_ID: 6H5SYyRkZkg
[2026-08-16T09:04:43.922+0000] {logging_mixin.py:190} INFO - here....
[2026-08-16T09:04:43.925+0000] {data_modification.py:69} INFO - Updated row with Video_ID: f_7Ty2m7H8w
[2026-08-16T09:04:43.927+0000] {logging_mixin.py:190} INFO - here....
[2026-08-16T09:04:43.930+0000] {data_modification.py:69} INFO - Updated row with Video_ID: 0lKJaD_NYf4
[2026-08-16T09:04:43.932+0000] {logging_mixin.py:190} INFO - here....
[2026-08-16T09:04:43.935+0000] {data_modification.py:69} INFO - Updated row with Video_ID: YRkHKxwM7uk
[2026-08-16T09:04:43.937+0000] {logging_mixin.py:190} INFO - here....
[2026-08-16T09:04:43.940+0000] {data_modification.py:69} INFO - Updated row with Video_ID: 0zCFiKIx5x0
[2026-08-16T09:04:43.942+0000] {logging_mixin.py:190} INFO - here....
[2026-08-16T09:04:43.945+0000] {data_modification.py:69} INFO - Updated row with Video_ID: N6O8FkknwdM
[2026-08-16T09:04:43.947+0000] {logging_mixin.py:190} INFO - here....
[2026-08-16T09:04:43.950+0000] {data_modification.py:69} INFO - Updated row with Video_ID: cVU8tI0K7yw
[2026-08-16T09:04:43.952+0000] {logging_mixin.py:190} INFO - here....
[2026-08-16T09:04:43.955+0000] {data_modification.py:69} INFO - Updated row with Video_ID: ov9Kepoz0rs
[2026-08-16T09:04:43.957+0000] {logging_mixin.py:190} INFO - here....
[2026-08-16T09:04:43.960+0000] {data_modification.py:69} INFO - Updated row with Video_ID: emG_KnLGNDY
[2026-08-16T09:04:43.961+0000] {logging_mixin.py:190} INFO - here....
[2026-08-16T09:04:43.964+0000] {data_modification.py:69} INFO - Updated row with Video_ID: WIi5d_hQuCQ
[2026-08-16T09:04:43.966+0000] {logging_mixin.py:190} INFO - here....
[2026-08-16T09:04:43.969+0000] {data_modification.py:69} INFO - Updated row with Video_ID: _ddxEjBm__0
[2026-08-16T09:04:43.971+0000] {logging_mixin.py:190} INFO - here....
[2026-08-16T09:04:43.975+0000] {data_modification.py:69} INFO - Updated row with Video_ID: 8J-IqnbTQCY
[2026-08-16T09:04:43.976+0000] {logging_mixin.py:190} INFO - here....
[2026-08-16T09:04:43.979+0000] {data_modification.py:69} INFO - Updated row with Video_ID: oKvkxyVr7Jo
[2026-08-16T09:04:43.981+0000] {logging_mixin.py:190} INFO - here....
[2026-08-16T09:04:43.984+0000] {data_modification.py:69} INFO - Updated row with Video_ID: L7WEF-XjnSE
[2026-08-16T09:04:43.986+0000] {logging_mixin.py:190} INFO - here....
[2026-08-16T09:04:43.989+0000] {data_modification.py:69} INFO - Updated row with Video_ID: wWOx3RYi_0w
[2026-08-16T09:04:43.991+0000] {logging_mixin.py:190} INFO - here....
[2026-08-16T09:04:43.994+0000] {data_modification.py:69} INFO - Updated row with Video_ID: JOJHCRwABLc
[2026-08-16T09:04:43.996+0000] {logging_mixin.py:190} INFO - here....
[2026-08-16T09:04:43.999+0000] {data_modification.py:69} INFO - Updated row with Video_ID: x1xGbxNrDqE
[2026-08-16T09:04:44.001+0000] {logging_mixin.py:190} INFO - here....
[2026-08-16T09:04:44.005+0000] {data_modification.py:69} INFO - Updated row with Video_ID: K5EmoERq3XQ
[2026-08-16T09:04:44.007+0000] {logging_mixin.py:190} INFO - here....
[2026-08-16T09:04:44.010+0000] {data_modification.py:69} INFO - Updated row with Video_ID: FN4YIJ3PXwQ
[2026-08-16T09:04:44.012+0000] {logging_mixin.py:190} INFO - here....
[2026-08-16T09:04:44.015+0000] {data_modification.py:69} INFO - Updated row with Video_ID: 3YAvrHHyivQ
[2026-08-16T09:04:44.016+0000] {logging_mixin.py:190} INFO - here....
[2026-08-16T09:04:44.020+0000] {data_modification.py:69} INFO - Updated row with Video_ID: qMU6gZf6K6I
[2026-08-16T09:04:44.022+0000] {logging_mixin.py:190} INFO - here....
[2026-08-16T09:04:44.025+0000] {data_modification.py:69} INFO - Updated row with Video_ID: 19oYYYnYnJc
[2026-08-16T09:04:44.027+0000] {logging_mixin.py:190} INFO - here....
[2026-08-16T09:04:44.030+0000] {data_modification.py:69} INFO - Updated row with Video_ID: jKptpq7pTh0
[2026-08-16T09:04:44.032+0000] {logging_mixin.py:190} INFO - here....
[2026-08-16T09:04:44.035+0000] {data_modification.py:69} INFO - Updated row with Video_ID: Wuzc1BwmvgQ
[2026-08-16T09:04:44.037+0000] {logging_mixin.py:190} INFO - here....
[2026-08-16T09:04:44.040+0000] {data_modification.py:69} INFO - Updated row with Video_ID: KNgxG5wL_Yw
[2026-08-16T09:04:44.042+0000] {logging_mixin.py:190} INFO - here....
[2026-08-16T09:04:44.045+0000] {data_modification.py:69} INFO - Updated row with Video_ID: hTJUBvPiviM
[2026-08-16T09:04:44.047+0000] {logging_mixin.py:190} INFO - here....
[2026-08-16T09:04:44.050+0000] {data_modification.py:69} INFO - Updated row with Video_ID: mRwUmtqIVYE
[2026-08-16T09:04:44.052+0000] {logging_mixin.py:190} INFO - here....
[2026-08-16T09:04:44.055+0000] {data_modification.py:69} INFO - Updated row with Video_ID: zJYccJWvxWo
[2026-08-16T09:04:44.057+0000] {logging_mixin.py:190} INFO - here....
[2026-08-16T09:04:44.060+0000] {data_modification.py:69} INFO - Updated row with Video_ID: _klirwpR8DQ
[2026-08-16T09:04:44.062+0000] {logging_mixin.py:190} INFO - here....
[2026-08-16T09:04:44.065+0000] {data_modification.py:69} INFO - Updated row with Video_ID: OK4AgsFR4NE
[2026-08-16T09:04:44.067+0000] {logging_mixin.py:190} INFO - here....
[2026-08-16T09:04:44.071+0000] {data_modification.py:69} INFO - Updated row with Video_ID: F6dDtyXv8K8
[2026-08-16T09:04:44.074+0000] {logging_mixin.py:190} INFO - here....
[2026-08-16T09:04:44.078+0000] {data_modification.py:69} INFO - Updated row with Video_ID: D3To87TA4tE
[2026-08-16T09:04:44.080+0000] {logging_mixin.py:190} INFO - here....
[2026-08-16T09:04:44.085+0000] {data_modification.py:69} INFO - Updated row with Video_ID: esnscPfzDeo
[2026-08-16T09:04:44.087+0000] {logging_mixin.py:190} INFO - here....
[2026-08-16T09:04:44.091+0000] {data_modification.py:69} INFO - Updated row with Video_ID: 4kBGs3Ya7y8
[2026-08-16T09:04:44.093+0000] {logging_mixin.py:190} INFO - here....
[2026-08-16T09:04:44.097+0000] {data_modification.py:69} INFO - Updated row with Video_ID: URfOK9CPDzY
[2026-08-16T09:04:44.099+0000] {logging_mixin.py:190} INFO - here....
[2026-08-16T09:04:44.103+0000] {data_modification.py:69} INFO - Updated row with Video_ID: bc-TLLNXn7M
[2026-08-16T09:04:44.105+0000] {logging_mixin.py:190} INFO - here....
[2026-08-16T09:04:44.108+0000] {data_modification.py:69} INFO - Updated row with Video_ID: aA1vpcAJEug
[2026-08-16T09:04:44.110+0000] {logging_mixin.py:190} INFO - here....
[2026-08-16T09:04:44.113+0000] {data_modification.py:69} INFO - Updated row with Video_ID: 23p38JIhe0s
[2026-08-16T09:04:44.115+0000] {logging_mixin.py:190} INFO - here....
[2026-08-16T09:04:44.119+0000] {data_modification.py:69} INFO - Updated row with Video_ID: cBsHFf5VGOw
[2026-08-16T09:04:44.121+0000] {logging_mixin.py:190} INFO - here....
[2026-08-16T09:04:44.125+0000] {data_modification.py:69} INFO - Updated row with Video_ID: FSf9DU5vz9c
[2026-08-16T09:04:44.127+0000] {logging_mixin.py:190} INFO - here....
[2026-08-16T09:04:44.131+0000] {data_modification.py:69} INFO - Updated row with Video_ID: xDvLqGMM18k
[2026-08-16T09:04:44.133+0000] {logging_mixin.py:190} INFO - here....
[2026-08-16T09:04:44.136+0000] {data_modification.py:69} INFO - Updated row with Video_ID: Pyq87354XnA
[2026-08-16T09:04:44.138+0000] {logging_mixin.py:190} INFO - here....
[2026-08-16T09:04:44.142+0000] {data_modification.py:69} INFO - Updated row with Video_ID: mKtLclKoA24
[2026-08-16T09:04:44.144+0000] {logging_mixin.py:190} INFO - here....
[2026-08-16T09:04:44.148+0000] {data_modification.py:69} INFO - Updated row with Video_ID: UJMV8uzADDk
[2026-08-16T09:04:44.149+0000] {logging_mixin.py:190} INFO - here....
[2026-08-16T09:04:44.153+0000] {data_modification.py:69} INFO - Updated row with Video_ID: sHaJFMbgxu4
[2026-08-16T09:04:44.154+0000] {logging_mixin.py:190} INFO - here....
[2026-08-16T09:04:44.158+0000] {data_modification.py:69} INFO - Updated row with Video_ID: 96-MKTfzPeI
[2026-08-16T09:04:44.160+0000] {logging_mixin.py:190} INFO - here....
[2026-08-16T09:04:44.164+0000] {data_modification.py:69} INFO - Updated row with Video_ID: n3aLbjYrpXk
[2026-08-16T09:04:44.166+0000] {logging_mixin.py:190} INFO - here....
[2026-08-16T09:04:44.170+0000] {data_modification.py:69} INFO - Updated row with Video_ID: jWFHOY2Gcf4
[2026-08-16T09:04:44.172+0000] {logging_mixin.py:190} INFO - here....
[2026-08-16T09:04:44.175+0000] {data_modification.py:69} INFO - Updated row with Video_ID: TTMs7_YUUhs
[2026-08-16T09:04:44.177+0000] {logging_mixin.py:190} INFO - here....
[2026-08-16T09:04:44.181+0000] {data_modification.py:69} INFO - Updated row with Video_ID: A9kYEGFU49k
[2026-08-16T09:04:44.183+0000] {logging_mixin.py:190} INFO - here....
[2026-08-16T09:04:44.187+0000] {data_modification.py:69} INFO - Updated row with Video_ID: J0bhMLqOMcE
[2026-08-16T09:04:44.189+0000] {logging_mixin.py:190} INFO - here....
[2026-08-16T09:04:44.193+0000] {data_modification.py:69} INFO - Updated row with Video_ID: OTq8OhIY_C8
[2026-08-16T09:04:44.195+0000] {logging_mixin.py:190} INFO - here....
[2026-08-16T09:04:44.199+0000] {data_modification.py:69} INFO - Updated row with Video_ID: S4j8-10TXsU
[2026-08-16T09:04:44.201+0000] {logging_mixin.py:190} INFO - here....
[2026-08-16T09:04:44.205+0000] {data_modification.py:69} INFO - Updated row with Video_ID: x-efd-s6GVk
[2026-08-16T09:04:44.207+0000] {logging_mixin.py:190} INFO - here....
[2026-08-16T09:04:44.211+0000] {data_modification.py:69} INFO - Updated row with Video_ID: AuGfojDwT3Q
[2026-08-16T09:04:44.213+0000] {logging_mixin.py:190} INFO - here....
[2026-08-16T09:04:44.216+0000] {data_modification.py:69} INFO - Updated row with Video_ID: y8zYMjEoBwk
[2026-08-16T09:04:44.218+0000] {logging_mixin.py:190} INFO - here....
[2026-08-16T09:04:44.222+0000] {data_modification.py:69} INFO - Updated row with Video_ID: 7GqRVb3RFwE
[2026-08-16T09:04:44.224+0000] {logging_mixin.py:190} INFO - here....
[2026-08-16T09:04:44.227+0000] {data_modification.py:69} INFO - Updated row with Video_ID: R9C9Qu77bsw
[2026-08-16T09:04:44.229+0000] {logging_mixin.py:190} INFO - here....
[2026-08-16T09:04:44.233+0000] {data_modification.py:69} INFO - Updated row with Video_ID: iNZlRiOxvlg
[2026-08-16T09:04:44.235+0000] {logging_mixin.py:190} INFO - here....
[2026-08-16T09:04:44.238+0000] {data_modification.py:69} INFO - Updated row with Video_ID: AjNvnX93Deo
[2026-08-16T09:04:44.240+0000] {logging_mixin.py:190} INFO - here....
[2026-08-16T09:04:44.243+0000] {data_modification.py:69} INFO - Updated row with Video_ID: jK-9APd3JL0
[2026-08-16T09:04:44.245+0000] {logging_mixin.py:190} INFO - here....
[2026-08-16T09:04:44.249+0000] {data_modification.py:69} INFO - Updated row with Video_ID: ZQWLERvigQI
[2026-08-16T09:04:44.251+0000] {logging_mixin.py:190} INFO - here....
[2026-08-16T09:04:44.255+0000] {data_modification.py:69} INFO - Updated row with Video_ID: 3f7x5MicAMc
[2026-08-16T09:04:44.256+0000] {logging_mixin.py:190} INFO - here....
[2026-08-16T09:04:44.260+0000] {data_modification.py:69} INFO - Updated row with Video_ID: k3HIsDtvFWE
[2026-08-16T09:04:44.261+0000] {logging_mixin.py:190} INFO - here....
[2026-08-16T09:04:44.265+0000] {data_modification.py:69} INFO - Updated row with Video_ID: 6-A3CNc3Z98
[2026-08-16T09:04:44.267+0000] {logging_mixin.py:190} INFO - here....
[2026-08-16T09:04:44.271+0000] {data_modification.py:69} INFO - Updated row with Video_ID: su0CW24Ko4k
[2026-08-16T09:04:44.272+0000] {logging_mixin.py:190} INFO - here....
[2026-08-16T09:04:44.276+0000] {data_modification.py:69} INFO - Updated row with Video_ID: eA615UAqJFs
[2026-08-16T09:04:44.277+0000] {logging_mixin.py:190} INFO - here....
[2026-08-16T09:04:44.281+0000] {data_modification.py:69} INFO - Updated row with Video_ID: JABjvOCl4Mg
[2026-08-16T09:04:44.283+0000] {logging_mixin.py:190} INFO - here....
[2026-08-16T09:04:44.287+0000] {data_modification.py:69} INFO - Updated row with Video_ID: gzukPbYCJGU
[2026-08-16T09:04:44.288+0000] {logging_mixin.py:190} INFO - here....
[2026-08-16T09:04:44.292+0000] {data_modification.py:69} INFO - Updated row with Video_ID: yxr_HG-Chcw
[2026-08-16T09:04:44.294+0000] {logging_mixin.py:190} INFO - here....
[2026-08-16T09:04:44.298+0000] {data_modification.py:69} INFO - Updated row with Video_ID: J9k3kDwTYO0
[2026-08-16T09:04:44.300+0000] {logging_mixin.py:190} INFO - here....
[2026-08-16T09:04:44.304+0000] {data_modification.py:69} INFO - Updated row with Video_ID: APtVqB2M2d0
[2026-08-16T09:04:44.306+0000] {logging_mixin.py:190} INFO - here....
[2026-08-16T09:04:44.309+0000] {data_modification.py:69} INFO - Updated row with Video_ID: 4cE_VVfpYyI
[2026-08-16T09:04:44.311+0000] {logging_mixin.py:190} INFO - here....
[2026-08-16T09:04:44.315+0000] {data_modification.py:69} INFO - Updated row with Video_ID: awnWdQYYGkg
[2026-08-16T09:04:44.317+0000] {logging_mixin.py:190} INFO - here....
[2026-08-16T09:04:44.321+0000] {data_modification.py:69} INFO - Updated row with Video_ID: S6O_E9J_doU
[2026-08-16T09:04:44.323+0000] {logging_mixin.py:190} INFO - here....
[2026-08-16T09:04:44.327+0000] {data_modification.py:69} INFO - Updated row with Video_ID: gtxGVZPY2R8
[2026-08-16T09:04:44.328+0000] {logging_mixin.py:190} INFO - here....
[2026-08-16T09:04:44.332+0000] {data_modification.py:69} INFO - Updated row with Video_ID: UDGyNFZpcDs
[2026-08-16T09:04:44.335+0000] {logging_mixin.py:190} INFO - here....
[2026-08-16T09:04:44.339+0000] {data_modification.py:69} INFO - Updated row with Video_ID: 7siiwizPzxU
[2026-08-16T09:04:44.341+0000] {logging_mixin.py:190} INFO - here....
[2026-08-16T09:04:44.345+0000] {data_modification.py:69} INFO - Updated row with Video_ID: hcvmq-hcDIE
[2026-08-16T09:04:44.347+0000] {logging_mixin.py:190} INFO - here....
[2026-08-16T09:04:44.350+0000] {data_modification.py:69} INFO - Updated row with Video_ID: r6VbzJmtx84
[2026-08-16T09:04:44.352+0000] {logging_mixin.py:190} INFO - here....
[2026-08-16T09:04:44.355+0000] {data_modification.py:69} INFO - Updated row with Video_ID: DlFqlrgzWQU
[2026-08-16T09:04:44.358+0000] {logging_mixin.py:190} INFO - here....
[2026-08-16T09:04:44.361+0000] {data_modification.py:69} INFO - Updated row with Video_ID: D6Euf9rWXjs
[2026-08-16T09:04:44.363+0000] {logging_mixin.py:190} INFO - here....
[2026-08-16T09:04:44.367+0000] {data_modification.py:69} INFO - Updated row with Video_ID: VdrlN6AXAro
[2026-08-16T09:04:44.369+0000] {logging_mixin.py:190} INFO - here....
[2026-08-16T09:04:44.372+0000] {data_modification.py:69} INFO - Updated row with Video_ID: dHI2RKLw2mA
[2026-08-16T09:04:44.374+0000] {logging_mixin.py:190} INFO - here....
[2026-08-16T09:04:44.377+0000] {data_modification.py:69} INFO - Updated row with Video_ID: UspvR3JaDlw
[2026-08-16T09:04:44.379+0000] {logging_mixin.py:190} INFO - here....
[2026-08-16T09:04:44.383+0000] {data_modification.py:69} INFO - Updated row with Video_ID: 5z9t8Hp_mHk
[2026-08-16T09:04:44.384+0000] {logging_mixin.py:190} INFO - here....
[2026-08-16T09:04:44.388+0000] {data_modification.py:69} INFO - Updated row with Video_ID: 9ijXFi_RowE
[2026-08-16T09:04:44.390+0000] {logging_mixin.py:190} INFO - here....
[2026-08-16T09:04:44.393+0000] {data_modification.py:69} INFO - Updated row with Video_ID: ef2O_ZhKp0A
[2026-08-16T09:04:44.395+0000] {logging_mixin.py:190} INFO - here....
[2026-08-16T09:04:44.399+0000] {data_modification.py:69} INFO - Updated row with Video_ID: SMEQZojl8H0
[2026-08-16T09:04:44.400+0000] {logging_mixin.py:190} INFO - here....
[2026-08-16T09:04:44.404+0000] {data_modification.py:69} INFO - Updated row with Video_ID: GpN_oCtTLj4
[2026-08-16T09:04:44.405+0000] {logging_mixin.py:190} INFO - here....
[2026-08-16T09:04:44.409+0000] {data_modification.py:69} INFO - Updated row with Video_ID: 9WUBV7o-b-Y
[2026-08-16T09:04:44.411+0000] {logging_mixin.py:190} INFO - here....
[2026-08-16T09:04:44.414+0000] {data_modification.py:69} INFO - Updated row with Video_ID: 1l-5kCivLdE
[2026-08-16T09:04:44.416+0000] {logging_mixin.py:190} INFO - here....
[2026-08-16T09:04:44.420+0000] {data_modification.py:69} INFO - Updated row with Video_ID: XkfJbowy934
[2026-08-16T09:04:44.422+0000] {logging_mixin.py:190} INFO - here....
[2026-08-16T09:04:44.425+0000] {data_modification.py:69} INFO - Updated row with Video_ID: I6ArjolrYDo
[2026-08-16T09:04:44.426+0000] {logging_mixin.py:190} INFO - here....
[2026-08-16T09:04:44.430+0000] {data_modification.py:69} INFO - Updated row with Video_ID: -izIQXq_xVE
[2026-08-16T09:04:44.432+0000] {logging_mixin.py:190} INFO - here....
[2026-08-16T09:04:44.435+0000] {data_modification.py:69} INFO - Updated row with Video_ID: teo54tfx4Vc
[2026-08-16T09:04:44.437+0000] {logging_mixin.py:190} INFO - here....
[2026-08-16T09:04:44.440+0000] {data_modification.py:69} INFO - Updated row with Video_ID: 1lQ4bfQqRRo
[2026-08-16T09:04:44.442+0000] {logging_mixin.py:190} INFO - here....
[2026-08-16T09:04:44.445+0000] {data_modification.py:69} INFO - Updated row with Video_ID: twodNJMspgU
[2026-08-16T09:04:44.447+0000] {logging_mixin.py:190} INFO - here....
[2026-08-16T09:04:44.451+0000] {data_modification.py:69} INFO - Updated row with Video_ID: 8OWHBZQlCT0
[2026-08-16T09:04:44.453+0000] {logging_mixin.py:190} INFO - here....
[2026-08-16T09:04:44.456+0000] {data_modification.py:69} INFO - Updated row with Video_ID: VXxa_KR1EnA
[2026-08-16T09:04:44.458+0000] {logging_mixin.py:190} INFO - here....
[2026-08-16T09:04:44.461+0000] {data_modification.py:69} INFO - Updated row with Video_ID: xfVjlZlEfLQ
[2026-08-16T09:04:44.463+0000] {logging_mixin.py:190} INFO - here....
[2026-08-16T09:04:44.466+0000] {data_modification.py:69} INFO - Updated row with Video_ID: F4X1wz6pw9Y
[2026-08-16T09:04:44.468+0000] {logging_mixin.py:190} INFO - here....
[2026-08-16T09:04:44.471+0000] {data_modification.py:69} INFO - Updated row with Video_ID: 9CHzBmOe6qM
[2026-08-16T09:04:44.473+0000] {logging_mixin.py:190} INFO - here....
[2026-08-16T09:04:44.476+0000] {data_modification.py:69} INFO - Updated row with Video_ID: 1rPRtcuPkes
[2026-08-16T09:04:44.478+0000] {logging_mixin.py:190} INFO - here....
[2026-08-16T09:04:44.482+0000] {data_modification.py:69} INFO - Updated row with Video_ID: BMK9RTPsFmg
[2026-08-16T09:04:44.484+0000] {logging_mixin.py:190} INFO - here....
[2026-08-16T09:04:44.487+0000] {data_modification.py:69} INFO - Updated row with Video_ID: _ITnCEHA5DI
[2026-08-16T09:04:44.489+0000] {logging_mixin.py:190} INFO - here....
[2026-08-16T09:04:44.493+0000] {data_modification.py:69} INFO - Updated row with Video_ID: 1-pojsb7DuI
[2026-08-16T09:04:44.494+0000] {logging_mixin.py:190} INFO - here....
[2026-08-16T09:04:44.498+0000] {data_modification.py:69} INFO - Updated row with Video_ID: kk1V5fJuFvI
[2026-08-16T09:04:44.499+0000] {logging_mixin.py:190} INFO - here....
[2026-08-16T09:04:44.503+0000] {data_modification.py:69} INFO - Updated row with Video_ID: Rv2lTAvl8Vg
[2026-08-16T09:04:44.505+0000] {logging_mixin.py:190} INFO - here....
[2026-08-16T09:04:44.508+0000] {data_modification.py:69} INFO - Updated row with Video_ID: 6LxfTrlXNJ4
[2026-08-16T09:04:44.510+0000] {logging_mixin.py:190} INFO - here....
[2026-08-16T09:04:44.513+0000] {data_modification.py:69} INFO - Updated row with Video_ID: MgFQpQAps0o
[2026-08-16T09:04:44.515+0000] {logging_mixin.py:190} INFO - here....
[2026-08-16T09:04:44.518+0000] {data_modification.py:69} INFO - Updated row with Video_ID: oCfdR4ImbXo
[2026-08-16T09:04:44.520+0000] {logging_mixin.py:190} INFO - here....
[2026-08-16T09:04:44.523+0000] {data_modification.py:69} INFO - Updated row with Video_ID: yEVLbPiN1xA
[2026-08-16T09:04:44.525+0000] {logging_mixin.py:190} INFO - here....
[2026-08-16T09:04:44.529+0000] {data_modification.py:69} INFO - Updated row with Video_ID: A3KI5iBJe_4
[2026-08-16T09:04:44.531+0000] {logging_mixin.py:190} INFO - here....
[2026-08-16T09:04:44.535+0000] {data_modification.py:69} INFO - Updated row with Video_ID: k2MO4x-qSPs
[2026-08-16T09:04:44.537+0000] {logging_mixin.py:190} INFO - here....
[2026-08-16T09:04:44.541+0000] {data_modification.py:69} INFO - Updated row with Video_ID: LpXluxcspXo
[2026-08-16T09:04:44.543+0000] {logging_mixin.py:190} INFO - here....
[2026-08-16T09:04:44.547+0000] {data_modification.py:69} INFO - Updated row with Video_ID: 8IkjqoAAunc
[2026-08-16T09:04:44.549+0000] {logging_mixin.py:190} INFO - here....
[2026-08-16T09:04:44.553+0000] {data_modification.py:69} INFO - Updated row with Video_ID: zUZ0YL7G5fw
[2026-08-16T09:04:44.555+0000] {logging_mixin.py:190} INFO - here....
[2026-08-16T09:04:44.559+0000] {data_modification.py:69} INFO - Updated row with Video_ID: E68lRUZVQVM
[2026-08-16T09:04:44.562+0000] {logging_mixin.py:190} INFO - here....
[2026-08-16T09:04:44.566+0000] {data_modification.py:69} INFO - Updated row with Video_ID: KrxNYQy7k_0
[2026-08-16T09:04:44.569+0000] {logging_mixin.py:190} INFO - here....
[2026-08-16T09:04:44.573+0000] {data_modification.py:69} INFO - Updated row with Video_ID: PtHAJfOblCQ
[2026-08-16T09:04:44.576+0000] {logging_mixin.py:190} INFO - here....
[2026-08-16T09:04:44.581+0000] {data_modification.py:69} INFO - Updated row with Video_ID: ejHSpMhtxa0
[2026-08-16T09:04:44.583+0000] {logging_mixin.py:190} INFO - here....
[2026-08-16T09:04:44.587+0000] {data_modification.py:69} INFO - Updated row with Video_ID: mKZXLtgogJI
[2026-08-16T09:04:44.590+0000] {logging_mixin.py:190} INFO - here....
[2026-08-16T09:04:44.594+0000] {data_modification.py:69} INFO - Updated row with Video_ID: KeXYpgMU_n0
[2026-08-16T09:04:44.596+0000] {logging_mixin.py:190} INFO - here....
[2026-08-16T09:04:44.600+0000] {data_modification.py:69} INFO - Updated row with Video_ID: LAybkaLrtD0
[2026-08-16T09:04:44.602+0000] {logging_mixin.py:190} INFO - here....
[2026-08-16T09:04:44.606+0000] {data_modification.py:69} INFO - Updated row with Video_ID: 8HNVZT_kOW0
[2026-08-16T09:04:44.608+0000] {logging_mixin.py:190} INFO - here....
[2026-08-16T09:04:44.612+0000] {data_modification.py:69} INFO - Updated row with Video_ID: QeY8Xxwsu4g
[2026-08-16T09:04:44.615+0000] {logging_mixin.py:190} INFO - here....
[2026-08-16T09:04:44.619+0000] {data_modification.py:69} INFO - Updated row with Video_ID: XK-vMrk2qXA
[2026-08-16T09:04:44.621+0000] {logging_mixin.py:190} INFO - here....
[2026-08-16T09:04:44.625+0000] {data_modification.py:69} INFO - Updated row with Video_ID: vXSq5gS5x6U
[2026-08-16T09:04:44.627+0000] {logging_mixin.py:190} INFO - here....
[2026-08-16T09:04:44.631+0000] {data_modification.py:69} INFO - Updated row with Video_ID: WY3EuFaQT40
[2026-08-16T09:04:44.632+0000] {logging_mixin.py:190} INFO - here....
[2026-08-16T09:04:44.636+0000] {data_modification.py:69} INFO - Updated row with Video_ID: vcxg5j3u7UQ
[2026-08-16T09:04:44.638+0000] {logging_mixin.py:190} INFO - here....
[2026-08-16T09:04:44.642+0000] {data_modification.py:69} INFO - Updated row with Video_ID: BELiyff0K7Y
[2026-08-16T09:04:44.644+0000] {logging_mixin.py:190} INFO - here....
[2026-08-16T09:04:44.648+0000] {data_modification.py:69} INFO - Updated row with Video_ID: -Jhn5bvzxDY
[2026-08-16T09:04:44.650+0000] {logging_mixin.py:190} INFO - here....
[2026-08-16T09:04:44.654+0000] {data_modification.py:69} INFO - Updated row with Video_ID: -H3VcLCrc58
[2026-08-16T09:04:44.656+0000] {logging_mixin.py:190} INFO - here....
[2026-08-16T09:04:44.659+0000] {data_modification.py:69} INFO - Updated row with Video_ID: lBXznBzxa5k
[2026-08-16T09:04:44.661+0000] {logging_mixin.py:190} INFO - here....
[2026-08-16T09:04:44.665+0000] {data_modification.py:69} INFO - Updated row with Video_ID: Wx_2B-fjLJ4
[2026-08-16T09:04:44.667+0000] {logging_mixin.py:190} INFO - here....
[2026-08-16T09:04:44.670+0000] {data_modification.py:69} INFO - Updated row with Video_ID: 8B3jyCIr3X4
[2026-08-16T09:04:44.672+0000] {logging_mixin.py:190} INFO - here....
[2026-08-16T09:04:44.675+0000] {data_modification.py:69} INFO - Updated row with Video_ID: WlRKZOOlGwE
[2026-08-16T09:04:44.677+0000] {logging_mixin.py:190} INFO - here....
[2026-08-16T09:04:44.680+0000] {data_modification.py:69} INFO - Updated row with Video_ID: 8hHn2RpsU54
[2026-08-16T09:04:44.682+0000] {logging_mixin.py:190} INFO - here....
[2026-08-16T09:04:44.686+0000] {data_modification.py:69} INFO - Updated row with Video_ID: Kh3q0owg52E
[2026-08-16T09:04:44.688+0000] {logging_mixin.py:190} INFO - here....
[2026-08-16T09:04:44.691+0000] {data_modification.py:69} INFO - Updated row with Video_ID: 1E727gnGsrI
[2026-08-16T09:04:44.694+0000] {logging_mixin.py:190} INFO - here....
[2026-08-16T09:04:44.697+0000] {data_modification.py:69} INFO - Updated row with Video_ID: psigAW5EJ74
[2026-08-16T09:04:44.699+0000] {logging_mixin.py:190} INFO - here....
[2026-08-16T09:04:44.703+0000] {data_modification.py:69} INFO - Updated row with Video_ID: 3sXAb6eJqUc
[2026-08-16T09:04:44.705+0000] {logging_mixin.py:190} INFO - here....
[2026-08-16T09:04:44.709+0000] {data_modification.py:69} INFO - Updated row with Video_ID: ik9HtM1-HlQ
[2026-08-16T09:04:44.711+0000] {logging_mixin.py:190} INFO - here....
[2026-08-16T09:04:44.715+0000] {data_modification.py:69} INFO - Updated row with Video_ID: JezGSAcVPDI
[2026-08-16T09:04:44.716+0000] {logging_mixin.py:190} INFO - here....
[2026-08-16T09:04:44.720+0000] {data_modification.py:69} INFO - Updated row with Video_ID: G6I5SG8NXD8
[2026-08-16T09:04:44.722+0000] {logging_mixin.py:190} INFO - here....
[2026-08-16T09:04:44.727+0000] {data_modification.py:69} INFO - Updated row with Video_ID: Z-aR18f4aKg
[2026-08-16T09:04:44.729+0000] {logging_mixin.py:190} INFO - here....
[2026-08-16T09:04:44.733+0000] {data_modification.py:69} INFO - Updated row with Video_ID: NJWq211Xyj0
[2026-08-16T09:04:44.735+0000] {logging_mixin.py:190} INFO - here....
[2026-08-16T09:04:44.738+0000] {data_modification.py:69} INFO - Updated row with Video_ID: J1bSpJuh-OE
[2026-08-16T09:04:44.740+0000] {logging_mixin.py:190} INFO - here....
[2026-08-16T09:04:44.744+0000] {data_modification.py:69} INFO - Updated row with Video_ID: 9udZyCUPG7g
[2026-08-16T09:04:44.745+0000] {logging_mixin.py:190} INFO - here....
[2026-08-16T09:04:44.749+0000] {data_modification.py:69} INFO - Updated row with Video_ID: HkgvZ-BohDg
[2026-08-16T09:04:44.751+0000] {logging_mixin.py:190} INFO - here....
[2026-08-16T09:04:44.755+0000] {data_modification.py:69} INFO - Updated row with Video_ID: 0-KxtVKCnHM
[2026-08-16T09:04:44.757+0000] {logging_mixin.py:190} INFO - here....
[2026-08-16T09:04:44.761+0000] {data_modification.py:69} INFO - Updated row with Video_ID: f9GIauiKplc
[2026-08-16T09:04:44.763+0000] {logging_mixin.py:190} INFO - here....
[2026-08-16T09:04:44.766+0000] {data_modification.py:69} INFO - Updated row with Video_ID: ClsFac6SyOk
[2026-08-16T09:04:44.768+0000] {logging_mixin.py:190} INFO - here....
[2026-08-16T09:04:44.772+0000] {data_modification.py:69} INFO - Updated row with Video_ID: Cda-fUJ-GjE
[2026-08-16T09:04:44.774+0000] {logging_mixin.py:190} INFO - here....
[2026-08-16T09:04:44.778+0000] {data_modification.py:69} INFO - Updated row with Video_ID: 0RnfZnLcYzA
[2026-08-16T09:04:44.779+0000] {logging_mixin.py:190} INFO - here....
[2026-08-16T09:04:44.784+0000] {data_modification.py:69} INFO - Updated row with Video_ID: h3N3E6HOo0k
[2026-08-16T09:04:44.786+0000] {logging_mixin.py:190} INFO - here....
[2026-08-16T09:04:44.790+0000] {data_modification.py:69} INFO - Updated row with Video_ID: iBv78MX35iY
[2026-08-16T09:04:44.791+0000] {logging_mixin.py:190} INFO - here....
[2026-08-16T09:04:44.795+0000] {data_modification.py:69} INFO - Updated row with Video_ID: gdopuuYVCSo
[2026-08-16T09:04:44.797+0000] {logging_mixin.py:190} INFO - here....
[2026-08-16T09:04:44.802+0000] {data_modification.py:69} INFO - Updated row with Video_ID: _f9P6xXd--k
[2026-08-16T09:04:44.804+0000] {logging_mixin.py:190} INFO - here....
[2026-08-16T09:04:44.808+0000] {data_modification.py:69} INFO - Updated row with Video_ID: 8X9cgGz-ljo
[2026-08-16T09:04:44.810+0000] {logging_mixin.py:190} INFO - here....
[2026-08-16T09:04:44.813+0000] {data_modification.py:69} INFO - Updated row with Video_ID: LvizmMLG1tE
[2026-08-16T09:04:44.816+0000] {logging_mixin.py:190} INFO - here....
[2026-08-16T09:04:44.820+0000] {data_modification.py:69} INFO - Updated row with Video_ID: aGbVyGOoAHs
[2026-08-16T09:04:44.822+0000] {logging_mixin.py:190} INFO - here....
[2026-08-16T09:04:44.825+0000] {data_modification.py:69} INFO - Updated row with Video_ID: rksqqWp78y8
[2026-08-16T09:04:44.827+0000] {logging_mixin.py:190} INFO - here....
[2026-08-16T09:04:44.831+0000] {data_modification.py:69} INFO - Updated row with Video_ID: _GqqXyXQ0nE
[2026-08-16T09:04:44.833+0000] {logging_mixin.py:190} INFO - here....
[2026-08-16T09:04:44.838+0000] {data_modification.py:69} INFO - Updated row with Video_ID: _Kj74_NzK44
[2026-08-16T09:04:44.840+0000] {logging_mixin.py:190} INFO - here....
[2026-08-16T09:04:44.844+0000] {data_modification.py:69} INFO - Updated row with Video_ID: xxGWutYuE2g
[2026-08-16T09:04:44.846+0000] {logging_mixin.py:190} INFO - here....
[2026-08-16T09:04:44.850+0000] {data_modification.py:69} INFO - Updated row with Video_ID: vzJC9VyFC0o
[2026-08-16T09:04:44.852+0000] {logging_mixin.py:190} INFO - here....
[2026-08-16T09:04:44.855+0000] {data_modification.py:69} INFO - Updated row with Video_ID: 5gyq6VcDhNc
[2026-08-16T09:04:44.857+0000] {logging_mixin.py:190} INFO - here....
[2026-08-16T09:04:44.861+0000] {data_modification.py:69} INFO - Updated row with Video_ID: TyT1gTEjcfI
[2026-08-16T09:04:44.864+0000] {logging_mixin.py:190} INFO - here....
[2026-08-16T09:04:44.868+0000] {data_modification.py:69} INFO - Updated row with Video_ID: 4AUs95yrUXw
[2026-08-16T09:04:44.870+0000] {logging_mixin.py:190} INFO - here....
[2026-08-16T09:04:44.874+0000] {data_modification.py:69} INFO - Updated row with Video_ID: _F49L6UrnR0
[2026-08-16T09:04:44.876+0000] {logging_mixin.py:190} INFO - here....
[2026-08-16T09:04:44.880+0000] {data_modification.py:69} INFO - Updated row with Video_ID: IpbaW4j7UXk
[2026-08-16T09:04:44.882+0000] {logging_mixin.py:190} INFO - here....
[2026-08-16T09:04:44.886+0000] {data_modification.py:69} INFO - Updated row with Video_ID: z8bDIFFurVc
[2026-08-16T09:04:44.888+0000] {logging_mixin.py:190} INFO - here....
[2026-08-16T09:04:44.892+0000] {data_modification.py:69} INFO - Updated row with Video_ID: 9a4lm6yBZlA
[2026-08-16T09:04:44.894+0000] {logging_mixin.py:190} INFO - here....
[2026-08-16T09:04:44.899+0000] {data_modification.py:69} INFO - Updated row with Video_ID: zG3OZERE-Dg
[2026-08-16T09:04:44.901+0000] {logging_mixin.py:190} INFO - here....
[2026-08-16T09:04:44.904+0000] {data_modification.py:69} INFO - Updated row with Video_ID: z6Qo9p-6hWg
[2026-08-16T09:04:44.906+0000] {logging_mixin.py:190} INFO - here....
[2026-08-16T09:04:44.910+0000] {data_modification.py:69} INFO - Updated row with Video_ID: vDuDFbfkukc
[2026-08-16T09:04:44.912+0000] {logging_mixin.py:190} INFO - here....
[2026-08-16T09:04:44.916+0000] {data_modification.py:69} INFO - Updated row with Video_ID: bx5gL2RlFog
[2026-08-16T09:04:44.918+0000] {logging_mixin.py:190} INFO - here....
[2026-08-16T09:04:44.922+0000] {data_modification.py:69} INFO - Updated row with Video_ID: ScfyBzOAkgs
[2026-08-16T09:04:44.924+0000] {logging_mixin.py:190} INFO - here....
[2026-08-16T09:04:44.928+0000] {data_modification.py:69} INFO - Updated row with Video_ID: GqSUKruZww8
[2026-08-16T09:04:44.930+0000] {logging_mixin.py:190} INFO - here....
[2026-08-16T09:04:44.935+0000] {data_modification.py:69} INFO - Updated row with Video_ID: DTFfbGwYz2g
[2026-08-16T09:04:44.937+0000] {logging_mixin.py:190} INFO - here....
[2026-08-16T09:04:44.942+0000] {data_modification.py:69} INFO - Updated row with Video_ID: xVuCwbDb-ec
[2026-08-16T09:04:44.944+0000] {logging_mixin.py:190} INFO - here....
[2026-08-16T09:04:44.949+0000] {data_modification.py:69} INFO - Updated row with Video_ID: x8VcPs_Udlg
[2026-08-16T09:04:44.951+0000] {logging_mixin.py:190} INFO - here....
[2026-08-16T09:04:44.955+0000] {data_modification.py:69} INFO - Updated row with Video_ID: vtoqXlzA2uk
[2026-08-16T09:04:44.957+0000] {logging_mixin.py:190} INFO - here....
[2026-08-16T09:04:44.962+0000] {data_modification.py:69} INFO - Updated row with Video_ID: c8hzez8PVN4
[2026-08-16T09:04:44.964+0000] {logging_mixin.py:190} INFO - here....
[2026-08-16T09:04:44.968+0000] {data_modification.py:69} INFO - Updated row with Video_ID: 6mD_rWTTLU0
[2026-08-16T09:04:44.971+0000] {logging_mixin.py:190} INFO - here....
[2026-08-16T09:04:44.975+0000] {data_modification.py:69} INFO - Updated row with Video_ID: AT2hTP2Awtw
[2026-08-16T09:04:44.977+0000] {logging_mixin.py:190} INFO - here....
[2026-08-16T09:04:44.981+0000] {data_modification.py:69} INFO - Updated row with Video_ID: JJIyYUu2P_g
[2026-08-16T09:04:44.983+0000] {logging_mixin.py:190} INFO - here....
[2026-08-16T09:04:44.987+0000] {data_modification.py:69} INFO - Updated row with Video_ID: cHvwEpok3fc
[2026-08-16T09:04:44.989+0000] {logging_mixin.py:190} INFO - here....
[2026-08-16T09:04:44.993+0000] {data_modification.py:69} INFO - Updated row with Video_ID: J8ziNOuyxX0
[2026-08-16T09:04:44.995+0000] {logging_mixin.py:190} INFO - here....
[2026-08-16T09:04:44.999+0000] {data_modification.py:69} INFO - Updated row with Video_ID: tla-rqQed4Y
[2026-08-16T09:04:45.001+0000] {logging_mixin.py:190} INFO - here....
[2026-08-16T09:04:45.004+0000] {data_modification.py:69} INFO - Updated row with Video_ID: d4fPx30Ut7I
[2026-08-16T09:04:45.006+0000] {logging_mixin.py:190} INFO - here....
[2026-08-16T09:04:45.010+0000] {data_modification.py:69} INFO - Updated row with Video_ID: Np4vJfI4iUY
[2026-08-16T09:04:45.012+0000] {logging_mixin.py:190} INFO - here....
[2026-08-16T09:04:45.015+0000] {data_modification.py:69} INFO - Updated row with Video_ID: HIGKVSSlq4E
[2026-08-16T09:04:45.017+0000] {logging_mixin.py:190} INFO - here....
[2026-08-16T09:04:45.020+0000] {data_modification.py:69} INFO - Updated row with Video_ID: HOYKYSR-ETo
[2026-08-16T09:04:45.022+0000] {logging_mixin.py:190} INFO - here....
[2026-08-16T09:04:45.025+0000] {data_modification.py:69} INFO - Updated row with Video_ID: nyokkazOMnw
[2026-08-16T09:04:45.027+0000] {logging_mixin.py:190} INFO - here....
[2026-08-16T09:04:45.030+0000] {data_modification.py:69} INFO - Updated row with Video_ID: EZmu6zjRCag
[2026-08-16T09:04:45.032+0000] {logging_mixin.py:190} INFO - here....
[2026-08-16T09:04:45.035+0000] {data_modification.py:69} INFO - Updated row with Video_ID: UjbTqXCUEK4
[2026-08-16T09:04:45.037+0000] {logging_mixin.py:190} INFO - here....
[2026-08-16T09:04:45.040+0000] {data_modification.py:69} INFO - Updated row with Video_ID: iGXXbvFWs-Y
[2026-08-16T09:04:45.042+0000] {logging_mixin.py:190} INFO - here....
[2026-08-16T09:04:45.045+0000] {data_modification.py:69} INFO - Updated row with Video_ID: Iai73vNjeMw
[2026-08-16T09:04:45.047+0000] {logging_mixin.py:190} INFO - here....
[2026-08-16T09:04:45.050+0000] {data_modification.py:69} INFO - Updated row with Video_ID: Q4HxtBNovao
[2026-08-16T09:04:45.052+0000] {logging_mixin.py:190} INFO - here....
[2026-08-16T09:04:45.056+0000] {data_modification.py:69} INFO - Updated row with Video_ID: 1OrYOIbOghg
[2026-08-16T09:04:45.058+0000] {logging_mixin.py:190} INFO - here....
[2026-08-16T09:04:45.062+0000] {data_modification.py:69} INFO - Updated row with Video_ID: OWi8e0RUEX0
[2026-08-16T09:04:45.064+0000] {logging_mixin.py:190} INFO - here....
[2026-08-16T09:04:45.067+0000] {data_modification.py:69} INFO - Updated row with Video_ID: 6-BdFAjJ0_I
[2026-08-16T09:04:45.070+0000] {logging_mixin.py:190} INFO - here....
[2026-08-16T09:04:45.074+0000] {data_modification.py:69} INFO - Updated row with Video_ID: 05YWGsDQrFo
[2026-08-16T09:04:45.076+0000] {logging_mixin.py:190} INFO - here....
[2026-08-16T09:04:45.080+0000] {data_modification.py:69} INFO - Updated row with Video_ID: kMqSaMKVZoc
[2026-08-16T09:04:45.081+0000] {logging_mixin.py:190} INFO - here....
[2026-08-16T09:04:45.085+0000] {data_modification.py:69} INFO - Updated row with Video_ID: 7_SRwwgA3Ws
[2026-08-16T09:04:45.087+0000] {logging_mixin.py:190} INFO - here....
[2026-08-16T09:04:45.091+0000] {data_modification.py:69} INFO - Updated row with Video_ID: 8HG3TM22kHk
[2026-08-16T09:04:45.093+0000] {logging_mixin.py:190} INFO - here....
[2026-08-16T09:04:45.097+0000] {data_modification.py:69} INFO - Updated row with Video_ID: fWqxgy_JwK8
[2026-08-16T09:04:45.099+0000] {logging_mixin.py:190} INFO - here....
[2026-08-16T09:04:45.117+0000] {data_modification.py:69} INFO - Updated row with Video_ID: l3J1JxpTvK0
[2026-08-16T09:04:45.120+0000] {logging_mixin.py:190} INFO - here....
[2026-08-16T09:04:45.124+0000] {data_modification.py:69} INFO - Updated row with Video_ID: LAs9-qaAYNE
[2026-08-16T09:04:45.125+0000] {logging_mixin.py:190} INFO - here....
[2026-08-16T09:04:45.129+0000] {data_modification.py:69} INFO - Updated row with Video_ID: B4McAav9Ra4
[2026-08-16T09:04:45.131+0000] {logging_mixin.py:190} INFO - here....
[2026-08-16T09:04:45.134+0000] {data_modification.py:69} INFO - Updated row with Video_ID: -Qf8KGmTqus
[2026-08-16T09:04:45.136+0000] {logging_mixin.py:190} INFO - here....
[2026-08-16T09:04:45.139+0000] {data_modification.py:69} INFO - Updated row with Video_ID: oivvXPLoWzg
[2026-08-16T09:04:45.141+0000] {logging_mixin.py:190} INFO - here....
[2026-08-16T09:04:45.144+0000] {data_modification.py:69} INFO - Updated row with Video_ID: NznN6df13FU
[2026-08-16T09:04:45.146+0000] {logging_mixin.py:190} INFO - here....
[2026-08-16T09:04:45.149+0000] {data_modification.py:69} INFO - Updated row with Video_ID: kBXvkotAOuo
[2026-08-16T09:04:45.151+0000] {logging_mixin.py:190} INFO - here....
[2026-08-16T09:04:45.156+0000] {data_modification.py:69} INFO - Updated row with Video_ID: ia4zjq5aDF4
[2026-08-16T09:04:45.158+0000] {logging_mixin.py:190} INFO - here....
[2026-08-16T09:04:45.161+0000] {data_modification.py:69} INFO - Updated row with Video_ID: Le8kYQ7coYE
[2026-08-16T09:04:45.163+0000] {logging_mixin.py:190} INFO - here....
[2026-08-16T09:04:45.167+0000] {data_modification.py:69} INFO - Updated row with Video_ID: bGHBrpFi-84
[2026-08-16T09:04:45.169+0000] {logging_mixin.py:190} INFO - here....
[2026-08-16T09:04:45.172+0000] {data_modification.py:69} INFO - Updated row with Video_ID: b_11gsmVKqY
[2026-08-16T09:04:45.174+0000] {logging_mixin.py:190} INFO - here....
[2026-08-16T09:04:45.177+0000] {data_modification.py:69} INFO - Updated row with Video_ID: lPqjpUQO7D0
[2026-08-16T09:04:45.179+0000] {logging_mixin.py:190} INFO - here....
[2026-08-16T09:04:45.183+0000] {data_modification.py:69} INFO - Updated row with Video_ID: vZ6FIMv14ZM
[2026-08-16T09:04:45.185+0000] {logging_mixin.py:190} INFO - here....
[2026-08-16T09:04:45.188+0000] {data_modification.py:69} INFO - Updated row with Video_ID: KvbLepJMnb8
[2026-08-16T09:04:45.189+0000] {logging_mixin.py:190} INFO - here....
[2026-08-16T09:04:45.193+0000] {data_modification.py:69} INFO - Updated row with Video_ID: iQIkg3QU-Gg
[2026-08-16T09:04:45.194+0000] {logging_mixin.py:190} INFO - here....
[2026-08-16T09:04:45.197+0000] {data_modification.py:69} INFO - Updated row with Video_ID: oNtkGU9a6YI
[2026-08-16T09:04:45.199+0000] {logging_mixin.py:190} INFO - here....
[2026-08-16T09:04:45.202+0000] {data_modification.py:69} INFO - Updated row with Video_ID: XtCJTNxTN64
[2026-08-16T09:04:45.204+0000] {logging_mixin.py:190} INFO - here....
[2026-08-16T09:04:45.207+0000] {data_modification.py:69} INFO - Updated row with Video_ID: 8t3yAzCHCQ8
[2026-08-16T09:04:45.208+0000] {logging_mixin.py:190} INFO - here....
[2026-08-16T09:04:45.212+0000] {data_modification.py:69} INFO - Updated row with Video_ID: 133hzok0GYk
[2026-08-16T09:04:45.213+0000] {logging_mixin.py:190} INFO - here....
[2026-08-16T09:04:45.217+0000] {data_modification.py:69} INFO - Updated row with Video_ID: 4AjTTb8-hY8
[2026-08-16T09:04:45.219+0000] {logging_mixin.py:190} INFO - here....
[2026-08-16T09:04:45.223+0000] {data_modification.py:69} INFO - Updated row with Video_ID: YZ5is-x349M
[2026-08-16T09:04:45.224+0000] {logging_mixin.py:190} INFO - here....
[2026-08-16T09:04:45.228+0000] {data_modification.py:69} INFO - Updated row with Video_ID: pVj9y3znEAQ
[2026-08-16T09:04:45.230+0000] {logging_mixin.py:190} INFO - here....
[2026-08-16T09:04:45.233+0000] {data_modification.py:69} INFO - Updated row with Video_ID: 5IWW442QkqA
[2026-08-16T09:04:45.235+0000] {logging_mixin.py:190} INFO - here....
[2026-08-16T09:04:45.238+0000] {data_modification.py:69} INFO - Updated row with Video_ID: ynL7qxMI9Ig
[2026-08-16T09:04:45.239+0000] {logging_mixin.py:190} INFO - here....
[2026-08-16T09:04:45.243+0000] {data_modification.py:69} INFO - Updated row with Video_ID: lw8b2ozpRyE
[2026-08-16T09:04:45.245+0000] {logging_mixin.py:190} INFO - here....
[2026-08-16T09:04:45.248+0000] {data_modification.py:69} INFO - Updated row with Video_ID: C8D2HrFfwAg
[2026-08-16T09:04:45.250+0000] {logging_mixin.py:190} INFO - here....
[2026-08-16T09:04:45.253+0000] {data_modification.py:69} INFO - Updated row with Video_ID: KCK6G9MCGg4
[2026-08-16T09:04:45.255+0000] {logging_mixin.py:190} INFO - here....
[2026-08-16T09:04:45.259+0000] {data_modification.py:69} INFO - Updated row with Video_ID: UO2UxpX-lvU
[2026-08-16T09:04:45.261+0000] {logging_mixin.py:190} INFO - here....
[2026-08-16T09:04:45.265+0000] {data_modification.py:69} INFO - Updated row with Video_ID: MNbfiDXZBsg
[2026-08-16T09:04:45.267+0000] {logging_mixin.py:190} INFO - here....
[2026-08-16T09:04:45.272+0000] {data_modification.py:69} INFO - Updated row with Video_ID: 2n0LAUwiEWg
[2026-08-16T09:04:45.274+0000] {logging_mixin.py:190} INFO - here....
[2026-08-16T09:04:45.278+0000] {data_modification.py:69} INFO - Updated row with Video_ID: 79DjiX5AJW0
[2026-08-16T09:04:45.281+0000] {logging_mixin.py:190} INFO - here....
[2026-08-16T09:04:45.285+0000] {data_modification.py:69} INFO - Updated row with Video_ID: Gds2bNjstes
[2026-08-16T09:04:45.287+0000] {logging_mixin.py:190} INFO - here....
[2026-08-16T09:04:45.291+0000] {data_modification.py:69} INFO - Updated row with Video_ID: D7y9UnGb8hc
[2026-08-16T09:04:45.293+0000] {logging_mixin.py:190} INFO - here....
[2026-08-16T09:04:45.296+0000] {data_modification.py:69} INFO - Updated row with Video_ID: C-MMxrLna_8
[2026-08-16T09:04:45.298+0000] {logging_mixin.py:190} INFO - here....
[2026-08-16T09:04:45.302+0000] {data_modification.py:69} INFO - Updated row with Video_ID: oxfyAk2IKvo
[2026-08-16T09:04:45.304+0000] {logging_mixin.py:190} INFO - here....
[2026-08-16T09:04:45.307+0000] {data_modification.py:69} INFO - Updated row with Video_ID: akvtYUNrn8w
[2026-08-16T09:04:45.309+0000] {logging_mixin.py:190} INFO - here....
[2026-08-16T09:04:45.313+0000] {data_modification.py:69} INFO - Updated row with Video_ID: 4qHrMGh8KV0
[2026-08-16T09:04:45.315+0000] {logging_mixin.py:190} INFO - here....
[2026-08-16T09:04:45.319+0000] {data_modification.py:69} INFO - Updated row with Video_ID: xFBPvyAgoZY
[2026-08-16T09:04:45.321+0000] {logging_mixin.py:190} INFO - here....
[2026-08-16T09:04:45.325+0000] {data_modification.py:69} INFO - Updated row with Video_ID: 9aUmtVBw7kQ
[2026-08-16T09:04:45.327+0000] {logging_mixin.py:190} INFO - here....
[2026-08-16T09:04:45.331+0000] {data_modification.py:69} INFO - Updated row with Video_ID: FmMmixxMG7E
[2026-08-16T09:04:45.333+0000] {logging_mixin.py:190} INFO - here....
[2026-08-16T09:04:45.337+0000] {data_modification.py:69} INFO - Updated row with Video_ID: Zw-HGTI5E1U
[2026-08-16T09:04:45.339+0000] {logging_mixin.py:190} INFO - here....
[2026-08-16T09:04:45.344+0000] {data_modification.py:69} INFO - Updated row with Video_ID: XfXt1GNi8VM
[2026-08-16T09:04:45.347+0000] {logging_mixin.py:190} INFO - here....
[2026-08-16T09:04:45.351+0000] {data_modification.py:69} INFO - Updated row with Video_ID: P1xlaM6OMOE
[2026-08-16T09:04:45.353+0000] {logging_mixin.py:190} INFO - here....
[2026-08-16T09:04:45.357+0000] {data_modification.py:69} INFO - Updated row with Video_ID: FQrkfxiH78U
[2026-08-16T09:04:45.359+0000] {logging_mixin.py:190} INFO - here....
[2026-08-16T09:04:45.363+0000] {data_modification.py:69} INFO - Updated row with Video_ID: CTJisZ8dxf0
[2026-08-16T09:04:45.365+0000] {logging_mixin.py:190} INFO - here....
[2026-08-16T09:04:45.369+0000] {data_modification.py:69} INFO - Updated row with Video_ID: 4dJ7hDZ9QTU
[2026-08-16T09:04:45.371+0000] {logging_mixin.py:190} INFO - here....
[2026-08-16T09:04:45.375+0000] {data_modification.py:69} INFO - Updated row with Video_ID: ULsBP-AZZuI
[2026-08-16T09:04:45.377+0000] {logging_mixin.py:190} INFO - here....
[2026-08-16T09:04:45.381+0000] {data_modification.py:69} INFO - Updated row with Video_ID: Q6-rlcsE4V4
[2026-08-16T09:04:45.383+0000] {logging_mixin.py:190} INFO - here....
[2026-08-16T09:04:45.387+0000] {data_modification.py:69} INFO - Updated row with Video_ID: L4B-xHbhk4U
[2026-08-16T09:04:45.389+0000] {logging_mixin.py:190} INFO - here....
[2026-08-16T09:04:45.393+0000] {data_modification.py:69} INFO - Updated row with Video_ID: gHQo3UafM54
[2026-08-16T09:04:45.395+0000] {logging_mixin.py:190} INFO - here....
[2026-08-16T09:04:45.399+0000] {data_modification.py:69} INFO - Updated row with Video_ID: Feknej-oYVI
[2026-08-16T09:04:45.401+0000] {logging_mixin.py:190} INFO - here....
[2026-08-16T09:04:45.406+0000] {data_modification.py:69} INFO - Updated row with Video_ID: gqCS8RVpaCg
[2026-08-16T09:04:45.408+0000] {logging_mixin.py:190} INFO - here....
[2026-08-16T09:04:45.412+0000] {data_modification.py:69} INFO - Updated row with Video_ID: uH532wJHpeA
[2026-08-16T09:04:45.414+0000] {logging_mixin.py:190} INFO - here....
[2026-08-16T09:04:45.418+0000] {data_modification.py:69} INFO - Updated row with Video_ID: TYqyvHds_58
[2026-08-16T09:04:45.420+0000] {logging_mixin.py:190} INFO - here....
[2026-08-16T09:04:45.424+0000] {data_modification.py:69} INFO - Updated row with Video_ID: ErL4gvqCgCo
[2026-08-16T09:04:45.427+0000] {logging_mixin.py:190} INFO - here....
[2026-08-16T09:04:45.431+0000] {data_modification.py:69} INFO - Updated row with Video_ID: YPet33BhJpA
[2026-08-16T09:04:45.434+0000] {logging_mixin.py:190} INFO - here....
[2026-08-16T09:04:45.439+0000] {data_modification.py:69} INFO - Updated row with Video_ID: 8ABFMpazxZ8
[2026-08-16T09:04:45.441+0000] {logging_mixin.py:190} INFO - here....
[2026-08-16T09:04:45.445+0000] {data_modification.py:69} INFO - Updated row with Video_ID: qr9NC50pFNU
[2026-08-16T09:04:45.447+0000] {logging_mixin.py:190} INFO - here....
[2026-08-16T09:04:45.451+0000] {data_modification.py:69} INFO - Updated row with Video_ID: F-570E9P3xE
[2026-08-16T09:04:45.453+0000] {logging_mixin.py:190} INFO - here....
[2026-08-16T09:04:45.457+0000] {data_modification.py:69} INFO - Updated row with Video_ID: yEXCi6gYvwI
[2026-08-16T09:04:45.459+0000] {logging_mixin.py:190} INFO - here....
[2026-08-16T09:04:45.462+0000] {data_modification.py:69} INFO - Updated row with Video_ID: eHkzdRjdRx4
[2026-08-16T09:04:45.464+0000] {logging_mixin.py:190} INFO - here....
[2026-08-16T09:04:45.468+0000] {data_modification.py:69} INFO - Updated row with Video_ID: JLwqylKvsJY
[2026-08-16T09:04:45.470+0000] {logging_mixin.py:190} INFO - here....
[2026-08-16T09:04:45.474+0000] {data_modification.py:69} INFO - Updated row with Video_ID: MmAElbM7AG4
[2026-08-16T09:04:45.476+0000] {logging_mixin.py:190} INFO - here....
[2026-08-16T09:04:45.479+0000] {data_modification.py:69} INFO - Updated row with Video_ID: _IFCOYAReyU
[2026-08-16T09:04:45.482+0000] {logging_mixin.py:190} INFO - here....
[2026-08-16T09:04:45.486+0000] {data_modification.py:69} INFO - Updated row with Video_ID: a4BHsLgeHxE
[2026-08-16T09:04:45.488+0000] {logging_mixin.py:190} INFO - here....
[2026-08-16T09:04:45.492+0000] {data_modification.py:69} INFO - Updated row with Video_ID: tg8dlsUIaQU
[2026-08-16T09:04:45.494+0000] {logging_mixin.py:190} INFO - here....
[2026-08-16T09:04:45.498+0000] {data_modification.py:69} INFO - Updated row with Video_ID: ELb75NfJFk8
[2026-08-16T09:04:45.500+0000] {logging_mixin.py:190} INFO - here....
[2026-08-16T09:04:45.504+0000] {data_modification.py:69} INFO - Updated row with Video_ID: L7lAI70ErIY
[2026-08-16T09:04:45.506+0000] {logging_mixin.py:190} INFO - here....
[2026-08-16T09:04:45.510+0000] {data_modification.py:69} INFO - Updated row with Video_ID: LSCtzkiNBXM
[2026-08-16T09:04:45.512+0000] {logging_mixin.py:190} INFO - here....
[2026-08-16T09:04:45.516+0000] {data_modification.py:69} INFO - Updated row with Video_ID: cq-Ajgs2oec
[2026-08-16T09:04:45.519+0000] {logging_mixin.py:190} INFO - here....
[2026-08-16T09:04:45.523+0000] {data_modification.py:69} INFO - Updated row with Video_ID: 6D3bU6mjXWc
[2026-08-16T09:04:45.525+0000] {logging_mixin.py:190} INFO - here....
[2026-08-16T09:04:45.530+0000] {data_modification.py:69} INFO - Updated row with Video_ID: KFsXCPXC-1o
[2026-08-16T09:04:45.532+0000] {logging_mixin.py:190} INFO - here....
[2026-08-16T09:04:45.537+0000] {data_modification.py:69} INFO - Updated row with Video_ID: V5fEszds2Z8
[2026-08-16T09:04:45.539+0000] {logging_mixin.py:190} INFO - here....
[2026-08-16T09:04:45.543+0000] {data_modification.py:69} INFO - Updated row with Video_ID: rgB3kL_Rk4g
[2026-08-16T09:04:45.545+0000] {logging_mixin.py:190} INFO - here....
[2026-08-16T09:04:45.550+0000] {data_modification.py:69} INFO - Updated row with Video_ID: 4TShQEvPgw8
[2026-08-16T09:04:45.552+0000] {logging_mixin.py:190} INFO - here....
[2026-08-16T09:04:45.559+0000] {data_modification.py:69} INFO - Updated row with Video_ID: cvddvAqZLMg
[2026-08-16T09:04:45.561+0000] {logging_mixin.py:190} INFO - here....
[2026-08-16T09:04:45.566+0000] {data_modification.py:69} INFO - Updated row with Video_ID: dkrbzSuaQ20
[2026-08-16T09:04:45.568+0000] {logging_mixin.py:190} INFO - here....
[2026-08-16T09:04:45.572+0000] {data_modification.py:69} INFO - Updated row with Video_ID: bFRigw5OrrI
[2026-08-16T09:04:45.575+0000] {logging_mixin.py:190} INFO - here....
[2026-08-16T09:04:45.579+0000] {data_modification.py:69} INFO - Updated row with Video_ID: 1STb_sXwm9E
[2026-08-16T09:04:45.582+0000] {logging_mixin.py:190} INFO - here....
[2026-08-16T09:04:45.587+0000] {data_modification.py:69} INFO - Updated row with Video_ID: 1Snac5FE3bs
[2026-08-16T09:04:45.589+0000] {logging_mixin.py:190} INFO - here....
[2026-08-16T09:04:45.594+0000] {data_modification.py:69} INFO - Updated row with Video_ID: bgZk25Ksc4E
[2026-08-16T09:04:45.596+0000] {logging_mixin.py:190} INFO - here....
[2026-08-16T09:04:45.600+0000] {data_modification.py:69} INFO - Updated row with Video_ID: ywzOobuGoAg
[2026-08-16T09:04:45.603+0000] {logging_mixin.py:190} INFO - here....
[2026-08-16T09:04:45.609+0000] {data_modification.py:69} INFO - Updated row with Video_ID: Zf0idCv5BGU
[2026-08-16T09:04:45.611+0000] {logging_mixin.py:190} INFO - here....
[2026-08-16T09:04:45.615+0000] {data_modification.py:69} INFO - Updated row with Video_ID: Nrf2QXpjgCQ
[2026-08-16T09:04:45.618+0000] {logging_mixin.py:190} INFO - here....
[2026-08-16T09:04:45.623+0000] {data_modification.py:69} INFO - Updated row with Video_ID: X5Re2M9Lcq8
[2026-08-16T09:04:45.625+0000] {logging_mixin.py:190} INFO - here....
[2026-08-16T09:04:45.629+0000] {data_modification.py:69} INFO - Updated row with Video_ID: lIUHoxTxUe0
[2026-08-16T09:04:45.631+0000] {logging_mixin.py:190} INFO - here....
[2026-08-16T09:04:45.635+0000] {data_modification.py:69} INFO - Updated row with Video_ID: KMXiu4Rk648
[2026-08-16T09:04:45.637+0000] {logging_mixin.py:190} INFO - here....
[2026-08-16T09:04:45.642+0000] {data_modification.py:69} INFO - Updated row with Video_ID: 2y--RG8WoLM
[2026-08-16T09:04:45.644+0000] {logging_mixin.py:190} INFO - here....
[2026-08-16T09:04:45.648+0000] {data_modification.py:69} INFO - Updated row with Video_ID: 8VgIj_VN_sE
[2026-08-16T09:04:45.650+0000] {logging_mixin.py:190} INFO - here....
[2026-08-16T09:04:45.653+0000] {data_modification.py:69} INFO - Updated row with Video_ID: thu9j5W7M_8
[2026-08-16T09:04:45.655+0000] {logging_mixin.py:190} INFO - here....
[2026-08-16T09:04:45.659+0000] {data_modification.py:69} INFO - Updated row with Video_ID: M1l9HqDWHOY
[2026-08-16T09:04:45.661+0000] {logging_mixin.py:190} INFO - here....
[2026-08-16T09:04:45.665+0000] {data_modification.py:69} INFO - Updated row with Video_ID: IYPPUrcgu2E
[2026-08-16T09:04:45.666+0000] {logging_mixin.py:190} INFO - here....
[2026-08-16T09:04:45.670+0000] {data_modification.py:69} INFO - Updated row with Video_ID: g93IhHW600U
[2026-08-16T09:04:45.672+0000] {logging_mixin.py:190} INFO - here....
[2026-08-16T09:04:45.676+0000] {data_modification.py:69} INFO - Updated row with Video_ID: 0rioSOYk3vs
[2026-08-16T09:04:45.678+0000] {logging_mixin.py:190} INFO - here....
[2026-08-16T09:04:45.682+0000] {data_modification.py:69} INFO - Updated row with Video_ID: YxJ3AeBfykk
[2026-08-16T09:04:45.684+0000] {logging_mixin.py:190} INFO - here....
[2026-08-16T09:04:45.688+0000] {data_modification.py:69} INFO - Updated row with Video_ID: bdupSoZWTZY
[2026-08-16T09:04:45.690+0000] {logging_mixin.py:190} INFO - here....
[2026-08-16T09:04:45.694+0000] {data_modification.py:69} INFO - Updated row with Video_ID: sFm2hrXlu4k
[2026-08-16T09:04:45.696+0000] {logging_mixin.py:190} INFO - here....
[2026-08-16T09:04:45.700+0000] {data_modification.py:69} INFO - Updated row with Video_ID: u2itg6IXgdY
[2026-08-16T09:04:45.702+0000] {logging_mixin.py:190} INFO - here....
[2026-08-16T09:04:45.706+0000] {data_modification.py:69} INFO - Updated row with Video_ID: V51uIW56M70
[2026-08-16T09:04:45.708+0000] {logging_mixin.py:190} INFO - here....
[2026-08-16T09:04:45.712+0000] {data_modification.py:69} INFO - Updated row with Video_ID: 5hrrVCl4Lkw
[2026-08-16T09:04:45.713+0000] {logging_mixin.py:190} INFO - here....
[2026-08-16T09:04:45.717+0000] {data_modification.py:69} INFO - Updated row with Video_ID: OEIsO9HlmUQ
[2026-08-16T09:04:45.718+0000] {logging_mixin.py:190} INFO - here....
[2026-08-16T09:04:45.722+0000] {data_modification.py:69} INFO - Updated row with Video_ID: QrhfqLtY550
[2026-08-16T09:04:45.724+0000] {logging_mixin.py:190} INFO - here....
[2026-08-16T09:04:45.727+0000] {data_modification.py:69} INFO - Updated row with Video_ID: kIEp_2mPRo8
[2026-08-16T09:04:45.729+0000] {logging_mixin.py:190} INFO - here....
[2026-08-16T09:04:45.735+0000] {data_modification.py:69} INFO - Updated row with Video_ID: l__uXGsUIFQ
[2026-08-16T09:04:45.737+0000] {logging_mixin.py:190} INFO - here....
[2026-08-16T09:04:45.742+0000] {data_modification.py:69} INFO - Updated row with Video_ID: BBbts90DW3w
[2026-08-16T09:04:45.745+0000] {logging_mixin.py:190} INFO - here....
[2026-08-16T09:04:45.750+0000] {data_modification.py:69} INFO - Updated row with Video_ID: XbF660mEWvM
[2026-08-16T09:04:45.752+0000] {logging_mixin.py:190} INFO - here....
[2026-08-16T09:04:45.757+0000] {data_modification.py:69} INFO - Updated row with Video_ID: dgqSPA-MrKA
[2026-08-16T09:04:45.760+0000] {logging_mixin.py:190} INFO - here....
[2026-08-16T09:04:45.767+0000] {data_modification.py:69} INFO - Updated row with Video_ID: oJLcH1ZNTas
[2026-08-16T09:04:45.769+0000] {logging_mixin.py:190} INFO - here....
[2026-08-16T09:04:45.776+0000] {data_modification.py:69} INFO - Updated row with Video_ID: 6xi5RxMMyF4
[2026-08-16T09:04:45.779+0000] {logging_mixin.py:190} INFO - here....
[2026-08-16T09:04:45.784+0000] {data_modification.py:69} INFO - Updated row with Video_ID: v-CEx1P54ng
[2026-08-16T09:04:45.786+0000] {logging_mixin.py:190} INFO - here....
[2026-08-16T09:04:45.791+0000] {data_modification.py:69} INFO - Updated row with Video_ID: R9oK5J367-s
[2026-08-16T09:04:45.793+0000] {logging_mixin.py:190} INFO - here....
[2026-08-16T09:04:45.798+0000] {data_modification.py:69} INFO - Updated row with Video_ID: 7YEw2POwBxc
[2026-08-16T09:04:45.800+0000] {logging_mixin.py:190} INFO - here....
[2026-08-16T09:04:45.806+0000] {data_modification.py:69} INFO - Updated row with Video_ID: HqwOuvrP2Tg
[2026-08-16T09:04:45.809+0000] {logging_mixin.py:190} INFO - here....
[2026-08-16T09:04:45.813+0000] {data_modification.py:69} INFO - Updated row with Video_ID: 66CibydGEJA
[2026-08-16T09:04:45.816+0000] {logging_mixin.py:190} INFO - here....
[2026-08-16T09:04:45.821+0000] {data_modification.py:69} INFO - Updated row with Video_ID: anFPI9BQClk
[2026-08-16T09:04:45.823+0000] {logging_mixin.py:190} INFO - here....
[2026-08-16T09:04:45.829+0000] {data_modification.py:69} INFO - Updated row with Video_ID: u7KLl9Kv0RE
[2026-08-16T09:04:45.831+0000] {logging_mixin.py:190} INFO - here....
[2026-08-16T09:04:45.836+0000] {data_modification.py:69} INFO - Updated row with Video_ID: ILV6IyNfMoA
[2026-08-16T09:04:45.838+0000] {logging_mixin.py:190} INFO - here....
[2026-08-16T09:04:45.843+0000] {data_modification.py:69} INFO - Updated row with Video_ID: 54m5Yk-LhFc
[2026-08-16T09:04:45.845+0000] {logging_mixin.py:190} INFO - here....
[2026-08-16T09:04:45.850+0000] {data_modification.py:69} INFO - Updated row with Video_ID: o7VT_AFp2PE
[2026-08-16T09:04:45.852+0000] {logging_mixin.py:190} INFO - here....
[2026-08-16T09:04:45.856+0000] {data_modification.py:69} INFO - Updated row with Video_ID: SxP4tO45qcE
[2026-08-16T09:04:45.858+0000] {logging_mixin.py:190} INFO - here....
[2026-08-16T09:04:45.862+0000] {data_modification.py:69} INFO - Updated row with Video_ID: nKbFlEJ2IPA
[2026-08-16T09:04:45.864+0000] {logging_mixin.py:190} INFO - here....
[2026-08-16T09:04:45.869+0000] {data_modification.py:69} INFO - Updated row with Video_ID: H-Zy59kDKyk
[2026-08-16T09:04:45.872+0000] {logging_mixin.py:190} INFO - here....
[2026-08-16T09:04:45.876+0000] {data_modification.py:69} INFO - Updated row with Video_ID: L4_JT6YVm-0
[2026-08-16T09:04:45.879+0000] {logging_mixin.py:190} INFO - here....
[2026-08-16T09:04:45.883+0000] {data_modification.py:69} INFO - Updated row with Video_ID: UJ_7_ls_dHw
[2026-08-16T09:04:45.885+0000] {logging_mixin.py:190} INFO - here....
[2026-08-16T09:04:45.890+0000] {data_modification.py:69} INFO - Updated row with Video_ID: jtAddPTc1q8
[2026-08-16T09:04:45.892+0000] {logging_mixin.py:190} INFO - here....
[2026-08-16T09:04:45.896+0000] {data_modification.py:69} INFO - Updated row with Video_ID: -f2ft1LX268
[2026-08-16T09:04:45.898+0000] {logging_mixin.py:190} INFO - here....
[2026-08-16T09:04:45.903+0000] {data_modification.py:69} INFO - Updated row with Video_ID: yYWNXot97AM
[2026-08-16T09:04:45.905+0000] {logging_mixin.py:190} INFO - here....
[2026-08-16T09:04:45.909+0000] {data_modification.py:69} INFO - Updated row with Video_ID: nfpGbXlNBbk
[2026-08-16T09:04:45.911+0000] {logging_mixin.py:190} INFO - here....
[2026-08-16T09:04:45.916+0000] {data_modification.py:69} INFO - Updated row with Video_ID: HzsmBgSe0ak
[2026-08-16T09:04:45.918+0000] {logging_mixin.py:190} INFO - here....
[2026-08-16T09:04:45.922+0000] {data_modification.py:69} INFO - Updated row with Video_ID: FAnM8EDUUKc
[2026-08-16T09:04:45.923+0000] {logging_mixin.py:190} INFO - here....
[2026-08-16T09:04:45.927+0000] {data_modification.py:69} INFO - Updated row with Video_ID: 4jwPZvQhxmc
[2026-08-16T09:04:45.928+0000] {logging_mixin.py:190} INFO - here....
[2026-08-16T09:04:45.932+0000] {data_modification.py:69} INFO - Updated row with Video_ID: 5WnaCmkNsiE
[2026-08-16T09:04:45.934+0000] {logging_mixin.py:190} INFO - here....
[2026-08-16T09:04:45.937+0000] {data_modification.py:69} INFO - Updated row with Video_ID: M68AOUnP8sU
[2026-08-16T09:04:45.938+0000] {logging_mixin.py:190} INFO - here....
[2026-08-16T09:04:45.942+0000] {data_modification.py:69} INFO - Updated row with Video_ID: h2MdeFNchJE
[2026-08-16T09:04:45.944+0000] {logging_mixin.py:190} INFO - here....
[2026-08-16T09:04:45.947+0000] {data_modification.py:69} INFO - Updated row with Video_ID: 17-TzGCNsY8
[2026-08-16T09:04:45.948+0000] {logging_mixin.py:190} INFO - here....
[2026-08-16T09:04:45.952+0000] {data_modification.py:69} INFO - Updated row with Video_ID: 6Lkm6lXxq0U
[2026-08-16T09:04:45.953+0000] {logging_mixin.py:190} INFO - here....
[2026-08-16T09:04:45.957+0000] {data_modification.py:69} INFO - Updated row with Video_ID: KzBnQViIBhM
[2026-08-16T09:04:45.958+0000] {logging_mixin.py:190} INFO - here....
[2026-08-16T09:04:45.962+0000] {data_modification.py:69} INFO - Updated row with Video_ID: 1MrXqUNeXs8
[2026-08-16T09:04:45.963+0000] {logging_mixin.py:190} INFO - here....
[2026-08-16T09:04:45.967+0000] {data_modification.py:69} INFO - Updated row with Video_ID: pRj0IgzoIEY
[2026-08-16T09:04:45.969+0000] {logging_mixin.py:190} INFO - here....
[2026-08-16T09:04:45.973+0000] {data_modification.py:69} INFO - Updated row with Video_ID: OYxsopDNe9g
[2026-08-16T09:04:45.974+0000] {logging_mixin.py:190} INFO - here....
[2026-08-16T09:04:45.978+0000] {data_modification.py:69} INFO - Updated row with Video_ID: prhX-RStuVc
[2026-08-16T09:04:45.979+0000] {logging_mixin.py:190} INFO - here....
[2026-08-16T09:04:45.982+0000] {data_modification.py:69} INFO - Updated row with Video_ID: 2Gkf7MK6Qmg
[2026-08-16T09:04:45.984+0000] {logging_mixin.py:190} INFO - here....
[2026-08-16T09:04:45.987+0000] {data_modification.py:69} INFO - Updated row with Video_ID: D74vLgMYOxM
[2026-08-16T09:04:45.988+0000] {logging_mixin.py:190} INFO - here....
[2026-08-16T09:04:45.991+0000] {data_modification.py:69} INFO - Updated row with Video_ID: ZrcMc-FtzIM
[2026-08-16T09:04:45.993+0000] {logging_mixin.py:190} INFO - here....
[2026-08-16T09:04:45.996+0000] {data_modification.py:69} INFO - Updated row with Video_ID: EcQOjiVIsNI
[2026-08-16T09:04:45.998+0000] {logging_mixin.py:190} INFO - here....
[2026-08-16T09:04:46.001+0000] {data_modification.py:69} INFO - Updated row with Video_ID: TCdfCskufks
[2026-08-16T09:04:46.003+0000] {logging_mixin.py:190} INFO - here....
[2026-08-16T09:04:46.006+0000] {data_modification.py:69} INFO - Updated row with Video_ID: Qly5PzhxOuo
[2026-08-16T09:04:46.008+0000] {logging_mixin.py:190} INFO - here....
[2026-08-16T09:04:46.011+0000] {data_modification.py:69} INFO - Updated row with Video_ID: xWTGQPUFow4
[2026-08-16T09:04:46.013+0000] {logging_mixin.py:190} INFO - here....
[2026-08-16T09:04:46.016+0000] {data_modification.py:69} INFO - Updated row with Video_ID: NENj8W71b80
[2026-08-16T09:04:46.018+0000] {logging_mixin.py:190} INFO - here....
[2026-08-16T09:04:46.021+0000] {data_modification.py:69} INFO - Updated row with Video_ID: 6Y-3OSNaZ_8
[2026-08-16T09:04:46.022+0000] {logging_mixin.py:190} INFO - here....
[2026-08-16T09:04:46.026+0000] {data_modification.py:69} INFO - Updated row with Video_ID: rdLO-jvanMI
[2026-08-16T09:04:46.027+0000] {logging_mixin.py:190} INFO - here....
[2026-08-16T09:04:46.031+0000] {data_modification.py:69} INFO - Updated row with Video_ID: Wmt4To1ru-8
[2026-08-16T09:04:46.032+0000] {logging_mixin.py:190} INFO - here....
[2026-08-16T09:04:46.036+0000] {data_modification.py:69} INFO - Updated row with Video_ID: Q1F59wszZ_M
[2026-08-16T09:04:46.037+0000] {logging_mixin.py:190} INFO - here....
[2026-08-16T09:04:46.040+0000] {data_modification.py:69} INFO - Updated row with Video_ID: 0xpud4K1olM
[2026-08-16T09:04:46.042+0000] {logging_mixin.py:190} INFO - here....
[2026-08-16T09:04:46.045+0000] {data_modification.py:69} INFO - Updated row with Video_ID: QwLBIiUnhEQ
[2026-08-16T09:04:46.047+0000] {logging_mixin.py:190} INFO - here....
[2026-08-16T09:04:46.050+0000] {data_modification.py:69} INFO - Updated row with Video_ID: 1FNnjGa2BrE
[2026-08-16T09:04:46.051+0000] {logging_mixin.py:190} INFO - here....
[2026-08-16T09:04:46.055+0000] {data_modification.py:69} INFO - Updated row with Video_ID: 8vxoUj3QPSo
[2026-08-16T09:04:46.057+0000] {logging_mixin.py:190} INFO - here....
[2026-08-16T09:04:46.060+0000] {data_modification.py:69} INFO - Updated row with Video_ID: q4IfGGORAsM
[2026-08-16T09:04:46.061+0000] {logging_mixin.py:190} INFO - here....
[2026-08-16T09:04:46.064+0000] {data_modification.py:69} INFO - Updated row with Video_ID: 3M_nitkMVRI
[2026-08-16T09:04:46.066+0000] {logging_mixin.py:190} INFO - here....
[2026-08-16T09:04:46.069+0000] {data_modification.py:69} INFO - Updated row with Video_ID: 93qIuHBRZv8
[2026-08-16T09:04:46.072+0000] {logging_mixin.py:190} INFO - here....
[2026-08-16T09:04:46.075+0000] {data_modification.py:69} INFO - Updated row with Video_ID: VrOzI3brCqI
[2026-08-16T09:04:46.079+0000] {logging_mixin.py:190} INFO - here....
[2026-08-16T09:04:46.082+0000] {data_modification.py:69} INFO - Updated row with Video_ID: 6nWMxRV2Y-c
[2026-08-16T09:04:46.084+0000] {logging_mixin.py:190} INFO - here....
[2026-08-16T09:04:46.091+0000] {data_modification.py:69} INFO - Updated row with Video_ID: cgOLCFsyCCc
[2026-08-16T09:04:46.093+0000] {logging_mixin.py:190} INFO - here....
[2026-08-16T09:04:46.097+0000] {data_modification.py:69} INFO - Updated row with Video_ID: Vk7GsG5yJZw
[2026-08-16T09:04:46.099+0000] {logging_mixin.py:190} INFO - here....
[2026-08-16T09:04:46.104+0000] {data_modification.py:69} INFO - Updated row with Video_ID: eN-4wxVgRDc
[2026-08-16T09:04:46.106+0000] {logging_mixin.py:190} INFO - here....
[2026-08-16T09:04:46.110+0000] {data_modification.py:69} INFO - Updated row with Video_ID: _RQkZIxj9RU
[2026-08-16T09:04:46.113+0000] {logging_mixin.py:190} INFO - here....
[2026-08-16T09:04:46.117+0000] {data_modification.py:69} INFO - Updated row with Video_ID: by6zuZS5bqY
[2026-08-16T09:04:46.119+0000] {logging_mixin.py:190} INFO - here....
[2026-08-16T09:04:46.123+0000] {data_modification.py:69} INFO - Updated row with Video_ID: Z--5D2P8Tnc
[2026-08-16T09:04:46.125+0000] {logging_mixin.py:190} INFO - here....
[2026-08-16T09:04:46.129+0000] {data_modification.py:69} INFO - Updated row with Video_ID: 3A8DXwqzQrw
[2026-08-16T09:04:46.131+0000] {logging_mixin.py:190} INFO - here....
[2026-08-16T09:04:46.135+0000] {data_modification.py:69} INFO - Updated row with Video_ID: taaKxMXCTtQ
[2026-08-16T09:04:46.137+0000] {logging_mixin.py:190} INFO - here....
[2026-08-16T09:04:46.140+0000] {data_modification.py:69} INFO - Updated row with Video_ID: WYY5FwiKe-U
[2026-08-16T09:04:46.142+0000] {logging_mixin.py:190} INFO - here....
[2026-08-16T09:04:46.146+0000] {data_modification.py:69} INFO - Updated row with Video_ID: HgvnD6B-i2g
[2026-08-16T09:04:46.148+0000] {logging_mixin.py:190} INFO - here....
[2026-08-16T09:04:46.152+0000] {data_modification.py:69} INFO - Updated row with Video_ID: ulvGQLgDC50
[2026-08-16T09:04:46.154+0000] {logging_mixin.py:190} INFO - here....
[2026-08-16T09:04:46.157+0000] {data_modification.py:69} INFO - Updated row with Video_ID: IIbj03WNMqA
[2026-08-16T09:04:46.159+0000] {logging_mixin.py:190} INFO - here....
[2026-08-16T09:04:46.163+0000] {data_modification.py:69} INFO - Updated row with Video_ID: HlhAYZszeaA
[2026-08-16T09:04:46.165+0000] {logging_mixin.py:190} INFO - here....
[2026-08-16T09:04:46.169+0000] {data_modification.py:69} INFO - Updated row with Video_ID: fLx9y6wE0LM
[2026-08-16T09:04:46.171+0000] {logging_mixin.py:190} INFO - here....
[2026-08-16T09:04:46.174+0000] {data_modification.py:69} INFO - Updated row with Video_ID: oDrrxbQa91Q
[2026-08-16T09:04:46.177+0000] {logging_mixin.py:190} INFO - here....
[2026-08-16T09:04:46.183+0000] {data_modification.py:69} INFO - Updated row with Video_ID: oqK8mL9yTSE
[2026-08-16T09:04:46.185+0000] {logging_mixin.py:190} INFO - here....
[2026-08-16T09:04:46.189+0000] {data_modification.py:69} INFO - Updated row with Video_ID: byMjlRUWGcw
[2026-08-16T09:04:46.191+0000] {logging_mixin.py:190} INFO - here....
[2026-08-16T09:04:46.195+0000] {data_modification.py:69} INFO - Updated row with Video_ID: luA2Lz7G3Y0
[2026-08-16T09:04:46.197+0000] {logging_mixin.py:190} INFO - here....
[2026-08-16T09:04:46.201+0000] {data_modification.py:69} INFO - Updated row with Video_ID: HqhVVAgHVBk
[2026-08-16T09:04:46.203+0000] {logging_mixin.py:190} INFO - here....
[2026-08-16T09:04:46.207+0000] {data_modification.py:69} INFO - Updated row with Video_ID: HwEShZogASs
[2026-08-16T09:04:46.209+0000] {logging_mixin.py:190} INFO - here....
[2026-08-16T09:04:46.213+0000] {data_modification.py:69} INFO - Updated row with Video_ID: Q_1TUqZIxj0
[2026-08-16T09:04:46.215+0000] {logging_mixin.py:190} INFO - here....
[2026-08-16T09:04:46.219+0000] {data_modification.py:69} INFO - Updated row with Video_ID: 9I3BubUwFzU
[2026-08-16T09:04:46.221+0000] {logging_mixin.py:190} INFO - here....
[2026-08-16T09:04:46.225+0000] {data_modification.py:69} INFO - Updated row with Video_ID: W4nQF9srglk
[2026-08-16T09:04:46.227+0000] {logging_mixin.py:190} INFO - here....
[2026-08-16T09:04:46.230+0000] {data_modification.py:69} INFO - Updated row with Video_ID: Nb2vCULxnBg
[2026-08-16T09:04:46.232+0000] {logging_mixin.py:190} INFO - here....
[2026-08-16T09:04:46.236+0000] {data_modification.py:69} INFO - Updated row with Video_ID: b9-Mxcoxx-Q
[2026-08-16T09:04:46.238+0000] {logging_mixin.py:190} INFO - here....
[2026-08-16T09:04:46.242+0000] {data_modification.py:69} INFO - Updated row with Video_ID: r5Sz5fbd47Y
[2026-08-16T09:04:46.243+0000] {logging_mixin.py:190} INFO - here....
[2026-08-16T09:04:46.247+0000] {data_modification.py:69} INFO - Updated row with Video_ID: _D4_j8Le8wQ
[2026-08-16T09:04:46.248+0000] {logging_mixin.py:190} INFO - here....
[2026-08-16T09:04:46.252+0000] {data_modification.py:69} INFO - Updated row with Video_ID: IUcYuYIYJx4
[2026-08-16T09:04:46.254+0000] {logging_mixin.py:190} INFO - here....
[2026-08-16T09:04:46.257+0000] {data_modification.py:69} INFO - Updated row with Video_ID: Ns0FwvPMoxs
[2026-08-16T09:04:46.259+0000] {logging_mixin.py:190} INFO - here....
[2026-08-16T09:04:46.262+0000] {data_modification.py:69} INFO - Updated row with Video_ID: obg9zI4XOh4
[2026-08-16T09:04:46.264+0000] {logging_mixin.py:190} INFO - here....
[2026-08-16T09:04:46.267+0000] {data_modification.py:69} INFO - Updated row with Video_ID: I7Lszu-DEgI
[2026-08-16T09:04:46.268+0000] {logging_mixin.py:190} INFO - here....
[2026-08-16T09:04:46.272+0000] {data_modification.py:69} INFO - Updated row with Video_ID: 3kavrNtxczk
[2026-08-16T09:04:46.274+0000] {logging_mixin.py:190} INFO - here....
[2026-08-16T09:04:46.277+0000] {data_modification.py:69} INFO - Updated row with Video_ID: Dhmq-J54x4w
[2026-08-16T09:04:46.279+0000] {logging_mixin.py:190} INFO - here....
[2026-08-16T09:04:46.282+0000] {data_modification.py:69} INFO - Updated row with Video_ID: mLUL6PR-PlI
[2026-08-16T09:04:46.284+0000] {logging_mixin.py:190} INFO - here....
[2026-08-16T09:04:46.287+0000] {data_modification.py:69} INFO - Updated row with Video_ID: 3xtKOjd1u0s
[2026-08-16T09:04:46.289+0000] {logging_mixin.py:190} INFO - here....
[2026-08-16T09:04:46.293+0000] {data_modification.py:69} INFO - Updated row with Video_ID: sWGcF-q-TmQ
[2026-08-16T09:04:46.295+0000] {logging_mixin.py:190} INFO - here....
[2026-08-16T09:04:46.298+0000] {data_modification.py:69} INFO - Updated row with Video_ID: oiI3ee6j9iE
[2026-08-16T09:04:46.300+0000] {logging_mixin.py:190} INFO - here....
[2026-08-16T09:04:46.304+0000] {data_modification.py:69} INFO - Updated row with Video_ID: 1zU93qM-_9w
[2026-08-16T09:04:46.306+0000] {logging_mixin.py:190} INFO - here....
[2026-08-16T09:04:46.309+0000] {data_modification.py:69} INFO - Updated row with Video_ID: VVr-nc0x5zA
[2026-08-16T09:04:46.311+0000] {logging_mixin.py:190} INFO - here....
[2026-08-16T09:04:46.315+0000] {data_modification.py:69} INFO - Updated row with Video_ID: oFlSkP6QVPA
[2026-08-16T09:04:46.317+0000] {logging_mixin.py:190} INFO - here....
[2026-08-16T09:04:46.320+0000] {data_modification.py:69} INFO - Updated row with Video_ID: kIgAx6IbdJc
[2026-08-16T09:04:46.321+0000] {logging_mixin.py:190} INFO - here....
[2026-08-16T09:04:46.325+0000] {data_modification.py:69} INFO - Updated row with Video_ID: -cHsNfVjji0
[2026-08-16T09:04:46.326+0000] {logging_mixin.py:190} INFO - here....
[2026-08-16T09:04:46.330+0000] {data_modification.py:69} INFO - Updated row with Video_ID: z2GYdWfOv9k
[2026-08-16T09:04:46.332+0000] {logging_mixin.py:190} INFO - here....
[2026-08-16T09:04:46.335+0000] {data_modification.py:69} INFO - Updated row with Video_ID: 9vuZk2sKpYw
[2026-08-16T09:04:46.337+0000] {logging_mixin.py:190} INFO - here....
[2026-08-16T09:04:46.341+0000] {data_modification.py:69} INFO - Updated row with Video_ID: AoQ3rgOBztg
[2026-08-16T09:04:46.342+0000] {logging_mixin.py:190} INFO - here....
[2026-08-16T09:04:46.345+0000] {data_modification.py:69} INFO - Updated row with Video_ID: iFU1TnhXUIY
[2026-08-16T09:04:46.347+0000] {logging_mixin.py:190} INFO - here....
[2026-08-16T09:04:46.351+0000] {data_modification.py:69} INFO - Updated row with Video_ID: C967tKINYbc
[2026-08-16T09:04:46.352+0000] {logging_mixin.py:190} INFO - here....
[2026-08-16T09:04:46.356+0000] {data_modification.py:69} INFO - Updated row with Video_ID: VhvVGZuV8CA
[2026-08-16T09:04:46.358+0000] {logging_mixin.py:190} INFO - here....
[2026-08-16T09:04:46.362+0000] {data_modification.py:69} INFO - Updated row with Video_ID: 7MveV_icI7M
[2026-08-16T09:04:46.364+0000] {logging_mixin.py:190} INFO - here....
[2026-08-16T09:04:46.368+0000] {data_modification.py:69} INFO - Updated row with Video_ID: EFAzgedovuc
[2026-08-16T09:04:46.369+0000] {logging_mixin.py:190} INFO - here....
[2026-08-16T09:04:46.373+0000] {data_modification.py:69} INFO - Updated row with Video_ID: 2G9msv5drZ8
[2026-08-16T09:04:46.379+0000] {logging_mixin.py:190} INFO - here....
[2026-08-16T09:04:46.385+0000] {data_modification.py:69} INFO - Updated row with Video_ID: fiwZsLC4NLQ
[2026-08-16T09:04:46.387+0000] {logging_mixin.py:190} INFO - here....
[2026-08-16T09:04:46.391+0000] {data_modification.py:69} INFO - Updated row with Video_ID: ur0gZ0HJKlM
[2026-08-16T09:04:46.393+0000] {logging_mixin.py:190} INFO - here....
[2026-08-16T09:04:46.396+0000] {data_modification.py:69} INFO - Updated row with Video_ID: 6m0eONRGY7I
[2026-08-16T09:04:46.397+0000] {logging_mixin.py:190} INFO - here....
[2026-08-16T09:04:46.401+0000] {data_modification.py:69} INFO - Updated row with Video_ID: eOsNCC5i-Yg
[2026-08-16T09:04:46.403+0000] {logging_mixin.py:190} INFO - here....
[2026-08-16T09:04:46.406+0000] {data_modification.py:69} INFO - Updated row with Video_ID: lurDmde6j5Y
[2026-08-16T09:04:46.408+0000] {logging_mixin.py:190} INFO - here....
[2026-08-16T09:04:46.412+0000] {data_modification.py:69} INFO - Updated row with Video_ID: WeLvfoIH9g4
[2026-08-16T09:04:46.414+0000] {logging_mixin.py:190} INFO - here....
[2026-08-16T09:04:46.417+0000] {data_modification.py:69} INFO - Updated row with Video_ID: xGUfA5wyNXk
[2026-08-16T09:04:46.418+0000] {logging_mixin.py:190} INFO - here....
[2026-08-16T09:04:46.422+0000] {data_modification.py:69} INFO - Updated row with Video_ID: 3OK-KJDrFsQ
[2026-08-16T09:04:46.423+0000] {logging_mixin.py:190} INFO - here....
[2026-08-16T09:04:46.427+0000] {data_modification.py:69} INFO - Updated row with Video_ID: Djg5IVSCE6g
[2026-08-16T09:04:46.428+0000] {logging_mixin.py:190} INFO - here....
[2026-08-16T09:04:46.432+0000] {data_modification.py:69} INFO - Updated row with Video_ID: hMlimvgFO4E
[2026-08-16T09:04:46.434+0000] {logging_mixin.py:190} INFO - here....
[2026-08-16T09:04:46.437+0000] {data_modification.py:69} INFO - Updated row with Video_ID: HjWNDtzl2VQ
[2026-08-16T09:04:46.439+0000] {logging_mixin.py:190} INFO - here....
[2026-08-16T09:04:46.442+0000] {data_modification.py:69} INFO - Updated row with Video_ID: wreJc3xELlY
[2026-08-16T09:04:46.444+0000] {logging_mixin.py:190} INFO - here....
[2026-08-16T09:04:46.448+0000] {data_modification.py:69} INFO - Updated row with Video_ID: xDZGB_w8WSo
[2026-08-16T09:04:46.449+0000] {logging_mixin.py:190} INFO - here....
[2026-08-16T09:04:46.453+0000] {data_modification.py:69} INFO - Updated row with Video_ID: nqmrrkUvhRw
[2026-08-16T09:04:46.455+0000] {logging_mixin.py:190} INFO - here....
[2026-08-16T09:04:46.458+0000] {data_modification.py:69} INFO - Updated row with Video_ID: zbjyO9sBxY0
[2026-08-16T09:04:46.459+0000] {logging_mixin.py:190} INFO - here....
[2026-08-16T09:04:46.463+0000] {data_modification.py:69} INFO - Updated row with Video_ID: YocX7wfxgxY
[2026-08-16T09:04:46.464+0000] {logging_mixin.py:190} INFO - here....
[2026-08-16T09:04:46.467+0000] {data_modification.py:69} INFO - Updated row with Video_ID: X2zQzB9P3oo
[2026-08-16T09:04:46.469+0000] {logging_mixin.py:190} INFO - here....
[2026-08-16T09:04:46.473+0000] {data_modification.py:69} INFO - Updated row with Video_ID: avNolvZ02_k
[2026-08-16T09:04:46.474+0000] {logging_mixin.py:190} INFO - here....
[2026-08-16T09:04:46.478+0000] {data_modification.py:69} INFO - Updated row with Video_ID: G_59TjTkVVM
[2026-08-16T09:04:46.479+0000] {logging_mixin.py:190} INFO - here....
[2026-08-16T09:04:46.483+0000] {data_modification.py:69} INFO - Updated row with Video_ID: fVUZy-Exs90
[2026-08-16T09:04:46.484+0000] {logging_mixin.py:190} INFO - here....
[2026-08-16T09:04:46.488+0000] {data_modification.py:69} INFO - Updated row with Video_ID: DE5n7OiXmqM
[2026-08-16T09:04:46.490+0000] {logging_mixin.py:190} INFO - here....
[2026-08-16T09:04:46.493+0000] {data_modification.py:69} INFO - Updated row with Video_ID: H_Caofv95a4
[2026-08-16T09:04:46.495+0000] {logging_mixin.py:190} INFO - here....
[2026-08-16T09:04:46.499+0000] {data_modification.py:69} INFO - Updated row with Video_ID: PxLiZcWOtWI
[2026-08-16T09:04:46.500+0000] {logging_mixin.py:190} INFO - here....
[2026-08-16T09:04:46.504+0000] {data_modification.py:69} INFO - Updated row with Video_ID: Q3mlNjnRO8w
[2026-08-16T09:04:46.506+0000] {logging_mixin.py:190} INFO - here....
[2026-08-16T09:04:46.509+0000] {data_modification.py:69} INFO - Updated row with Video_ID: A45cBv5lt78
[2026-08-16T09:04:46.511+0000] {logging_mixin.py:190} INFO - here....
[2026-08-16T09:04:46.515+0000] {data_modification.py:69} INFO - Updated row with Video_ID: oTjQ7RtCzMk
[2026-08-16T09:04:46.516+0000] {logging_mixin.py:190} INFO - here....
[2026-08-16T09:04:46.520+0000] {data_modification.py:69} INFO - Updated row with Video_ID: skdwi6zUoe8
[2026-08-16T09:04:46.521+0000] {logging_mixin.py:190} INFO - here....
[2026-08-16T09:04:46.525+0000] {data_modification.py:69} INFO - Updated row with Video_ID: VKJa69Taqmc
[2026-08-16T09:04:46.527+0000] {logging_mixin.py:190} INFO - here....
[2026-08-16T09:04:46.531+0000] {data_modification.py:69} INFO - Updated row with Video_ID: ZmyMaD147H0
[2026-08-16T09:04:46.533+0000] {logging_mixin.py:190} INFO - here....
[2026-08-16T09:04:46.537+0000] {data_modification.py:69} INFO - Updated row with Video_ID: 6cAvs2qY_7Y
[2026-08-16T09:04:46.538+0000] {logging_mixin.py:190} INFO - here....
[2026-08-16T09:04:46.542+0000] {data_modification.py:69} INFO - Updated row with Video_ID: eBdHsIrotlg
[2026-08-16T09:04:46.543+0000] {logging_mixin.py:190} INFO - here....
[2026-08-16T09:04:46.547+0000] {data_modification.py:69} INFO - Updated row with Video_ID: vyfRrgZKtsQ
[2026-08-16T09:04:46.549+0000] {logging_mixin.py:190} INFO - here....
[2026-08-16T09:04:46.553+0000] {data_modification.py:69} INFO - Updated row with Video_ID: 4MGZXF0TzsQ
[2026-08-16T09:04:46.555+0000] {logging_mixin.py:190} INFO - here....
[2026-08-16T09:04:46.558+0000] {data_modification.py:69} INFO - Updated row with Video_ID: V0jYfrkNrrE
[2026-08-16T09:04:46.560+0000] {logging_mixin.py:190} INFO - here....
[2026-08-16T09:04:46.564+0000] {data_modification.py:69} INFO - Updated row with Video_ID: aze9Jsw6-Io
[2026-08-16T09:04:46.566+0000] {logging_mixin.py:190} INFO - here....
[2026-08-16T09:04:46.569+0000] {data_modification.py:69} INFO - Updated row with Video_ID: hZD4KG7itq0
[2026-08-16T09:04:46.571+0000] {logging_mixin.py:190} INFO - here....
[2026-08-16T09:04:46.574+0000] {data_modification.py:69} INFO - Updated row with Video_ID: wb1Y3nVQ30U
[2026-08-16T09:04:46.575+0000] {logging_mixin.py:190} INFO - here....
[2026-08-16T09:04:46.579+0000] {data_modification.py:69} INFO - Updated row with Video_ID: zcU1ZgBikMQ
[2026-08-16T09:04:46.580+0000] {logging_mixin.py:190} INFO - here....
[2026-08-16T09:04:46.584+0000] {data_modification.py:69} INFO - Updated row with Video_ID: xlfI0hrhAOk
[2026-08-16T09:04:46.586+0000] {logging_mixin.py:190} INFO - here....
[2026-08-16T09:04:46.589+0000] {data_modification.py:69} INFO - Updated row with Video_ID: w50zliPw6qU
[2026-08-16T09:04:46.591+0000] {logging_mixin.py:190} INFO - here....
[2026-08-16T09:04:46.594+0000] {data_modification.py:69} INFO - Updated row with Video_ID: fvImHDfXX-o
[2026-08-16T09:04:46.595+0000] {logging_mixin.py:190} INFO - here....
[2026-08-16T09:04:46.598+0000] {data_modification.py:69} INFO - Updated row with Video_ID: E68aGS1HHjI
[2026-08-16T09:04:46.600+0000] {logging_mixin.py:190} INFO - here....
[2026-08-16T09:04:46.603+0000] {data_modification.py:69} INFO - Updated row with Video_ID: KDdiQqyeza4
[2026-08-16T09:04:46.605+0000] {logging_mixin.py:190} INFO - here....
[2026-08-16T09:04:46.609+0000] {data_modification.py:69} INFO - Updated row with Video_ID: xPnbyuAlPOo
[2026-08-16T09:04:46.610+0000] {logging_mixin.py:190} INFO - here....
[2026-08-16T09:04:46.614+0000] {data_modification.py:69} INFO - Updated row with Video_ID: EPzzl37glaE
[2026-08-16T09:04:46.615+0000] {logging_mixin.py:190} INFO - here....
[2026-08-16T09:04:46.619+0000] {data_modification.py:69} INFO - Updated row with Video_ID: HVkSGvZi-WY
[2026-08-16T09:04:46.621+0000] {logging_mixin.py:190} INFO - here....
[2026-08-16T09:04:46.626+0000] {data_modification.py:69} INFO - Updated row with Video_ID: 759CFNJFBHw
[2026-08-16T09:04:46.630+0000] {logging_mixin.py:190} INFO - here....
[2026-08-16T09:04:46.636+0000] {data_modification.py:69} INFO - Updated row with Video_ID: WwiOhqv6HbY
[2026-08-16T09:04:46.638+0000] {logging_mixin.py:190} INFO - here....
[2026-08-16T09:04:46.643+0000] {data_modification.py:69} INFO - Updated row with Video_ID: wrU3YU36VIs
[2026-08-16T09:04:46.645+0000] {logging_mixin.py:190} INFO - here....
[2026-08-16T09:04:46.649+0000] {data_modification.py:69} INFO - Updated row with Video_ID: JRE8mNk9z_A
[2026-08-16T09:04:46.651+0000] {logging_mixin.py:190} INFO - here....
[2026-08-16T09:04:46.655+0000] {data_modification.py:69} INFO - Updated row with Video_ID: GzY-rSQ7mXM
[2026-08-16T09:04:46.657+0000] {logging_mixin.py:190} INFO - here....
[2026-08-16T09:04:46.662+0000] {data_modification.py:69} INFO - Updated row with Video_ID: l0n1pC_kAMg
[2026-08-16T09:04:46.664+0000] {logging_mixin.py:190} INFO - here....
[2026-08-16T09:04:46.671+0000] {data_modification.py:69} INFO - Updated row with Video_ID: IcVYyF3EEbk
[2026-08-16T09:04:46.673+0000] {logging_mixin.py:190} INFO - here....
[2026-08-16T09:04:46.678+0000] {data_modification.py:69} INFO - Updated row with Video_ID: CBp5YWlOhWA
[2026-08-16T09:04:46.680+0000] {logging_mixin.py:190} INFO - here....
[2026-08-16T09:04:46.685+0000] {data_modification.py:69} INFO - Updated row with Video_ID: 31aeI_jStow
[2026-08-16T09:04:46.687+0000] {logging_mixin.py:190} INFO - here....
[2026-08-16T09:04:46.691+0000] {data_modification.py:69} INFO - Updated row with Video_ID: 0B2MddSr_d4
[2026-08-16T09:04:46.693+0000] {logging_mixin.py:190} INFO - here....
[2026-08-16T09:04:46.697+0000] {data_modification.py:69} INFO - Updated row with Video_ID: mzVr750c59g
[2026-08-16T09:04:46.700+0000] {logging_mixin.py:190} INFO - here....
[2026-08-16T09:04:46.705+0000] {data_modification.py:69} INFO - Updated row with Video_ID: SJfARPJYf5o
[2026-08-16T09:04:46.707+0000] {logging_mixin.py:190} INFO - here....
[2026-08-16T09:04:46.711+0000] {data_modification.py:69} INFO - Updated row with Video_ID: J1ZhPDu54NQ
[2026-08-16T09:04:46.713+0000] {logging_mixin.py:190} INFO - here....
[2026-08-16T09:04:46.717+0000] {data_modification.py:69} INFO - Updated row with Video_ID: now02e4JZvc
[2026-08-16T09:04:46.719+0000] {logging_mixin.py:190} INFO - here....
[2026-08-16T09:04:46.722+0000] {data_modification.py:69} INFO - Updated row with Video_ID: JepLZh_dMeY
[2026-08-16T09:04:46.724+0000] {logging_mixin.py:190} INFO - here....
[2026-08-16T09:04:46.728+0000] {data_modification.py:69} INFO - Updated row with Video_ID: EQvsasW4DQk
[2026-08-16T09:04:46.731+0000] {logging_mixin.py:190} INFO - here....
[2026-08-16T09:04:46.735+0000] {data_modification.py:69} INFO - Updated row with Video_ID: NS_Rp2rfZzw
[2026-08-16T09:04:46.737+0000] {logging_mixin.py:190} INFO - here....
[2026-08-16T09:04:46.741+0000] {data_modification.py:69} INFO - Updated row with Video_ID: rhrnuT6WWAc
[2026-08-16T09:04:46.743+0000] {logging_mixin.py:190} INFO - here....
[2026-08-16T09:04:46.748+0000] {data_modification.py:69} INFO - Updated row with Video_ID: 8_1PAFyHQts
[2026-08-16T09:04:46.750+0000] {logging_mixin.py:190} INFO - here....
[2026-08-16T09:04:46.754+0000] {data_modification.py:69} INFO - Updated row with Video_ID: uPLHmRYlwSk
[2026-08-16T09:04:46.756+0000] {logging_mixin.py:190} INFO - here....
[2026-08-16T09:04:46.760+0000] {data_modification.py:69} INFO - Updated row with Video_ID: lUr6-SKWi34
[2026-08-16T09:04:46.762+0000] {logging_mixin.py:190} INFO - here....
[2026-08-16T09:04:46.766+0000] {data_modification.py:69} INFO - Updated row with Video_ID: tXCVotNusIo
[2026-08-16T09:04:46.768+0000] {logging_mixin.py:190} INFO - here....
[2026-08-16T09:04:46.772+0000] {data_modification.py:69} INFO - Updated row with Video_ID: A4yn0fO5I7I
[2026-08-16T09:04:46.774+0000] {logging_mixin.py:190} INFO - here....
[2026-08-16T09:04:46.778+0000] {data_modification.py:69} INFO - Updated row with Video_ID: 7QfSoW9bhoA
[2026-08-16T09:04:46.780+0000] {logging_mixin.py:190} INFO - here....
[2026-08-16T09:04:46.785+0000] {data_modification.py:69} INFO - Updated row with Video_ID: VLVS-0RyLCc
[2026-08-16T09:04:46.787+0000] {logging_mixin.py:190} INFO - here....
[2026-08-16T09:04:46.793+0000] {data_modification.py:69} INFO - Updated row with Video_ID: UE-U8eSo1cE
[2026-08-16T09:04:46.795+0000] {logging_mixin.py:190} INFO - here....
[2026-08-16T09:04:46.801+0000] {data_modification.py:69} INFO - Updated row with Video_ID: Kk1WPkBJu0Q
[2026-08-16T09:04:46.803+0000] {logging_mixin.py:190} INFO - here....
[2026-08-16T09:04:46.808+0000] {data_modification.py:69} INFO - Updated row with Video_ID: EAcqjhtCdXc
[2026-08-16T09:04:46.811+0000] {logging_mixin.py:190} INFO - here....
[2026-08-16T09:04:46.817+0000] {data_modification.py:69} INFO - Updated row with Video_ID: TULEk6tSbow
[2026-08-16T09:04:46.820+0000] {logging_mixin.py:190} INFO - here....
[2026-08-16T09:04:46.824+0000] {data_modification.py:69} INFO - Updated row with Video_ID: 3HSwBzFMRf4
[2026-08-16T09:04:46.827+0000] {logging_mixin.py:190} INFO - here....
[2026-08-16T09:04:46.831+0000] {data_modification.py:69} INFO - Updated row with Video_ID: eb-OoBupLnI
[2026-08-16T09:04:46.834+0000] {logging_mixin.py:190} INFO - here....
[2026-08-16T09:04:46.838+0000] {data_modification.py:69} INFO - Updated row with Video_ID: QXHqkMuhjMM
[2026-08-16T09:04:46.840+0000] {logging_mixin.py:190} INFO - here....
[2026-08-16T09:04:46.844+0000] {data_modification.py:69} INFO - Updated row with Video_ID: p61_lIHiqLg
[2026-08-16T09:04:46.846+0000] {logging_mixin.py:190} INFO - here....
[2026-08-16T09:04:46.851+0000] {data_modification.py:69} INFO - Updated row with Video_ID: tVIPdoGHtHs
[2026-08-16T09:04:46.852+0000] {logging_mixin.py:190} INFO - here....
[2026-08-16T09:04:46.857+0000] {data_modification.py:69} INFO - Updated row with Video_ID: CiPjXo63aHs
[2026-08-16T09:04:46.859+0000] {logging_mixin.py:190} INFO - here....
[2026-08-16T09:04:46.864+0000] {data_modification.py:69} INFO - Updated row with Video_ID: QXQEtn7Aq9Y
[2026-08-16T09:04:46.865+0000] {logging_mixin.py:190} INFO - here....
[2026-08-16T09:04:46.869+0000] {data_modification.py:69} INFO - Updated row with Video_ID: _rG-It86F68
[2026-08-16T09:04:46.872+0000] {logging_mixin.py:190} INFO - here....
[2026-08-16T09:04:46.878+0000] {data_modification.py:69} INFO - Updated row with Video_ID: qV2UAoVGtGQ
[2026-08-16T09:04:46.883+0000] {logging_mixin.py:190} INFO - here....
[2026-08-16T09:04:46.891+0000] {data_modification.py:69} INFO - Updated row with Video_ID: uvquD2ly9PA
[2026-08-16T09:04:46.894+0000] {logging_mixin.py:190} INFO - here....
[2026-08-16T09:04:46.900+0000] {data_modification.py:69} INFO - Updated row with Video_ID: qYM2-s1tgxI
[2026-08-16T09:04:46.902+0000] {logging_mixin.py:190} INFO - here....
[2026-08-16T09:04:46.907+0000] {data_modification.py:69} INFO - Updated row with Video_ID: g3jaj4pRfa0
[2026-08-16T09:04:46.910+0000] {logging_mixin.py:190} INFO - here....
[2026-08-16T09:04:46.916+0000] {data_modification.py:69} INFO - Updated row with Video_ID: enF6hmh1WUM
[2026-08-16T09:04:46.918+0000] {logging_mixin.py:190} INFO - here....
[2026-08-16T09:04:46.924+0000] {data_modification.py:69} INFO - Updated row with Video_ID: Rexkzm0Rt0w
[2026-08-16T09:04:46.927+0000] {logging_mixin.py:190} INFO - here....
[2026-08-16T09:04:46.932+0000] {data_modification.py:69} INFO - Updated row with Video_ID: Agee-PD6lv8
[2026-08-16T09:04:46.934+0000] {logging_mixin.py:190} INFO - here....
[2026-08-16T09:04:46.938+0000] {data_modification.py:69} INFO - Updated row with Video_ID: iUfqcpLWkOw
[2026-08-16T09:04:46.941+0000] {logging_mixin.py:190} INFO - here....
[2026-08-16T09:04:46.946+0000] {data_modification.py:69} INFO - Updated row with Video_ID: Bt1anVVGljw
[2026-08-16T09:04:46.949+0000] {logging_mixin.py:190} INFO - here....
[2026-08-16T09:04:46.953+0000] {data_modification.py:69} INFO - Updated row with Video_ID: AmEsmyasukk
[2026-08-16T09:04:46.956+0000] {logging_mixin.py:190} INFO - here....
[2026-08-16T09:04:46.961+0000] {data_modification.py:69} INFO - Updated row with Video_ID: oMi5faaPLaY
[2026-08-16T09:04:46.964+0000] {logging_mixin.py:190} INFO - here....
[2026-08-16T09:04:46.968+0000] {data_modification.py:69} INFO - Updated row with Video_ID: MC3tMhVWjBQ
[2026-08-16T09:04:46.970+0000] {logging_mixin.py:190} INFO - here....
[2026-08-16T09:04:46.975+0000] {data_modification.py:69} INFO - Updated row with Video_ID: pouaXB21PN4
[2026-08-16T09:04:46.977+0000] {logging_mixin.py:190} INFO - here....
[2026-08-16T09:04:46.981+0000] {data_modification.py:69} INFO - Updated row with Video_ID: A8Uj0as16Ek
[2026-08-16T09:04:46.983+0000] {logging_mixin.py:190} INFO - here....
[2026-08-16T09:04:46.986+0000] {data_modification.py:69} INFO - Updated row with Video_ID: FKqiRUuDNcI
[2026-08-16T09:04:46.988+0000] {logging_mixin.py:190} INFO - here....
[2026-08-16T09:04:46.993+0000] {data_modification.py:69} INFO - Updated row with Video_ID: bQEh6KF6qDo
[2026-08-16T09:04:46.996+0000] {logging_mixin.py:190} INFO - here....
[2026-08-16T09:04:46.999+0000] {data_modification.py:69} INFO - Updated row with Video_ID: kqOmz7rCeUQ
[2026-08-16T09:04:47.001+0000] {logging_mixin.py:190} INFO - here....
[2026-08-16T09:04:47.005+0000] {data_modification.py:69} INFO - Updated row with Video_ID: 4dg5tIELgIQ
[2026-08-16T09:04:47.007+0000] {logging_mixin.py:190} INFO - here....
[2026-08-16T09:04:47.011+0000] {data_modification.py:69} INFO - Updated row with Video_ID: ZaOb1lxa11k
[2026-08-16T09:04:47.013+0000] {logging_mixin.py:190} INFO - here....
[2026-08-16T09:04:47.016+0000] {data_modification.py:69} INFO - Updated row with Video_ID: tkq53He5l3I
[2026-08-16T09:04:47.018+0000] {logging_mixin.py:190} INFO - here....
[2026-08-16T09:04:47.022+0000] {data_modification.py:69} INFO - Updated row with Video_ID: eXATeCmTXow
[2026-08-16T09:04:47.024+0000] {logging_mixin.py:190} INFO - here....
[2026-08-16T09:04:47.028+0000] {data_modification.py:69} INFO - Updated row with Video_ID: MBEvuz2g90g
[2026-08-16T09:04:47.030+0000] {logging_mixin.py:190} INFO - here....
[2026-08-16T09:04:47.034+0000] {data_modification.py:69} INFO - Updated row with Video_ID: Ma42RCWeYC4
[2026-08-16T09:04:47.036+0000] {logging_mixin.py:190} INFO - here....
[2026-08-16T09:04:47.040+0000] {data_modification.py:69} INFO - Updated row with Video_ID: xmOhtSW6zbg
[2026-08-16T09:04:47.042+0000] {logging_mixin.py:190} INFO - here....
[2026-08-16T09:04:47.046+0000] {data_modification.py:69} INFO - Updated row with Video_ID: joqSgsDFqPU
[2026-08-16T09:04:47.048+0000] {logging_mixin.py:190} INFO - here....
[2026-08-16T09:04:47.052+0000] {data_modification.py:69} INFO - Updated row with Video_ID: 4VWTy5DgxkQ
[2026-08-16T09:04:47.054+0000] {logging_mixin.py:190} INFO - here....
[2026-08-16T09:04:47.058+0000] {data_modification.py:69} INFO - Updated row with Video_ID: AemmYF6eKRI
[2026-08-16T09:04:47.060+0000] {logging_mixin.py:190} INFO - here....
[2026-08-16T09:04:47.064+0000] {data_modification.py:69} INFO - Updated row with Video_ID: tf4OAmRhk38
[2026-08-16T09:04:47.066+0000] {logging_mixin.py:190} INFO - here....
[2026-08-16T09:04:47.071+0000] {data_modification.py:69} INFO - Updated row with Video_ID: Nr75yJ_nXnQ
[2026-08-16T09:04:47.073+0000] {logging_mixin.py:190} INFO - here....
[2026-08-16T09:04:47.077+0000] {data_modification.py:69} INFO - Updated row with Video_ID: RIA4RuAz9gE
[2026-08-16T09:04:47.078+0000] {logging_mixin.py:190} INFO - here....
[2026-08-16T09:04:47.082+0000] {data_modification.py:69} INFO - Updated row with Video_ID: -jpW6NbVD9c
[2026-08-16T09:04:47.084+0000] {logging_mixin.py:190} INFO - here....
[2026-08-16T09:04:47.088+0000] {data_modification.py:69} INFO - Updated row with Video_ID: vmxpCInDXiY
[2026-08-16T09:04:47.089+0000] {logging_mixin.py:190} INFO - here....
[2026-08-16T09:04:47.093+0000] {data_modification.py:69} INFO - Updated row with Video_ID: RKoj_ATMags
[2026-08-16T09:04:47.095+0000] {logging_mixin.py:190} INFO - here....
[2026-08-16T09:04:47.098+0000] {data_modification.py:69} INFO - Updated row with Video_ID: ImLCP-O8q6s
[2026-08-16T09:04:47.100+0000] {logging_mixin.py:190} INFO - here....
[2026-08-16T09:04:47.103+0000] {data_modification.py:69} INFO - Updated row with Video_ID: bFJ1lJ9z_mk
[2026-08-16T09:04:47.105+0000] {logging_mixin.py:190} INFO - here....
[2026-08-16T09:04:47.109+0000] {data_modification.py:69} INFO - Updated row with Video_ID: Dn1euPfaNU8
[2026-08-16T09:04:47.111+0000] {logging_mixin.py:190} INFO - here....
[2026-08-16T09:04:47.115+0000] {data_modification.py:69} INFO - Updated row with Video_ID: VgvFaNkJFY4
[2026-08-16T09:04:47.116+0000] {logging_mixin.py:190} INFO - here....
[2026-08-16T09:04:47.120+0000] {data_modification.py:69} INFO - Updated row with Video_ID: ttKMoJsocoI
[2026-08-16T09:04:47.122+0000] {logging_mixin.py:190} INFO - here....
[2026-08-16T09:04:47.125+0000] {data_modification.py:69} INFO - Updated row with Video_ID: JymeJDFatWA
[2026-08-16T09:04:47.128+0000] {logging_mixin.py:190} INFO - here....
[2026-08-16T09:04:47.132+0000] {data_modification.py:69} INFO - Updated row with Video_ID: fuE_vnFcO-s
[2026-08-16T09:04:47.134+0000] {logging_mixin.py:190} INFO - here....
[2026-08-16T09:04:47.138+0000] {data_modification.py:69} INFO - Updated row with Video_ID: SfUla62JUzg
[2026-08-16T09:04:47.139+0000] {logging_mixin.py:190} INFO - here....
[2026-08-16T09:04:47.143+0000] {data_modification.py:69} INFO - Updated row with Video_ID: 7zrclXypbgw
[2026-08-16T09:04:47.146+0000] {logging_mixin.py:190} INFO - here....
[2026-08-16T09:04:47.150+0000] {data_modification.py:69} INFO - Updated row with Video_ID: JGqjQlHtt3o
[2026-08-16T09:04:47.152+0000] {logging_mixin.py:190} INFO - here....
[2026-08-16T09:04:47.156+0000] {data_modification.py:69} INFO - Updated row with Video_ID: CVYqJTzgKjA
[2026-08-16T09:04:47.157+0000] {logging_mixin.py:190} INFO - here....
[2026-08-16T09:04:47.161+0000] {data_modification.py:69} INFO - Updated row with Video_ID: J_Aza9lWRI8
[2026-08-16T09:04:47.163+0000] {logging_mixin.py:190} INFO - here....
[2026-08-16T09:04:47.167+0000] {data_modification.py:69} INFO - Updated row with Video_ID: l5JR6vP0kWE
[2026-08-16T09:04:47.168+0000] {logging_mixin.py:190} INFO - here....
[2026-08-16T09:04:47.172+0000] {data_modification.py:69} INFO - Updated row with Video_ID: _T1Dxxk5QDw
[2026-08-16T09:04:47.173+0000] {logging_mixin.py:190} INFO - here....
[2026-08-16T09:04:47.178+0000] {data_modification.py:69} INFO - Updated row with Video_ID: x289oQsxu0s
[2026-08-16T09:04:47.180+0000] {logging_mixin.py:190} INFO - here....
[2026-08-16T09:04:47.184+0000] {data_modification.py:69} INFO - Updated row with Video_ID: gndV_d_Q1SE
[2026-08-16T09:04:47.186+0000] {logging_mixin.py:190} INFO - here....
[2026-08-16T09:04:47.190+0000] {data_modification.py:69} INFO - Updated row with Video_ID: BBaF8kH_qtI
[2026-08-16T09:04:47.192+0000] {logging_mixin.py:190} INFO - here....
[2026-08-16T09:04:47.195+0000] {data_modification.py:69} INFO - Updated row with Video_ID: jnd5eSwvKNA
[2026-08-16T09:04:47.197+0000] {logging_mixin.py:190} INFO - here....
[2026-08-16T09:04:47.201+0000] {data_modification.py:69} INFO - Updated row with Video_ID: 8H6nu67Rt3g
[2026-08-16T09:04:47.203+0000] {logging_mixin.py:190} INFO - here....
[2026-08-16T09:04:47.206+0000] {data_modification.py:69} INFO - Updated row with Video_ID: Ei5wKpfVFwE
[2026-08-16T09:04:47.208+0000] {logging_mixin.py:190} INFO - here....
[2026-08-16T09:04:47.212+0000] {data_modification.py:69} INFO - Updated row with Video_ID: cTTf0AdRZgg
[2026-08-16T09:04:47.213+0000] {logging_mixin.py:190} INFO - here....
[2026-08-16T09:04:47.217+0000] {data_modification.py:69} INFO - Updated row with Video_ID: hrwce8RrPvU
[2026-08-16T09:04:47.219+0000] {logging_mixin.py:190} INFO - here....
[2026-08-16T09:04:47.222+0000] {data_modification.py:69} INFO - Updated row with Video_ID: h_EbSqu8KI4
[2026-08-16T09:04:47.224+0000] {logging_mixin.py:190} INFO - here....
[2026-08-16T09:04:47.228+0000] {data_modification.py:69} INFO - Updated row with Video_ID: mPWN1YjoIR4
[2026-08-16T09:04:47.229+0000] {logging_mixin.py:190} INFO - here....
[2026-08-16T09:04:47.233+0000] {data_modification.py:69} INFO - Updated row with Video_ID: x1Dn-vH3xUk
[2026-08-16T09:04:47.235+0000] {logging_mixin.py:190} INFO - here....
[2026-08-16T09:04:47.239+0000] {data_modification.py:69} INFO - Updated row with Video_ID: fgtZyDVRydM
[2026-08-16T09:04:47.240+0000] {logging_mixin.py:190} INFO - here....
[2026-08-16T09:04:47.245+0000] {data_modification.py:69} INFO - Updated row with Video_ID: 9shZkA9eHbs
[2026-08-16T09:04:47.247+0000] {logging_mixin.py:190} INFO - here....
[2026-08-16T09:04:47.251+0000] {data_modification.py:69} INFO - Updated row with Video_ID: JQ2L-X1uHIA
[2026-08-16T09:04:47.253+0000] {logging_mixin.py:190} INFO - here....
[2026-08-16T09:04:47.257+0000] {data_modification.py:69} INFO - Updated row with Video_ID: xnu2k33WREU
[2026-08-16T09:04:47.259+0000] {logging_mixin.py:190} INFO - here....
[2026-08-16T09:04:47.263+0000] {data_modification.py:69} INFO - Updated row with Video_ID: ftkacJowya0
[2026-08-16T09:04:47.265+0000] {logging_mixin.py:190} INFO - here....
[2026-08-16T09:04:47.269+0000] {data_modification.py:69} INFO - Updated row with Video_ID: 3HHUG3ULqMU
[2026-08-16T09:04:47.271+0000] {logging_mixin.py:190} INFO - here....
[2026-08-16T09:04:47.276+0000] {data_modification.py:69} INFO - Updated row with Video_ID: xBb861qwUJw
[2026-08-16T09:04:47.278+0000] {logging_mixin.py:190} INFO - here....
[2026-08-16T09:04:47.282+0000] {data_modification.py:69} INFO - Updated row with Video_ID: pkoVK28g9G8
[2026-08-16T09:04:47.284+0000] {logging_mixin.py:190} INFO - here....
[2026-08-16T09:04:47.287+0000] {data_modification.py:69} INFO - Updated row with Video_ID: DNs5dtB19T8
[2026-08-16T09:04:47.289+0000] {logging_mixin.py:190} INFO - here....
[2026-08-16T09:04:47.292+0000] {data_modification.py:69} INFO - Updated row with Video_ID: c2RH7394ELk
[2026-08-16T09:04:47.295+0000] {logging_mixin.py:190} INFO - here....
[2026-08-16T09:04:47.299+0000] {data_modification.py:69} INFO - Updated row with Video_ID: fGn715C4N3E
[2026-08-16T09:04:47.301+0000] {logging_mixin.py:190} INFO - here....
[2026-08-16T09:04:47.304+0000] {data_modification.py:69} INFO - Updated row with Video_ID: TOuKjdfW1fs
[2026-08-16T09:04:47.306+0000] {logging_mixin.py:190} INFO - here....
[2026-08-16T09:04:47.311+0000] {data_modification.py:69} INFO - Updated row with Video_ID: ejbZMMc3QfY
[2026-08-16T09:04:47.313+0000] {logging_mixin.py:190} INFO - here....
[2026-08-16T09:04:47.318+0000] {data_modification.py:69} INFO - Updated row with Video_ID: VlLmkcCJvJI
[2026-08-16T09:04:47.320+0000] {logging_mixin.py:190} INFO - here....
[2026-08-16T09:04:47.325+0000] {data_modification.py:69} INFO - Updated row with Video_ID: lG7RDMtqys8
[2026-08-16T09:04:47.327+0000] {logging_mixin.py:190} INFO - here....
[2026-08-16T09:04:47.334+0000] {data_modification.py:69} INFO - Updated row with Video_ID: 3L-YK9bxkvM
[2026-08-16T09:04:47.337+0000] {logging_mixin.py:190} INFO - here....
[2026-08-16T09:04:47.342+0000] {data_modification.py:69} INFO - Updated row with Video_ID: 3y36CF802UQ
[2026-08-16T09:04:47.344+0000] {logging_mixin.py:190} INFO - here....
[2026-08-16T09:04:47.348+0000] {data_modification.py:69} INFO - Updated row with Video_ID: q_OWmiA6s5M
[2026-08-16T09:04:47.350+0000] {logging_mixin.py:190} INFO - here....
[2026-08-16T09:04:47.354+0000] {data_modification.py:69} INFO - Updated row with Video_ID: nI4cOKPJggc
[2026-08-16T09:04:47.356+0000] {logging_mixin.py:190} INFO - here....
[2026-08-16T09:04:47.360+0000] {data_modification.py:69} INFO - Updated row with Video_ID: 2_TeKCgKAhU
[2026-08-16T09:04:47.363+0000] {logging_mixin.py:190} INFO - here....
[2026-08-16T09:04:47.368+0000] {data_modification.py:69} INFO - Updated row with Video_ID: _1-YXcDFvrY
[2026-08-16T09:04:47.370+0000] {logging_mixin.py:190} INFO - here....
[2026-08-16T09:04:47.374+0000] {data_modification.py:69} INFO - Updated row with Video_ID: uVt9Z7cc-HM
[2026-08-16T09:04:47.376+0000] {logging_mixin.py:190} INFO - here....
[2026-08-16T09:04:47.382+0000] {data_modification.py:69} INFO - Updated row with Video_ID: XD0120rHefw
[2026-08-16T09:04:47.384+0000] {logging_mixin.py:190} INFO - here....
[2026-08-16T09:04:47.388+0000] {data_modification.py:69} INFO - Updated row with Video_ID: P7ixCjnFdoM
[2026-08-16T09:04:47.390+0000] {logging_mixin.py:190} INFO - here....
[2026-08-16T09:04:47.394+0000] {data_modification.py:69} INFO - Updated row with Video_ID: 67E7TwHJBQg
[2026-08-16T09:04:47.396+0000] {logging_mixin.py:190} INFO - here....
[2026-08-16T09:04:47.400+0000] {data_modification.py:69} INFO - Updated row with Video_ID: Gojc2laTkXE
[2026-08-16T09:04:47.402+0000] {logging_mixin.py:190} INFO - here....
[2026-08-16T09:04:47.405+0000] {data_modification.py:69} INFO - Updated row with Video_ID: TI0NPxpf04M
[2026-08-16T09:04:47.407+0000] {logging_mixin.py:190} INFO - here....
[2026-08-16T09:04:47.411+0000] {data_modification.py:69} INFO - Updated row with Video_ID: 9wh8OWt9hFg
[2026-08-16T09:04:47.414+0000] {logging_mixin.py:190} INFO - here....
[2026-08-16T09:04:47.418+0000] {data_modification.py:69} INFO - Updated row with Video_ID: czPuGesEcYE
[2026-08-16T09:04:47.420+0000] {logging_mixin.py:190} INFO - here....
[2026-08-16T09:04:47.424+0000] {data_modification.py:69} INFO - Updated row with Video_ID: yDVAnmaF9zI
[2026-08-16T09:04:47.425+0000] {logging_mixin.py:190} INFO - here....
[2026-08-16T09:04:47.429+0000] {data_modification.py:69} INFO - Updated row with Video_ID: haKbuoiGVyw
[2026-08-16T09:04:47.430+0000] {logging_mixin.py:190} INFO - here....
[2026-08-16T09:04:47.434+0000] {data_modification.py:69} INFO - Updated row with Video_ID: wPsJsB-5Ts4
[2026-08-16T09:04:47.436+0000] {logging_mixin.py:190} INFO - here....
[2026-08-16T09:04:47.440+0000] {data_modification.py:69} INFO - Updated row with Video_ID: sa9Pc5S5YS4
[2026-08-16T09:04:47.441+0000] {logging_mixin.py:190} INFO - here....
[2026-08-16T09:04:47.445+0000] {data_modification.py:69} INFO - Updated row with Video_ID: xPftLsZeKSg
[2026-08-16T09:04:47.447+0000] {logging_mixin.py:190} INFO - here....
[2026-08-16T09:04:47.450+0000] {data_modification.py:69} INFO - Updated row with Video_ID: 2RwsBtJV4SE
[2026-08-16T09:04:47.452+0000] {logging_mixin.py:190} INFO - here....
[2026-08-16T09:04:47.456+0000] {data_modification.py:69} INFO - Updated row with Video_ID: 6w_Qtt_7-dA
[2026-08-16T09:04:47.458+0000] {logging_mixin.py:190} INFO - here....
[2026-08-16T09:04:47.462+0000] {data_modification.py:69} INFO - Updated row with Video_ID: Uw0zsQ1sDmY
[2026-08-16T09:04:47.464+0000] {logging_mixin.py:190} INFO - here....
[2026-08-16T09:04:47.467+0000] {data_modification.py:69} INFO - Updated row with Video_ID: 6vm0PEQS6U8
[2026-08-16T09:04:47.469+0000] {logging_mixin.py:190} INFO - here....
[2026-08-16T09:04:47.473+0000] {data_modification.py:69} INFO - Updated row with Video_ID: fm5F7sLj1lQ
[2026-08-16T09:04:47.474+0000] {logging_mixin.py:190} INFO - here....
[2026-08-16T09:04:47.478+0000] {data_modification.py:69} INFO - Updated row with Video_ID: 2cPULlGYs4o
[2026-08-16T09:04:47.479+0000] {logging_mixin.py:190} INFO - here....
[2026-08-16T09:04:47.483+0000] {data_modification.py:69} INFO - Updated row with Video_ID: YN_jEgf4mfA
[2026-08-16T09:04:47.484+0000] {logging_mixin.py:190} INFO - here....
[2026-08-16T09:04:47.488+0000] {data_modification.py:69} INFO - Updated row with Video_ID: MntIwzr9tdY
[2026-08-16T09:04:47.489+0000] {logging_mixin.py:190} INFO - here....
[2026-08-16T09:04:47.493+0000] {data_modification.py:69} INFO - Updated row with Video_ID: MqZkn0J4TU0
[2026-08-16T09:04:47.495+0000] {logging_mixin.py:190} INFO - here....
[2026-08-16T09:04:47.498+0000] {data_modification.py:69} INFO - Updated row with Video_ID: dBgVb4QX1dA
[2026-08-16T09:04:47.500+0000] {logging_mixin.py:190} INFO - here....
[2026-08-16T09:04:47.504+0000] {data_modification.py:69} INFO - Updated row with Video_ID: 7J4cJXWTgyk
[2026-08-16T09:04:47.506+0000] {logging_mixin.py:190} INFO - here....
[2026-08-16T09:04:47.510+0000] {data_modification.py:69} INFO - Updated row with Video_ID: DGEJ-6w3RwM
[2026-08-16T09:04:47.511+0000] {logging_mixin.py:190} INFO - here....
[2026-08-16T09:04:47.515+0000] {data_modification.py:69} INFO - Updated row with Video_ID: fgpeopy-Zoc
[2026-08-16T09:04:47.516+0000] {logging_mixin.py:190} INFO - here....
[2026-08-16T09:04:47.520+0000] {data_modification.py:69} INFO - Updated row with Video_ID: BNzg_64gMTY
[2026-08-16T09:04:47.522+0000] {logging_mixin.py:190} INFO - here....
[2026-08-16T09:04:47.525+0000] {data_modification.py:69} INFO - Updated row with Video_ID: Q58rjLBuzfg
[2026-08-16T09:04:47.527+0000] {logging_mixin.py:190} INFO - here....
[2026-08-16T09:04:47.530+0000] {data_modification.py:69} INFO - Updated row with Video_ID: OXHeXvn4dlI
[2026-08-16T09:04:47.532+0000] {logging_mixin.py:190} INFO - here....
[2026-08-16T09:04:47.535+0000] {data_modification.py:69} INFO - Updated row with Video_ID: dCiKQUQPK7g
[2026-08-16T09:04:47.537+0000] {logging_mixin.py:190} INFO - here....
[2026-08-16T09:04:47.540+0000] {data_modification.py:69} INFO - Updated row with Video_ID: _buH7F-dupc
[2026-08-16T09:04:47.542+0000] {logging_mixin.py:190} INFO - here....
[2026-08-16T09:04:47.546+0000] {data_modification.py:69} INFO - Updated row with Video_ID: nMFiimlxMrg
[2026-08-16T09:04:47.547+0000] {logging_mixin.py:190} INFO - here....
[2026-08-16T09:04:47.551+0000] {data_modification.py:69} INFO - Updated row with Video_ID: REoyEQf96CY
[2026-08-16T09:04:47.553+0000] {logging_mixin.py:190} INFO - here....
[2026-08-16T09:04:47.557+0000] {data_modification.py:69} INFO - Updated row with Video_ID: Wf4effmhu7o
[2026-08-16T09:04:47.559+0000] {logging_mixin.py:190} INFO - here....
[2026-08-16T09:04:47.563+0000] {data_modification.py:69} INFO - Updated row with Video_ID: pzKCy5D9q4I
[2026-08-16T09:04:47.564+0000] {logging_mixin.py:190} INFO - here....
[2026-08-16T09:04:47.568+0000] {data_modification.py:69} INFO - Updated row with Video_ID: 9WnEdjOiGRg
[2026-08-16T09:04:47.570+0000] {logging_mixin.py:190} INFO - here....
[2026-08-16T09:04:47.574+0000] {data_modification.py:69} INFO - Updated row with Video_ID: Auuz2iswkLo
[2026-08-16T09:04:47.576+0000] {logging_mixin.py:190} INFO - here....
[2026-08-16T09:04:47.580+0000] {data_modification.py:69} INFO - Updated row with Video_ID: A3j7splgeps
[2026-08-16T09:04:47.583+0000] {logging_mixin.py:190} INFO - here....
[2026-08-16T09:04:47.587+0000] {data_modification.py:69} INFO - Updated row with Video_ID: 6TWITfCWZe8
[2026-08-16T09:04:47.589+0000] {logging_mixin.py:190} INFO - here....
[2026-08-16T09:04:47.594+0000] {data_modification.py:69} INFO - Updated row with Video_ID: dVuU8TFoRks
[2026-08-16T09:04:47.596+0000] {logging_mixin.py:190} INFO - here....
[2026-08-16T09:04:47.602+0000] {data_modification.py:69} INFO - Updated row with Video_ID: 1iJszjLAvW8
[2026-08-16T09:04:47.604+0000] {logging_mixin.py:190} INFO - here....
[2026-08-16T09:04:47.608+0000] {data_modification.py:69} INFO - Updated row with Video_ID: _VGzQ69WWVc
[2026-08-16T09:04:47.610+0000] {logging_mixin.py:190} INFO - here....
[2026-08-16T09:04:47.615+0000] {data_modification.py:69} INFO - Updated row with Video_ID: 8SoxJPEa7S8
[2026-08-16T09:04:47.616+0000] {logging_mixin.py:190} INFO - here....
[2026-08-16T09:04:47.621+0000] {data_modification.py:69} INFO - Updated row with Video_ID: W-d9OjIdsKE
[2026-08-16T09:04:47.622+0000] {logging_mixin.py:190} INFO - here....
[2026-08-16T09:04:47.626+0000] {data_modification.py:69} INFO - Updated row with Video_ID: UnsgpjNn-bg
[2026-08-16T09:04:47.629+0000] {logging_mixin.py:190} INFO - here....
[2026-08-16T09:04:47.633+0000] {data_modification.py:69} INFO - Updated row with Video_ID: GDDj_RFDHyk
[2026-08-16T09:04:47.635+0000] {logging_mixin.py:190} INFO - here....
[2026-08-16T09:04:47.639+0000] {data_modification.py:69} INFO - Updated row with Video_ID: a0nvGgLC5F8
[2026-08-16T09:04:47.641+0000] {logging_mixin.py:190} INFO - here....
[2026-08-16T09:04:47.645+0000] {data_modification.py:69} INFO - Updated row with Video_ID: cVQQvqiHOdA
[2026-08-16T09:04:47.648+0000] {logging_mixin.py:190} INFO - here....
[2026-08-16T09:04:47.652+0000] {data_modification.py:69} INFO - Updated row with Video_ID: n0XTK-DXIbQ
[2026-08-16T09:04:47.654+0000] {logging_mixin.py:190} INFO - here....
[2026-08-16T09:04:47.658+0000] {data_modification.py:69} INFO - Updated row with Video_ID: Wo7lxA8sfvY
[2026-08-16T09:04:47.661+0000] {logging_mixin.py:190} INFO - here....
[2026-08-16T09:04:47.666+0000] {data_modification.py:69} INFO - Updated row with Video_ID: Z6BkqyPvbQY
[2026-08-16T09:04:47.668+0000] {logging_mixin.py:190} INFO - here....
[2026-08-16T09:04:47.673+0000] {data_modification.py:69} INFO - Updated row with Video_ID: YSv-1whya24
[2026-08-16T09:04:47.676+0000] {logging_mixin.py:190} INFO - here....
[2026-08-16T09:04:47.681+0000] {data_modification.py:69} INFO - Updated row with Video_ID: yHE9_YfVLtg
[2026-08-16T09:04:47.683+0000] {logging_mixin.py:190} INFO - here....
[2026-08-16T09:04:47.687+0000] {data_modification.py:69} INFO - Updated row with Video_ID: WUvY2H8KcRw
[2026-08-16T09:04:47.689+0000] {logging_mixin.py:190} INFO - here....
[2026-08-16T09:04:47.693+0000] {data_modification.py:69} INFO - Updated row with Video_ID: QsoytcbiqQI
[2026-08-16T09:04:47.694+0000] {logging_mixin.py:190} INFO - here....
[2026-08-16T09:04:47.698+0000] {data_modification.py:69} INFO - Updated row with Video_ID: a_wJqpdnbjk
[2026-08-16T09:04:47.700+0000] {logging_mixin.py:190} INFO - here....
[2026-08-16T09:04:47.704+0000] {data_modification.py:69} INFO - Updated row with Video_ID: 69NF_4T6Bqk
[2026-08-16T09:04:47.706+0000] {logging_mixin.py:190} INFO - here....
[2026-08-16T09:04:47.709+0000] {data_modification.py:69} INFO - Updated row with Video_ID: izugGKtCqOE
[2026-08-16T09:04:47.711+0000] {logging_mixin.py:190} INFO - here....
[2026-08-16T09:04:47.715+0000] {data_modification.py:69} INFO - Updated row with Video_ID: v8ZiCRCjGRM
[2026-08-16T09:04:47.716+0000] {logging_mixin.py:190} INFO - here....
[2026-08-16T09:04:47.721+0000] {data_modification.py:69} INFO - Updated row with Video_ID: 3dFpYgziO_0
[2026-08-16T09:04:47.723+0000] {logging_mixin.py:190} INFO - here....
[2026-08-16T09:04:47.727+0000] {data_modification.py:69} INFO - Updated row with Video_ID: nyxtW124WR4
[2026-08-16T09:04:47.729+0000] {logging_mixin.py:190} INFO - here....
[2026-08-16T09:04:47.733+0000] {data_modification.py:69} INFO - Updated row with Video_ID: yjxkMITf_cU
[2026-08-16T09:04:47.735+0000] {logging_mixin.py:190} INFO - here....
[2026-08-16T09:04:47.739+0000] {data_modification.py:69} INFO - Updated row with Video_ID: CXKEFQV17xI
[2026-08-16T09:04:47.741+0000] {logging_mixin.py:190} INFO - here....
[2026-08-16T09:04:47.745+0000] {data_modification.py:69} INFO - Updated row with Video_ID: vi3xTTdzvPU
[2026-08-16T09:04:47.747+0000] {logging_mixin.py:190} INFO - here....
[2026-08-16T09:04:47.751+0000] {data_modification.py:69} INFO - Updated row with Video_ID: za7f59vO5sQ
[2026-08-16T09:04:47.753+0000] {logging_mixin.py:190} INFO - here....
[2026-08-16T09:04:47.758+0000] {data_modification.py:69} INFO - Updated row with Video_ID: SIAHGesRHa8
[2026-08-16T09:04:47.760+0000] {logging_mixin.py:190} INFO - here....
[2026-08-16T09:04:47.764+0000] {data_modification.py:69} INFO - Updated row with Video_ID: xLKGl4YzpnY
[2026-08-16T09:04:47.766+0000] {logging_mixin.py:190} INFO - here....
[2026-08-16T09:04:47.770+0000] {data_modification.py:69} INFO - Updated row with Video_ID: xWiFsMrcziA
[2026-08-16T09:04:47.772+0000] {logging_mixin.py:190} INFO - here....
[2026-08-16T09:04:47.777+0000] {data_modification.py:69} INFO - Updated row with Video_ID: j3Q1Ifq5w6A
[2026-08-16T09:04:47.779+0000] {logging_mixin.py:190} INFO - here....
[2026-08-16T09:04:47.782+0000] {data_modification.py:69} INFO - Updated row with Video_ID: ntTs0xLtp5s
[2026-08-16T09:04:47.784+0000] {logging_mixin.py:190} INFO - here....
[2026-08-16T09:04:47.788+0000] {data_modification.py:69} INFO - Updated row with Video_ID: wwBG3rOq5Pc
[2026-08-16T09:04:47.789+0000] {logging_mixin.py:190} INFO - here....
[2026-08-16T09:04:47.793+0000] {data_modification.py:69} INFO - Updated row with Video_ID: p8FwtNUYB_g
[2026-08-16T09:04:47.795+0000] {logging_mixin.py:190} INFO - here....
[2026-08-16T09:04:47.798+0000] {data_modification.py:69} INFO - Updated row with Video_ID: 0O1TWkzahmg
[2026-08-16T09:04:47.800+0000] {logging_mixin.py:190} INFO - here....
[2026-08-16T09:04:47.803+0000] {data_modification.py:69} INFO - Updated row with Video_ID: sf8MF9p_6cA
[2026-08-16T09:04:47.805+0000] {logging_mixin.py:190} INFO - here....
[2026-08-16T09:04:47.808+0000] {data_modification.py:69} INFO - Updated row with Video_ID: J0hzebq4_Sc
[2026-08-16T09:04:47.810+0000] {logging_mixin.py:190} INFO - here....
[2026-08-16T09:04:47.813+0000] {data_modification.py:69} INFO - Updated row with Video_ID: emQ7INjw_TA
[2026-08-16T09:04:47.815+0000] {logging_mixin.py:190} INFO - here....
[2026-08-16T09:04:47.819+0000] {data_modification.py:69} INFO - Updated row with Video_ID: LDJY6Eblmg8
[2026-08-16T09:04:47.820+0000] {logging_mixin.py:190} INFO - here....
[2026-08-16T09:04:47.824+0000] {data_modification.py:69} INFO - Updated row with Video_ID: GcUHgZ_g5sM
[2026-08-16T09:04:47.825+0000] {logging_mixin.py:190} INFO - here....
[2026-08-16T09:04:47.829+0000] {data_modification.py:69} INFO - Updated row with Video_ID: XtYpdXY_jaM
[2026-08-16T09:04:47.831+0000] {logging_mixin.py:190} INFO - here....
[2026-08-16T09:04:47.834+0000] {data_modification.py:69} INFO - Updated row with Video_ID: hHv_JrqShI0
[2026-08-16T09:04:47.836+0000] {logging_mixin.py:190} INFO - here....
[2026-08-16T09:04:47.840+0000] {data_modification.py:69} INFO - Updated row with Video_ID: xK0bnNoi5ng
[2026-08-16T09:04:47.841+0000] {logging_mixin.py:190} INFO - here....
[2026-08-16T09:04:47.844+0000] {data_modification.py:69} INFO - Updated row with Video_ID: bQuNl812VqI
[2026-08-16T09:04:47.846+0000] {logging_mixin.py:190} INFO - here....
[2026-08-16T09:04:47.849+0000] {data_modification.py:69} INFO - Updated row with Video_ID: cfvLgrMYWKo
[2026-08-16T09:04:47.851+0000] {logging_mixin.py:190} INFO - here....
[2026-08-16T09:04:47.855+0000] {data_modification.py:69} INFO - Updated row with Video_ID: 9OmZ9qey3Uo
[2026-08-16T09:04:47.856+0000] {logging_mixin.py:190} INFO - here....
[2026-08-16T09:04:47.860+0000] {data_modification.py:69} INFO - Updated row with Video_ID: wwJiHKP2pqc
[2026-08-16T09:04:47.861+0000] {logging_mixin.py:190} INFO - here....
[2026-08-16T09:04:47.865+0000] {data_modification.py:69} INFO - Updated row with Video_ID: wP451vIfOUs
[2026-08-16T09:04:47.867+0000] {logging_mixin.py:190} INFO - here....
[2026-08-16T09:04:47.871+0000] {data_modification.py:69} INFO - Updated row with Video_ID: J0F_5jgpD3k
[2026-08-16T09:04:47.872+0000] {logging_mixin.py:190} INFO - here....
[2026-08-16T09:04:47.876+0000] {data_modification.py:69} INFO - Updated row with Video_ID: 2x74tCGdy70
[2026-08-16T09:04:47.878+0000] {logging_mixin.py:190} INFO - here....
[2026-08-16T09:04:47.881+0000] {data_modification.py:69} INFO - Updated row with Video_ID: 0Vzt3XU89kM
[2026-08-16T09:04:47.883+0000] {logging_mixin.py:190} INFO - here....
[2026-08-16T09:04:47.886+0000] {data_modification.py:69} INFO - Updated row with Video_ID: Iq0yOm1lQNw
[2026-08-16T09:04:47.888+0000] {logging_mixin.py:190} INFO - here....
[2026-08-16T09:04:47.891+0000] {data_modification.py:69} INFO - Updated row with Video_ID: FeTRrdIpt3Y
[2026-08-16T09:04:47.893+0000] {logging_mixin.py:190} INFO - here....
[2026-08-16T09:04:47.897+0000] {data_modification.py:69} INFO - Updated row with Video_ID: 44NHPhSyo9M
[2026-08-16T09:04:47.899+0000] {logging_mixin.py:190} INFO - here....
[2026-08-16T09:04:47.907+0000] {data_modification.py:69} INFO - Updated row with Video_ID: istaIJhPQBE
[2026-08-16T09:04:47.915+0000] {logging_mixin.py:190} INFO - here....
[2026-08-16T09:04:47.923+0000] {data_modification.py:69} INFO - Updated row with Video_ID: aPyJeZtol9s
[2026-08-16T09:04:47.926+0000] {logging_mixin.py:190} INFO - here....
[2026-08-16T09:04:47.930+0000] {data_modification.py:69} INFO - Updated row with Video_ID: YIqtehachHc
[2026-08-16T09:04:47.932+0000] {logging_mixin.py:190} INFO - here....
[2026-08-16T09:04:47.937+0000] {data_modification.py:69} INFO - Updated row with Video_ID: TuGb_gi7WTA
[2026-08-16T09:04:47.940+0000] {logging_mixin.py:190} INFO - here....
[2026-08-16T09:04:47.944+0000] {data_modification.py:69} INFO - Updated row with Video_ID: Vojf-725Yp8
[2026-08-16T09:04:47.946+0000] {logging_mixin.py:190} INFO - here....
[2026-08-16T09:04:47.950+0000] {data_modification.py:69} INFO - Updated row with Video_ID: viYbNIbe3FQ
[2026-08-16T09:04:47.952+0000] {logging_mixin.py:190} INFO - here....
[2026-08-16T09:04:47.955+0000] {data_modification.py:69} INFO - Updated row with Video_ID: twGPQS3XNsw
[2026-08-16T09:04:47.957+0000] {logging_mixin.py:190} INFO - here....
[2026-08-16T09:04:47.961+0000] {data_modification.py:69} INFO - Updated row with Video_ID: fccNB-chRQA
[2026-08-16T09:04:47.962+0000] {logging_mixin.py:190} INFO - here....
[2026-08-16T09:04:47.966+0000] {data_modification.py:69} INFO - Updated row with Video_ID: Qe8Rj9pnmT0
[2026-08-16T09:04:47.967+0000] {logging_mixin.py:190} INFO - here....
[2026-08-16T09:04:47.971+0000] {data_modification.py:69} INFO - Updated row with Video_ID: 8a2w-yH1zSI
[2026-08-16T09:04:47.973+0000] {logging_mixin.py:190} INFO - here....
[2026-08-16T09:04:47.976+0000] {data_modification.py:69} INFO - Updated row with Video_ID: JlnvNXvttms
[2026-08-16T09:04:47.978+0000] {logging_mixin.py:190} INFO - here....
[2026-08-16T09:04:47.981+0000] {data_modification.py:69} INFO - Updated row with Video_ID: D_SidjbHoGo
[2026-08-16T09:04:47.983+0000] {logging_mixin.py:190} INFO - here....
[2026-08-16T09:04:47.987+0000] {data_modification.py:69} INFO - Updated row with Video_ID: qskb5J36pfg
[2026-08-16T09:04:47.988+0000] {logging_mixin.py:190} INFO - here....
[2026-08-16T09:04:47.992+0000] {data_modification.py:69} INFO - Updated row with Video_ID: 1s5L3HjuXgA
[2026-08-16T09:04:47.994+0000] {logging_mixin.py:190} INFO - here....
[2026-08-16T09:04:47.998+0000] {data_modification.py:69} INFO - Updated row with Video_ID: zRdG1g3VPL0
[2026-08-16T09:04:47.999+0000] {logging_mixin.py:190} INFO - here....
[2026-08-16T09:04:48.003+0000] {data_modification.py:69} INFO - Updated row with Video_ID: SudbvSEaq0g
[2026-08-16T09:04:48.005+0000] {logging_mixin.py:190} INFO - here....
[2026-08-16T09:04:48.009+0000] {data_modification.py:69} INFO - Updated row with Video_ID: lpL8Jjt4kHk
[2026-08-16T09:04:48.011+0000] {logging_mixin.py:190} INFO - here....
[2026-08-16T09:04:48.015+0000] {data_modification.py:69} INFO - Updated row with Video_ID: HQsgpz9lFS0
[2026-08-16T09:04:48.017+0000] {logging_mixin.py:190} INFO - here....
[2026-08-16T09:04:48.021+0000] {data_modification.py:69} INFO - Updated row with Video_ID: KnoflIre5gE
[2026-08-16T09:04:48.023+0000] {logging_mixin.py:190} INFO - here....
[2026-08-16T09:04:48.027+0000] {data_modification.py:69} INFO - Updated row with Video_ID: nxIlyaYPAdE
[2026-08-16T09:04:48.028+0000] {logging_mixin.py:190} INFO - here....
[2026-08-16T09:04:48.032+0000] {data_modification.py:69} INFO - Updated row with Video_ID: NEwZHhI2Rj0
[2026-08-16T09:04:48.034+0000] {logging_mixin.py:190} INFO - here....
[2026-08-16T09:04:48.038+0000] {data_modification.py:69} INFO - Updated row with Video_ID: 4S7Ra3PXXgQ
[2026-08-16T09:04:48.040+0000] {logging_mixin.py:190} INFO - here....
[2026-08-16T09:04:48.044+0000] {data_modification.py:69} INFO - Updated row with Video_ID: ISctWPEzbdY
[2026-08-16T09:04:48.046+0000] {logging_mixin.py:190} INFO - here....
[2026-08-16T09:04:48.051+0000] {data_modification.py:69} INFO - Updated row with Video_ID: FDLcUMy9yKw
[2026-08-16T09:04:48.053+0000] {logging_mixin.py:190} INFO - here....
[2026-08-16T09:04:48.059+0000] {data_modification.py:69} INFO - Updated row with Video_ID: OldGFW9QyqQ
[2026-08-16T09:04:48.061+0000] {logging_mixin.py:190} INFO - here....
[2026-08-16T09:04:48.067+0000] {data_modification.py:69} INFO - Updated row with Video_ID: ZoJ-yfzO9xk
[2026-08-16T09:04:48.069+0000] {logging_mixin.py:190} INFO - here....
[2026-08-16T09:04:48.074+0000] {data_modification.py:69} INFO - Updated row with Video_ID: bXPNvKlQHxU
[2026-08-16T09:04:48.076+0000] {logging_mixin.py:190} INFO - here....
[2026-08-16T09:04:48.081+0000] {data_modification.py:69} INFO - Updated row with Video_ID: hPOnZMYbVaw
[2026-08-16T09:04:48.084+0000] {logging_mixin.py:190} INFO - here....
[2026-08-16T09:04:48.089+0000] {data_modification.py:69} INFO - Updated row with Video_ID: NCcnO58YeN0
[2026-08-16T09:04:48.091+0000] {logging_mixin.py:190} INFO - here....
[2026-08-16T09:04:48.095+0000] {data_modification.py:69} INFO - Updated row with Video_ID: X02KQwmeHss
[2026-08-16T09:04:48.098+0000] {logging_mixin.py:190} INFO - here....
[2026-08-16T09:04:48.104+0000] {data_modification.py:69} INFO - Updated row with Video_ID: qdnIpBr25dY
[2026-08-16T09:04:48.106+0000] {logging_mixin.py:190} INFO - here....
[2026-08-16T09:04:48.110+0000] {data_modification.py:69} INFO - Updated row with Video_ID: kxnH_mpq32w
[2026-08-16T09:04:48.112+0000] {logging_mixin.py:190} INFO - here....
[2026-08-16T09:04:48.117+0000] {data_modification.py:69} INFO - Updated row with Video_ID: be4p7rU_VKA
[2026-08-16T09:04:48.119+0000] {logging_mixin.py:190} INFO - here....
[2026-08-16T09:04:48.123+0000] {data_modification.py:69} INFO - Updated row with Video_ID: asiCNI82CcM
[2026-08-16T09:04:48.125+0000] {logging_mixin.py:190} INFO - here....
[2026-08-16T09:04:48.130+0000] {data_modification.py:69} INFO - Updated row with Video_ID: APy64ETlRaM
[2026-08-16T09:04:48.132+0000] {logging_mixin.py:190} INFO - here....
[2026-08-16T09:04:48.136+0000] {data_modification.py:69} INFO - Updated row with Video_ID: GJRQe0ISQUs
[2026-08-16T09:04:48.138+0000] {logging_mixin.py:190} INFO - here....
[2026-08-16T09:04:48.142+0000] {data_modification.py:69} INFO - Updated row with Video_ID: VzJQ1ommLW8
[2026-08-16T09:04:48.144+0000] {logging_mixin.py:190} INFO - here....
[2026-08-16T09:04:48.148+0000] {data_modification.py:69} INFO - Updated row with Video_ID: NK42Cgib4qQ
[2026-08-16T09:04:48.150+0000] {logging_mixin.py:190} INFO - here....
[2026-08-16T09:04:48.154+0000] {data_modification.py:69} INFO - Updated row with Video_ID: defZKYz7FuQ
[2026-08-16T09:04:48.156+0000] {logging_mixin.py:190} INFO - here....
[2026-08-16T09:04:48.161+0000] {data_modification.py:69} INFO - Updated row with Video_ID: h27qa9QX6EA
[2026-08-16T09:04:48.163+0000] {logging_mixin.py:190} INFO - here....
[2026-08-16T09:04:48.168+0000] {data_modification.py:69} INFO - Updated row with Video_ID: ihfJh8dv8mU
[2026-08-16T09:04:48.170+0000] {logging_mixin.py:190} INFO - here....
[2026-08-16T09:04:48.173+0000] {data_modification.py:69} INFO - Updated row with Video_ID: pOhpTCT4pWM
[2026-08-16T09:04:48.176+0000] {logging_mixin.py:190} INFO - here....
[2026-08-16T09:04:48.181+0000] {data_modification.py:69} INFO - Updated row with Video_ID: a4y7Bs_F8sU
[2026-08-16T09:04:48.183+0000] {logging_mixin.py:190} INFO - here....
[2026-08-16T09:04:48.187+0000] {data_modification.py:69} INFO - Updated row with Video_ID: qDzJuXoTN1Y
[2026-08-16T09:04:48.190+0000] {logging_mixin.py:190} INFO - here....
[2026-08-16T09:04:48.196+0000] {data_modification.py:69} INFO - Updated row with Video_ID: wVlEMD0THH8
[2026-08-16T09:04:48.198+0000] {logging_mixin.py:190} INFO - here....
[2026-08-16T09:04:48.203+0000] {data_modification.py:69} INFO - Updated row with Video_ID: EJ79VvL-p6w
[2026-08-16T09:04:48.207+0000] {logging_mixin.py:190} INFO - here....
[2026-08-16T09:04:48.212+0000] {data_modification.py:69} INFO - Updated row with Video_ID: iJyafEAUCsw
[2026-08-16T09:04:48.214+0000] {logging_mixin.py:190} INFO - here....
[2026-08-16T09:04:48.220+0000] {data_modification.py:69} INFO - Updated row with Video_ID: aRqCbCxxmbg
[2026-08-16T09:04:48.223+0000] {logging_mixin.py:190} INFO - here....
[2026-08-16T09:04:48.229+0000] {data_modification.py:69} INFO - Updated row with Video_ID: MRTU5lqpJi4
[2026-08-16T09:04:48.232+0000] {logging_mixin.py:190} INFO - here....
[2026-08-16T09:04:48.238+0000] {data_modification.py:69} INFO - Updated row with Video_ID: yoP_Mzu4Hf4
[2026-08-16T09:04:48.241+0000] {logging_mixin.py:190} INFO - here....
[2026-08-16T09:04:48.247+0000] {data_modification.py:69} INFO - Updated row with Video_ID: 0A6fmURqD8s
[2026-08-16T09:04:48.252+0000] {logging_mixin.py:190} INFO - here....
[2026-08-16T09:04:48.259+0000] {data_modification.py:69} INFO - Updated row with Video_ID: HL-kSqgABh8
[2026-08-16T09:04:48.262+0000] {logging_mixin.py:190} INFO - here....
[2026-08-16T09:04:48.270+0000] {data_modification.py:69} INFO - Updated row with Video_ID: ux9rf-TDYlQ
[2026-08-16T09:04:48.274+0000] {logging_mixin.py:190} INFO - here....
[2026-08-16T09:04:48.281+0000] {data_modification.py:69} INFO - Updated row with Video_ID: u6ugEgTUhUA
[2026-08-16T09:04:48.285+0000] {logging_mixin.py:190} INFO - here....
[2026-08-16T09:04:48.293+0000] {data_modification.py:69} INFO - Updated row with Video_ID: 4ijOv6-Fh_k
[2026-08-16T09:04:48.297+0000] {logging_mixin.py:190} INFO - here....
[2026-08-16T09:04:48.304+0000] {data_modification.py:69} INFO - Updated row with Video_ID: 8WiTgb23Rc8
[2026-08-16T09:04:48.309+0000] {logging_mixin.py:190} INFO - here....
[2026-08-16T09:04:48.317+0000] {data_modification.py:69} INFO - Updated row with Video_ID: hU0-5ta4ly8
[2026-08-16T09:04:48.321+0000] {logging_mixin.py:190} INFO - here....
[2026-08-16T09:04:48.329+0000] {data_modification.py:69} INFO - Updated row with Video_ID: 3FNZD254Gjg
[2026-08-16T09:04:48.334+0000] {logging_mixin.py:190} INFO - here....
[2026-08-16T09:04:48.342+0000] {data_modification.py:69} INFO - Updated row with Video_ID: 89SJQC7E_SU
[2026-08-16T09:04:48.347+0000] {logging_mixin.py:190} INFO - here....
[2026-08-16T09:04:48.354+0000] {data_modification.py:69} INFO - Updated row with Video_ID: hRM6Y4FZ-C8
[2026-08-16T09:04:48.357+0000] {logging_mixin.py:190} INFO - here....
[2026-08-16T09:04:48.365+0000] {data_modification.py:69} INFO - Updated row with Video_ID: Z3Vhm65rOZ8
[2026-08-16T09:04:48.370+0000] {logging_mixin.py:190} INFO - here....
[2026-08-16T09:04:48.378+0000] {data_modification.py:69} INFO - Updated row with Video_ID: QjPu0hmJ0iI
[2026-08-16T09:04:48.381+0000] {logging_mixin.py:190} INFO - here....
[2026-08-16T09:04:48.388+0000] {data_modification.py:69} INFO - Updated row with Video_ID: UX_4AEJrjm8
[2026-08-16T09:04:48.392+0000] {logging_mixin.py:190} INFO - here....
[2026-08-16T09:04:48.399+0000] {data_modification.py:69} INFO - Updated row with Video_ID: mVZKSwuRXFY
[2026-08-16T09:04:48.404+0000] {logging_mixin.py:190} INFO - here....
[2026-08-16T09:04:48.413+0000] {data_modification.py:69} INFO - Updated row with Video_ID: yqr-KzthawQ
[2026-08-16T09:04:48.417+0000] {logging_mixin.py:190} INFO - here....
[2026-08-16T09:04:48.426+0000] {data_modification.py:69} INFO - Updated row with Video_ID: EHkK4IyF6IM
[2026-08-16T09:04:48.430+0000] {logging_mixin.py:190} INFO - here....
[2026-08-16T09:04:48.437+0000] {data_modification.py:69} INFO - Updated row with Video_ID: rvhBKC5pJ9c
[2026-08-16T09:04:48.440+0000] {logging_mixin.py:190} INFO - here....
[2026-08-16T09:04:48.447+0000] {data_modification.py:69} INFO - Updated row with Video_ID: t3vahm6Qlu0
[2026-08-16T09:04:48.451+0000] {logging_mixin.py:190} INFO - here....
[2026-08-16T09:04:48.459+0000] {data_modification.py:69} INFO - Updated row with Video_ID: QIq3BjQPQOE
[2026-08-16T09:04:48.464+0000] {logging_mixin.py:190} INFO - here....
[2026-08-16T09:04:48.472+0000] {data_modification.py:69} INFO - Updated row with Video_ID: rvU5W_3OB7Q
[2026-08-16T09:04:48.475+0000] {logging_mixin.py:190} INFO - here....
[2026-08-16T09:04:48.482+0000] {data_modification.py:69} INFO - Updated row with Video_ID: e09x4LCXjqo
[2026-08-16T09:04:48.485+0000] {logging_mixin.py:190} INFO - here....
[2026-08-16T09:04:48.492+0000] {data_modification.py:69} INFO - Updated row with Video_ID: Ss9kCtoCPp8
[2026-08-16T09:04:48.496+0000] {logging_mixin.py:190} INFO - here....
[2026-08-16T09:04:48.503+0000] {data_modification.py:69} INFO - Updated row with Video_ID: eUyjPEYEzxA
[2026-08-16T09:04:48.506+0000] {logging_mixin.py:190} INFO - here....
[2026-08-16T09:04:48.513+0000] {data_modification.py:69} INFO - Updated row with Video_ID: K-zLsThnOf4
[2026-08-16T09:04:48.517+0000] {logging_mixin.py:190} INFO - here....
[2026-08-16T09:04:48.524+0000] {data_modification.py:69} INFO - Updated row with Video_ID: 9oN9hg0AdQw
[2026-08-16T09:04:48.527+0000] {logging_mixin.py:190} INFO - here....
[2026-08-16T09:04:48.535+0000] {data_modification.py:69} INFO - Updated row with Video_ID: tjOHZo1KJ9M
[2026-08-16T09:04:48.539+0000] {logging_mixin.py:190} INFO - here....
[2026-08-16T09:04:48.549+0000] {data_modification.py:69} INFO - Updated row with Video_ID: qxsY1VdWnfM
[2026-08-16T09:04:48.557+0000] {logging_mixin.py:190} INFO - here....
[2026-08-16T09:04:48.564+0000] {data_modification.py:69} INFO - Updated row with Video_ID: XsRNSxYi5SU
[2026-08-16T09:04:48.568+0000] {logging_mixin.py:190} INFO - here....
[2026-08-16T09:04:48.575+0000] {data_modification.py:69} INFO - Updated row with Video_ID: 06gtxUgm1N4
[2026-08-16T09:04:48.578+0000] {logging_mixin.py:190} INFO - here....
[2026-08-16T09:04:48.584+0000] {data_modification.py:69} INFO - Updated row with Video_ID: 36JY4X0082k
[2026-08-16T09:04:48.587+0000] {logging_mixin.py:190} INFO - here....
[2026-08-16T09:04:48.594+0000] {data_modification.py:69} INFO - Updated row with Video_ID: OyWahSZkAeQ
[2026-08-16T09:04:48.597+0000] {logging_mixin.py:190} INFO - here....
[2026-08-16T09:04:48.603+0000] {data_modification.py:69} INFO - Updated row with Video_ID: CO12pFdVOGc
[2026-08-16T09:04:48.606+0000] {logging_mixin.py:190} INFO - here....
[2026-08-16T09:04:48.611+0000] {data_modification.py:69} INFO - Updated row with Video_ID: Tv00V8Lae-I
[2026-08-16T09:04:48.614+0000] {logging_mixin.py:190} INFO - here....
[2026-08-16T09:04:48.619+0000] {data_modification.py:69} INFO - Updated row with Video_ID: 6-qHrN_g2Wg
[2026-08-16T09:04:48.622+0000] {logging_mixin.py:190} INFO - here....
[2026-08-16T09:04:48.628+0000] {data_modification.py:69} INFO - Updated row with Video_ID: DY3FwcvqWDs
[2026-08-16T09:04:48.630+0000] {logging_mixin.py:190} INFO - here....
[2026-08-16T09:04:48.635+0000] {data_modification.py:69} INFO - Updated row with Video_ID: 8X08orQ4F4s
[2026-08-16T09:04:48.637+0000] {logging_mixin.py:190} INFO - here....
[2026-08-16T09:04:48.642+0000] {data_modification.py:69} INFO - Updated row with Video_ID: Y0FoKeitySM
[2026-08-16T09:04:48.644+0000] {logging_mixin.py:190} INFO - here....
[2026-08-16T09:04:48.648+0000] {data_modification.py:69} INFO - Updated row with Video_ID: BnpS8RtFFbg
[2026-08-16T09:04:48.651+0000] {logging_mixin.py:190} INFO - here....
[2026-08-16T09:04:48.655+0000] {data_modification.py:69} INFO - Updated row with Video_ID: VtD5rRZhGRQ
[2026-08-16T09:04:48.657+0000] {logging_mixin.py:190} INFO - here....
[2026-08-16T09:04:48.662+0000] {data_modification.py:69} INFO - Updated row with Video_ID: -tcSWt2Lgsg
[2026-08-16T09:04:48.664+0000] {logging_mixin.py:190} INFO - here....
[2026-08-16T09:04:48.668+0000] {data_modification.py:69} INFO - Updated row with Video_ID: E0-vGLx15dQ
[2026-08-16T09:04:48.671+0000] {logging_mixin.py:190} INFO - here....
[2026-08-16T09:04:48.675+0000] {data_modification.py:69} INFO - Updated row with Video_ID: aq8iaE_XzrE
[2026-08-16T09:04:48.677+0000] {logging_mixin.py:190} INFO - here....
[2026-08-16T09:04:48.681+0000] {data_modification.py:69} INFO - Updated row with Video_ID: aRkGlKipFhM
[2026-08-16T09:04:48.683+0000] {logging_mixin.py:190} INFO - here....
[2026-08-16T09:04:48.689+0000] {data_modification.py:69} INFO - Updated row with Video_ID: CBgmFzj5KjU
[2026-08-16T09:04:48.691+0000] {logging_mixin.py:190} INFO - here....
[2026-08-16T09:04:48.695+0000] {data_modification.py:69} INFO - Updated row with Video_ID: jVv4CwBQIp8
[2026-08-16T09:04:48.697+0000] {logging_mixin.py:190} INFO - here....
[2026-08-16T09:04:48.702+0000] {data_modification.py:69} INFO - Updated row with Video_ID: 9DNtHCInjVE
[2026-08-16T09:04:48.704+0000] {logging_mixin.py:190} INFO - here....
[2026-08-16T09:04:48.709+0000] {data_modification.py:69} INFO - Updated row with Video_ID: PfekycG77rg
[2026-08-16T09:04:48.711+0000] {logging_mixin.py:190} INFO - here....
[2026-08-16T09:04:48.716+0000] {data_modification.py:69} INFO - Updated row with Video_ID: 9sQzzOE3CHk
[2026-08-16T09:04:48.718+0000] {logging_mixin.py:190} INFO - here....
[2026-08-16T09:04:48.722+0000] {data_modification.py:69} INFO - Updated row with Video_ID: PtIJgqA_IVs
[2026-08-16T09:04:48.723+0000] {logging_mixin.py:190} INFO - here....
[2026-08-16T09:04:48.727+0000] {data_modification.py:69} INFO - Updated row with Video_ID: cvEjE1Rz8d0
[2026-08-16T09:04:48.728+0000] {logging_mixin.py:190} INFO - here....
[2026-08-16T09:04:48.732+0000] {data_modification.py:69} INFO - Updated row with Video_ID: tvCRyPXFv4g
[2026-08-16T09:04:48.734+0000] {logging_mixin.py:190} INFO - here....
[2026-08-16T09:04:48.738+0000] {data_modification.py:69} INFO - Updated row with Video_ID: 3JXPW6EXin0
[2026-08-16T09:04:48.739+0000] {logging_mixin.py:190} INFO - here....
[2026-08-16T09:04:48.743+0000] {data_modification.py:69} INFO - Updated row with Video_ID: jkiYNiJcEr8
[2026-08-16T09:04:48.745+0000] {logging_mixin.py:190} INFO - here....
[2026-08-16T09:04:48.749+0000] {data_modification.py:69} INFO - Updated row with Video_ID: KamtcyGIMd4
[2026-08-16T09:04:48.750+0000] {logging_mixin.py:190} INFO - here....
[2026-08-16T09:04:48.754+0000] {data_modification.py:69} INFO - Updated row with Video_ID: XxDjfhW_kFg
[2026-08-16T09:04:48.756+0000] {logging_mixin.py:190} INFO - here....
[2026-08-16T09:04:48.760+0000] {data_modification.py:69} INFO - Updated row with Video_ID: OOWL-kqcEwE
[2026-08-16T09:04:48.762+0000] {logging_mixin.py:190} INFO - here....
[2026-08-16T09:04:48.766+0000] {data_modification.py:69} INFO - Updated row with Video_ID: Jay3ISiwrpc
[2026-08-16T09:04:48.768+0000] {logging_mixin.py:190} INFO - here....
[2026-08-16T09:04:48.771+0000] {data_modification.py:69} INFO - Updated row with Video_ID: RmIG6XRgKtc
[2026-08-16T09:04:48.773+0000] {logging_mixin.py:190} INFO - here....
[2026-08-16T09:04:48.776+0000] {data_modification.py:69} INFO - Updated row with Video_ID: CnrpcrNgr2w
[2026-08-16T09:04:48.779+0000] {logging_mixin.py:190} INFO - here....
[2026-08-16T09:04:48.783+0000] {data_modification.py:69} INFO - Updated row with Video_ID: m7vfRpsNqqc
[2026-08-16T09:04:48.785+0000] {logging_mixin.py:190} INFO - here....
[2026-08-16T09:04:48.789+0000] {data_modification.py:69} INFO - Updated row with Video_ID: XDP5GAPuVT0
[2026-08-16T09:04:48.792+0000] {logging_mixin.py:190} INFO - here....
[2026-08-16T09:04:48.797+0000] {data_modification.py:69} INFO - Updated row with Video_ID: nTFuHyCN5RU
[2026-08-16T09:04:48.799+0000] {logging_mixin.py:190} INFO - here....
[2026-08-16T09:04:48.803+0000] {data_modification.py:69} INFO - Updated row with Video_ID: AcJKaXh2HMA
[2026-08-16T09:04:48.805+0000] {logging_mixin.py:190} INFO - here....
[2026-08-16T09:04:48.809+0000] {data_modification.py:69} INFO - Updated row with Video_ID: sMEcmqNUgr8
[2026-08-16T09:04:48.812+0000] {logging_mixin.py:190} INFO - here....
[2026-08-16T09:04:48.816+0000] {data_modification.py:69} INFO - Updated row with Video_ID: 9BiCtX3U4dc
[2026-08-16T09:04:48.818+0000] {logging_mixin.py:190} INFO - here....
[2026-08-16T09:04:48.822+0000] {data_modification.py:69} INFO - Updated row with Video_ID: fLpExPuRHRM
[2026-08-16T09:04:48.824+0000] {logging_mixin.py:190} INFO - here....
[2026-08-16T09:04:48.830+0000] {data_modification.py:69} INFO - Updated row with Video_ID: 74dqM_xtvAA
[2026-08-16T09:04:48.833+0000] {logging_mixin.py:190} INFO - here....
[2026-08-16T09:04:48.838+0000] {data_modification.py:69} INFO - Updated row with Video_ID: pr7QyC9YNFA
[2026-08-16T09:04:48.840+0000] {logging_mixin.py:190} INFO - here....
[2026-08-16T09:04:48.845+0000] {data_modification.py:69} INFO - Updated row with Video_ID: xCNtYs166yY
[2026-08-16T09:04:48.847+0000] {logging_mixin.py:190} INFO - here....
[2026-08-16T09:04:48.852+0000] {data_modification.py:69} INFO - Updated row with Video_ID: LzR6a33lm3U
[2026-08-16T09:04:48.854+0000] {logging_mixin.py:190} INFO - here....
[2026-08-16T09:04:48.858+0000] {data_modification.py:69} INFO - Updated row with Video_ID: 2_E6r5Oy0NQ
[2026-08-16T09:04:48.860+0000] {logging_mixin.py:190} INFO - here....
[2026-08-16T09:04:48.864+0000] {data_modification.py:69} INFO - Updated row with Video_ID: AOvaOjN9dIQ
[2026-08-16T09:04:48.866+0000] {logging_mixin.py:190} INFO - here....
[2026-08-16T09:04:48.870+0000] {data_modification.py:69} INFO - Updated row with Video_ID: -IcMSPkqG6k
[2026-08-16T09:04:48.872+0000] {logging_mixin.py:190} INFO - here....
[2026-08-16T09:04:48.876+0000] {data_modification.py:69} INFO - Updated row with Video_ID: eniIu3iX10c
[2026-08-16T09:04:48.878+0000] {logging_mixin.py:190} INFO - here....
[2026-08-16T09:04:48.882+0000] {data_modification.py:69} INFO - Updated row with Video_ID: uawhoSKdQvA
[2026-08-16T09:04:48.884+0000] {logging_mixin.py:190} INFO - here....
[2026-08-16T09:04:48.888+0000] {data_modification.py:69} INFO - Updated row with Video_ID: yNnLzj32OKQ
[2026-08-16T09:04:48.891+0000] {logging_mixin.py:190} INFO - here....
[2026-08-16T09:04:48.894+0000] {data_modification.py:69} INFO - Updated row with Video_ID: pm3vHAN_a18
[2026-08-16T09:04:48.896+0000] {logging_mixin.py:190} INFO - here....
[2026-08-16T09:04:48.900+0000] {data_modification.py:69} INFO - Updated row with Video_ID: gCK5KhEjCXI
[2026-08-16T09:04:48.903+0000] {logging_mixin.py:190} INFO - here....
[2026-08-16T09:04:48.906+0000] {data_modification.py:69} INFO - Updated row with Video_ID: Yhl9aXwAVQo
[2026-08-16T09:04:48.908+0000] {logging_mixin.py:190} INFO - here....
[2026-08-16T09:04:48.912+0000] {data_modification.py:69} INFO - Updated row with Video_ID: hhJyd4eZvOE
[2026-08-16T09:04:48.915+0000] {logging_mixin.py:190} INFO - here....
[2026-08-16T09:04:48.919+0000] {data_modification.py:69} INFO - Updated row with Video_ID: uANezHSh8P8
[2026-08-16T09:04:48.921+0000] {logging_mixin.py:190} INFO - here....
[2026-08-16T09:04:48.927+0000] {data_modification.py:69} INFO - Updated row with Video_ID: dymMZdWBwZQ
[2026-08-16T09:04:48.930+0000] {logging_mixin.py:190} INFO - here....
[2026-08-16T09:04:48.936+0000] {data_modification.py:69} INFO - Updated row with Video_ID: 2IZKVUcFFnM
[2026-08-16T09:04:48.941+0000] {logging_mixin.py:190} INFO - here....
[2026-08-16T09:04:48.948+0000] {data_modification.py:69} INFO - Updated row with Video_ID: banfLtY0dCM
[2026-08-16T09:04:48.951+0000] {logging_mixin.py:190} INFO - here....
[2026-08-16T09:04:48.959+0000] {data_modification.py:69} INFO - Updated row with Video_ID: 45H1SoadRxM
[2026-08-16T09:04:48.962+0000] {logging_mixin.py:190} INFO - here....
[2026-08-16T09:04:48.966+0000] {data_modification.py:69} INFO - Updated row with Video_ID: qdjknKXGMLc
[2026-08-16T09:04:48.969+0000] {logging_mixin.py:190} INFO - here....
[2026-08-16T09:04:48.973+0000] {data_modification.py:69} INFO - Updated row with Video_ID: HoawYLTrY54
[2026-08-16T09:04:48.975+0000] {logging_mixin.py:190} INFO - here....
[2026-08-16T09:04:48.979+0000] {data_modification.py:69} INFO - Updated row with Video_ID: N2hgTv9jgqI
[2026-08-16T09:04:48.981+0000] {logging_mixin.py:190} INFO - here....
[2026-08-16T09:04:48.986+0000] {data_modification.py:69} INFO - Updated row with Video_ID: 8f5S99KGECg
[2026-08-16T09:04:48.988+0000] {logging_mixin.py:190} INFO - here....
[2026-08-16T09:04:48.992+0000] {data_modification.py:69} INFO - Updated row with Video_ID: Vu5lAxhbKL8
[2026-08-16T09:04:48.994+0000] {logging_mixin.py:190} INFO - here....
[2026-08-16T09:04:48.998+0000] {data_modification.py:69} INFO - Updated row with Video_ID: wsyiKguutmY
[2026-08-16T09:04:49.000+0000] {logging_mixin.py:190} INFO - here....
[2026-08-16T09:04:49.004+0000] {data_modification.py:69} INFO - Updated row with Video_ID: gJ8qhZf7VFM
[2026-08-16T09:04:49.006+0000] {logging_mixin.py:190} INFO - here....
[2026-08-16T09:04:49.009+0000] {data_modification.py:69} INFO - Updated row with Video_ID: Op3fekVBMnc
[2026-08-16T09:04:49.012+0000] {logging_mixin.py:190} INFO - here....
[2026-08-16T09:04:49.017+0000] {data_modification.py:69} INFO - Updated row with Video_ID: wO9o6oEOeP0
[2026-08-16T09:04:49.019+0000] {logging_mixin.py:190} INFO - here....
[2026-08-16T09:04:49.023+0000] {data_modification.py:69} INFO - Updated row with Video_ID: ts5z3AYGY6Q
[2026-08-16T09:04:49.024+0000] {logging_mixin.py:190} INFO - here....
[2026-08-16T09:04:49.028+0000] {data_modification.py:69} INFO - Updated row with Video_ID: T9sv7_9y-XI
[2026-08-16T09:04:49.030+0000] {logging_mixin.py:190} INFO - here....
[2026-08-16T09:04:49.034+0000] {data_modification.py:69} INFO - Updated row with Video_ID: 1SL1bJhlkAU
[2026-08-16T09:04:49.036+0000] {logging_mixin.py:190} INFO - here....
[2026-08-16T09:04:49.039+0000] {data_modification.py:69} INFO - Updated row with Video_ID: HROTZQv1QZM
[2026-08-16T09:04:49.041+0000] {logging_mixin.py:190} INFO - here....
[2026-08-16T09:04:49.045+0000] {data_modification.py:69} INFO - Updated row with Video_ID: jNxChNEDPYA
[2026-08-16T09:04:49.047+0000] {logging_mixin.py:190} INFO - here....
[2026-08-16T09:04:49.050+0000] {data_modification.py:69} INFO - Updated row with Video_ID: kTfciHia5mE
[2026-08-16T09:04:49.052+0000] {logging_mixin.py:190} INFO - here....
[2026-08-16T09:04:49.056+0000] {data_modification.py:69} INFO - Updated row with Video_ID: 5YJUlVDeAEY
[2026-08-16T09:04:49.057+0000] {logging_mixin.py:190} INFO - here....
[2026-08-16T09:04:49.061+0000] {data_modification.py:69} INFO - Updated row with Video_ID: 1HME8nOAtA0
[2026-08-16T09:04:49.064+0000] {logging_mixin.py:190} INFO - here....
[2026-08-16T09:04:49.068+0000] {data_modification.py:69} INFO - Updated row with Video_ID: AmEFkORGGpU
[2026-08-16T09:04:49.070+0000] {logging_mixin.py:190} INFO - here....
[2026-08-16T09:04:49.074+0000] {data_modification.py:69} INFO - Updated row with Video_ID: ihsf-BxWh6o
[2026-08-16T09:04:49.075+0000] {logging_mixin.py:190} INFO - here....
[2026-08-16T09:04:49.079+0000] {data_modification.py:69} INFO - Updated row with Video_ID: gOFookdcnIU
[2026-08-16T09:04:49.080+0000] {logging_mixin.py:190} INFO - here....
[2026-08-16T09:04:49.084+0000] {data_modification.py:69} INFO - Updated row with Video_ID: zr31KHWdQiQ
[2026-08-16T09:04:49.086+0000] {logging_mixin.py:190} INFO - here....
[2026-08-16T09:04:49.089+0000] {data_modification.py:69} INFO - Updated row with Video_ID: 1MCCNeYT2qg
[2026-08-16T09:04:49.091+0000] {logging_mixin.py:190} INFO - here....
[2026-08-16T09:04:49.095+0000] {data_modification.py:69} INFO - Updated row with Video_ID: 25Z41q9gCws
[2026-08-16T09:04:49.096+0000] {logging_mixin.py:190} INFO - here....
[2026-08-16T09:04:49.100+0000] {data_modification.py:69} INFO - Updated row with Video_ID: EA40HZp7sgk
[2026-08-16T09:04:49.102+0000] {logging_mixin.py:190} INFO - here....
[2026-08-16T09:04:49.105+0000] {data_modification.py:69} INFO - Updated row with Video_ID: hOXiTlQ_KCo
[2026-08-16T09:04:49.107+0000] {logging_mixin.py:190} INFO - here....
[2026-08-16T09:04:49.111+0000] {data_modification.py:69} INFO - Updated row with Video_ID: lW-THRLG_xA
[2026-08-16T09:04:49.112+0000] {logging_mixin.py:190} INFO - here....
[2026-08-16T09:04:49.116+0000] {data_modification.py:69} INFO - Updated row with Video_ID: RPkhV_FDK-I
[2026-08-16T09:04:49.118+0000] {logging_mixin.py:190} INFO - here....
[2026-08-16T09:04:49.123+0000] {data_modification.py:69} INFO - Updated row with Video_ID: uosdFYvjg2Q
[2026-08-16T09:04:49.125+0000] {logging_mixin.py:190} INFO - here....
[2026-08-16T09:04:49.129+0000] {data_modification.py:69} INFO - Updated row with Video_ID: 5anGNNnr6Ng
[2026-08-16T09:04:49.131+0000] {logging_mixin.py:190} INFO - here....
[2026-08-16T09:04:49.134+0000] {data_modification.py:69} INFO - Updated row with Video_ID: xCKHin-AisU
[2026-08-16T09:04:49.136+0000] {logging_mixin.py:190} INFO - here....
[2026-08-16T09:04:49.140+0000] {data_modification.py:69} INFO - Updated row with Video_ID: 7SfSCmnKonw
[2026-08-16T09:04:49.142+0000] {logging_mixin.py:190} INFO - here....
[2026-08-16T09:04:49.146+0000] {data_modification.py:69} INFO - Updated row with Video_ID: p3FHbs2nS58
[2026-08-16T09:04:49.147+0000] {logging_mixin.py:190} INFO - here....
[2026-08-16T09:04:49.151+0000] {data_modification.py:69} INFO - Updated row with Video_ID: BnYY0y1i22A
[2026-08-16T09:04:49.153+0000] {logging_mixin.py:190} INFO - here....
[2026-08-16T09:04:49.157+0000] {data_modification.py:69} INFO - Updated row with Video_ID: y0ZDVBNmT4Q
[2026-08-16T09:04:49.158+0000] {logging_mixin.py:190} INFO - here....
[2026-08-16T09:04:49.162+0000] {data_modification.py:69} INFO - Updated row with Video_ID: XwOgu2TzgN4
[2026-08-16T09:04:49.164+0000] {logging_mixin.py:190} INFO - here....
[2026-08-16T09:04:49.168+0000] {data_modification.py:69} INFO - Updated row with Video_ID: c-8YgLdTDuM
[2026-08-16T09:04:49.170+0000] {logging_mixin.py:190} INFO - here....
[2026-08-16T09:04:49.173+0000] {data_modification.py:69} INFO - Updated row with Video_ID: 4fKQir6zl0w
[2026-08-16T09:04:49.175+0000] {logging_mixin.py:190} INFO - here....
[2026-08-16T09:04:49.179+0000] {data_modification.py:69} INFO - Updated row with Video_ID: yrjAQbFyVC4
[2026-08-16T09:04:49.181+0000] {logging_mixin.py:190} INFO - here....
[2026-08-16T09:04:49.185+0000] {data_modification.py:69} INFO - Updated row with Video_ID: 4dVbb2VshtY
[2026-08-16T09:04:49.188+0000] {logging_mixin.py:190} INFO - here....
[2026-08-16T09:04:49.192+0000] {data_modification.py:69} INFO - Updated row with Video_ID: Go83NQTZ9xU
[2026-08-16T09:04:49.193+0000] {logging_mixin.py:190} INFO - here....
[2026-08-16T09:04:49.198+0000] {data_modification.py:69} INFO - Updated row with Video_ID: rLuYctpNbk0
[2026-08-16T09:04:49.199+0000] {logging_mixin.py:190} INFO - here....
[2026-08-16T09:04:49.204+0000] {data_modification.py:69} INFO - Updated row with Video_ID: O5uWoJET-cY
[2026-08-16T09:04:49.206+0000] {logging_mixin.py:190} INFO - here....
[2026-08-16T09:04:49.209+0000] {data_modification.py:69} INFO - Updated row with Video_ID: Vxq4HTxmtI4
[2026-08-16T09:04:49.211+0000] {logging_mixin.py:190} INFO - here....
[2026-08-16T09:04:49.215+0000] {data_modification.py:69} INFO - Updated row with Video_ID: 6ziMMSVWR7k
[2026-08-16T09:04:49.216+0000] {logging_mixin.py:190} INFO - here....
[2026-08-16T09:04:49.220+0000] {data_modification.py:69} INFO - Updated row with Video_ID: 9Jl6focS1uw
[2026-08-16T09:04:49.221+0000] {logging_mixin.py:190} INFO - here....
[2026-08-16T09:04:49.225+0000] {data_modification.py:69} INFO - Updated row with Video_ID: CGmz89M1_WI
[2026-08-16T09:04:49.227+0000] {logging_mixin.py:190} INFO - here....
[2026-08-16T09:04:49.231+0000] {data_modification.py:69} INFO - Updated row with Video_ID: 2Sbwnn2ZgLc
[2026-08-16T09:04:49.233+0000] {logging_mixin.py:190} INFO - here....
[2026-08-16T09:04:49.237+0000] {data_modification.py:69} INFO - Updated row with Video_ID: fF8Agz8YWs8
[2026-08-16T09:04:49.238+0000] {logging_mixin.py:190} INFO - here....
[2026-08-16T09:04:49.243+0000] {data_modification.py:69} INFO - Updated row with Video_ID: FDpGOrCoFdc
[2026-08-16T09:04:49.244+0000] {logging_mixin.py:190} INFO - here....
[2026-08-16T09:04:49.256+0000] {data_modification.py:69} INFO - Updated row with Video_ID: pSIa0x0tAWY
[2026-08-16T09:04:49.261+0000] {logging_mixin.py:190} INFO - here....
[2026-08-16T09:04:49.266+0000] {data_modification.py:69} INFO - Updated row with Video_ID: abr8NhByc-I
[2026-08-16T09:04:49.269+0000] {logging_mixin.py:190} INFO - here....
[2026-08-16T09:04:49.275+0000] {data_modification.py:69} INFO - Updated row with Video_ID: c78YRPemJeQ
[2026-08-16T09:04:49.277+0000] {logging_mixin.py:190} INFO - here....
[2026-08-16T09:04:49.282+0000] {data_modification.py:69} INFO - Updated row with Video_ID: WgtHo16hXyw
[2026-08-16T09:04:49.284+0000] {logging_mixin.py:190} INFO - here....
[2026-08-16T09:04:49.287+0000] {data_modification.py:69} INFO - Updated row with Video_ID: KVpVb5XLD1k
[2026-08-16T09:04:49.289+0000] {logging_mixin.py:190} INFO - here....
[2026-08-16T09:04:49.293+0000] {data_modification.py:69} INFO - Updated row with Video_ID: JIm60sPIXlo
[2026-08-16T09:04:49.295+0000] {logging_mixin.py:190} INFO - here....
[2026-08-16T09:04:49.299+0000] {data_modification.py:69} INFO - Updated row with Video_ID: JlngrkEFayw
[2026-08-16T09:04:49.300+0000] {logging_mixin.py:190} INFO - here....
[2026-08-16T09:04:49.304+0000] {data_modification.py:69} INFO - Updated row with Video_ID: lCStk-7Icdg
[2026-08-16T09:04:49.306+0000] {logging_mixin.py:190} INFO - here....
[2026-08-16T09:04:49.309+0000] {data_modification.py:69} INFO - Updated row with Video_ID: SKzlGsCjwQ4
[2026-08-16T09:04:49.311+0000] {logging_mixin.py:190} INFO - here....
[2026-08-16T09:04:49.315+0000] {data_modification.py:69} INFO - Updated row with Video_ID: 5nfvlxxqBAE
[2026-08-16T09:04:49.316+0000] {logging_mixin.py:190} INFO - here....
[2026-08-16T09:04:49.320+0000] {data_modification.py:69} INFO - Updated row with Video_ID: TAO6fvQH-Pg
[2026-08-16T09:04:49.322+0000] {logging_mixin.py:190} INFO - here....
[2026-08-16T09:04:49.325+0000] {data_modification.py:69} INFO - Updated row with Video_ID: lPSqe8igFBE
[2026-08-16T09:04:49.327+0000] {logging_mixin.py:190} INFO - here....
[2026-08-16T09:04:49.331+0000] {data_modification.py:69} INFO - Updated row with Video_ID: qz1Y7c7Ywkw
[2026-08-16T09:04:49.333+0000] {logging_mixin.py:190} INFO - here....
[2026-08-16T09:04:49.337+0000] {data_modification.py:69} INFO - Updated row with Video_ID: iqiKhdcJGKY
[2026-08-16T09:04:49.339+0000] {logging_mixin.py:190} INFO - here....
[2026-08-16T09:04:49.343+0000] {data_modification.py:69} INFO - Updated row with Video_ID: C_JXJeEnaqc
[2026-08-16T09:04:49.345+0000] {logging_mixin.py:190} INFO - here....
[2026-08-16T09:04:49.349+0000] {data_modification.py:69} INFO - Updated row with Video_ID: zLOzY4Gfaj8
[2026-08-16T09:04:49.351+0000] {logging_mixin.py:190} INFO - here....
[2026-08-16T09:04:49.354+0000] {data_modification.py:69} INFO - Updated row with Video_ID: iSFH7y5D7V4
[2026-08-16T09:04:49.356+0000] {logging_mixin.py:190} INFO - here....
[2026-08-16T09:04:49.360+0000] {data_modification.py:69} INFO - Updated row with Video_ID: q8YrDrZXQyk
[2026-08-16T09:04:49.362+0000] {logging_mixin.py:190} INFO - here....
[2026-08-16T09:04:49.365+0000] {data_modification.py:69} INFO - Updated row with Video_ID: P-8km85OP1E
[2026-08-16T09:04:49.368+0000] {logging_mixin.py:190} INFO - here....
[2026-08-16T09:04:49.372+0000] {data_modification.py:69} INFO - Updated row with Video_ID: X3OjSRH5iLA
[2026-08-16T09:04:49.373+0000] {logging_mixin.py:190} INFO - here....
[2026-08-16T09:04:49.377+0000] {data_modification.py:69} INFO - Updated row with Video_ID: kGCijouKODw
[2026-08-16T09:04:49.379+0000] {logging_mixin.py:190} INFO - here....
[2026-08-16T09:04:49.384+0000] {data_modification.py:69} INFO - Updated row with Video_ID: xE9o8u-3ki8
[2026-08-16T09:04:49.386+0000] {logging_mixin.py:190} INFO - here....
[2026-08-16T09:04:49.390+0000] {data_modification.py:69} INFO - Updated row with Video_ID: cx7yEbBDPFY
[2026-08-16T09:04:49.392+0000] {logging_mixin.py:190} INFO - here....
[2026-08-16T09:04:49.397+0000] {data_modification.py:69} INFO - Updated row with Video_ID: SB86WKZLOIU
[2026-08-16T09:04:49.399+0000] {logging_mixin.py:190} INFO - here....
[2026-08-16T09:04:49.402+0000] {data_modification.py:69} INFO - Updated row with Video_ID: pa0ryejIe7E
[2026-08-16T09:04:49.405+0000] {logging_mixin.py:190} INFO - here....
[2026-08-16T09:04:49.409+0000] {data_modification.py:69} INFO - Updated row with Video_ID: LXEQKl0SCAs
[2026-08-16T09:04:49.411+0000] {logging_mixin.py:190} INFO - here....
[2026-08-16T09:04:49.415+0000] {data_modification.py:69} INFO - Updated row with Video_ID: lyWjD0WGRMw
[2026-08-16T09:04:49.417+0000] {logging_mixin.py:190} INFO - here....
[2026-08-16T09:04:49.421+0000] {data_modification.py:69} INFO - Updated row with Video_ID: M2sFCCd0IVA
[2026-08-16T09:04:49.424+0000] {logging_mixin.py:190} INFO - here....
[2026-08-16T09:04:49.428+0000] {data_modification.py:69} INFO - Updated row with Video_ID: zFfAaixZ8uA
[2026-08-16T09:04:49.430+0000] {logging_mixin.py:190} INFO - here....
[2026-08-16T09:04:49.436+0000] {data_modification.py:69} INFO - Updated row with Video_ID: X_NYcPGGttU
[2026-08-16T09:04:49.439+0000] {logging_mixin.py:190} INFO - here....
[2026-08-16T09:04:49.444+0000] {data_modification.py:69} INFO - Updated row with Video_ID: L_HeC7_DRJk
[2026-08-16T09:04:49.446+0000] {logging_mixin.py:190} INFO - here....
[2026-08-16T09:04:49.451+0000] {data_modification.py:69} INFO - Updated row with Video_ID: VLrDHLcw7Co
[2026-08-16T09:04:49.453+0000] {logging_mixin.py:190} INFO - here....
[2026-08-16T09:04:49.458+0000] {data_modification.py:69} INFO - Updated row with Video_ID: n9oWFV21FkM
[2026-08-16T09:04:49.460+0000] {logging_mixin.py:190} INFO - here....
[2026-08-16T09:04:49.465+0000] {data_modification.py:69} INFO - Updated row with Video_ID: Q206IILCkjI
[2026-08-16T09:04:49.468+0000] {logging_mixin.py:190} INFO - here....
[2026-08-16T09:04:49.472+0000] {data_modification.py:69} INFO - Updated row with Video_ID: nChfwcHHxV4
[2026-08-16T09:04:49.475+0000] {logging_mixin.py:190} INFO - here....
[2026-08-16T09:04:49.481+0000] {data_modification.py:69} INFO - Updated row with Video_ID: N7GWjg3LltE
[2026-08-16T09:04:49.485+0000] {logging_mixin.py:190} INFO - here....
[2026-08-16T09:04:49.491+0000] {data_modification.py:69} INFO - Updated row with Video_ID: OBwMMLC3L0g
[2026-08-16T09:04:49.494+0000] {logging_mixin.py:190} INFO - here....
[2026-08-16T09:04:49.499+0000] {data_modification.py:69} INFO - Updated row with Video_ID: W1tnCGltGWQ
[2026-08-16T09:04:49.501+0000] {logging_mixin.py:190} INFO - here....
[2026-08-16T09:04:49.508+0000] {data_modification.py:69} INFO - Updated row with Video_ID: qvyjiJMjeJs
[2026-08-16T09:04:49.510+0000] {logging_mixin.py:190} INFO - here....
[2026-08-16T09:04:49.515+0000] {data_modification.py:69} INFO - Updated row with Video_ID: Q0NTWj2ovxE
[2026-08-16T09:04:49.517+0000] {logging_mixin.py:190} INFO - here....
[2026-08-16T09:04:49.521+0000] {data_modification.py:69} INFO - Updated row with Video_ID: gsFqiV9f6RQ
[2026-08-16T09:04:49.524+0000] {logging_mixin.py:190} INFO - here....
[2026-08-16T09:04:49.531+0000] {data_modification.py:69} INFO - Updated row with Video_ID: VJs4MExU5Wg
[2026-08-16T09:04:49.533+0000] {logging_mixin.py:190} INFO - here....
[2026-08-16T09:04:49.539+0000] {data_modification.py:69} INFO - Updated row with Video_ID: RSXgelsf6EA
[2026-08-16T09:04:49.542+0000] {logging_mixin.py:190} INFO - here....
[2026-08-16T09:04:49.547+0000] {data_modification.py:69} INFO - Updated row with Video_ID: pJM6v2E0qXU
[2026-08-16T09:04:49.549+0000] {logging_mixin.py:190} INFO - here....
[2026-08-16T09:04:49.555+0000] {data_modification.py:69} INFO - Updated row with Video_ID: w0P168VHWj0
[2026-08-16T09:04:49.558+0000] {logging_mixin.py:190} INFO - here....
[2026-08-16T09:04:49.564+0000] {data_modification.py:69} INFO - Updated row with Video_ID: GgWT0AIsYeI
[2026-08-16T09:04:49.567+0000] {logging_mixin.py:190} INFO - here....
[2026-08-16T09:04:49.572+0000] {data_modification.py:69} INFO - Updated row with Video_ID: NVuWnv62AwM
[2026-08-16T09:04:49.575+0000] {logging_mixin.py:190} INFO - here....
[2026-08-16T09:04:49.582+0000] {data_modification.py:69} INFO - Updated row with Video_ID: 3fL2Whr1QfQ
[2026-08-16T09:04:49.585+0000] {logging_mixin.py:190} INFO - here....
[2026-08-16T09:04:49.592+0000] {data_modification.py:69} INFO - Updated row with Video_ID: tqzhkr9T470
[2026-08-16T09:04:49.596+0000] {logging_mixin.py:190} INFO - here....
[2026-08-16T09:04:49.602+0000] {data_modification.py:69} INFO - Updated row with Video_ID: uO1grbkqs60
[2026-08-16T09:04:49.605+0000] {logging_mixin.py:190} INFO - here....
[2026-08-16T09:04:49.612+0000] {data_modification.py:69} INFO - Updated row with Video_ID: IDS5ojS87C4
[2026-08-16T09:04:49.616+0000] {logging_mixin.py:190} INFO - here....
[2026-08-16T09:04:49.622+0000] {data_modification.py:69} INFO - Updated row with Video_ID: jJaRZFeB35I
[2026-08-16T09:04:49.626+0000] {logging_mixin.py:190} INFO - here....
[2026-08-16T09:04:49.633+0000] {data_modification.py:69} INFO - Updated row with Video_ID: cUaiZicpYpU
[2026-08-16T09:04:49.636+0000] {logging_mixin.py:190} INFO - here....
[2026-08-16T09:04:49.642+0000] {data_modification.py:69} INFO - Updated row with Video_ID: AXxE9CalF1s
[2026-08-16T09:04:49.645+0000] {logging_mixin.py:190} INFO - here....
[2026-08-16T09:04:49.651+0000] {data_modification.py:69} INFO - Updated row with Video_ID: rUBz7h-YE3U
[2026-08-16T09:04:49.655+0000] {logging_mixin.py:190} INFO - here....
[2026-08-16T09:04:49.660+0000] {data_modification.py:69} INFO - Updated row with Video_ID: dpCMYdR1yJE
[2026-08-16T09:04:49.663+0000] {logging_mixin.py:190} INFO - here....
[2026-08-16T09:04:49.669+0000] {data_modification.py:69} INFO - Updated row with Video_ID: lnh-dFoERyI
[2026-08-16T09:04:49.674+0000] {logging_mixin.py:190} INFO - here....
[2026-08-16T09:04:49.680+0000] {data_modification.py:69} INFO - Updated row with Video_ID: l58vRi8l46Y
[2026-08-16T09:04:49.684+0000] {logging_mixin.py:190} INFO - here....
[2026-08-16T09:04:49.692+0000] {data_modification.py:69} INFO - Updated row with Video_ID: tFGAI3epNXc
[2026-08-16T09:04:49.696+0000] {logging_mixin.py:190} INFO - here....
[2026-08-16T09:04:49.703+0000] {data_modification.py:69} INFO - Updated row with Video_ID: ex7W252Wdao
[2026-08-16T09:04:49.706+0000] {logging_mixin.py:190} INFO - here....
[2026-08-16T09:04:49.711+0000] {data_modification.py:69} INFO - Updated row with Video_ID: 0kghEWEIXjw
[2026-08-16T09:04:49.715+0000] {logging_mixin.py:190} INFO - here....
[2026-08-16T09:04:49.721+0000] {data_modification.py:69} INFO - Updated row with Video_ID: JfIS20YKByo
[2026-08-16T09:04:49.724+0000] {logging_mixin.py:190} INFO - here....
[2026-08-16T09:04:49.730+0000] {data_modification.py:69} INFO - Updated row with Video_ID: iSbxGivsGZk
[2026-08-16T09:04:49.733+0000] {logging_mixin.py:190} INFO - here....
[2026-08-16T09:04:49.740+0000] {data_modification.py:69} INFO - Updated row with Video_ID: 5FonJUR6JPk
[2026-08-16T09:04:49.743+0000] {logging_mixin.py:190} INFO - here....
[2026-08-16T09:04:49.749+0000] {data_modification.py:69} INFO - Updated row with Video_ID: _8khOiu8E_c
[2026-08-16T09:04:49.752+0000] {logging_mixin.py:190} INFO - here....
[2026-08-16T09:04:49.758+0000] {data_modification.py:69} INFO - Updated row with Video_ID: rSIC07gP2Aw
[2026-08-16T09:04:49.762+0000] {logging_mixin.py:190} INFO - here....
[2026-08-16T09:04:49.769+0000] {data_modification.py:69} INFO - Updated row with Video_ID: T44uKZmZAss
[2026-08-16T09:04:49.773+0000] {logging_mixin.py:190} INFO - here....
[2026-08-16T09:04:49.779+0000] {data_modification.py:69} INFO - Updated row with Video_ID: GVpIQE4EsxY
[2026-08-16T09:04:49.782+0000] {logging_mixin.py:190} INFO - here....
[2026-08-16T09:04:49.789+0000] {data_modification.py:69} INFO - Updated row with Video_ID: kLT5t5yRZ8k
[2026-08-16T09:04:49.792+0000] {logging_mixin.py:190} INFO - here....
[2026-08-16T09:04:49.799+0000] {data_modification.py:69} INFO - Updated row with Video_ID: PFG_O9ncbw4
[2026-08-16T09:04:49.801+0000] {logging_mixin.py:190} INFO - here....
[2026-08-16T09:04:49.807+0000] {data_modification.py:69} INFO - Updated row with Video_ID: 0rcYqORkAEQ
[2026-08-16T09:04:49.810+0000] {logging_mixin.py:190} INFO - here....
[2026-08-16T09:04:49.815+0000] {data_modification.py:69} INFO - Updated row with Video_ID: f_DV84YGMTU
[2026-08-16T09:04:49.817+0000] {logging_mixin.py:190} INFO - here....
[2026-08-16T09:04:49.822+0000] {data_modification.py:69} INFO - Updated row with Video_ID: wxiJc1fTDMM
[2026-08-16T09:04:49.825+0000] {logging_mixin.py:190} INFO - here....
[2026-08-16T09:04:49.830+0000] {data_modification.py:69} INFO - Updated row with Video_ID: klwFJxhvwd8
[2026-08-16T09:04:49.832+0000] {logging_mixin.py:190} INFO - here....
[2026-08-16T09:04:49.837+0000] {data_modification.py:69} INFO - Updated row with Video_ID: ncyPu731iXg
[2026-08-16T09:04:49.840+0000] {logging_mixin.py:190} INFO - here....
[2026-08-16T09:04:49.845+0000] {data_modification.py:69} INFO - Updated row with Video_ID: VyOPm9T306E
[2026-08-16T09:04:49.848+0000] {logging_mixin.py:190} INFO - here....
[2026-08-16T09:04:49.854+0000] {data_modification.py:69} INFO - Updated row with Video_ID: n1-crZKwQU0
[2026-08-16T09:04:49.857+0000] {logging_mixin.py:190} INFO - here....
[2026-08-16T09:04:49.863+0000] {data_modification.py:69} INFO - Updated row with Video_ID: AWzWvFLVe38
[2026-08-16T09:04:49.867+0000] {logging_mixin.py:190} INFO - here....
[2026-08-16T09:04:49.874+0000] {data_modification.py:69} INFO - Updated row with Video_ID: YlNkm1XEiBs
[2026-08-16T09:04:49.877+0000] {logging_mixin.py:190} INFO - here....
[2026-08-16T09:04:49.885+0000] {data_modification.py:69} INFO - Updated row with Video_ID: aaP-1SN_vzc
[2026-08-16T09:04:49.888+0000] {logging_mixin.py:190} INFO - here....
[2026-08-16T09:04:49.895+0000] {data_modification.py:69} INFO - Updated row with Video_ID: 655jY4YnaoE
[2026-08-16T09:04:49.898+0000] {logging_mixin.py:190} INFO - here....
[2026-08-16T09:04:49.906+0000] {data_modification.py:69} INFO - Updated row with Video_ID: 4ZNsGa9PSc4
[2026-08-16T09:04:49.909+0000] {logging_mixin.py:190} INFO - here....
[2026-08-16T09:04:49.916+0000] {data_modification.py:69} INFO - Updated row with Video_ID: Q3H7Q3KtWFY
[2026-08-16T09:04:49.920+0000] {logging_mixin.py:190} INFO - here....
[2026-08-16T09:04:49.926+0000] {data_modification.py:69} INFO - Updated row with Video_ID: t_wSdQii0js
[2026-08-16T09:04:49.929+0000] {logging_mixin.py:190} INFO - here....
[2026-08-16T09:04:49.936+0000] {data_modification.py:69} INFO - Updated row with Video_ID: ZpxweY5NqJw
[2026-08-16T09:04:49.939+0000] {logging_mixin.py:190} INFO - here....
[2026-08-16T09:04:49.946+0000] {data_modification.py:69} INFO - Updated row with Video_ID: 8dK1XBmGUHg
[2026-08-16T09:04:49.949+0000] {logging_mixin.py:190} INFO - here....
[2026-08-16T09:04:49.957+0000] {data_modification.py:69} INFO - Updated row with Video_ID: PpgKlCd4LCI
[2026-08-16T09:04:49.961+0000] {logging_mixin.py:190} INFO - here....
[2026-08-16T09:04:49.970+0000] {data_modification.py:69} INFO - Updated row with Video_ID: SF6gA4XLbCs
[2026-08-16T09:04:49.975+0000] {logging_mixin.py:190} INFO - here....
[2026-08-16T09:04:49.985+0000] {data_modification.py:69} INFO - Updated row with Video_ID: TWwAZr-C9vE
[2026-08-16T09:04:49.990+0000] {logging_mixin.py:190} INFO - here....
[2026-08-16T09:04:50.000+0000] {data_modification.py:69} INFO - Updated row with Video_ID: 33JucC6dcRg
[2026-08-16T09:04:50.005+0000] {logging_mixin.py:190} INFO - here....
[2026-08-16T09:04:50.015+0000] {data_modification.py:69} INFO - Updated row with Video_ID: 7hNAHjWZ1V0
[2026-08-16T09:04:50.020+0000] {logging_mixin.py:190} INFO - here....
[2026-08-16T09:04:50.027+0000] {data_modification.py:69} INFO - Updated row with Video_ID: fj6fPk4A4HM
[2026-08-16T09:04:50.032+0000] {logging_mixin.py:190} INFO - here....
[2026-08-16T09:04:50.043+0000] {data_modification.py:69} INFO - Updated row with Video_ID: lHlLXVF5z70
[2026-08-16T09:04:50.047+0000] {logging_mixin.py:190} INFO - here....
[2026-08-16T09:04:50.053+0000] {data_modification.py:69} INFO - Updated row with Video_ID: hq7evsbiFlU
[2026-08-16T09:04:50.057+0000] {logging_mixin.py:190} INFO - here....
[2026-08-16T09:04:50.063+0000] {data_modification.py:69} INFO - Updated row with Video_ID: HnL5mB-1Fy4
[2026-08-16T09:04:50.067+0000] {logging_mixin.py:190} INFO - here....
[2026-08-16T09:04:50.074+0000] {data_modification.py:69} INFO - Updated row with Video_ID: TNBzr4DFS_4
[2026-08-16T09:04:50.077+0000] {logging_mixin.py:190} INFO - here....
[2026-08-16T09:04:50.081+0000] {data_modification.py:69} INFO - Updated row with Video_ID: fAJ6-E5miXI
[2026-08-16T09:04:50.084+0000] {logging_mixin.py:190} INFO - here....
[2026-08-16T09:04:50.090+0000] {data_modification.py:69} INFO - Updated row with Video_ID: YwpdrI8ngxs
[2026-08-16T09:04:50.093+0000] {logging_mixin.py:190} INFO - here....
[2026-08-16T09:04:50.101+0000] {data_modification.py:69} INFO - Updated row with Video_ID: q0PXogim-Lg
[2026-08-16T09:04:50.105+0000] {logging_mixin.py:190} INFO - here....
[2026-08-16T09:04:50.112+0000] {data_modification.py:69} INFO - Updated row with Video_ID: Cv6HRe65s3U
[2026-08-16T09:04:50.115+0000] {logging_mixin.py:190} INFO - here....
[2026-08-16T09:04:50.128+0000] {data_modification.py:69} INFO - Updated row with Video_ID: Lm2k3Xv-Qmw
[2026-08-16T09:04:50.131+0000] {logging_mixin.py:190} INFO - here....
[2026-08-16T09:04:50.138+0000] {data_modification.py:69} INFO - Updated row with Video_ID: 9VfsfFajrrg
[2026-08-16T09:04:50.141+0000] {logging_mixin.py:190} INFO - here....
[2026-08-16T09:04:50.147+0000] {data_modification.py:69} INFO - Updated row with Video_ID: 2E9PiCqlW6w
[2026-08-16T09:04:50.150+0000] {logging_mixin.py:190} INFO - here....
[2026-08-16T09:04:50.156+0000] {data_modification.py:69} INFO - Updated row with Video_ID: ROs4SZ_yQvY
[2026-08-16T09:04:50.159+0000] {logging_mixin.py:190} INFO - here....
[2026-08-16T09:04:50.166+0000] {data_modification.py:69} INFO - Updated row with Video_ID: 5D9AT7m7D0s
[2026-08-16T09:04:50.169+0000] {logging_mixin.py:190} INFO - here....
[2026-08-16T09:04:50.176+0000] {data_modification.py:69} INFO - Updated row with Video_ID: 4t42WfxL8Qo
[2026-08-16T09:04:50.180+0000] {logging_mixin.py:190} INFO - here....
[2026-08-16T09:04:50.187+0000] {data_modification.py:69} INFO - Updated row with Video_ID: Ht0lPcph7ic
[2026-08-16T09:04:50.191+0000] {logging_mixin.py:190} INFO - here....
[2026-08-16T09:04:50.198+0000] {data_modification.py:69} INFO - Updated row with Video_ID: SSRkVvDO4iU
[2026-08-16T09:04:50.202+0000] {logging_mixin.py:190} INFO - here....
[2026-08-16T09:04:50.210+0000] {data_modification.py:69} INFO - Updated row with Video_ID: -oX_hodJL7A
[2026-08-16T09:04:50.214+0000] {logging_mixin.py:190} INFO - here....
[2026-08-16T09:04:50.220+0000] {data_modification.py:69} INFO - Updated row with Video_ID: NR7kOGr6qo4
[2026-08-16T09:04:50.222+0000] {logging_mixin.py:190} INFO - here....
[2026-08-16T09:04:50.228+0000] {data_modification.py:69} INFO - Updated row with Video_ID: iK5zUOw1si8
[2026-08-16T09:04:50.232+0000] {logging_mixin.py:190} INFO - here....
[2026-08-16T09:04:50.238+0000] {data_modification.py:69} INFO - Updated row with Video_ID: owPRGKclUs0
[2026-08-16T09:04:50.241+0000] {logging_mixin.py:190} INFO - here....
[2026-08-16T09:04:50.247+0000] {data_modification.py:69} INFO - Updated row with Video_ID: Z9B9g2nHRMs
[2026-08-16T09:04:50.250+0000] {logging_mixin.py:190} INFO - here....
[2026-08-16T09:04:50.257+0000] {data_modification.py:69} INFO - Updated row with Video_ID: dmOwlmSU5xM
[2026-08-16T09:04:50.260+0000] {logging_mixin.py:190} INFO - here....
[2026-08-16T09:04:50.266+0000] {data_modification.py:69} INFO - Updated row with Video_ID: PVlxEdNklfw
[2026-08-16T09:04:50.270+0000] {logging_mixin.py:190} INFO - here....
[2026-08-16T09:04:50.276+0000] {data_modification.py:69} INFO - Updated row with Video_ID: xeGPzH-weLc
[2026-08-16T09:04:50.279+0000] {logging_mixin.py:190} INFO - here....
[2026-08-16T09:04:50.287+0000] {data_modification.py:69} INFO - Updated row with Video_ID: J1yhuCtZhbA
[2026-08-16T09:04:50.291+0000] {logging_mixin.py:190} INFO - here....
[2026-08-16T09:04:50.297+0000] {data_modification.py:69} INFO - Updated row with Video_ID: LUsIdgtUNr0
[2026-08-16T09:04:50.301+0000] {logging_mixin.py:190} INFO - here....
[2026-08-16T09:04:50.306+0000] {data_modification.py:69} INFO - Updated row with Video_ID: 3uZvRkPHUsU
[2026-08-16T09:04:50.311+0000] {logging_mixin.py:190} INFO - here....
[2026-08-16T09:04:50.318+0000] {data_modification.py:69} INFO - Updated row with Video_ID: dnaSeUONZP4
[2026-08-16T09:04:50.322+0000] {logging_mixin.py:190} INFO - here....
[2026-08-16T09:04:50.328+0000] {data_modification.py:69} INFO - Updated row with Video_ID: xIb_GhpU4g8
[2026-08-16T09:04:50.332+0000] {logging_mixin.py:190} INFO - here....
[2026-08-16T09:04:50.339+0000] {data_modification.py:69} INFO - Updated row with Video_ID: x0D3YfDlcZE
[2026-08-16T09:04:50.342+0000] {logging_mixin.py:190} INFO - here....
[2026-08-16T09:04:50.347+0000] {data_modification.py:69} INFO - Updated row with Video_ID: x-O_iL-gSbE
[2026-08-16T09:04:50.351+0000] {logging_mixin.py:190} INFO - here....
[2026-08-16T09:04:50.356+0000] {data_modification.py:69} INFO - Updated row with Video_ID: xdShRmqCv6s
[2026-08-16T09:04:50.359+0000] {logging_mixin.py:190} INFO - here....
[2026-08-16T09:04:50.365+0000] {data_modification.py:69} INFO - Updated row with Video_ID: kaIQ9IgTkFQ
[2026-08-16T09:04:50.368+0000] {logging_mixin.py:190} INFO - here....
[2026-08-16T09:04:50.374+0000] {data_modification.py:69} INFO - Updated row with Video_ID: OlulviQanFc
[2026-08-16T09:04:50.377+0000] {logging_mixin.py:190} INFO - here....
[2026-08-16T09:04:50.383+0000] {data_modification.py:69} INFO - Updated row with Video_ID: zVh0dJlTbCU
[2026-08-16T09:04:50.386+0000] {logging_mixin.py:190} INFO - here....
[2026-08-16T09:04:50.392+0000] {data_modification.py:69} INFO - Updated row with Video_ID: GrChhXs_fZk
[2026-08-16T09:04:50.395+0000] {logging_mixin.py:190} INFO - here....
[2026-08-16T09:04:50.401+0000] {data_modification.py:69} INFO - Updated row with Video_ID: HjhnaYtWzlg
[2026-08-16T09:04:50.403+0000] {logging_mixin.py:190} INFO - here....
[2026-08-16T09:04:50.408+0000] {data_modification.py:69} INFO - Updated row with Video_ID: HsUPZNEyOdY
[2026-08-16T09:04:50.411+0000] {logging_mixin.py:190} INFO - here....
[2026-08-16T09:04:50.417+0000] {data_modification.py:69} INFO - Updated row with Video_ID: IbwNIhXlaW8
[2026-08-16T09:04:50.420+0000] {logging_mixin.py:190} INFO - here....
[2026-08-16T09:04:50.425+0000] {data_modification.py:69} INFO - Updated row with Video_ID: DmppHdpXbfY
[2026-08-16T09:04:50.427+0000] {logging_mixin.py:190} INFO - here....
[2026-08-16T09:04:50.433+0000] {data_modification.py:69} INFO - Updated row with Video_ID: FaTQldGEp5o
[2026-08-16T09:04:50.436+0000] {logging_mixin.py:190} INFO - here....
[2026-08-16T09:04:50.445+0000] {data_modification.py:69} INFO - Updated row with Video_ID: FLCXjUvn9p0
[2026-08-16T09:04:50.450+0000] {logging_mixin.py:190} INFO - here....
[2026-08-16T09:04:50.457+0000] {data_modification.py:69} INFO - Updated row with Video_ID: xEZXX386OfQ
[2026-08-16T09:04:50.459+0000] {logging_mixin.py:190} INFO - here....
[2026-08-16T09:04:50.465+0000] {data_modification.py:69} INFO - Updated row with Video_ID: SrmEYONzwhc
[2026-08-16T09:04:50.468+0000] {logging_mixin.py:190} INFO - here....
[2026-08-16T09:04:50.475+0000] {data_modification.py:69} INFO - Updated row with Video_ID: Y544heOqPJQ
[2026-08-16T09:04:50.478+0000] {logging_mixin.py:190} INFO - here....
[2026-08-16T09:04:50.485+0000] {data_modification.py:69} INFO - Updated row with Video_ID: aaZvpsHGO8Q
[2026-08-16T09:04:50.488+0000] {logging_mixin.py:190} INFO - here....
[2026-08-16T09:04:50.495+0000] {data_modification.py:69} INFO - Updated row with Video_ID: 3aXdj83jRr4
[2026-08-16T09:04:50.498+0000] {logging_mixin.py:190} INFO - here....
[2026-08-16T09:04:50.505+0000] {data_modification.py:69} INFO - Updated row with Video_ID: NKTOXD4s7Mc
[2026-08-16T09:04:50.507+0000] {logging_mixin.py:190} INFO - here....
[2026-08-16T09:04:50.514+0000] {data_modification.py:69} INFO - Updated row with Video_ID: EwuLROV0L-M
[2026-08-16T09:04:50.517+0000] {logging_mixin.py:190} INFO - here....
[2026-08-16T09:04:50.524+0000] {data_modification.py:69} INFO - Updated row with Video_ID: Bs9xQDAZg6E
[2026-08-16T09:04:50.529+0000] {logging_mixin.py:190} INFO - here....
[2026-08-16T09:04:50.537+0000] {data_modification.py:69} INFO - Updated row with Video_ID: YwExQgpKKm0
[2026-08-16T09:04:50.539+0000] {logging_mixin.py:190} INFO - here....
[2026-08-16T09:04:50.547+0000] {data_modification.py:69} INFO - Updated row with Video_ID: 9sxSZJaG3JM
[2026-08-16T09:04:50.550+0000] {logging_mixin.py:190} INFO - here....
[2026-08-16T09:04:50.568+0000] {data_modification.py:69} INFO - Updated row with Video_ID: aDWl70uWCsk
[2026-08-16T09:04:50.575+0000] {logging_mixin.py:190} INFO - here....
[2026-08-16T09:04:50.588+0000] {data_modification.py:69} INFO - Updated row with Video_ID: vMtypWib6GE
[2026-08-16T09:04:50.595+0000] {logging_mixin.py:190} INFO - here....
[2026-08-16T09:04:50.607+0000] {data_modification.py:69} INFO - Updated row with Video_ID: 3i8VxgseLSY
[2026-08-16T09:04:50.611+0000] {logging_mixin.py:190} INFO - here....
[2026-08-16T09:04:50.617+0000] {data_modification.py:69} INFO - Updated row with Video_ID: U3oAmKzUKrg
[2026-08-16T09:04:50.620+0000] {logging_mixin.py:190} INFO - here....
[2026-08-16T09:04:50.627+0000] {data_modification.py:69} INFO - Updated row with Video_ID: O_hJTBv17zo
[2026-08-16T09:04:50.630+0000] {logging_mixin.py:190} INFO - here....
[2026-08-16T09:04:50.637+0000] {data_modification.py:69} INFO - Updated row with Video_ID: z7yfZBxQzoQ
[2026-08-16T09:04:50.641+0000] {logging_mixin.py:190} INFO - here....
[2026-08-16T09:04:50.649+0000] {data_modification.py:69} INFO - Updated row with Video_ID: 9WHpprt6cjU
[2026-08-16T09:04:50.655+0000] {logging_mixin.py:190} INFO - here....
[2026-08-16T09:04:50.663+0000] {data_modification.py:69} INFO - Updated row with Video_ID: 1aKm8J1ucRU
[2026-08-16T09:04:50.669+0000] {logging_mixin.py:190} INFO - here....
[2026-08-16T09:04:50.678+0000] {data_modification.py:69} INFO - Updated row with Video_ID: KB5NsFhk8Bk
[2026-08-16T09:04:50.682+0000] {logging_mixin.py:190} INFO - here....
[2026-08-16T09:04:50.689+0000] {data_modification.py:69} INFO - Updated row with Video_ID: 49sGbt1_QPI
[2026-08-16T09:04:50.693+0000] {logging_mixin.py:190} INFO - here....
[2026-08-16T09:04:50.699+0000] {data_modification.py:69} INFO - Updated row with Video_ID: wvVV3nXrrZM
[2026-08-16T09:04:50.702+0000] {logging_mixin.py:190} INFO - here....
[2026-08-16T09:04:50.707+0000] {data_modification.py:69} INFO - Updated row with Video_ID: 9WwttIhG4Rc
[2026-08-16T09:04:50.710+0000] {logging_mixin.py:190} INFO - here....
[2026-08-16T09:04:50.716+0000] {data_modification.py:69} INFO - Updated row with Video_ID: xV5hpZRJtSY
[2026-08-16T09:04:50.719+0000] {logging_mixin.py:190} INFO - here....
[2026-08-16T09:04:50.724+0000] {data_modification.py:69} INFO - Updated row with Video_ID: 1AFcZWOrK4Q
[2026-08-16T09:04:50.727+0000] {logging_mixin.py:190} INFO - here....
[2026-08-16T09:04:50.733+0000] {data_modification.py:69} INFO - Updated row with Video_ID: H0UpDSOy8Hs
[2026-08-16T09:04:50.736+0000] {logging_mixin.py:190} INFO - here....
[2026-08-16T09:04:50.742+0000] {data_modification.py:69} INFO - Updated row with Video_ID: vwXTn-k0Wy0
[2026-08-16T09:04:50.745+0000] {logging_mixin.py:190} INFO - here....
[2026-08-16T09:04:50.751+0000] {data_modification.py:69} INFO - Updated row with Video_ID: VKhegQj-Siw
[2026-08-16T09:04:50.757+0000] {logging_mixin.py:190} INFO - here....
[2026-08-16T09:04:50.762+0000] {data_modification.py:69} INFO - Updated row with Video_ID: PCvauLXog1k
[2026-08-16T09:04:50.765+0000] {logging_mixin.py:190} INFO - here....
[2026-08-16T09:04:50.770+0000] {data_modification.py:69} INFO - Updated row with Video_ID: jLst0awuuE0
[2026-08-16T09:04:50.772+0000] {logging_mixin.py:190} INFO - here....
[2026-08-16T09:04:50.777+0000] {data_modification.py:69} INFO - Updated row with Video_ID: dsgMjv6jk48
[2026-08-16T09:04:50.779+0000] {logging_mixin.py:190} INFO - here....
[2026-08-16T09:04:50.784+0000] {data_modification.py:69} INFO - Updated row with Video_ID: RgPIsuchNv4
[2026-08-16T09:04:50.786+0000] {logging_mixin.py:190} INFO - here....
[2026-08-16T09:04:50.790+0000] {data_modification.py:69} INFO - Updated row with Video_ID: 7h8VKo_6zpk
[2026-08-16T09:04:50.792+0000] {logging_mixin.py:190} INFO - here....
[2026-08-16T09:04:50.796+0000] {data_modification.py:69} INFO - Updated row with Video_ID: xhmIR0iUt7g
[2026-08-16T09:04:50.798+0000] {logging_mixin.py:190} INFO - here....
[2026-08-16T09:04:50.802+0000] {data_modification.py:69} INFO - Updated row with Video_ID: XxLijY6W9e0
[2026-08-16T09:04:50.804+0000] {logging_mixin.py:190} INFO - here....
[2026-08-16T09:04:50.809+0000] {data_modification.py:69} INFO - Updated row with Video_ID: i8-QCXtBCVE
[2026-08-16T09:04:50.811+0000] {logging_mixin.py:190} INFO - here....
[2026-08-16T09:04:50.815+0000] {data_modification.py:69} INFO - Updated row with Video_ID: oJf4UnBSc7s
[2026-08-16T09:04:50.817+0000] {logging_mixin.py:190} INFO - here....
[2026-08-16T09:04:50.822+0000] {data_modification.py:69} INFO - Updated row with Video_ID: m8ursykhvWU
[2026-08-16T09:04:50.824+0000] {logging_mixin.py:190} INFO - here....
[2026-08-16T09:04:50.828+0000] {data_modification.py:69} INFO - Updated row with Video_ID: qwtbuYiT_nk
[2026-08-16T09:04:50.830+0000] {logging_mixin.py:190} INFO - here....
[2026-08-16T09:04:50.834+0000] {data_modification.py:69} INFO - Updated row with Video_ID: Jbl4Nkapgoc
[2026-08-16T09:04:50.835+0000] {logging_mixin.py:190} INFO - here....
[2026-08-16T09:04:50.839+0000] {data_modification.py:69} INFO - Updated row with Video_ID: RbIEcyHNImQ
[2026-08-16T09:04:50.841+0000] {logging_mixin.py:190} INFO - here....
[2026-08-16T09:04:50.844+0000] {data_modification.py:69} INFO - Updated row with Video_ID: p6upMXm1D2k
[2026-08-16T09:04:50.846+0000] {logging_mixin.py:190} INFO - here....
[2026-08-16T09:04:50.849+0000] {data_modification.py:69} INFO - Updated row with Video_ID: fGu60pqd4tI
[2026-08-16T09:04:50.851+0000] {logging_mixin.py:190} INFO - here....
[2026-08-16T09:04:50.856+0000] {data_modification.py:69} INFO - Updated row with Video_ID: S2PmFlGhBmg
[2026-08-16T09:04:50.857+0000] {logging_mixin.py:190} INFO - here....
[2026-08-16T09:04:50.861+0000] {data_modification.py:69} INFO - Updated row with Video_ID: eXfQVOtNxp0
[2026-08-16T09:04:50.863+0000] {logging_mixin.py:190} INFO - here....
[2026-08-16T09:04:50.866+0000] {data_modification.py:69} INFO - Updated row with Video_ID: W1l9rKYd9Ao
[2026-08-16T09:04:50.868+0000] {logging_mixin.py:190} INFO - here....
[2026-08-16T09:04:50.872+0000] {data_modification.py:69} INFO - Updated row with Video_ID: u8pzlxnKyAI
[2026-08-16T09:04:50.874+0000] {logging_mixin.py:190} INFO - here....
[2026-08-16T09:04:50.879+0000] {data_modification.py:69} INFO - Updated row with Video_ID: yJ7BBN9WBnQ
[2026-08-16T09:04:50.881+0000] {logging_mixin.py:190} INFO - here....
[2026-08-16T09:04:50.886+0000] {data_modification.py:69} INFO - Updated row with Video_ID: 3l0F7I4fNbg
[2026-08-16T09:04:50.888+0000] {logging_mixin.py:190} INFO - here....
[2026-08-16T09:04:50.892+0000] {data_modification.py:69} INFO - Updated row with Video_ID: 9AA39VY14M0
[2026-08-16T09:04:50.893+0000] {logging_mixin.py:190} INFO - here....
[2026-08-16T09:04:50.898+0000] {data_modification.py:69} INFO - Updated row with Video_ID: RWxLcRvs6Fg
[2026-08-16T09:04:50.900+0000] {logging_mixin.py:190} INFO - here....
[2026-08-16T09:04:50.903+0000] {data_modification.py:69} INFO - Updated row with Video_ID: oKTqlN1AoHY
[2026-08-16T09:04:50.905+0000] {logging_mixin.py:190} INFO - here....
[2026-08-16T09:04:50.909+0000] {data_modification.py:69} INFO - Updated row with Video_ID: 6JO27qmjv4o
[2026-08-16T09:04:50.911+0000] {logging_mixin.py:190} INFO - here....
[2026-08-16T09:04:50.914+0000] {data_modification.py:69} INFO - Updated row with Video_ID: sMrSvWsmDTQ
[2026-08-16T09:04:50.916+0000] {logging_mixin.py:190} INFO - here....
[2026-08-16T09:04:50.920+0000] {data_modification.py:69} INFO - Updated row with Video_ID: I7WkOzX1140
[2026-08-16T09:04:50.922+0000] {logging_mixin.py:190} INFO - here....
[2026-08-16T09:04:50.926+0000] {data_modification.py:69} INFO - Updated row with Video_ID: 9tM3wN7SqIc
[2026-08-16T09:04:50.928+0000] {logging_mixin.py:190} INFO - here....
[2026-08-16T09:04:50.931+0000] {data_modification.py:69} INFO - Updated row with Video_ID: 4zgNCTdSo8o
[2026-08-16T09:04:50.933+0000] {logging_mixin.py:190} INFO - here....
[2026-08-16T09:04:50.938+0000] {data_modification.py:69} INFO - Updated row with Video_ID: wMT07u0lW5k
[2026-08-16T09:04:50.940+0000] {logging_mixin.py:190} INFO - here....
[2026-08-16T09:04:50.944+0000] {data_modification.py:69} INFO - Updated row with Video_ID: G-WnjYztPfc
[2026-08-16T09:04:50.946+0000] {logging_mixin.py:190} INFO - here....
[2026-08-16T09:04:50.950+0000] {data_modification.py:69} INFO - Updated row with Video_ID: jyuC7vK7ePU
[2026-08-16T09:04:50.952+0000] {logging_mixin.py:190} INFO - here....
[2026-08-16T09:04:50.956+0000] {data_modification.py:69} INFO - Updated row with Video_ID: 4liUj_5pFWg
[2026-08-16T09:04:50.957+0000] {logging_mixin.py:190} INFO - here....
[2026-08-16T09:04:50.962+0000] {data_modification.py:69} INFO - Updated row with Video_ID: zMeKVsoOwUM
[2026-08-16T09:04:50.964+0000] {logging_mixin.py:190} INFO - here....
[2026-08-16T09:04:50.967+0000] {data_modification.py:69} INFO - Updated row with Video_ID: 34A_vfNzDGg
[2026-08-16T09:04:50.969+0000] {logging_mixin.py:190} INFO - here....
[2026-08-16T09:04:50.973+0000] {data_modification.py:69} INFO - Updated row with Video_ID: N6uXI8QbMwc
[2026-08-16T09:04:50.975+0000] {logging_mixin.py:190} INFO - here....
[2026-08-16T09:04:50.979+0000] {data_modification.py:69} INFO - Updated row with Video_ID: 17HkpilJFAY
[2026-08-16T09:04:50.981+0000] {logging_mixin.py:190} INFO - here....
[2026-08-16T09:04:50.985+0000] {data_modification.py:69} INFO - Updated row with Video_ID: dZ-jCrg0P2w
[2026-08-16T09:04:50.987+0000] {logging_mixin.py:190} INFO - here....
[2026-08-16T09:04:50.991+0000] {data_modification.py:69} INFO - Updated row with Video_ID: kGIZcrxKW14
[2026-08-16T09:04:50.992+0000] {logging_mixin.py:190} INFO - here....
[2026-08-16T09:04:50.996+0000] {data_modification.py:69} INFO - Updated row with Video_ID: 2VsUoZWPC9k
[2026-08-16T09:04:50.998+0000] {logging_mixin.py:190} INFO - here....
[2026-08-16T09:04:51.001+0000] {data_modification.py:69} INFO - Updated row with Video_ID: b60xNRO4pqo
[2026-08-16T09:04:51.003+0000] {logging_mixin.py:190} INFO - here....
[2026-08-16T09:04:51.007+0000] {data_modification.py:69} INFO - Updated row with Video_ID: BcAXML17cJQ
[2026-08-16T09:04:51.009+0000] {logging_mixin.py:190} INFO - here....
[2026-08-16T09:04:51.012+0000] {data_modification.py:69} INFO - Updated row with Video_ID: WwLQafMATb4
[2026-08-16T09:04:51.014+0000] {logging_mixin.py:190} INFO - here....
[2026-08-16T09:04:51.018+0000] {data_modification.py:69} INFO - Updated row with Video_ID: OlGZK81Y34s
[2026-08-16T09:04:51.019+0000] {logging_mixin.py:190} INFO - here....
[2026-08-16T09:04:51.023+0000] {data_modification.py:69} INFO - Updated row with Video_ID: 81ir__lm7Tw
[2026-08-16T09:04:51.025+0000] {logging_mixin.py:190} INFO - here....
[2026-08-16T09:04:51.029+0000] {data_modification.py:69} INFO - Updated row with Video_ID: zyfYqc1Q4-U
[2026-08-16T09:04:51.030+0000] {logging_mixin.py:190} INFO - here....
[2026-08-16T09:04:51.033+0000] {data_modification.py:69} INFO - Updated row with Video_ID: Uy79y2_4xmo
[2026-08-16T09:04:51.035+0000] {logging_mixin.py:190} INFO - here....
[2026-08-16T09:04:51.038+0000] {data_modification.py:69} INFO - Updated row with Video_ID: 8Pb-7WIvPMQ
[2026-08-16T09:04:51.040+0000] {logging_mixin.py:190} INFO - here....
[2026-08-16T09:04:51.043+0000] {data_modification.py:69} INFO - Updated row with Video_ID: _lzL8ooAykY
[2026-08-16T09:04:51.045+0000] {logging_mixin.py:190} INFO - here....
[2026-08-16T09:04:51.049+0000] {data_modification.py:69} INFO - Updated row with Video_ID: FBz24TXYRDw
[2026-08-16T09:04:51.050+0000] {logging_mixin.py:190} INFO - here....
[2026-08-16T09:04:51.054+0000] {data_modification.py:69} INFO - Updated row with Video_ID: QFSz-rvSAMA
[2026-08-16T09:04:51.056+0000] {logging_mixin.py:190} INFO - here....
[2026-08-16T09:04:51.059+0000] {data_modification.py:69} INFO - Updated row with Video_ID: -rjcni2I758
[2026-08-16T09:04:51.061+0000] {logging_mixin.py:190} INFO - here....
[2026-08-16T09:04:51.066+0000] {data_modification.py:69} INFO - Updated row with Video_ID: M8H097tYBi4
[2026-08-16T09:04:51.067+0000] {logging_mixin.py:190} INFO - here....
[2026-08-16T09:04:51.071+0000] {data_modification.py:69} INFO - Updated row with Video_ID: Q-Z7bqD2RqI
[2026-08-16T09:04:51.072+0000] {logging_mixin.py:190} INFO - here....
[2026-08-16T09:04:51.076+0000] {data_modification.py:69} INFO - Updated row with Video_ID: 6wKUoGh0eQI
[2026-08-16T09:04:51.077+0000] {logging_mixin.py:190} INFO - here....
[2026-08-16T09:04:51.081+0000] {data_modification.py:69} INFO - Updated row with Video_ID: dAsfYLNJDQk
[2026-08-16T09:04:51.082+0000] {logging_mixin.py:190} INFO - here....
[2026-08-16T09:04:51.086+0000] {data_modification.py:69} INFO - Updated row with Video_ID: aLaCzAFdabo
[2026-08-16T09:04:51.087+0000] {logging_mixin.py:190} INFO - here....
[2026-08-16T09:04:51.091+0000] {data_modification.py:69} INFO - Updated row with Video_ID: nyFzpHcGVx4
[2026-08-16T09:04:51.092+0000] {logging_mixin.py:190} INFO - here....
[2026-08-16T09:04:51.095+0000] {data_modification.py:69} INFO - Updated row with Video_ID: 8949buNSOmU
[2026-08-16T09:04:51.097+0000] {logging_mixin.py:190} INFO - here....
[2026-08-16T09:04:51.100+0000] {data_modification.py:69} INFO - Updated row with Video_ID: ZdgxpROW0II
[2026-08-16T09:04:51.102+0000] {logging_mixin.py:190} INFO - here....
[2026-08-16T09:04:51.106+0000] {data_modification.py:69} INFO - Updated row with Video_ID: EXZg9nkySEc
[2026-08-16T09:04:51.107+0000] {logging_mixin.py:190} INFO - here....
[2026-08-16T09:04:51.110+0000] {data_modification.py:69} INFO - Updated row with Video_ID: FlzvNeuoLgk
[2026-08-16T09:04:51.112+0000] {logging_mixin.py:190} INFO - here....
[2026-08-16T09:04:51.115+0000] {data_modification.py:69} INFO - Updated row with Video_ID: ybAD88kReo8
[2026-08-16T09:04:51.116+0000] {logging_mixin.py:190} INFO - here....
[2026-08-16T09:04:51.121+0000] {data_modification.py:69} INFO - Updated row with Video_ID: 7amSQcaUqQU
[2026-08-16T09:04:51.122+0000] {logging_mixin.py:190} INFO - here....
[2026-08-16T09:04:51.126+0000] {data_modification.py:69} INFO - Updated row with Video_ID: 0wsVy-UrKVY
[2026-08-16T09:04:51.128+0000] {logging_mixin.py:190} INFO - here....
[2026-08-16T09:04:51.131+0000] {data_modification.py:69} INFO - Updated row with Video_ID: nJb7nDxF6OQ
[2026-08-16T09:04:51.132+0000] {logging_mixin.py:190} INFO - here....
[2026-08-16T09:04:51.136+0000] {data_modification.py:69} INFO - Updated row with Video_ID: I7Dz20M4m2w
[2026-08-16T09:04:51.138+0000] {logging_mixin.py:190} INFO - here....
[2026-08-16T09:04:51.141+0000] {data_modification.py:69} INFO - Updated row with Video_ID: 5u-xgQBMc1w
[2026-08-16T09:04:51.143+0000] {logging_mixin.py:190} INFO - here....
[2026-08-16T09:04:51.147+0000] {data_modification.py:69} INFO - Updated row with Video_ID: kwdi6xicOFY
[2026-08-16T09:04:51.148+0000] {logging_mixin.py:190} INFO - here....
[2026-08-16T09:04:51.152+0000] {data_modification.py:69} INFO - Updated row with Video_ID: Go6C6KSxpQY
[2026-08-16T09:04:51.154+0000] {logging_mixin.py:190} INFO - here....
[2026-08-16T09:04:51.157+0000] {data_modification.py:69} INFO - Updated row with Video_ID: Z7Yy4dbX5No
[2026-08-16T09:04:51.159+0000] {logging_mixin.py:190} INFO - here....
[2026-08-16T09:04:51.162+0000] {data_modification.py:69} INFO - Updated row with Video_ID: Mj8elG1igeo
[2026-08-16T09:04:51.164+0000] {logging_mixin.py:190} INFO - here....
[2026-08-16T09:04:51.168+0000] {data_modification.py:69} INFO - Updated row with Video_ID: maZOZsPqpes
[2026-08-16T09:04:51.169+0000] {logging_mixin.py:190} INFO - here....
[2026-08-16T09:04:51.173+0000] {data_modification.py:69} INFO - Updated row with Video_ID: 57Iy0UZI0SM
[2026-08-16T09:04:51.174+0000] {logging_mixin.py:190} INFO - here....
[2026-08-16T09:04:51.177+0000] {data_modification.py:69} INFO - Updated row with Video_ID: wAg9pg9vQUo
[2026-08-16T09:04:51.179+0000] {logging_mixin.py:190} INFO - here....
[2026-08-16T09:04:51.184+0000] {data_modification.py:69} INFO - Updated row with Video_ID: MbTGAM4OhG0
[2026-08-16T09:04:51.186+0000] {logging_mixin.py:190} INFO - here....
[2026-08-16T09:04:51.190+0000] {data_modification.py:69} INFO - Updated row with Video_ID: pkPcV0DSgJs
[2026-08-16T09:04:51.192+0000] {logging_mixin.py:190} INFO - here....
[2026-08-16T09:04:51.196+0000] {data_modification.py:69} INFO - Updated row with Video_ID: 0L0cQafhqrM
[2026-08-16T09:04:51.198+0000] {logging_mixin.py:190} INFO - here....
[2026-08-16T09:04:51.202+0000] {data_modification.py:69} INFO - Updated row with Video_ID: jRylZ4OtuGU
[2026-08-16T09:04:51.204+0000] {logging_mixin.py:190} INFO - here....
[2026-08-16T09:04:51.207+0000] {data_modification.py:69} INFO - Updated row with Video_ID: BwwsdEZ_SYU
[2026-08-16T09:04:51.209+0000] {logging_mixin.py:190} INFO - here....
[2026-08-16T09:04:51.212+0000] {data_modification.py:69} INFO - Updated row with Video_ID: zzEZZLuvePM
[2026-08-16T09:04:51.214+0000] {logging_mixin.py:190} INFO - here....
[2026-08-16T09:04:51.218+0000] {data_modification.py:69} INFO - Updated row with Video_ID: 4Cvf51dLYSk
[2026-08-16T09:04:51.220+0000] {logging_mixin.py:190} INFO - here....
[2026-08-16T09:04:51.223+0000] {data_modification.py:69} INFO - Updated row with Video_ID: ZKKaeB5JQU8
[2026-08-16T09:04:51.225+0000] {logging_mixin.py:190} INFO - here....
[2026-08-16T09:04:51.228+0000] {data_modification.py:69} INFO - Updated row with Video_ID: ARJP_njN0os
[2026-08-16T09:04:51.230+0000] {logging_mixin.py:190} INFO - here....
[2026-08-16T09:04:51.233+0000] {data_modification.py:69} INFO - Updated row with Video_ID: gegkjbS5Tew
[2026-08-16T09:04:51.235+0000] {logging_mixin.py:190} INFO - here....
[2026-08-16T09:04:51.238+0000] {data_modification.py:69} INFO - Updated row with Video_ID: ZirpjsGfTMY
[2026-08-16T09:04:51.240+0000] {logging_mixin.py:190} INFO - here....
[2026-08-16T09:04:51.243+0000] {data_modification.py:69} INFO - Updated row with Video_ID: ORJOugU5D3I
[2026-08-16T09:04:51.245+0000] {logging_mixin.py:190} INFO - here....
[2026-08-16T09:04:51.249+0000] {data_modification.py:69} INFO - Updated row with Video_ID: NeXRyiVlKsI
[2026-08-16T09:04:51.251+0000] {logging_mixin.py:190} INFO - here....
[2026-08-16T09:04:51.255+0000] {data_modification.py:69} INFO - Updated row with Video_ID: rGHJciNIGAc
[2026-08-16T09:04:51.256+0000] {logging_mixin.py:190} INFO - here....
[2026-08-16T09:04:51.260+0000] {data_modification.py:69} INFO - Updated row with Video_ID: PSP18PWf5Zs
[2026-08-16T09:04:51.261+0000] {logging_mixin.py:190} INFO - here....
[2026-08-16T09:04:51.265+0000] {data_modification.py:69} INFO - Updated row with Video_ID: g5oGT8kwvbw
[2026-08-16T09:04:51.266+0000] {logging_mixin.py:190} INFO - here....
[2026-08-16T09:04:51.270+0000] {data_modification.py:69} INFO - Updated row with Video_ID: Hf6Xu2NL4_s
[2026-08-16T09:04:51.271+0000] {logging_mixin.py:190} INFO - here....
[2026-08-16T09:04:51.275+0000] {data_modification.py:69} INFO - Updated row with Video_ID: tWC0VDEscvI
[2026-08-16T09:04:51.277+0000] {logging_mixin.py:190} INFO - here....
[2026-08-16T09:04:51.281+0000] {data_modification.py:69} INFO - Updated row with Video_ID: cS7RhYUjEQI
[2026-08-16T09:04:51.282+0000] {logging_mixin.py:190} INFO - here....
[2026-08-16T09:04:51.286+0000] {data_modification.py:69} INFO - Updated row with Video_ID: sE1NV_9ReTg
[2026-08-16T09:04:51.287+0000] {logging_mixin.py:190} INFO - here....
[2026-08-16T09:04:51.291+0000] {data_modification.py:69} INFO - Updated row with Video_ID: 7PTe7CNgr9g
[2026-08-16T09:04:51.293+0000] {logging_mixin.py:190} INFO - here....
[2026-08-16T09:04:51.296+0000] {data_modification.py:69} INFO - Updated row with Video_ID: 68_Bu4FCdfI
[2026-08-16T09:04:51.298+0000] {logging_mixin.py:190} INFO - here....
[2026-08-16T09:04:51.301+0000] {data_modification.py:69} INFO - Updated row with Video_ID: hz1CKPY3m4U
[2026-08-16T09:04:51.303+0000] {logging_mixin.py:190} INFO - here....
[2026-08-16T09:04:51.306+0000] {data_modification.py:69} INFO - Updated row with Video_ID: oe2n1fr6mFA
[2026-08-16T09:04:51.308+0000] {logging_mixin.py:190} INFO - here....
[2026-08-16T09:04:51.313+0000] {data_modification.py:69} INFO - Updated row with Video_ID: 1pZkVccIrWM
[2026-08-16T09:04:51.314+0000] {logging_mixin.py:190} INFO - here....
[2026-08-16T09:04:51.317+0000] {data_modification.py:69} INFO - Updated row with Video_ID: R1WPx1fYVq0
[2026-08-16T09:04:51.319+0000] {logging_mixin.py:190} INFO - here....
[2026-08-16T09:04:51.322+0000] {data_modification.py:69} INFO - Updated row with Video_ID: mBD2NqvxpPc
[2026-08-16T09:04:51.324+0000] {logging_mixin.py:190} INFO - here....
[2026-08-16T09:04:51.328+0000] {data_modification.py:69} INFO - Updated row with Video_ID: ZlGKtvzvjp8
[2026-08-16T09:04:51.330+0000] {logging_mixin.py:190} INFO - here....
[2026-08-16T09:04:51.333+0000] {data_modification.py:69} INFO - Updated row with Video_ID: p09CoG0Du4I
[2026-08-16T09:04:51.334+0000] {logging_mixin.py:190} INFO - here....
[2026-08-16T09:04:51.338+0000] {data_modification.py:69} INFO - Updated row with Video_ID: g4VYtyqTg6g
[2026-08-16T09:04:51.340+0000] {logging_mixin.py:190} INFO - here....
[2026-08-16T09:04:51.344+0000] {data_modification.py:69} INFO - Updated row with Video_ID: dWAYUrGg5cM
[2026-08-16T09:04:51.346+0000] {logging_mixin.py:190} INFO - here....
[2026-08-16T09:04:51.349+0000] {data_modification.py:69} INFO - Updated row with Video_ID: tuhUc9_dT20
[2026-08-16T09:04:51.351+0000] {logging_mixin.py:190} INFO - here....
[2026-08-16T09:04:51.354+0000] {data_modification.py:69} INFO - Updated row with Video_ID: hia0Xg8j_IU
[2026-08-16T09:04:51.355+0000] {logging_mixin.py:190} INFO - here....
[2026-08-16T09:04:51.359+0000] {data_modification.py:69} INFO - Updated row with Video_ID: EiGbC7Yluf0
[2026-08-16T09:04:51.360+0000] {logging_mixin.py:190} INFO - here....
[2026-08-16T09:04:51.364+0000] {data_modification.py:69} INFO - Updated row with Video_ID: Ti86SZL9CX4
[2026-08-16T09:04:51.364+0000] {logging_mixin.py:190} INFO - here....
[2026-08-16T09:04:51.368+0000] {data_modification.py:69} INFO - Updated row with Video_ID: 0eRgdC7xLcs
[2026-08-16T09:04:51.370+0000] {logging_mixin.py:190} INFO - here....
[2026-08-16T09:04:51.374+0000] {data_modification.py:69} INFO - Updated row with Video_ID: WvOiHiaXr5E
[2026-08-16T09:04:51.376+0000] {logging_mixin.py:190} INFO - here....
[2026-08-16T09:04:51.379+0000] {data_modification.py:69} INFO - Updated row with Video_ID: N6fgJypFyQI
[2026-08-16T09:04:51.381+0000] {logging_mixin.py:190} INFO - here....
[2026-08-16T09:04:51.385+0000] {data_modification.py:69} INFO - Updated row with Video_ID: tcN8f9V4t8I
[2026-08-16T09:04:51.386+0000] {logging_mixin.py:190} INFO - here....
[2026-08-16T09:04:51.390+0000] {data_modification.py:69} INFO - Updated row with Video_ID: LJe2jLKIXd0
[2026-08-16T09:04:51.392+0000] {logging_mixin.py:190} INFO - here....
[2026-08-16T09:04:51.395+0000] {data_modification.py:69} INFO - Updated row with Video_ID: C_GStS6a29c
[2026-08-16T09:04:51.397+0000] {logging_mixin.py:190} INFO - here....
[2026-08-16T09:04:51.400+0000] {data_modification.py:69} INFO - Updated row with Video_ID: Saz70nG4oKE
[2026-08-16T09:04:51.402+0000] {logging_mixin.py:190} INFO - here....
[2026-08-16T09:04:51.406+0000] {data_modification.py:69} INFO - Updated row with Video_ID: q9exwXizr2Y
[2026-08-16T09:04:51.407+0000] {logging_mixin.py:190} INFO - here....
[2026-08-16T09:04:51.411+0000] {data_modification.py:69} INFO - Updated row with Video_ID: utkF94f09_c
[2026-08-16T09:04:51.413+0000] {logging_mixin.py:190} INFO - here....
[2026-08-16T09:04:51.417+0000] {data_modification.py:69} INFO - Updated row with Video_ID: QfN0Jm-2hxE
[2026-08-16T09:04:51.419+0000] {logging_mixin.py:190} INFO - here....
[2026-08-16T09:04:51.423+0000] {data_modification.py:69} INFO - Updated row with Video_ID: mNQlQwDKZAU
[2026-08-16T09:04:51.425+0000] {logging_mixin.py:190} INFO - here....
[2026-08-16T09:04:51.430+0000] {data_modification.py:69} INFO - Updated row with Video_ID: HuaopOsCSmU
[2026-08-16T09:04:51.432+0000] {logging_mixin.py:190} INFO - here....
[2026-08-16T09:04:51.437+0000] {data_modification.py:69} INFO - Updated row with Video_ID: -LiKLjHjvck
[2026-08-16T09:04:51.439+0000] {logging_mixin.py:190} INFO - here....
[2026-08-16T09:04:51.443+0000] {data_modification.py:69} INFO - Updated row with Video_ID: 3OljoetfTic
[2026-08-16T09:04:51.445+0000] {logging_mixin.py:190} INFO - here....
[2026-08-16T09:04:51.450+0000] {data_modification.py:69} INFO - Updated row with Video_ID: O8yUSICMZ90
[2026-08-16T09:04:51.452+0000] {logging_mixin.py:190} INFO - here....
[2026-08-16T09:04:51.456+0000] {data_modification.py:69} INFO - Updated row with Video_ID: ssqybPu9vVw
[2026-08-16T09:04:51.457+0000] {logging_mixin.py:190} INFO - here....
[2026-08-16T09:04:51.461+0000] {data_modification.py:69} INFO - Updated row with Video_ID: BbZQRU_cD9U
[2026-08-16T09:04:51.463+0000] {logging_mixin.py:190} INFO - here....
[2026-08-16T09:04:51.467+0000] {data_modification.py:69} INFO - Updated row with Video_ID: IxVgfev3Oyg
[2026-08-16T09:04:51.469+0000] {logging_mixin.py:190} INFO - here....
[2026-08-16T09:04:51.472+0000] {data_modification.py:69} INFO - Updated row with Video_ID: e472gzphihs
[2026-08-16T09:04:51.474+0000] {logging_mixin.py:190} INFO - here....
[2026-08-16T09:04:51.477+0000] {data_modification.py:69} INFO - Updated row with Video_ID: 8YFiZ6vjP1w
[2026-08-16T09:04:51.479+0000] {logging_mixin.py:190} INFO - here....
[2026-08-16T09:04:51.483+0000] {data_modification.py:69} INFO - Updated row with Video_ID: Ci2QcgdAzh0
[2026-08-16T09:04:51.484+0000] {logging_mixin.py:190} INFO - here....
[2026-08-16T09:04:51.487+0000] {data_modification.py:69} INFO - Updated row with Video_ID: mva2UnLiz_g
[2026-08-16T09:04:51.489+0000] {logging_mixin.py:190} INFO - here....
[2026-08-16T09:04:51.493+0000] {data_modification.py:69} INFO - Updated row with Video_ID: mamEn6Afs7c
[2026-08-16T09:04:51.494+0000] {logging_mixin.py:190} INFO - here....
[2026-08-16T09:04:51.499+0000] {data_modification.py:69} INFO - Updated row with Video_ID: K-XyW1STCWY
[2026-08-16T09:04:51.500+0000] {logging_mixin.py:190} INFO - here....
[2026-08-16T09:04:51.504+0000] {data_modification.py:69} INFO - Updated row with Video_ID: hA9oempNTQ8
[2026-08-16T09:04:51.505+0000] {logging_mixin.py:190} INFO - here....
[2026-08-16T09:04:51.509+0000] {data_modification.py:69} INFO - Updated row with Video_ID: CVACZnX_Htk
[2026-08-16T09:04:51.510+0000] {logging_mixin.py:190} INFO - here....
[2026-08-16T09:04:51.514+0000] {data_modification.py:69} INFO - Updated row with Video_ID: 28LTgEBDGF8
[2026-08-16T09:04:51.515+0000] {logging_mixin.py:190} INFO - here....
[2026-08-16T09:04:51.518+0000] {data_modification.py:69} INFO - Updated row with Video_ID: 6ShY4HV7DU4
[2026-08-16T09:04:51.520+0000] {logging_mixin.py:190} INFO - here....
[2026-08-16T09:04:51.523+0000] {data_modification.py:69} INFO - Updated row with Video_ID: 2apVBh6XJT4
[2026-08-16T09:04:51.525+0000] {logging_mixin.py:190} INFO - here....
[2026-08-16T09:04:51.528+0000] {data_modification.py:69} INFO - Updated row with Video_ID: xqi-ZQtoLfo
[2026-08-16T09:04:51.530+0000] {logging_mixin.py:190} INFO - here....
[2026-08-16T09:04:51.534+0000] {data_modification.py:69} INFO - Updated row with Video_ID: JzxUcL7L6Ak
[2026-08-16T09:04:51.536+0000] {logging_mixin.py:190} INFO - here....
[2026-08-16T09:04:51.540+0000] {data_modification.py:69} INFO - Updated row with Video_ID: j8XMf6z3_Dc
[2026-08-16T09:04:51.541+0000] {logging_mixin.py:190} INFO - here....
[2026-08-16T09:04:51.545+0000] {data_modification.py:69} INFO - Updated row with Video_ID: 0z1OOai9ntQ
[2026-08-16T09:04:51.547+0000] {logging_mixin.py:190} INFO - here....
[2026-08-16T09:04:51.550+0000] {data_modification.py:69} INFO - Updated row with Video_ID: yKbIg-9Y3Ig
[2026-08-16T09:04:51.552+0000] {logging_mixin.py:190} INFO - here....
[2026-08-16T09:04:51.555+0000] {data_modification.py:69} INFO - Updated row with Video_ID: 3T3bR8sxnmo
[2026-08-16T09:04:51.557+0000] {logging_mixin.py:190} INFO - here....
[2026-08-16T09:04:51.561+0000] {data_modification.py:69} INFO - Updated row with Video_ID: WLnHW6xnw1w
[2026-08-16T09:04:51.563+0000] {logging_mixin.py:190} INFO - here....
[2026-08-16T09:04:51.566+0000] {data_modification.py:69} INFO - Updated row with Video_ID: voYHf4JmtgY
[2026-08-16T09:04:51.568+0000] {logging_mixin.py:190} INFO - here....
[2026-08-16T09:04:51.571+0000] {data_modification.py:69} INFO - Updated row with Video_ID: WJmOQnnpUds
[2026-08-16T09:04:51.573+0000] {logging_mixin.py:190} INFO - here....
[2026-08-16T09:04:51.576+0000] {data_modification.py:69} INFO - Updated row with Video_ID: AXWHe9PpQSo
[2026-08-16T09:04:51.577+0000] {logging_mixin.py:190} INFO - here....
[2026-08-16T09:04:51.581+0000] {data_modification.py:69} INFO - Updated row with Video_ID: ntnj4EQRYu0
[2026-08-16T09:04:51.582+0000] {logging_mixin.py:190} INFO - here....
[2026-08-16T09:04:51.586+0000] {data_modification.py:69} INFO - Updated row with Video_ID: xbS5IjBy2Co
[2026-08-16T09:04:51.588+0000] {logging_mixin.py:190} INFO - here....
[2026-08-16T09:04:51.591+0000] {data_modification.py:69} INFO - Updated row with Video_ID: PGhylw4uUTs
[2026-08-16T09:04:51.593+0000] {logging_mixin.py:190} INFO - here....
[2026-08-16T09:04:51.596+0000] {data_modification.py:69} INFO - Updated row with Video_ID: 5lMtOiYpyEs
[2026-08-16T09:04:51.598+0000] {logging_mixin.py:190} INFO - here....
[2026-08-16T09:04:51.601+0000] {data_modification.py:69} INFO - Updated row with Video_ID: AT3i6Qsg6cg
[2026-08-16T09:04:51.603+0000] {logging_mixin.py:190} INFO - here....
[2026-08-16T09:04:51.606+0000] {data_modification.py:69} INFO - Updated row with Video_ID: Pk9eMnRaRJc
[2026-08-16T09:04:51.608+0000] {logging_mixin.py:190} INFO - here....
[2026-08-16T09:04:51.611+0000] {data_modification.py:69} INFO - Updated row with Video_ID: SEjuBIgcoIg
[2026-08-16T09:04:51.612+0000] {logging_mixin.py:190} INFO - here....
[2026-08-16T09:04:51.615+0000] {data_modification.py:69} INFO - Updated row with Video_ID: KvTFn0JPW48
[2026-08-16T09:04:51.617+0000] {logging_mixin.py:190} INFO - here....
[2026-08-16T09:04:51.620+0000] {data_modification.py:69} INFO - Updated row with Video_ID: 8XkYSXMWy-8
[2026-08-16T09:04:51.621+0000] {logging_mixin.py:190} INFO - here....
[2026-08-16T09:04:51.624+0000] {data_modification.py:69} INFO - Updated row with Video_ID: YBmBizZFY08
[2026-08-16T09:04:51.625+0000] {logging_mixin.py:190} INFO - here....
[2026-08-16T09:04:51.628+0000] {data_modification.py:69} INFO - Updated row with Video_ID: yUODxEIYEq8
[2026-08-16T09:04:51.629+0000] {logging_mixin.py:190} INFO - here....
[2026-08-16T09:04:51.632+0000] {data_modification.py:69} INFO - Updated row with Video_ID: KNEPHbfMuho
[2026-08-16T09:04:51.636+0000] {logging_mixin.py:190} INFO - here....
[2026-08-16T09:04:51.643+0000] {data_modification.py:69} INFO - Updated row with Video_ID: wPQtiUmfrYU
[2026-08-16T09:04:51.644+0000] {logging_mixin.py:190} INFO - here....
[2026-08-16T09:04:51.648+0000] {data_modification.py:69} INFO - Updated row with Video_ID: vzkVxHhfiRc
[2026-08-16T09:04:51.649+0000] {logging_mixin.py:190} INFO - here....
[2026-08-16T09:04:51.652+0000] {data_modification.py:69} INFO - Updated row with Video_ID: sx4RQ4XlwTI
[2026-08-16T09:04:51.653+0000] {logging_mixin.py:190} INFO - here....
[2026-08-16T09:04:51.657+0000] {data_modification.py:69} INFO - Updated row with Video_ID: sfTifNeupyo
[2026-08-16T09:04:51.658+0000] {logging_mixin.py:190} INFO - here....
[2026-08-16T09:04:51.661+0000] {data_modification.py:69} INFO - Updated row with Video_ID: DDEFSYrTH80
[2026-08-16T09:04:51.662+0000] {logging_mixin.py:190} INFO - here....
[2026-08-16T09:04:51.665+0000] {data_modification.py:69} INFO - Updated row with Video_ID: VHsOXMYFRco
[2026-08-16T09:04:51.667+0000] {logging_mixin.py:190} INFO - here....
[2026-08-16T09:04:51.670+0000] {data_modification.py:69} INFO - Updated row with Video_ID: Pjh0sOblujM
[2026-08-16T09:04:51.671+0000] {logging_mixin.py:190} INFO - here....
[2026-08-16T09:04:51.674+0000] {data_modification.py:69} INFO - Updated row with Video_ID: xwhNmaJBRQQ
[2026-08-16T09:04:51.675+0000] {logging_mixin.py:190} INFO - here....
[2026-08-16T09:04:51.679+0000] {data_modification.py:69} INFO - Updated row with Video_ID: mlyiEwsjoL0
[2026-08-16T09:04:51.682+0000] {logging_mixin.py:190} INFO - here....
[2026-08-16T09:04:51.685+0000] {data_modification.py:69} INFO - Updated row with Video_ID: 5_wWatTzxhM
[2026-08-16T09:04:51.686+0000] {logging_mixin.py:190} INFO - here....
[2026-08-16T09:04:51.688+0000] {data_modification.py:69} INFO - Updated row with Video_ID: bwYur6KY2fQ
[2026-08-16T09:04:51.690+0000] {logging_mixin.py:190} INFO - here....
[2026-08-16T09:04:51.692+0000] {data_modification.py:69} INFO - Updated row with Video_ID: Ynk4imdNQws
[2026-08-16T09:04:51.694+0000] {logging_mixin.py:190} INFO - here....
[2026-08-16T09:04:51.698+0000] {data_modification.py:69} INFO - Updated row with Video_ID: UYzCjroDuOc
[2026-08-16T09:04:51.700+0000] {logging_mixin.py:190} INFO - here....
[2026-08-16T09:04:51.703+0000] {data_modification.py:69} INFO - Updated row with Video_ID: 1dX3y9QYbZs
[2026-08-16T09:04:51.705+0000] {logging_mixin.py:190} INFO - here....
[2026-08-16T09:04:51.708+0000] {data_modification.py:69} INFO - Updated row with Video_ID: RwV-SbE_qto
[2026-08-16T09:04:51.710+0000] {logging_mixin.py:190} INFO - here....
[2026-08-16T09:04:51.715+0000] {data_modification.py:69} INFO - Updated row with Video_ID: 3IAsAAi425I
[2026-08-16T09:04:51.716+0000] {logging_mixin.py:190} INFO - here....
[2026-08-16T09:04:51.720+0000] {data_modification.py:69} INFO - Updated row with Video_ID: NlOhyyJzBF4
[2026-08-16T09:04:51.721+0000] {logging_mixin.py:190} INFO - here....
[2026-08-16T09:04:51.725+0000] {data_modification.py:69} INFO - Updated row with Video_ID: P7f6dJtCkLw
[2026-08-16T09:04:51.726+0000] {logging_mixin.py:190} INFO - here....
[2026-08-16T09:04:51.730+0000] {data_modification.py:69} INFO - Updated row with Video_ID: RpvYNGITDJE
[2026-08-16T09:04:51.732+0000] {logging_mixin.py:190} INFO - here....
[2026-08-16T09:04:51.735+0000] {data_modification.py:69} INFO - Updated row with Video_ID: tWiDKxHunDI
[2026-08-16T09:04:51.737+0000] {logging_mixin.py:190} INFO - here....
[2026-08-16T09:04:51.740+0000] {data_modification.py:69} INFO - Updated row with Video_ID: ltfm6J9qRrc
[2026-08-16T09:04:51.741+0000] {logging_mixin.py:190} INFO - here....
[2026-08-16T09:04:51.744+0000] {data_modification.py:69} INFO - Updated row with Video_ID: 9LTTa4HEwZc
[2026-08-16T09:04:51.745+0000] {logging_mixin.py:190} INFO - here....
[2026-08-16T09:04:51.749+0000] {data_modification.py:69} INFO - Updated row with Video_ID: Nrsoo3hXmTE
[2026-08-16T09:04:51.753+0000] {logging_mixin.py:190} INFO - here....
[2026-08-16T09:04:51.756+0000] {data_modification.py:69} INFO - Updated row with Video_ID: iW2HUfooOho
[2026-08-16T09:04:51.758+0000] {logging_mixin.py:190} INFO - here....
[2026-08-16T09:04:51.763+0000] {data_modification.py:69} INFO - Updated row with Video_ID: r_va8VL6ksQ
[2026-08-16T09:04:51.766+0000] {logging_mixin.py:190} INFO - here....
[2026-08-16T09:04:51.772+0000] {data_modification.py:69} INFO - Updated row with Video_ID: e6LQnLeDons
[2026-08-16T09:04:51.775+0000] {logging_mixin.py:190} INFO - here....
[2026-08-16T09:04:51.781+0000] {data_modification.py:69} INFO - Updated row with Video_ID: ZWpZuFuEYAc
[2026-08-16T09:04:51.783+0000] {logging_mixin.py:190} INFO - here....
[2026-08-16T09:04:51.787+0000] {data_modification.py:69} INFO - Updated row with Video_ID: kcX3wb6-bpo
[2026-08-16T09:04:51.790+0000] {logging_mixin.py:190} INFO - here....
[2026-08-16T09:04:51.794+0000] {data_modification.py:69} INFO - Updated row with Video_ID: Zam4O0Vq5LM
[2026-08-16T09:04:51.796+0000] {logging_mixin.py:190} INFO - here....
[2026-08-16T09:04:51.800+0000] {data_modification.py:69} INFO - Updated row with Video_ID: nw3oYXSjnt8
[2026-08-16T09:04:51.802+0000] {logging_mixin.py:190} INFO - here....
[2026-08-16T09:04:51.806+0000] {data_modification.py:69} INFO - Updated row with Video_ID: CXLOaMWR_l0
[2026-08-16T09:04:51.808+0000] {logging_mixin.py:190} INFO - here....
[2026-08-16T09:04:51.812+0000] {data_modification.py:69} INFO - Updated row with Video_ID: bNnuNSSoTag
[2026-08-16T09:04:51.814+0000] {logging_mixin.py:190} INFO - here....
[2026-08-16T09:04:51.818+0000] {data_modification.py:69} INFO - Updated row with Video_ID: JiNHP5ZwiaI
[2026-08-16T09:04:51.820+0000] {logging_mixin.py:190} INFO - here....
[2026-08-16T09:04:51.824+0000] {data_modification.py:69} INFO - Updated row with Video_ID: 6qQCAw743iE
[2026-08-16T09:04:51.826+0000] {logging_mixin.py:190} INFO - here....
[2026-08-16T09:04:51.830+0000] {data_modification.py:69} INFO - Updated row with Video_ID: JjXgDfjmJaE
[2026-08-16T09:04:51.833+0000] {logging_mixin.py:190} INFO - here....
[2026-08-16T09:04:51.837+0000] {data_modification.py:69} INFO - Updated row with Video_ID: qHan_9wIaaE
[2026-08-16T09:04:51.839+0000] {logging_mixin.py:190} INFO - here....
[2026-08-16T09:04:51.842+0000] {data_modification.py:69} INFO - Updated row with Video_ID: gZwYFWXdVyg
[2026-08-16T09:04:51.844+0000] {logging_mixin.py:190} INFO - here....
[2026-08-16T09:04:51.847+0000] {data_modification.py:69} INFO - Updated row with Video_ID: 2Oqg9TUaPMo
[2026-08-16T09:04:51.849+0000] {logging_mixin.py:190} INFO - here....
[2026-08-16T09:04:51.853+0000] {data_modification.py:69} INFO - Updated row with Video_ID: AtmKOQVDKxo
[2026-08-16T09:04:51.854+0000] {logging_mixin.py:190} INFO - here....
[2026-08-16T09:04:51.858+0000] {data_modification.py:69} INFO - Updated row with Video_ID: NYY0t2muhNc
[2026-08-16T09:04:51.859+0000] {logging_mixin.py:190} INFO - here....
[2026-08-16T09:04:51.863+0000] {data_modification.py:69} INFO - Updated row with Video_ID: o0itviqEFxI
[2026-08-16T09:04:51.865+0000] {logging_mixin.py:190} INFO - here....
[2026-08-16T09:04:51.868+0000] {data_modification.py:69} INFO - Updated row with Video_ID: f_bOQqF3Wb4
[2026-08-16T09:04:51.870+0000] {logging_mixin.py:190} INFO - here....
[2026-08-16T09:04:51.873+0000] {data_modification.py:69} INFO - Updated row with Video_ID: qK7VNuftVX8
[2026-08-16T09:04:51.875+0000] {logging_mixin.py:190} INFO - here....
[2026-08-16T09:04:51.878+0000] {data_modification.py:69} INFO - Updated row with Video_ID: 292ZgH9HIB0
[2026-08-16T09:04:51.880+0000] {logging_mixin.py:190} INFO - here....
[2026-08-16T09:04:51.883+0000] {data_modification.py:69} INFO - Updated row with Video_ID: 0_jumuSvFYc
[2026-08-16T09:04:51.885+0000] {logging_mixin.py:190} INFO - here....
[2026-08-16T09:04:51.888+0000] {data_modification.py:69} INFO - Updated row with Video_ID: BUBUwXpcStE
[2026-08-16T09:04:51.889+0000] {logging_mixin.py:190} INFO - here....
[2026-08-16T09:04:51.893+0000] {data_modification.py:69} INFO - Updated row with Video_ID: entr0RTTNEA
[2026-08-16T09:04:51.894+0000] {logging_mixin.py:190} INFO - here....
[2026-08-16T09:04:51.897+0000] {data_modification.py:69} INFO - Updated row with Video_ID: De_dV2zhXCg
[2026-08-16T09:04:51.899+0000] {logging_mixin.py:190} INFO - here....
[2026-08-16T09:04:51.903+0000] {data_modification.py:69} INFO - Updated row with Video_ID: UFMe8DZvies
[2026-08-16T09:04:51.904+0000] {logging_mixin.py:190} INFO - here....
[2026-08-16T09:04:51.908+0000] {data_modification.py:69} INFO - Updated row with Video_ID: sybu-zhYwTk
[2026-08-16T09:04:51.909+0000] {logging_mixin.py:190} INFO - here....
[2026-08-16T09:04:51.913+0000] {data_modification.py:69} INFO - Updated row with Video_ID: GWX_by2TA3k
[2026-08-16T09:04:51.914+0000] {logging_mixin.py:190} INFO - here....
[2026-08-16T09:04:51.918+0000] {data_modification.py:69} INFO - Updated row with Video_ID: 7EixjDZXtyI
[2026-08-16T09:04:51.919+0000] {logging_mixin.py:190} INFO - here....
[2026-08-16T09:04:51.923+0000] {data_modification.py:69} INFO - Updated row with Video_ID: L8wz-zH7XmA
[2026-08-16T09:04:51.925+0000] {logging_mixin.py:190} INFO - here....
[2026-08-16T09:04:51.928+0000] {data_modification.py:69} INFO - Updated row with Video_ID: Ktsy3HRAXY4
[2026-08-16T09:04:51.930+0000] {logging_mixin.py:190} INFO - here....
[2026-08-16T09:04:51.933+0000] {data_modification.py:69} INFO - Updated row with Video_ID: 5up2FE4P6vE
[2026-08-16T09:04:51.935+0000] {logging_mixin.py:190} INFO - here....
[2026-08-16T09:04:51.938+0000] {data_modification.py:69} INFO - Updated row with Video_ID: riuUXReVtEI
[2026-08-16T09:04:51.940+0000] {logging_mixin.py:190} INFO - here....
[2026-08-16T09:04:51.943+0000] {data_modification.py:69} INFO - Updated row with Video_ID: pnPkjqX6XAA
[2026-08-16T09:04:51.945+0000] {logging_mixin.py:190} INFO - here....
[2026-08-16T09:04:51.949+0000] {data_modification.py:69} INFO - Updated row with Video_ID: p5iQY_UUtvs
[2026-08-16T09:04:51.950+0000] {logging_mixin.py:190} INFO - here....
[2026-08-16T09:04:51.953+0000] {data_modification.py:69} INFO - Updated row with Video_ID: aydS7-eewis
[2026-08-16T09:04:51.955+0000] {logging_mixin.py:190} INFO - here....
[2026-08-16T09:04:51.958+0000] {data_modification.py:69} INFO - Updated row with Video_ID: 0jTREcKPPHQ
[2026-08-16T09:04:51.960+0000] {logging_mixin.py:190} INFO - here....
[2026-08-16T09:04:51.963+0000] {data_modification.py:69} INFO - Updated row with Video_ID: euTj9F5HGvI
[2026-08-16T09:04:51.965+0000] {logging_mixin.py:190} INFO - here....
[2026-08-16T09:04:51.968+0000] {data_modification.py:69} INFO - Updated row with Video_ID: aHsI0VcvTmo
[2026-08-16T09:04:51.969+0000] {logging_mixin.py:190} INFO - here....
[2026-08-16T09:04:51.972+0000] {data_modification.py:69} INFO - Updated row with Video_ID: 9yCqE-uE6HE
[2026-08-16T09:04:51.973+0000] {logging_mixin.py:190} INFO - here....
[2026-08-16T09:04:51.976+0000] {data_modification.py:69} INFO - Updated row with Video_ID: RL5qw1suJOU
[2026-08-16T09:04:51.978+0000] {logging_mixin.py:190} INFO - here....
[2026-08-16T09:04:51.982+0000] {data_modification.py:69} INFO - Updated row with Video_ID: OssDGKAk5oI
[2026-08-16T09:04:51.984+0000] {logging_mixin.py:190} INFO - here....
[2026-08-16T09:04:51.989+0000] {data_modification.py:69} INFO - Updated row with Video_ID: gwotyKIfTCs
[2026-08-16T09:04:51.991+0000] {logging_mixin.py:190} INFO - here....
[2026-08-16T09:04:51.997+0000] {data_modification.py:69} INFO - Updated row with Video_ID: BWvfriecn7k
[2026-08-16T09:04:51.998+0000] {logging_mixin.py:190} INFO - here....
[2026-08-16T09:04:52.001+0000] {data_modification.py:69} INFO - Updated row with Video_ID: E4RO8Mstaac
[2026-08-16T09:04:52.002+0000] {logging_mixin.py:190} INFO - here....
[2026-08-16T09:04:52.005+0000] {data_modification.py:69} INFO - Updated row with Video_ID: 9k26p36ik_U
[2026-08-16T09:04:52.007+0000] {logging_mixin.py:190} INFO - here....
[2026-08-16T09:04:52.010+0000] {data_modification.py:69} INFO - Updated row with Video_ID: vbbzlUG0EOM
[2026-08-16T09:04:52.011+0000] {logging_mixin.py:190} INFO - here....
[2026-08-16T09:04:52.014+0000] {data_modification.py:69} INFO - Updated row with Video_ID: jssLk5YSbzA
[2026-08-16T09:04:52.015+0000] {logging_mixin.py:190} INFO - here....
[2026-08-16T09:04:52.018+0000] {data_modification.py:69} INFO - Updated row with Video_ID: lfw-3t6UfX4
[2026-08-16T09:04:52.019+0000] {logging_mixin.py:190} INFO - here....
[2026-08-16T09:04:52.022+0000] {data_modification.py:69} INFO - Updated row with Video_ID: 3cEpHAJmPss
[2026-08-16T09:04:52.023+0000] {logging_mixin.py:190} INFO - here....
[2026-08-16T09:04:52.027+0000] {data_modification.py:69} INFO - Updated row with Video_ID: T5sFxzP4Ko8
[2026-08-16T09:04:52.028+0000] {logging_mixin.py:190} INFO - here....
[2026-08-16T09:04:52.031+0000] {data_modification.py:69} INFO - Updated row with Video_ID: jaJ1DZ6W6_g
[2026-08-16T09:04:52.032+0000] {logging_mixin.py:190} INFO - here....
[2026-08-16T09:04:52.035+0000] {data_modification.py:69} INFO - Updated row with Video_ID: 8wVrs2HR158
[2026-08-16T09:04:52.036+0000] {logging_mixin.py:190} INFO - here....
[2026-08-16T09:04:52.039+0000] {data_modification.py:69} INFO - Updated row with Video_ID: nX6ehuC-daI
[2026-08-16T09:04:52.040+0000] {logging_mixin.py:190} INFO - here....
[2026-08-16T09:04:52.043+0000] {data_modification.py:69} INFO - Updated row with Video_ID: MKSkd13dp10
[2026-08-16T09:04:52.044+0000] {logging_mixin.py:190} INFO - here....
[2026-08-16T09:04:52.047+0000] {data_modification.py:69} INFO - Updated row with Video_ID: JngpM5iv_vA
[2026-08-16T09:04:52.048+0000] {logging_mixin.py:190} INFO - here....
[2026-08-16T09:04:52.051+0000] {data_modification.py:69} INFO - Updated row with Video_ID: _GWODyFZil8
[2026-08-16T09:04:52.052+0000] {logging_mixin.py:190} INFO - here....
[2026-08-16T09:04:52.055+0000] {data_modification.py:69} INFO - Updated row with Video_ID: XETyVhqRNKo
[2026-08-16T09:04:52.057+0000] {logging_mixin.py:190} INFO - here....
[2026-08-16T09:04:52.060+0000] {data_modification.py:69} INFO - Updated row with Video_ID: nl4awBgaL8A
[2026-08-16T09:04:52.061+0000] {logging_mixin.py:190} INFO - here....
[2026-08-16T09:04:52.063+0000] {data_modification.py:69} INFO - Updated row with Video_ID: 24A4fuqFDd0
[2026-08-16T09:04:52.065+0000] {logging_mixin.py:190} INFO - here....
[2026-08-16T09:04:52.068+0000] {data_modification.py:69} INFO - Updated row with Video_ID: 1wTLmVu0rsU
[2026-08-16T09:04:52.069+0000] {logging_mixin.py:190} INFO - here....
[2026-08-16T09:04:52.072+0000] {data_modification.py:69} INFO - Updated row with Video_ID: amRtB5Y7A3g
[2026-08-16T09:04:52.074+0000] {logging_mixin.py:190} INFO - here....
[2026-08-16T09:04:52.076+0000] {data_modification.py:69} INFO - Updated row with Video_ID: vQx4TjahrxM
[2026-08-16T09:04:52.077+0000] {logging_mixin.py:190} INFO - here....
[2026-08-16T09:04:52.080+0000] {data_modification.py:69} INFO - Updated row with Video_ID: 01jsqke-fEM
[2026-08-16T09:04:52.082+0000] {logging_mixin.py:190} INFO - here....
[2026-08-16T09:04:52.086+0000] {data_modification.py:69} INFO - Updated row with Video_ID: npGiqM75GSs
[2026-08-16T09:04:52.087+0000] {logging_mixin.py:190} INFO - here....
[2026-08-16T09:04:52.090+0000] {data_modification.py:69} INFO - Updated row with Video_ID: 3ita-1YJ4-8
[2026-08-16T09:04:52.091+0000] {logging_mixin.py:190} INFO - here....
[2026-08-16T09:04:52.094+0000] {data_modification.py:69} INFO - Updated row with Video_ID: XdEZ4NAHMbg
[2026-08-16T09:04:52.095+0000] {logging_mixin.py:190} INFO - here....
[2026-08-16T09:04:52.098+0000] {data_modification.py:69} INFO - Updated row with Video_ID: PCkAFhZENEk
[2026-08-16T09:04:52.099+0000] {logging_mixin.py:190} INFO - here....
[2026-08-16T09:04:52.102+0000] {data_modification.py:69} INFO - Updated row with Video_ID: jG6EtDOvEsQ
[2026-08-16T09:04:52.104+0000] {logging_mixin.py:190} INFO - here....
[2026-08-16T09:04:52.107+0000] {data_modification.py:69} INFO - Updated row with Video_ID: UgJ_NMfa-qk
[2026-08-16T09:04:52.108+0000] {logging_mixin.py:190} INFO - here....
[2026-08-16T09:04:52.111+0000] {data_modification.py:69} INFO - Updated row with Video_ID: Jh4CQFvWYC4
[2026-08-16T09:04:52.112+0000] {logging_mixin.py:190} INFO - here....
[2026-08-16T09:04:52.115+0000] {data_modification.py:69} INFO - Updated row with Video_ID: ha97w7Chnwo
[2026-08-16T09:04:52.116+0000] {logging_mixin.py:190} INFO - here....
[2026-08-16T09:04:52.119+0000] {data_modification.py:69} INFO - Updated row with Video_ID: B0vLpgf-VLc
[2026-08-16T09:04:52.121+0000] {logging_mixin.py:190} INFO - here....
[2026-08-16T09:04:52.124+0000] {data_modification.py:69} INFO - Updated row with Video_ID: XO1VXlmIRJc
[2026-08-16T09:04:52.125+0000] {logging_mixin.py:190} INFO - here....
[2026-08-16T09:04:52.128+0000] {data_modification.py:69} INFO - Updated row with Video_ID: vFyf_pPVk3E
[2026-08-16T09:04:52.129+0000] {logging_mixin.py:190} INFO - here....
[2026-08-16T09:04:52.133+0000] {data_modification.py:69} INFO - Updated row with Video_ID: CncTZ9aYbXE
[2026-08-16T09:04:52.134+0000] {logging_mixin.py:190} INFO - here....
[2026-08-16T09:04:52.137+0000] {data_modification.py:69} INFO - Updated row with Video_ID: p4ht500K-dU
[2026-08-16T09:04:52.139+0000] {logging_mixin.py:190} INFO - here....
[2026-08-16T09:04:52.142+0000] {data_modification.py:69} INFO - Updated row with Video_ID: W3hjgF5koT4
[2026-08-16T09:04:52.143+0000] {logging_mixin.py:190} INFO - here....
[2026-08-16T09:04:52.146+0000] {data_modification.py:69} INFO - Updated row with Video_ID: eUCZShweBm8
[2026-08-16T09:04:52.148+0000] {logging_mixin.py:190} INFO - here....
[2026-08-16T09:04:52.152+0000] {data_modification.py:69} INFO - Updated row with Video_ID: uXW4gothy_I
[2026-08-16T09:04:52.153+0000] {logging_mixin.py:190} INFO - here....
[2026-08-16T09:04:52.156+0000] {data_modification.py:69} INFO - Updated row with Video_ID: OvUpb9eYj6E
[2026-08-16T09:04:52.157+0000] {logging_mixin.py:190} INFO - here....
[2026-08-16T09:04:52.160+0000] {data_modification.py:69} INFO - Updated row with Video_ID: 5TF0fbzhSSo
[2026-08-16T09:04:52.162+0000] {logging_mixin.py:190} INFO - here....
[2026-08-16T09:04:52.165+0000] {data_modification.py:69} INFO - Updated row with Video_ID: RcMBwnJu94c
[2026-08-16T09:04:52.167+0000] {logging_mixin.py:190} INFO - here....
[2026-08-16T09:04:52.170+0000] {data_modification.py:69} INFO - Updated row with Video_ID: av6qMDTtdR8
[2026-08-16T09:04:52.171+0000] {logging_mixin.py:190} INFO - here....
[2026-08-16T09:04:52.174+0000] {data_modification.py:69} INFO - Updated row with Video_ID: xJ-EuU0F720
[2026-08-16T09:04:52.175+0000] {logging_mixin.py:190} INFO - here....
[2026-08-16T09:04:52.178+0000] {data_modification.py:69} INFO - Updated row with Video_ID: AOAlNK2rmQE
[2026-08-16T09:04:52.180+0000] {logging_mixin.py:190} INFO - here....
[2026-08-16T09:04:52.184+0000] {data_modification.py:69} INFO - Updated row with Video_ID: vbwwv362nY0
[2026-08-16T09:04:52.185+0000] {logging_mixin.py:190} INFO - here....
[2026-08-16T09:04:52.188+0000] {data_modification.py:69} INFO - Updated row with Video_ID: 0h358VDOtBc
[2026-08-16T09:04:52.189+0000] {logging_mixin.py:190} INFO - here....
[2026-08-16T09:04:52.192+0000] {data_modification.py:69} INFO - Updated row with Video_ID: XumjHQsCjrU
[2026-08-16T09:04:52.195+0000] {logging_mixin.py:190} INFO - here....
[2026-08-16T09:04:52.199+0000] {data_modification.py:69} INFO - Updated row with Video_ID: nJdFs-pouA8
[2026-08-16T09:04:52.201+0000] {logging_mixin.py:190} INFO - here....
[2026-08-16T09:04:52.204+0000] {data_modification.py:69} INFO - Updated row with Video_ID: 5a5pRz_UcuY
[2026-08-16T09:04:52.206+0000] {logging_mixin.py:190} INFO - here....
[2026-08-16T09:04:52.209+0000] {data_modification.py:69} INFO - Updated row with Video_ID: B9jZABnvq9A
[2026-08-16T09:04:52.211+0000] {logging_mixin.py:190} INFO - here....
[2026-08-16T09:04:52.214+0000] {data_modification.py:69} INFO - Updated row with Video_ID: Aoj8L0_KttI
[2026-08-16T09:04:52.216+0000] {logging_mixin.py:190} INFO - here....
[2026-08-16T09:04:52.219+0000] {data_modification.py:69} INFO - Updated row with Video_ID: nFvmM0YJSzc
[2026-08-16T09:04:52.220+0000] {logging_mixin.py:190} INFO - here....
[2026-08-16T09:04:52.224+0000] {data_modification.py:69} INFO - Updated row with Video_ID: iTYc5xEWWHw
[2026-08-16T09:04:52.225+0000] {logging_mixin.py:190} INFO - here....
[2026-08-16T09:04:52.229+0000] {data_modification.py:69} INFO - Updated row with Video_ID: P9Uvn2iZRAQ
[2026-08-16T09:04:52.230+0000] {logging_mixin.py:190} INFO - here....
[2026-08-16T09:04:52.233+0000] {data_modification.py:69} INFO - Updated row with Video_ID: IpT0gQVXTXE
[2026-08-16T09:04:52.234+0000] {logging_mixin.py:190} INFO - here....
[2026-08-16T09:04:52.237+0000] {data_modification.py:69} INFO - Updated row with Video_ID: Ad4W4VNCweU
[2026-08-16T09:04:52.239+0000] {logging_mixin.py:190} INFO - here....
[2026-08-16T09:04:52.243+0000] {data_modification.py:69} INFO - Updated row with Video_ID: USVgV4YpsSA
[2026-08-16T09:04:52.244+0000] {logging_mixin.py:190} INFO - here....
[2026-08-16T09:04:52.247+0000] {data_modification.py:69} INFO - Updated row with Video_ID: mQ5HVNrkKBc
[2026-08-16T09:04:52.248+0000] {logging_mixin.py:190} INFO - here....
[2026-08-16T09:04:52.251+0000] {data_modification.py:69} INFO - Updated row with Video_ID: aMoMtGK3JJk
[2026-08-16T09:04:52.253+0000] {logging_mixin.py:190} INFO - here....
[2026-08-16T09:04:52.256+0000] {data_modification.py:69} INFO - Updated row with Video_ID: ZDq-1hyFXAY
[2026-08-16T09:04:52.258+0000] {logging_mixin.py:190} INFO - here....
[2026-08-16T09:04:52.261+0000] {data_modification.py:69} INFO - Updated row with Video_ID: ecAEQOWBw10
[2026-08-16T09:04:52.263+0000] {logging_mixin.py:190} INFO - here....
[2026-08-16T09:04:52.265+0000] {data_modification.py:69} INFO - Updated row with Video_ID: v0eKUpJUApc
[2026-08-16T09:04:52.267+0000] {logging_mixin.py:190} INFO - here....
[2026-08-16T09:04:52.270+0000] {data_modification.py:69} INFO - Updated row with Video_ID: brTnu7X5oWk
[2026-08-16T09:04:52.272+0000] {logging_mixin.py:190} INFO - here....
[2026-08-16T09:04:52.276+0000] {data_modification.py:69} INFO - Updated row with Video_ID: ktoZf0isisk
[2026-08-16T09:04:52.278+0000] {logging_mixin.py:190} INFO - here....
[2026-08-16T09:04:52.281+0000] {data_modification.py:69} INFO - Updated row with Video_ID: 3MIkMLFgxrA
[2026-08-16T09:04:52.283+0000] {logging_mixin.py:190} INFO - here....
[2026-08-16T09:04:52.286+0000] {data_modification.py:69} INFO - Updated row with Video_ID: qcVVjaaCeUE
[2026-08-16T09:04:52.287+0000] {logging_mixin.py:190} INFO - here....
[2026-08-16T09:04:52.290+0000] {data_modification.py:69} INFO - Updated row with Video_ID: HVV0E72eYZc
[2026-08-16T09:04:52.291+0000] {logging_mixin.py:190} INFO - here....
[2026-08-16T09:04:52.294+0000] {data_modification.py:69} INFO - Updated row with Video_ID: zYSGpOkq_JQ
[2026-08-16T09:04:52.296+0000] {logging_mixin.py:190} INFO - here....
[2026-08-16T09:04:52.299+0000] {data_modification.py:69} INFO - Updated row with Video_ID: QDDGmt5wLZ4
[2026-08-16T09:04:52.301+0000] {logging_mixin.py:190} INFO - here....
[2026-08-16T09:04:52.303+0000] {data_modification.py:69} INFO - Updated row with Video_ID: Aml_KsB8a1E
[2026-08-16T09:04:52.305+0000] {logging_mixin.py:190} INFO - here....
[2026-08-16T09:04:52.311+0000] {data_modification.py:69} INFO - Updated row with Video_ID: n_Wno11awXA
[2026-08-16T09:04:52.314+0000] {logging_mixin.py:190} INFO - here....
[2026-08-16T09:04:52.323+0000] {data_modification.py:69} INFO - Updated row with Video_ID: QH2_GeG45eI
[2026-08-16T09:04:52.329+0000] {logging_mixin.py:190} INFO - here....
[2026-08-16T09:04:52.335+0000] {data_modification.py:69} INFO - Updated row with Video_ID: UE-d7XM7wiU
[2026-08-16T09:04:52.338+0000] {logging_mixin.py:190} INFO - here....
[2026-08-16T09:04:52.343+0000] {data_modification.py:69} INFO - Updated row with Video_ID: OwJbSpAPnX8
[2026-08-16T09:04:52.345+0000] {logging_mixin.py:190} INFO - here....
[2026-08-16T09:04:52.349+0000] {data_modification.py:69} INFO - Updated row with Video_ID: Kq3K1g1zgK0
[2026-08-16T09:04:52.351+0000] {logging_mixin.py:190} INFO - here....
[2026-08-16T09:04:52.354+0000] {data_modification.py:69} INFO - Updated row with Video_ID: wOprMfjzWxU
[2026-08-16T09:04:52.355+0000] {logging_mixin.py:190} INFO - here....
[2026-08-16T09:04:52.360+0000] {data_modification.py:69} INFO - Updated row with Video_ID: -Hh9IoKmRvg
[2026-08-16T09:04:52.361+0000] {logging_mixin.py:190} INFO - here....
[2026-08-16T09:04:52.367+0000] {data_modification.py:69} INFO - Updated row with Video_ID: 272-g7WwTPE
[2026-08-16T09:04:52.369+0000] {logging_mixin.py:190} INFO - here....
[2026-08-16T09:04:52.373+0000] {data_modification.py:69} INFO - Updated row with Video_ID: GPygrVogA0A
[2026-08-16T09:04:52.374+0000] {logging_mixin.py:190} INFO - here....
[2026-08-16T09:04:52.378+0000] {data_modification.py:69} INFO - Updated row with Video_ID: BuBH9gnoYNE
[2026-08-16T09:04:52.379+0000] {logging_mixin.py:190} INFO - here....
[2026-08-16T09:04:52.383+0000] {data_modification.py:69} INFO - Updated row with Video_ID: REFExrj1Jgg
[2026-08-16T09:04:52.384+0000] {logging_mixin.py:190} INFO - here....
[2026-08-16T09:04:52.388+0000] {data_modification.py:69} INFO - Updated row with Video_ID: GgeGRhSj4Y8
[2026-08-16T09:04:52.391+0000] {logging_mixin.py:190} INFO - here....
[2026-08-16T09:04:52.400+0000] {data_modification.py:69} INFO - Updated row with Video_ID: -JnMDXG_EeY
[2026-08-16T09:04:52.405+0000] {logging_mixin.py:190} INFO - here....
[2026-08-16T09:04:52.413+0000] {data_modification.py:69} INFO - Updated row with Video_ID: UmmKCEaP8zA
[2026-08-16T09:04:52.420+0000] {logging_mixin.py:190} INFO - here....
[2026-08-16T09:04:52.427+0000] {data_modification.py:69} INFO - Updated row with Video_ID: UskjN-9CS-8
[2026-08-16T09:04:52.432+0000] {logging_mixin.py:190} INFO - here....
[2026-08-16T09:04:52.437+0000] {data_modification.py:69} INFO - Updated row with Video_ID: OoWwvXMixLQ
[2026-08-16T09:04:52.443+0000] {logging_mixin.py:190} INFO - here....
[2026-08-16T09:04:52.446+0000] {data_modification.py:69} INFO - Updated row with Video_ID: lJ4CkX3i9xs
[2026-08-16T09:04:52.448+0000] {logging_mixin.py:190} INFO - here....
[2026-08-16T09:04:52.452+0000] {data_modification.py:69} INFO - Updated row with Video_ID: XVNU-sigSVo
[2026-08-16T09:04:52.453+0000] {logging_mixin.py:190} INFO - here....
[2026-08-16T09:04:52.457+0000] {data_modification.py:69} INFO - Updated row with Video_ID: _f-YJjrleuM
[2026-08-16T09:04:52.459+0000] {logging_mixin.py:190} INFO - here....
[2026-08-16T09:04:52.462+0000] {data_modification.py:69} INFO - Updated row with Video_ID: DysTiR_aNy0
[2026-08-16T09:04:52.463+0000] {logging_mixin.py:190} INFO - here....
[2026-08-16T09:04:52.466+0000] {data_modification.py:69} INFO - Updated row with Video_ID: 3jME4ZQ_ADU
[2026-08-16T09:04:52.467+0000] {logging_mixin.py:190} INFO - here....
[2026-08-16T09:04:52.470+0000] {data_modification.py:69} INFO - Updated row with Video_ID: tDdgS_CWKwg
[2026-08-16T09:04:52.471+0000] {logging_mixin.py:190} INFO - here....
[2026-08-16T09:04:52.474+0000] {data_modification.py:69} INFO - Updated row with Video_ID: bIDJ2jDLaQQ
[2026-08-16T09:04:52.475+0000] {logging_mixin.py:190} INFO - here....
[2026-08-16T09:04:52.478+0000] {data_modification.py:69} INFO - Updated row with Video_ID: 7nbfGvKcI6U
[2026-08-16T09:04:52.479+0000] {logging_mixin.py:190} INFO - here....
[2026-08-16T09:04:52.482+0000] {data_modification.py:69} INFO - Updated row with Video_ID: HIayimluMEA
[2026-08-16T09:04:52.483+0000] {logging_mixin.py:190} INFO - here....
[2026-08-16T09:04:52.485+0000] {data_modification.py:69} INFO - Updated row with Video_ID: nnEZVVC4Ap8
[2026-08-16T09:04:52.486+0000] {logging_mixin.py:190} INFO - here....
[2026-08-16T09:04:52.489+0000] {data_modification.py:69} INFO - Updated row with Video_ID: h8qlFyWBo8k
[2026-08-16T09:04:52.490+0000] {logging_mixin.py:190} INFO - here....
[2026-08-16T09:04:52.493+0000] {data_modification.py:69} INFO - Updated row with Video_ID: KMcSH9kP1pQ
[2026-08-16T09:04:52.494+0000] {logging_mixin.py:190} INFO - here....
[2026-08-16T09:04:52.497+0000] {data_modification.py:69} INFO - Updated row with Video_ID: b_VxnnZXACw
[2026-08-16T09:04:52.498+0000] {logging_mixin.py:190} INFO - here....
[2026-08-16T09:04:52.501+0000] {data_modification.py:69} INFO - Updated row with Video_ID: 7L0bdecxT5w
[2026-08-16T09:04:52.502+0000] {logging_mixin.py:190} INFO - here....
[2026-08-16T09:04:52.505+0000] {data_modification.py:69} INFO - Updated row with Video_ID: jbmOMe5m_R0
[2026-08-16T09:04:52.506+0000] {logging_mixin.py:190} INFO - here....
[2026-08-16T09:04:52.511+0000] {data_modification.py:69} INFO - Updated row with Video_ID: 68Ry-5fEDoI
[2026-08-16T09:04:52.512+0000] {logging_mixin.py:190} INFO - here....
[2026-08-16T09:04:52.515+0000] {data_modification.py:69} INFO - Updated row with Video_ID: G-Hqu0ieeZ0
[2026-08-16T09:04:52.516+0000] {logging_mixin.py:190} INFO - here....
[2026-08-16T09:04:52.520+0000] {data_modification.py:69} INFO - Updated row with Video_ID: 5pzBOSXXW5E
[2026-08-16T09:04:52.521+0000] {logging_mixin.py:190} INFO - here....
[2026-08-16T09:04:52.524+0000] {data_modification.py:69} INFO - Updated row with Video_ID: Ytr6Y6joSD0
[2026-08-16T09:04:52.525+0000] {logging_mixin.py:190} INFO - here....
[2026-08-16T09:04:52.528+0000] {data_modification.py:69} INFO - Updated row with Video_ID: Vl95YiWbiqQ
[2026-08-16T09:04:52.530+0000] {logging_mixin.py:190} INFO - here....
[2026-08-16T09:04:52.532+0000] {data_modification.py:69} INFO - Updated row with Video_ID: VbuSX6f0HrI
[2026-08-16T09:04:52.534+0000] {logging_mixin.py:190} INFO - here....
[2026-08-16T09:04:52.536+0000] {data_modification.py:69} INFO - Updated row with Video_ID: 0q1hfBATt-o
[2026-08-16T09:04:52.538+0000] {logging_mixin.py:190} INFO - here....
[2026-08-16T09:04:52.541+0000] {data_modification.py:69} INFO - Updated row with Video_ID: tyiF7GtCPjU
[2026-08-16T09:04:52.543+0000] {logging_mixin.py:190} INFO - here....
[2026-08-16T09:04:52.546+0000] {data_modification.py:69} INFO - Updated row with Video_ID: nEOE2lldtLg
[2026-08-16T09:04:52.547+0000] {logging_mixin.py:190} INFO - here....
[2026-08-16T09:04:52.550+0000] {data_modification.py:69} INFO - Updated row with Video_ID: NA725EbXbXA
[2026-08-16T09:04:52.552+0000] {logging_mixin.py:190} INFO - here....
[2026-08-16T09:04:52.556+0000] {data_modification.py:69} INFO - Updated row with Video_ID: ofgOTzt8Luo
[2026-08-16T09:04:52.557+0000] {logging_mixin.py:190} INFO - here....
[2026-08-16T09:04:52.561+0000] {data_modification.py:69} INFO - Updated row with Video_ID: IJ-oxUAV8MI
[2026-08-16T09:04:52.562+0000] {logging_mixin.py:190} INFO - here....
[2026-08-16T09:04:52.565+0000] {data_modification.py:69} INFO - Updated row with Video_ID: CjExXZl5vxg
[2026-08-16T09:04:52.566+0000] {logging_mixin.py:190} INFO - here....
[2026-08-16T09:04:52.569+0000] {data_modification.py:69} INFO - Updated row with Video_ID: BnJIrmozVdg
[2026-08-16T09:04:52.572+0000] {logging_mixin.py:190} INFO - here....
[2026-08-16T09:04:52.575+0000] {data_modification.py:69} INFO - Updated row with Video_ID: gjkxcEJ2MaI
[2026-08-16T09:04:52.576+0000] {logging_mixin.py:190} INFO - here....
[2026-08-16T09:04:52.579+0000] {data_modification.py:69} INFO - Updated row with Video_ID: oAmFVZbmAoQ
[2026-08-16T09:04:52.581+0000] {logging_mixin.py:190} INFO - here....
[2026-08-16T09:04:52.584+0000] {data_modification.py:69} INFO - Updated row with Video_ID: 6d2HqqrTavs
[2026-08-16T09:04:52.585+0000] {logging_mixin.py:190} INFO - here....
[2026-08-16T09:04:52.589+0000] {data_modification.py:69} INFO - Updated row with Video_ID: dj3nGS_IM1o
[2026-08-16T09:04:52.591+0000] {logging_mixin.py:190} INFO - here....
[2026-08-16T09:04:52.595+0000] {data_modification.py:69} INFO - Updated row with Video_ID: mmoNf6_60fU
[2026-08-16T09:04:52.596+0000] {logging_mixin.py:190} INFO - here....
[2026-08-16T09:04:52.599+0000] {data_modification.py:69} INFO - Updated row with Video_ID: jT5X5gkv2ME
[2026-08-16T09:04:52.600+0000] {logging_mixin.py:190} INFO - here....
[2026-08-16T09:04:52.603+0000] {data_modification.py:69} INFO - Updated row with Video_ID: 8MLHKVH9y20
[2026-08-16T09:04:52.605+0000] {logging_mixin.py:190} INFO - here....
[2026-08-16T09:04:52.608+0000] {data_modification.py:69} INFO - Updated row with Video_ID: jBlfx18l7DQ
[2026-08-16T09:04:52.609+0000] {logging_mixin.py:190} INFO - here....
[2026-08-16T09:04:52.612+0000] {data_modification.py:69} INFO - Updated row with Video_ID: imzu5nHZgY4
[2026-08-16T09:04:52.613+0000] {logging_mixin.py:190} INFO - here....
[2026-08-16T09:04:52.616+0000] {data_modification.py:69} INFO - Updated row with Video_ID: h7X6DOQsNcU
[2026-08-16T09:04:52.617+0000] {logging_mixin.py:190} INFO - here....
[2026-08-16T09:04:52.621+0000] {data_modification.py:69} INFO - Updated row with Video_ID: PmL0PQKS0Ec
[2026-08-16T09:04:52.622+0000] {logging_mixin.py:190} INFO - here....
[2026-08-16T09:04:52.625+0000] {data_modification.py:69} INFO - Updated row with Video_ID: vqHh7w2q9rQ
[2026-08-16T09:04:52.626+0000] {logging_mixin.py:190} INFO - here....
[2026-08-16T09:04:52.630+0000] {data_modification.py:69} INFO - Updated row with Video_ID: 3Ibdd10by0U
[2026-08-16T09:04:52.631+0000] {logging_mixin.py:190} INFO - here....
[2026-08-16T09:04:52.634+0000] {data_modification.py:69} INFO - Updated row with Video_ID: l8i22AvubME
[2026-08-16T09:04:52.636+0000] {logging_mixin.py:190} INFO - here....
[2026-08-16T09:04:52.639+0000] {data_modification.py:69} INFO - Updated row with Video_ID: 6qOVEzxTO5s
[2026-08-16T09:04:52.640+0000] {logging_mixin.py:190} INFO - here....
[2026-08-16T09:04:52.643+0000] {data_modification.py:69} INFO - Updated row with Video_ID: _Kxe78C8QEs
[2026-08-16T09:04:52.644+0000] {logging_mixin.py:190} INFO - here....
[2026-08-16T09:04:52.647+0000] {data_modification.py:69} INFO - Updated row with Video_ID: bu1OA3Tak8Y
[2026-08-16T09:04:52.648+0000] {logging_mixin.py:190} INFO - here....
[2026-08-16T09:04:52.651+0000] {data_modification.py:69} INFO - Updated row with Video_ID: KZNzusvHZAM
[2026-08-16T09:04:52.653+0000] {logging_mixin.py:190} INFO - here....
[2026-08-16T09:04:52.656+0000] {data_modification.py:69} INFO - Updated row with Video_ID: 2_biEIVROlQ
[2026-08-16T09:04:52.657+0000] {logging_mixin.py:190} INFO - here....
[2026-08-16T09:04:52.660+0000] {data_modification.py:69} INFO - Updated row with Video_ID: CSZB2gbda0s
[2026-08-16T09:04:52.661+0000] {logging_mixin.py:190} INFO - here....
[2026-08-16T09:04:52.664+0000] {data_modification.py:69} INFO - Updated row with Video_ID: sFf4DANqEPs
[2026-08-16T09:04:52.665+0000] {logging_mixin.py:190} INFO - here....
[2026-08-16T09:04:52.668+0000] {data_modification.py:69} INFO - Updated row with Video_ID: Z7zlW3RMiMM
[2026-08-16T09:04:52.669+0000] {logging_mixin.py:190} INFO - here....
[2026-08-16T09:04:52.672+0000] {data_modification.py:69} INFO - Updated row with Video_ID: 8g-9rZSePtc
[2026-08-16T09:04:52.673+0000] {logging_mixin.py:190} INFO - here....
[2026-08-16T09:04:52.676+0000] {data_modification.py:69} INFO - Updated row with Video_ID: VP9C8FT3vbk
[2026-08-16T09:04:52.677+0000] {logging_mixin.py:190} INFO - here....
[2026-08-16T09:04:52.680+0000] {data_modification.py:69} INFO - Updated row with Video_ID: GmdXJ0JiPB4
[2026-08-16T09:04:52.681+0000] {logging_mixin.py:190} INFO - here....
[2026-08-16T09:04:52.684+0000] {data_modification.py:69} INFO - Updated row with Video_ID: fdqFtP8Mg0o
[2026-08-16T09:04:52.686+0000] {logging_mixin.py:190} INFO - here....
[2026-08-16T09:04:52.688+0000] {data_modification.py:69} INFO - Updated row with Video_ID: abK0jlhuSpU
[2026-08-16T09:04:52.690+0000] {logging_mixin.py:190} INFO - here....
[2026-08-16T09:04:52.692+0000] {data_modification.py:69} INFO - Updated row with Video_ID: 5CB_cJGLQN4
[2026-08-16T09:04:52.694+0000] {logging_mixin.py:190} INFO - here....
[2026-08-16T09:04:52.699+0000] {data_modification.py:69} INFO - Updated row with Video_ID: N4AfGpV9Dvs
[2026-08-16T09:04:52.706+0000] {logging_mixin.py:190} INFO - here....
[2026-08-16T09:04:52.715+0000] {data_modification.py:69} INFO - Updated row with Video_ID: szYgpVbpaSc
[2026-08-16T09:04:52.719+0000] {logging_mixin.py:190} INFO - here....
[2026-08-16T09:04:52.721+0000] {data_modification.py:69} INFO - Updated row with Video_ID: xIYRx-NW_N8
[2026-08-16T09:04:52.722+0000] {logging_mixin.py:190} INFO - here....
[2026-08-16T09:04:52.725+0000] {data_modification.py:69} INFO - Updated row with Video_ID: GGM26tNwKTs
[2026-08-16T09:04:52.726+0000] {logging_mixin.py:190} INFO - here....
[2026-08-16T09:04:52.729+0000] {data_modification.py:69} INFO - Updated row with Video_ID: jxdCFxyDNUM
[2026-08-16T09:04:52.730+0000] {logging_mixin.py:190} INFO - here....
[2026-08-16T09:04:52.733+0000] {data_modification.py:69} INFO - Updated row with Video_ID: Yxy8d1MA8aE
[2026-08-16T09:04:52.735+0000] {logging_mixin.py:190} INFO - here....
[2026-08-16T09:04:52.738+0000] {data_modification.py:69} INFO - Updated row with Video_ID: HV8RfJl5w5Q
[2026-08-16T09:04:52.739+0000] {logging_mixin.py:190} INFO - here....
[2026-08-16T09:04:52.742+0000] {data_modification.py:69} INFO - Updated row with Video_ID: pAJZGKAgb7M
[2026-08-16T09:04:52.743+0000] {logging_mixin.py:190} INFO - here....
[2026-08-16T09:04:52.747+0000] {data_modification.py:69} INFO - Updated row with Video_ID: qFYjYVUL0QU
[2026-08-16T09:04:52.748+0000] {logging_mixin.py:190} INFO - here....
[2026-08-16T09:04:52.751+0000] {data_modification.py:69} INFO - Updated row with Video_ID: kvco8BPRW1g
[2026-08-16T09:04:52.752+0000] {logging_mixin.py:190} INFO - here....
[2026-08-16T09:04:52.756+0000] {data_modification.py:69} INFO - Updated row with Video_ID: CxiNMJHMWdU
[2026-08-16T09:04:52.758+0000] {logging_mixin.py:190} INFO - here....
[2026-08-16T09:04:52.761+0000] {data_modification.py:69} INFO - Updated row with Video_ID: 88bVOxOTWXI
[2026-08-16T09:04:52.762+0000] {logging_mixin.py:190} INFO - here....
[2026-08-16T09:04:52.765+0000] {data_modification.py:69} INFO - Updated row with Video_ID: KIrko2vNVUY
[2026-08-16T09:04:52.766+0000] {logging_mixin.py:190} INFO - here....
[2026-08-16T09:04:52.768+0000] {data_modification.py:69} INFO - Updated row with Video_ID: mM5-tYd8I1o
[2026-08-16T09:04:52.769+0000] {logging_mixin.py:190} INFO - here....
[2026-08-16T09:04:52.772+0000] {data_modification.py:69} INFO - Updated row with Video_ID: E-rMxqEPrcU
[2026-08-16T09:04:52.773+0000] {logging_mixin.py:190} INFO - here....
[2026-08-16T09:04:52.778+0000] {data_modification.py:69} INFO - Updated row with Video_ID: Sy9kHRKoUsQ
[2026-08-16T09:04:52.779+0000] {logging_mixin.py:190} INFO - here....
[2026-08-16T09:04:52.782+0000] {data_modification.py:69} INFO - Updated row with Video_ID: bjBLjLFCaQU
[2026-08-16T09:04:52.784+0000] {logging_mixin.py:190} INFO - here....
[2026-08-16T09:04:52.787+0000] {data_modification.py:69} INFO - Updated row with Video_ID: 2GOhytAUYdc
[2026-08-16T09:04:52.788+0000] {logging_mixin.py:190} INFO - here....
[2026-08-16T09:04:52.791+0000] {data_modification.py:69} INFO - Updated row with Video_ID: -gnVd74Yjww
[2026-08-16T09:04:52.794+0000] {logging_mixin.py:190} INFO - here....
[2026-08-16T09:04:52.799+0000] {data_modification.py:69} INFO - Updated row with Video_ID: 5MYu1c1InJE
[2026-08-16T09:04:52.801+0000] {logging_mixin.py:190} INFO - here....
[2026-08-16T09:04:52.805+0000] {data_modification.py:69} INFO - Updated row with Video_ID: lEzkDvHs0IM
[2026-08-16T09:04:52.808+0000] {logging_mixin.py:190} INFO - here....
[2026-08-16T09:04:52.811+0000] {data_modification.py:69} INFO - Updated row with Video_ID: oMKz1WqTZtQ
[2026-08-16T09:04:52.812+0000] {logging_mixin.py:190} INFO - here....
[2026-08-16T09:04:52.815+0000] {data_modification.py:69} INFO - Updated row with Video_ID: Ks_e7KwHcEs
[2026-08-16T09:04:52.816+0000] {logging_mixin.py:190} INFO - here....
[2026-08-16T09:04:52.820+0000] {data_modification.py:69} INFO - Updated row with Video_ID: dPs-rIchPLA
[2026-08-16T09:04:52.821+0000] {logging_mixin.py:190} INFO - here....
[2026-08-16T09:04:52.824+0000] {data_modification.py:69} INFO - Updated row with Video_ID: NhQpHZzwn5Q
[2026-08-16T09:04:52.826+0000] {logging_mixin.py:190} INFO - here....
[2026-08-16T09:04:52.829+0000] {data_modification.py:69} INFO - Updated row with Video_ID: GAf6QMeXHZ4
[2026-08-16T09:04:52.831+0000] {logging_mixin.py:190} INFO - here....
[2026-08-16T09:04:52.834+0000] {data_modification.py:69} INFO - Updated row with Video_ID: FTKJ8pfEK9E
[2026-08-16T09:04:52.835+0000] {logging_mixin.py:190} INFO - here....
[2026-08-16T09:04:52.838+0000] {data_modification.py:69} INFO - Updated row with Video_ID: 3j7WBFXfcGI
[2026-08-16T09:04:52.840+0000] {logging_mixin.py:190} INFO - here....
[2026-08-16T09:04:52.843+0000] {data_modification.py:69} INFO - Updated row with Video_ID: 2eakbj1RVaA
[2026-08-16T09:04:52.845+0000] {logging_mixin.py:190} INFO - here....
[2026-08-16T09:04:52.850+0000] {data_modification.py:69} INFO - Updated row with Video_ID: zZZxd6_KdmI
[2026-08-16T09:04:52.852+0000] {logging_mixin.py:190} INFO - here....
[2026-08-16T09:04:52.855+0000] {data_modification.py:69} INFO - Updated row with Video_ID: ZsDFV51NJDU
[2026-08-16T09:04:52.859+0000] {logging_mixin.py:190} INFO - here....
[2026-08-16T09:04:52.862+0000] {data_modification.py:69} INFO - Updated row with Video_ID: WqJnM6p2xpo
[2026-08-16T09:04:52.864+0000] {logging_mixin.py:190} INFO - here....
[2026-08-16T09:04:52.867+0000] {data_modification.py:69} INFO - Updated row with Video_ID: g_jIgC7XfOU
[2026-08-16T09:04:52.869+0000] {logging_mixin.py:190} INFO - here....
[2026-08-16T09:04:52.872+0000] {data_modification.py:69} INFO - Updated row with Video_ID: s3G3gzWlXaI
[2026-08-16T09:04:52.874+0000] {logging_mixin.py:190} INFO - here....
[2026-08-16T09:04:52.878+0000] {data_modification.py:69} INFO - Updated row with Video_ID: GzAebhzIZ5w
[2026-08-16T09:04:52.879+0000] {logging_mixin.py:190} INFO - here....
[2026-08-16T09:04:52.883+0000] {data_modification.py:69} INFO - Updated row with Video_ID: YhYN54ZT8oc
[2026-08-16T09:04:52.884+0000] {logging_mixin.py:190} INFO - here....
[2026-08-16T09:04:52.888+0000] {data_modification.py:69} INFO - Updated row with Video_ID: F7YIUM9jWAE
[2026-08-16T09:04:52.889+0000] {logging_mixin.py:190} INFO - here....
[2026-08-16T09:04:52.892+0000] {data_modification.py:69} INFO - Updated row with Video_ID: cpg78ouK54I
[2026-08-16T09:04:52.894+0000] {logging_mixin.py:190} INFO - here....
[2026-08-16T09:04:52.897+0000] {data_modification.py:69} INFO - Updated row with Video_ID: Jlq0-9NbCRU
[2026-08-16T09:04:52.898+0000] {logging_mixin.py:190} INFO - here....
[2026-08-16T09:04:52.902+0000] {data_modification.py:69} INFO - Updated row with Video_ID: vaZgrvt-X6c
[2026-08-16T09:04:52.903+0000] {logging_mixin.py:190} INFO - here....
[2026-08-16T09:04:52.906+0000] {data_modification.py:69} INFO - Updated row with Video_ID: DFmogKUAE_M
[2026-08-16T09:04:52.908+0000] {logging_mixin.py:190} INFO - here....
[2026-08-16T09:04:52.911+0000] {data_modification.py:69} INFO - Updated row with Video_ID: 6A36h54P0Ck
[2026-08-16T09:04:52.912+0000] {logging_mixin.py:190} INFO - here....
[2026-08-16T09:04:52.916+0000] {data_modification.py:69} INFO - Updated row with Video_ID: r-NRsZaMPQA
[2026-08-16T09:04:52.917+0000] {logging_mixin.py:190} INFO - here....
[2026-08-16T09:04:52.920+0000] {data_modification.py:69} INFO - Updated row with Video_ID: 7Ao_sUWuT0E
[2026-08-16T09:04:52.922+0000] {logging_mixin.py:190} INFO - here....
[2026-08-16T09:04:52.925+0000] {data_modification.py:69} INFO - Updated row with Video_ID: BZKlnQ23REs
[2026-08-16T09:04:52.926+0000] {logging_mixin.py:190} INFO - here....
[2026-08-16T09:04:52.931+0000] {data_modification.py:69} INFO - Updated row with Video_ID: ebErT7d4mi8
[2026-08-16T09:04:52.935+0000] {logging_mixin.py:190} INFO - here....
[2026-08-16T09:04:52.943+0000] {data_modification.py:69} INFO - Updated row with Video_ID: sU0f5GLJMHE
[2026-08-16T09:04:52.945+0000] {logging_mixin.py:190} INFO - here....
[2026-08-16T09:04:52.948+0000] {data_modification.py:69} INFO - Updated row with Video_ID: NVtP0_3MUzQ
[2026-08-16T09:04:52.950+0000] {logging_mixin.py:190} INFO - here....
[2026-08-16T09:04:52.953+0000] {data_modification.py:69} INFO - Updated row with Video_ID: b0cD5CQVeXM
[2026-08-16T09:04:52.954+0000] {logging_mixin.py:190} INFO - here....
[2026-08-16T09:04:52.957+0000] {data_modification.py:69} INFO - Updated row with Video_ID: RSeXGH2kxdo
[2026-08-16T09:04:52.959+0000] {logging_mixin.py:190} INFO - here....
[2026-08-16T09:04:52.962+0000] {data_modification.py:69} INFO - Updated row with Video_ID: nB-XuOiy4dw
[2026-08-16T09:04:52.963+0000] {logging_mixin.py:190} INFO - here....
[2026-08-16T09:04:52.966+0000] {data_modification.py:69} INFO - Updated row with Video_ID: mmfa3UrS6yQ
[2026-08-16T09:04:52.967+0000] {logging_mixin.py:190} INFO - here....
[2026-08-16T09:04:52.970+0000] {data_modification.py:69} INFO - Updated row with Video_ID: 6YVTLQIyC0g
[2026-08-16T09:04:52.972+0000] {logging_mixin.py:190} INFO - here....
[2026-08-16T09:04:52.974+0000] {data_modification.py:69} INFO - Updated row with Video_ID: vAGjapNW-Jo
[2026-08-16T09:04:52.976+0000] {logging_mixin.py:190} INFO - here....
[2026-08-16T09:04:52.979+0000] {data_modification.py:69} INFO - Updated row with Video_ID: OXlbIS1h9vM
[2026-08-16T09:04:52.980+0000] {logging_mixin.py:190} INFO - here....
[2026-08-16T09:04:52.983+0000] {data_modification.py:69} INFO - Updated row with Video_ID: IQkIOhVy_ss
[2026-08-16T09:04:52.984+0000] {logging_mixin.py:190} INFO - here....
[2026-08-16T09:04:52.987+0000] {data_modification.py:69} INFO - Updated row with Video_ID: Dr2hN6o5C4w
[2026-08-16T09:04:52.989+0000] {logging_mixin.py:190} INFO - here....
[2026-08-16T09:04:52.992+0000] {data_modification.py:69} INFO - Updated row with Video_ID: It5aR03wo-k
[2026-08-16T09:04:52.993+0000] {logging_mixin.py:190} INFO - here....
[2026-08-16T09:04:52.996+0000] {data_modification.py:69} INFO - Updated row with Video_ID: 57no6-7bK_8
[2026-08-16T09:04:52.997+0000] {logging_mixin.py:190} INFO - here....
[2026-08-16T09:04:53.000+0000] {data_modification.py:69} INFO - Updated row with Video_ID: XQ3KUwoTDoM
[2026-08-16T09:04:53.001+0000] {logging_mixin.py:190} INFO - here....
[2026-08-16T09:04:53.005+0000] {data_modification.py:69} INFO - Updated row with Video_ID: OXRZIyQqeKY
[2026-08-16T09:04:53.006+0000] {logging_mixin.py:190} INFO - here....
[2026-08-16T09:04:53.009+0000] {data_modification.py:69} INFO - Updated row with Video_ID: BAqkMUOiY0Q
[2026-08-16T09:04:53.010+0000] {logging_mixin.py:190} INFO - here....
[2026-08-16T09:04:53.013+0000] {data_modification.py:69} INFO - Updated row with Video_ID: PwSEdo8_7FY
[2026-08-16T09:04:53.014+0000] {logging_mixin.py:190} INFO - here....
[2026-08-16T09:04:53.017+0000] {data_modification.py:69} INFO - Updated row with Video_ID: FNZ2gfD7Hwk
[2026-08-16T09:04:53.018+0000] {logging_mixin.py:190} INFO - here....
[2026-08-16T09:04:53.021+0000] {data_modification.py:69} INFO - Updated row with Video_ID: _fnWQl90WP0
[2026-08-16T09:04:53.023+0000] {logging_mixin.py:190} INFO - here....
[2026-08-16T09:04:53.025+0000] {data_modification.py:69} INFO - Updated row with Video_ID: YlLJRRomnaY
[2026-08-16T09:04:53.027+0000] {logging_mixin.py:190} INFO - here....
[2026-08-16T09:04:53.029+0000] {data_modification.py:69} INFO - Updated row with Video_ID: LOU9UwfNt2c
[2026-08-16T09:04:53.031+0000] {logging_mixin.py:190} INFO - here....
[2026-08-16T09:04:53.033+0000] {data_modification.py:69} INFO - Updated row with Video_ID: 0yeG7vcPYx0
[2026-08-16T09:04:53.034+0000] {logging_mixin.py:190} INFO - here....
[2026-08-16T09:04:53.037+0000] {data_modification.py:69} INFO - Updated row with Video_ID: hx68XOWns_U
[2026-08-16T09:04:53.038+0000] {logging_mixin.py:190} INFO - here....
[2026-08-16T09:04:53.042+0000] {data_modification.py:69} INFO - Updated row with Video_ID: KZyAvUkEsD8
[2026-08-16T09:04:53.043+0000] {logging_mixin.py:190} INFO - here....
[2026-08-16T09:04:53.046+0000] {data_modification.py:69} INFO - Updated row with Video_ID: UfCuLj-alZM
[2026-08-16T09:04:53.047+0000] {logging_mixin.py:190} INFO - here....
[2026-08-16T09:04:53.050+0000] {data_modification.py:69} INFO - Updated row with Video_ID: 4sDYp64pKMc
[2026-08-16T09:04:53.051+0000] {logging_mixin.py:190} INFO - here....
[2026-08-16T09:04:53.054+0000] {data_modification.py:69} INFO - Updated row with Video_ID: P31ig0EHkg4
[2026-08-16T09:04:53.055+0000] {logging_mixin.py:190} INFO - here....
[2026-08-16T09:04:53.058+0000] {data_modification.py:69} INFO - Updated row with Video_ID: pC3kOyoZafM
[2026-08-16T09:04:53.059+0000] {logging_mixin.py:190} INFO - here....
[2026-08-16T09:04:53.062+0000] {data_modification.py:69} INFO - Updated row with Video_ID: YISBMsC-rX4
[2026-08-16T09:04:53.063+0000] {logging_mixin.py:190} INFO - here....
[2026-08-16T09:04:53.066+0000] {data_modification.py:69} INFO - Updated row with Video_ID: ZU9w-dnwjcs
[2026-08-16T09:04:53.067+0000] {logging_mixin.py:190} INFO - here....
[2026-08-16T09:04:53.070+0000] {data_modification.py:69} INFO - Updated row with Video_ID: kEdFEMMvLnU
[2026-08-16T09:04:53.071+0000] {logging_mixin.py:190} INFO - here....
[2026-08-16T09:04:53.075+0000] {data_modification.py:69} INFO - Updated row with Video_ID: xTtYv_LskiI
[2026-08-16T09:04:53.076+0000] {logging_mixin.py:190} INFO - here....
[2026-08-16T09:04:53.080+0000] {data_modification.py:69} INFO - Updated row with Video_ID: nKbEJsI6GfI
[2026-08-16T09:04:53.081+0000] {logging_mixin.py:190} INFO - here....
[2026-08-16T09:04:53.084+0000] {data_modification.py:69} INFO - Updated row with Video_ID: tG5gulVtdVY
[2026-08-16T09:04:53.087+0000] {logging_mixin.py:190} INFO - here....
[2026-08-16T09:04:53.090+0000] {data_modification.py:69} INFO - Updated row with Video_ID: x1puEakZIn8
[2026-08-16T09:04:53.097+0000] {logging_mixin.py:190} INFO - here....
[2026-08-16T09:04:53.102+0000] {data_modification.py:69} INFO - Updated row with Video_ID: cNBEKlvcIqc
[2026-08-16T09:04:53.105+0000] {logging_mixin.py:190} INFO - here....
[2026-08-16T09:04:53.108+0000] {data_modification.py:69} INFO - Updated row with Video_ID: y27Zj7zCgRM
[2026-08-16T09:04:53.110+0000] {logging_mixin.py:190} INFO - here....
[2026-08-16T09:04:53.112+0000] {data_modification.py:69} INFO - Updated row with Video_ID: i3_fIBbd6uM
[2026-08-16T09:04:53.113+0000] {logging_mixin.py:190} INFO - here....
[2026-08-16T09:04:53.116+0000] {data_modification.py:69} INFO - Updated row with Video_ID: VOmmUTY5iWY
[2026-08-16T09:04:53.117+0000] {logging_mixin.py:190} INFO - here....
[2026-08-16T09:04:53.120+0000] {data_modification.py:69} INFO - Updated row with Video_ID: M544OC0DOz4
[2026-08-16T09:04:53.121+0000] {logging_mixin.py:190} INFO - here....
[2026-08-16T09:04:53.124+0000] {data_modification.py:69} INFO - Updated row with Video_ID: O6pkbxIEX2I
[2026-08-16T09:04:53.125+0000] {logging_mixin.py:190} INFO - here....
[2026-08-16T09:04:53.128+0000] {data_modification.py:69} INFO - Updated row with Video_ID: -3JZXvGpPFw
[2026-08-16T09:04:53.129+0000] {logging_mixin.py:190} INFO - here....
[2026-08-16T09:04:53.131+0000] {data_modification.py:69} INFO - Updated row with Video_ID: Tr7Uf_ftUSI
[2026-08-16T09:04:53.132+0000] {logging_mixin.py:190} INFO - here....
[2026-08-16T09:04:53.136+0000] {data_modification.py:69} INFO - Updated row with Video_ID: NGV5S9j_oL4
[2026-08-16T09:04:53.137+0000] {logging_mixin.py:190} INFO - here....
[2026-08-16T09:04:53.140+0000] {data_modification.py:69} INFO - Updated row with Video_ID: JCOb1w_LTOg
[2026-08-16T09:04:53.141+0000] {logging_mixin.py:190} INFO - here....
[2026-08-16T09:04:53.143+0000] {data_modification.py:69} INFO - Updated row with Video_ID: 3otrmTL24OA
[2026-08-16T09:04:53.144+0000] {logging_mixin.py:190} INFO - here....
[2026-08-16T09:04:53.147+0000] {data_modification.py:69} INFO - Updated row with Video_ID: VfkoOqf7urA
[2026-08-16T09:04:53.148+0000] {logging_mixin.py:190} INFO - here....
[2026-08-16T09:04:53.151+0000] {data_modification.py:69} INFO - Updated row with Video_ID: LdOfF7VPf2w
[2026-08-16T09:04:53.152+0000] {logging_mixin.py:190} INFO - here....
[2026-08-16T09:04:53.154+0000] {data_modification.py:69} INFO - Updated row with Video_ID: ig1VtIEFkcI
[2026-08-16T09:04:53.155+0000] {logging_mixin.py:190} INFO - here....
[2026-08-16T09:04:53.158+0000] {data_modification.py:69} INFO - Updated row with Video_ID: LA1_Ai9ayuE
[2026-08-16T09:04:53.159+0000] {logging_mixin.py:190} INFO - here....
[2026-08-16T09:04:53.162+0000] {data_modification.py:69} INFO - Updated row with Video_ID: 23sHVaXlCHc
[2026-08-16T09:04:53.163+0000] {logging_mixin.py:190} INFO - here....
[2026-08-16T09:04:53.166+0000] {data_modification.py:69} INFO - Updated row with Video_ID: CdsneNlNpXw
[2026-08-16T09:04:53.167+0000] {logging_mixin.py:190} INFO - here....
[2026-08-16T09:04:53.169+0000] {data_modification.py:69} INFO - Updated row with Video_ID: TN2ceBiPP5c
[2026-08-16T09:04:53.170+0000] {logging_mixin.py:190} INFO - here....
[2026-08-16T09:04:53.172+0000] {data_modification.py:69} INFO - Updated row with Video_ID: brGDqhQG0Qo
[2026-08-16T09:04:53.173+0000] {logging_mixin.py:190} INFO - here....
[2026-08-16T09:04:53.175+0000] {data_modification.py:69} INFO - Updated row with Video_ID: 0RW6w_LbwU4
[2026-08-16T09:04:53.176+0000] {logging_mixin.py:190} INFO - here....
[2026-08-16T09:04:53.178+0000] {data_modification.py:69} INFO - Updated row with Video_ID: 7B9ouInLN9E
[2026-08-16T09:04:53.179+0000] {logging_mixin.py:190} INFO - here....
[2026-08-16T09:04:53.183+0000] {data_modification.py:69} INFO - Updated row with Video_ID: Ys4WqB6KZlU
[2026-08-16T09:04:53.184+0000] {logging_mixin.py:190} INFO - here....
[2026-08-16T09:04:53.186+0000] {data_modification.py:69} INFO - Updated row with Video_ID: 9dNSeTTdz5w
[2026-08-16T09:04:53.187+0000] {logging_mixin.py:190} INFO - here....
[2026-08-16T09:04:53.189+0000] {data_modification.py:69} INFO - Updated row with Video_ID: keEi0LoZwL0
[2026-08-16T09:04:53.190+0000] {logging_mixin.py:190} INFO - here....
[2026-08-16T09:04:53.192+0000] {data_modification.py:69} INFO - Updated row with Video_ID: ShcEufJOarU
[2026-08-16T09:04:53.193+0000] {logging_mixin.py:190} INFO - here....
[2026-08-16T09:04:53.196+0000] {data_modification.py:69} INFO - Updated row with Video_ID: PDS1b-GQ_vM
[2026-08-16T09:04:53.197+0000] {logging_mixin.py:190} INFO - here....
[2026-08-16T09:04:53.200+0000] {data_modification.py:69} INFO - Updated row with Video_ID: nJmkZMv85Cw
[2026-08-16T09:04:53.201+0000] {logging_mixin.py:190} INFO - here....
[2026-08-16T09:04:53.203+0000] {data_modification.py:69} INFO - Updated row with Video_ID: oJmyYpsIPP4
[2026-08-16T09:04:53.204+0000] {logging_mixin.py:190} INFO - here....
[2026-08-16T09:04:53.206+0000] {data_modification.py:69} INFO - Updated row with Video_ID: lZ-pVINQ288
[2026-08-16T09:04:53.206+0000] {logging_mixin.py:190} INFO - here....
[2026-08-16T09:04:53.208+0000] {data_modification.py:69} INFO - Updated row with Video_ID: ULvplwBTbQk
[2026-08-16T09:04:53.209+0000] {logging_mixin.py:190} INFO - here....
[2026-08-16T09:04:53.211+0000] {data_modification.py:69} INFO - Updated row with Video_ID: 7zHqaTlZHU4
[2026-08-16T09:04:53.212+0000] {logging_mixin.py:190} INFO - here....
[2026-08-16T09:04:53.215+0000] {data_modification.py:69} INFO - Updated row with Video_ID: _G38lvFwG3Y
[2026-08-16T09:04:53.215+0000] {logging_mixin.py:190} INFO - here....
[2026-08-16T09:04:53.217+0000] {data_modification.py:69} INFO - Updated row with Video_ID: _ObNMjRq_WM
[2026-08-16T09:04:53.219+0000] {logging_mixin.py:190} INFO - here....
[2026-08-16T09:04:53.221+0000] {data_modification.py:69} INFO - Updated row with Video_ID: IYWbbxdfGvc
[2026-08-16T09:04:53.222+0000] {logging_mixin.py:190} INFO - here....
[2026-08-16T09:04:53.225+0000] {data_modification.py:69} INFO - Updated row with Video_ID: UQZsm7ErTtI
[2026-08-16T09:04:53.226+0000] {logging_mixin.py:190} INFO - here....
[2026-08-16T09:04:53.228+0000] {data_modification.py:69} INFO - Updated row with Video_ID: xi-zHJL5bnI
[2026-08-16T09:04:53.229+0000] {logging_mixin.py:190} INFO - here....
[2026-08-16T09:04:53.231+0000] {data_modification.py:69} INFO - Updated row with Video_ID: Hr24c8qeeKY
[2026-08-16T09:04:53.232+0000] {logging_mixin.py:190} INFO - here....
[2026-08-16T09:04:53.234+0000] {data_modification.py:69} INFO - Updated row with Video_ID: xN5w6lyDQzw
[2026-08-16T09:04:53.235+0000] {logging_mixin.py:190} INFO - here....
[2026-08-16T09:04:53.237+0000] {data_modification.py:69} INFO - Updated row with Video_ID: uF1qYkYATyM
[2026-08-16T09:04:53.238+0000] {logging_mixin.py:190} INFO - here....
[2026-08-16T09:04:53.240+0000] {data_modification.py:69} INFO - Updated row with Video_ID: tXBIhnU1unc
[2026-08-16T09:04:53.241+0000] {logging_mixin.py:190} INFO - here....
[2026-08-16T09:04:53.243+0000] {data_modification.py:69} INFO - Updated row with Video_ID: mipEUJ9IVpI
[2026-08-16T09:04:53.244+0000] {logging_mixin.py:190} INFO - here....
[2026-08-16T09:04:53.246+0000] {data_modification.py:69} INFO - Updated row with Video_ID: HSd5et0nGvs
[2026-08-16T09:04:53.247+0000] {logging_mixin.py:190} INFO - here....
[2026-08-16T09:04:53.249+0000] {data_modification.py:69} INFO - Updated row with Video_ID: kJKD-E9Ipi0
[2026-08-16T09:04:53.250+0000] {logging_mixin.py:190} INFO - here....
[2026-08-16T09:04:53.252+0000] {data_modification.py:69} INFO - Updated row with Video_ID: gDBHgcM-puE
[2026-08-16T09:04:53.253+0000] {logging_mixin.py:190} INFO - here....
[2026-08-16T09:04:53.255+0000] {data_modification.py:69} INFO - Updated row with Video_ID: NCNVTrrcHDw
[2026-08-16T09:04:53.256+0000] {logging_mixin.py:190} INFO - here....
[2026-08-16T09:04:53.258+0000] {data_modification.py:69} INFO - Updated row with Video_ID: l40OweUGRq8
[2026-08-16T09:04:53.259+0000] {logging_mixin.py:190} INFO - here....
[2026-08-16T09:04:53.261+0000] {data_modification.py:69} INFO - Updated row with Video_ID: MdeQMVBuGgY
[2026-08-16T09:04:53.262+0000] {logging_mixin.py:190} INFO - here....
[2026-08-16T09:04:53.264+0000] {data_modification.py:69} INFO - Updated row with Video_ID: d9m9MxA-aY8
[2026-08-16T09:04:53.265+0000] {logging_mixin.py:190} INFO - here....
[2026-08-16T09:04:53.267+0000] {data_modification.py:69} INFO - Updated row with Video_ID: 373VDfqlL3E
[2026-08-16T09:04:53.268+0000] {logging_mixin.py:190} INFO - here....
[2026-08-16T09:04:53.270+0000] {data_modification.py:69} INFO - Updated row with Video_ID: heGE4lWg4HM
[2026-08-16T09:04:53.271+0000] {logging_mixin.py:190} INFO - here....
[2026-08-16T09:04:53.274+0000] {data_modification.py:69} INFO - Updated row with Video_ID: xAt1xcC6qfM
[2026-08-16T09:04:53.274+0000] {logging_mixin.py:190} INFO - here....
[2026-08-16T09:04:53.277+0000] {data_modification.py:69} INFO - Updated row with Video_ID: oqHzMGhb13Q
[2026-08-16T09:04:53.277+0000] {logging_mixin.py:190} INFO - here....
[2026-08-16T09:04:53.280+0000] {data_modification.py:69} INFO - Updated row with Video_ID: i31K25fbNRQ
[2026-08-16T09:04:53.280+0000] {logging_mixin.py:190} INFO - here....
[2026-08-16T09:04:53.282+0000] {data_modification.py:69} INFO - Updated row with Video_ID: kH-ih06rmpI
[2026-08-16T09:04:53.283+0000] {logging_mixin.py:190} INFO - here....
[2026-08-16T09:04:53.285+0000] {data_modification.py:69} INFO - Updated row with Video_ID: 002Pbr8yBAo
[2026-08-16T09:04:53.286+0000] {logging_mixin.py:190} INFO - here....
[2026-08-16T09:04:53.288+0000] {data_modification.py:69} INFO - Updated row with Video_ID: wvSk_D6IGj8
[2026-08-16T09:04:53.290+0000] {logging_mixin.py:190} INFO - here....
[2026-08-16T09:04:53.292+0000] {data_modification.py:69} INFO - Updated row with Video_ID: tf2IASWd6zw
[2026-08-16T09:04:53.293+0000] {logging_mixin.py:190} INFO - here....
[2026-08-16T09:04:53.295+0000] {data_modification.py:69} INFO - Updated row with Video_ID: 9EWtyRkxi6A
[2026-08-16T09:04:53.296+0000] {logging_mixin.py:190} INFO - here....
[2026-08-16T09:04:53.298+0000] {data_modification.py:69} INFO - Updated row with Video_ID: GOSmvE5ycfE
[2026-08-16T09:04:53.299+0000] {logging_mixin.py:190} INFO - here....
[2026-08-16T09:04:53.302+0000] {data_modification.py:69} INFO - Updated row with Video_ID: JLykjUaxEqY
[2026-08-16T09:04:53.303+0000] {logging_mixin.py:190} INFO - here....
[2026-08-16T09:04:53.305+0000] {data_modification.py:69} INFO - Updated row with Video_ID: YcWkNJF_D40
[2026-08-16T09:04:53.306+0000] {logging_mixin.py:190} INFO - here....
[2026-08-16T09:04:53.308+0000] {data_modification.py:69} INFO - Updated row with Video_ID: 93i6TqznftQ
[2026-08-16T09:04:53.309+0000] {logging_mixin.py:190} INFO - here....
[2026-08-16T09:04:53.311+0000] {data_modification.py:69} INFO - Updated row with Video_ID: eml6YzAQ8AQ
[2026-08-16T09:04:53.312+0000] {logging_mixin.py:190} INFO - here....
[2026-08-16T09:04:53.314+0000] {data_modification.py:69} INFO - Updated row with Video_ID: FO-PWE2qYTc
[2026-08-16T09:04:53.315+0000] {logging_mixin.py:190} INFO - here....
[2026-08-16T09:04:53.317+0000] {data_modification.py:69} INFO - Updated row with Video_ID: 3kTt1zvE7Vg
[2026-08-16T09:04:53.318+0000] {logging_mixin.py:190} INFO - here....
[2026-08-16T09:04:53.320+0000] {data_modification.py:69} INFO - Updated row with Video_ID: Xb1cpM463qo
[2026-08-16T09:04:53.321+0000] {logging_mixin.py:190} INFO - here....
[2026-08-16T09:04:53.323+0000] {data_modification.py:69} INFO - Updated row with Video_ID: _smcZyQmRSE
[2026-08-16T09:04:53.324+0000] {logging_mixin.py:190} INFO - here....
[2026-08-16T09:04:53.326+0000] {data_modification.py:69} INFO - Updated row with Video_ID: 23AnNZRoEuM
[2026-08-16T09:04:53.327+0000] {logging_mixin.py:190} INFO - here....
[2026-08-16T09:04:53.329+0000] {data_modification.py:69} INFO - Updated row with Video_ID: eUbjVXbUTjc
[2026-08-16T09:04:53.330+0000] {logging_mixin.py:190} INFO - here....
[2026-08-16T09:04:53.332+0000] {data_modification.py:69} INFO - Updated row with Video_ID: dFRGrsPGCGU
[2026-08-16T09:04:53.333+0000] {logging_mixin.py:190} INFO - here....
[2026-08-16T09:04:53.335+0000] {data_modification.py:69} INFO - Updated row with Video_ID: 9Kj4T05UdMA
[2026-08-16T09:04:53.336+0000] {logging_mixin.py:190} INFO - here....
[2026-08-16T09:04:53.339+0000] {data_modification.py:69} INFO - Updated row with Video_ID: KishzvdXi8c
[2026-08-16T09:04:53.339+0000] {logging_mixin.py:190} INFO - here....
[2026-08-16T09:04:53.342+0000] {data_modification.py:69} INFO - Updated row with Video_ID: th9OBsL0M60
[2026-08-16T09:04:53.342+0000] {logging_mixin.py:190} INFO - here....
[2026-08-16T09:04:53.345+0000] {data_modification.py:69} INFO - Updated row with Video_ID: k7EJ_9gaWPA
[2026-08-16T09:04:53.345+0000] {logging_mixin.py:190} INFO - here....
[2026-08-16T09:04:53.348+0000] {data_modification.py:69} INFO - Updated row with Video_ID: sVXdQABD7Vs
[2026-08-16T09:04:53.349+0000] {logging_mixin.py:190} INFO - here....
[2026-08-16T09:04:53.351+0000] {data_modification.py:69} INFO - Updated row with Video_ID: oxhs_C9yPhs
[2026-08-16T09:04:53.353+0000] {logging_mixin.py:190} INFO - here....
[2026-08-16T09:04:53.355+0000] {data_modification.py:69} INFO - Updated row with Video_ID: wDZpMtkrdrQ
[2026-08-16T09:04:53.356+0000] {logging_mixin.py:190} INFO - here....
[2026-08-16T09:04:53.358+0000] {data_modification.py:69} INFO - Updated row with Video_ID: Z1GnEgCcCWE
[2026-08-16T09:04:53.359+0000] {logging_mixin.py:190} INFO - here....
[2026-08-16T09:04:53.361+0000] {data_modification.py:69} INFO - Updated row with Video_ID: v9AHBtbk-E0
[2026-08-16T09:04:53.362+0000] {logging_mixin.py:190} INFO - here....
[2026-08-16T09:04:53.364+0000] {data_modification.py:69} INFO - Updated row with Video_ID: Xc-y4eTyIQc
[2026-08-16T09:04:53.365+0000] {logging_mixin.py:190} INFO - here....
[2026-08-16T09:04:53.367+0000] {data_modification.py:69} INFO - Updated row with Video_ID: zZ-VeqYPxoA
[2026-08-16T09:04:53.371+0000] {logging_mixin.py:190} INFO - here....
[2026-08-16T09:04:53.374+0000] {data_modification.py:69} INFO - Updated row with Video_ID: wIo7IJxsg3A
[2026-08-16T09:04:53.382+0000] {logging_mixin.py:190} INFO - here....
[2026-08-16T09:04:53.387+0000] {data_modification.py:69} INFO - Updated row with Video_ID: a-5MPb27xsA
[2026-08-16T09:04:53.389+0000] {logging_mixin.py:190} INFO - here....
[2026-08-16T09:04:53.391+0000] {data_modification.py:69} INFO - Updated row with Video_ID: xDReFV_IiP8
[2026-08-16T09:04:53.396+0000] {logging_mixin.py:190} INFO - here....
[2026-08-16T09:04:53.400+0000] {data_modification.py:69} INFO - Updated row with Video_ID: uXsDntYTnhQ
[2026-08-16T09:04:53.402+0000] {logging_mixin.py:190} INFO - here....
[2026-08-16T09:04:53.406+0000] {data_modification.py:69} INFO - Updated row with Video_ID: SemRprLj9W8
[2026-08-16T09:04:53.407+0000] {logging_mixin.py:190} INFO - here....
[2026-08-16T09:04:53.412+0000] {data_modification.py:69} INFO - Updated row with Video_ID: sbsoZV0Y-ds
[2026-08-16T09:04:53.414+0000] {logging_mixin.py:190} INFO - here....
[2026-08-16T09:04:53.418+0000] {data_modification.py:69} INFO - Updated row with Video_ID: -wwcpgXmFhE
[2026-08-16T09:04:53.419+0000] {logging_mixin.py:190} INFO - here....
[2026-08-16T09:04:53.425+0000] {data_modification.py:69} INFO - Updated row with Video_ID: TiIUfniAxrQ
[2026-08-16T09:04:53.426+0000] {logging_mixin.py:190} INFO - here....
[2026-08-16T09:04:53.430+0000] {data_modification.py:69} INFO - Updated row with Video_ID: mPW7UEOjuoY
[2026-08-16T09:04:53.436+0000] {logging_mixin.py:190} INFO - here....
[2026-08-16T09:04:53.441+0000] {data_modification.py:69} INFO - Updated row with Video_ID: I_88dj8f-lA
[2026-08-16T09:04:53.443+0000] {logging_mixin.py:190} INFO - here....
[2026-08-16T09:04:53.447+0000] {data_modification.py:69} INFO - Updated row with Video_ID: x9ICVBEsds4
[2026-08-16T09:04:53.449+0000] {logging_mixin.py:190} INFO - here....
[2026-08-16T09:04:53.453+0000] {data_modification.py:69} INFO - Updated row with Video_ID: BR8YaRs-7y8
[2026-08-16T09:04:53.455+0000] {logging_mixin.py:190} INFO - here....
[2026-08-16T09:04:53.459+0000] {data_modification.py:69} INFO - Updated row with Video_ID: vX_DwNI-lzA
[2026-08-16T09:04:53.461+0000] {logging_mixin.py:190} INFO - here....
[2026-08-16T09:04:53.465+0000] {data_modification.py:69} INFO - Updated row with Video_ID: LhSDWTBqjKY
[2026-08-16T09:04:53.467+0000] {logging_mixin.py:190} INFO - here....
[2026-08-16T09:04:53.470+0000] {data_modification.py:69} INFO - Updated row with Video_ID: 6MXACxDrS-4
[2026-08-16T09:04:53.471+0000] {logging_mixin.py:190} INFO - here....
[2026-08-16T09:04:53.474+0000] {data_modification.py:69} INFO - Updated row with Video_ID: JjZtVUWc2AE
[2026-08-16T09:04:53.476+0000] {logging_mixin.py:190} INFO - here....
[2026-08-16T09:04:53.481+0000] {data_modification.py:69} INFO - Updated row with Video_ID: 4L0AdIQXqk8
[2026-08-16T09:04:53.482+0000] {logging_mixin.py:190} INFO - here....
[2026-08-16T09:04:53.486+0000] {data_modification.py:69} INFO - Updated row with Video_ID: rItVSkDL2uw
[2026-08-16T09:04:53.488+0000] {logging_mixin.py:190} INFO - here....
[2026-08-16T09:04:53.492+0000] {data_modification.py:69} INFO - Updated row with Video_ID: UJbOvZ2GqQY
[2026-08-16T09:04:53.494+0000] {logging_mixin.py:190} INFO - here....
[2026-08-16T09:04:53.498+0000] {data_modification.py:69} INFO - Updated row with Video_ID: CWTd2p6Fmlk
[2026-08-16T09:04:53.504+0000] {logging_mixin.py:190} INFO - here....
[2026-08-16T09:04:53.513+0000] {data_modification.py:69} INFO - Updated row with Video_ID: 4PNgzYIrudo
[2026-08-16T09:04:53.517+0000] {logging_mixin.py:190} INFO - here....
[2026-08-16T09:04:53.529+0000] {data_modification.py:69} INFO - Updated row with Video_ID: iqC29F3mRrg
[2026-08-16T09:04:53.535+0000] {logging_mixin.py:190} INFO - here....
[2026-08-16T09:04:53.538+0000] {data_modification.py:69} INFO - Updated row with Video_ID: _K4UPjsCInw
[2026-08-16T09:04:53.539+0000] {logging_mixin.py:190} INFO - here....
[2026-08-16T09:04:53.541+0000] {data_modification.py:69} INFO - Updated row with Video_ID: eAzl7iq82v4
[2026-08-16T09:04:53.542+0000] {logging_mixin.py:190} INFO - here....
[2026-08-16T09:04:53.544+0000] {data_modification.py:69} INFO - Updated row with Video_ID: i6QnGIahAH4
[2026-08-16T09:04:53.545+0000] {logging_mixin.py:190} INFO - here....
[2026-08-16T09:04:53.548+0000] {data_modification.py:69} INFO - Updated row with Video_ID: l-OwZHUM-oU
[2026-08-16T09:04:53.548+0000] {logging_mixin.py:190} INFO - here....
[2026-08-16T09:04:53.551+0000] {data_modification.py:69} INFO - Updated row with Video_ID: h8h2nACHIJY
[2026-08-16T09:04:53.552+0000] {logging_mixin.py:190} INFO - here....
[2026-08-16T09:04:53.554+0000] {data_modification.py:69} INFO - Updated row with Video_ID: sT_OL5XZbnc
[2026-08-16T09:04:53.555+0000] {logging_mixin.py:190} INFO - here....
[2026-08-16T09:04:53.557+0000] {data_modification.py:69} INFO - Updated row with Video_ID: KLvlWo_2UVI
[2026-08-16T09:04:53.559+0000] {logging_mixin.py:190} INFO - here....
[2026-08-16T09:04:53.562+0000] {data_modification.py:69} INFO - Updated row with Video_ID: LJ2Nk5vA4Gw
[2026-08-16T09:04:53.563+0000] {logging_mixin.py:190} INFO - here....
[2026-08-16T09:04:53.565+0000] {data_modification.py:69} INFO - Updated row with Video_ID: atnhrdKOVG8
[2026-08-16T09:04:53.566+0000] {logging_mixin.py:190} INFO - here....
[2026-08-16T09:04:53.568+0000] {data_modification.py:69} INFO - Updated row with Video_ID: SWsarmgRl_I
[2026-08-16T09:04:53.569+0000] {logging_mixin.py:190} INFO - here....
[2026-08-16T09:04:53.571+0000] {data_modification.py:69} INFO - Updated row with Video_ID: 7jZc0Rw8snc
[2026-08-16T09:04:53.572+0000] {logging_mixin.py:190} INFO - here....
[2026-08-16T09:04:53.574+0000] {data_modification.py:69} INFO - Updated row with Video_ID: xxtmt62-Pq0
[2026-08-16T09:04:53.575+0000] {logging_mixin.py:190} INFO - here....
[2026-08-16T09:04:53.577+0000] {data_modification.py:69} INFO - Updated row with Video_ID: xi8BdELFs9Y
[2026-08-16T09:04:53.578+0000] {logging_mixin.py:190} INFO - here....
[2026-08-16T09:04:53.580+0000] {data_modification.py:69} INFO - Updated row with Video_ID: 5IQm9s_TR4Y
[2026-08-16T09:04:53.581+0000] {logging_mixin.py:190} INFO - here....
[2026-08-16T09:04:53.583+0000] {data_modification.py:69} INFO - Updated row with Video_ID: EqdIH2yEw9Q
[2026-08-16T09:04:53.584+0000] {logging_mixin.py:190} INFO - here....
[2026-08-16T09:04:53.587+0000] {data_modification.py:69} INFO - Updated row with Video_ID: 9mq5aFiL3H8
[2026-08-16T09:04:53.588+0000] {logging_mixin.py:190} INFO - here....
[2026-08-16T09:04:53.591+0000] {data_modification.py:69} INFO - Updated row with Video_ID: DR5iVyJhRLA
[2026-08-16T09:04:53.592+0000] {logging_mixin.py:190} INFO - here....
[2026-08-16T09:04:53.594+0000] {data_modification.py:69} INFO - Updated row with Video_ID: vfz6JQVzKVw
[2026-08-16T09:04:53.595+0000] {logging_mixin.py:190} INFO - here....
[2026-08-16T09:04:53.597+0000] {data_modification.py:69} INFO - Updated row with Video_ID: t4GQBq2AOYY
[2026-08-16T09:04:53.598+0000] {logging_mixin.py:190} INFO - here....
[2026-08-16T09:04:53.600+0000] {data_modification.py:69} INFO - Updated row with Video_ID: Gk-_LPYh1xQ
[2026-08-16T09:04:53.601+0000] {logging_mixin.py:190} INFO - here....
[2026-08-16T09:04:53.603+0000] {data_modification.py:69} INFO - Updated row with Video_ID: xl-L6PJ7-bg
[2026-08-16T09:04:53.604+0000] {logging_mixin.py:190} INFO - here....
[2026-08-16T09:04:53.606+0000] {data_modification.py:69} INFO - Updated row with Video_ID: rQK-nnptG6A
[2026-08-16T09:04:53.607+0000] {logging_mixin.py:190} INFO - here....
[2026-08-16T09:04:53.609+0000] {data_modification.py:69} INFO - Updated row with Video_ID: oJj0BVIQoS4
[2026-08-16T09:04:53.610+0000] {logging_mixin.py:190} INFO - here....
[2026-08-16T09:04:53.612+0000] {data_modification.py:69} INFO - Updated row with Video_ID: 7l_r8IanRWM
[2026-08-16T09:04:53.613+0000] {logging_mixin.py:190} INFO - here....
[2026-08-16T09:04:53.615+0000] {data_modification.py:69} INFO - Updated row with Video_ID: xv1cv12Gy6g
[2026-08-16T09:04:53.616+0000] {logging_mixin.py:190} INFO - here....
[2026-08-16T09:04:53.618+0000] {data_modification.py:69} INFO - Updated row with Video_ID: -oPVgTeasz8
[2026-08-16T09:04:53.619+0000] {logging_mixin.py:190} INFO - here....
[2026-08-16T09:04:53.621+0000] {data_modification.py:69} INFO - Updated row with Video_ID: o3vvQjsYiHQ
[2026-08-16T09:04:53.622+0000] {logging_mixin.py:190} INFO - here....
[2026-08-16T09:04:53.624+0000] {data_modification.py:69} INFO - Updated row with Video_ID: h-0u0ui8ESQ
[2026-08-16T09:04:53.625+0000] {logging_mixin.py:190} INFO - here....
[2026-08-16T09:04:53.627+0000] {data_modification.py:69} INFO - Updated row with Video_ID: WxoiRcbxSxQ
[2026-08-16T09:04:53.628+0000] {logging_mixin.py:190} INFO - here....
[2026-08-16T09:04:53.630+0000] {data_modification.py:69} INFO - Updated row with Video_ID: ywd-Ve8a8Tc
[2026-08-16T09:04:53.631+0000] {logging_mixin.py:190} INFO - here....
[2026-08-16T09:04:53.633+0000] {data_modification.py:69} INFO - Updated row with Video_ID: UIFOgVpQJAY
[2026-08-16T09:04:53.639+0000] {logging_mixin.py:190} INFO - here....
[2026-08-16T09:04:53.641+0000] {data_modification.py:69} INFO - Updated row with Video_ID: czkPKQ9VIU8
[2026-08-16T09:04:53.642+0000] {logging_mixin.py:190} INFO - here....
[2026-08-16T09:04:53.645+0000] {data_modification.py:69} INFO - Updated row with Video_ID: pHJ2jUkCCvw
[2026-08-16T09:04:53.646+0000] {logging_mixin.py:190} INFO - here....
[2026-08-16T09:04:53.648+0000] {data_modification.py:69} INFO - Updated row with Video_ID: hDagG-59YNQ
[2026-08-16T09:04:53.649+0000] {logging_mixin.py:190} INFO - here....
[2026-08-16T09:04:53.651+0000] {data_modification.py:69} INFO - Updated row with Video_ID: ig5eSf34aPo
[2026-08-16T09:04:53.652+0000] {logging_mixin.py:190} INFO - here....
[2026-08-16T09:04:53.654+0000] {data_modification.py:69} INFO - Updated row with Video_ID: utSvq5v7uHo
[2026-08-16T09:04:53.655+0000] {logging_mixin.py:190} INFO - here....
[2026-08-16T09:04:53.657+0000] {data_modification.py:69} INFO - Updated row with Video_ID: aYJG69jjZmY
[2026-08-16T09:04:53.658+0000] {logging_mixin.py:190} INFO - here....
[2026-08-16T09:04:53.660+0000] {data_modification.py:69} INFO - Updated row with Video_ID: 5w0-kcPdbNU
[2026-08-16T09:04:53.660+0000] {logging_mixin.py:190} INFO - here....
[2026-08-16T09:04:53.662+0000] {data_modification.py:69} INFO - Updated row with Video_ID: BC9NB1O-3h0
[2026-08-16T09:04:53.663+0000] {logging_mixin.py:190} INFO - here....
[2026-08-16T09:04:53.666+0000] {data_modification.py:69} INFO - Updated row with Video_ID: JYW5zHXLo7E
[2026-08-16T09:04:53.669+0000] {logging_mixin.py:190} INFO - here....
[2026-08-16T09:04:53.671+0000] {data_modification.py:69} INFO - Updated row with Video_ID: x_X9xM9S5NY
[2026-08-16T09:04:53.673+0000] {logging_mixin.py:190} INFO - here....
[2026-08-16T09:04:53.675+0000] {data_modification.py:69} INFO - Updated row with Video_ID: gxzonqijbPA
[2026-08-16T09:04:53.676+0000] {logging_mixin.py:190} INFO - here....
[2026-08-16T09:04:53.678+0000] {data_modification.py:69} INFO - Updated row with Video_ID: w_tIdr0X2NY
[2026-08-16T09:04:53.679+0000] {logging_mixin.py:190} INFO - here....
[2026-08-16T09:04:53.683+0000] {data_modification.py:69} INFO - Updated row with Video_ID: ZUPaeV5I3fM
[2026-08-16T09:04:53.684+0000] {logging_mixin.py:190} INFO - here....
[2026-08-16T09:04:53.686+0000] {data_modification.py:69} INFO - Updated row with Video_ID: AaB5bN0a_Mw
[2026-08-16T09:04:53.687+0000] {logging_mixin.py:190} INFO - here....
[2026-08-16T09:04:53.689+0000] {data_modification.py:69} INFO - Updated row with Video_ID: 75Zyf8f2bA8
[2026-08-16T09:04:53.690+0000] {logging_mixin.py:190} INFO - here....
[2026-08-16T09:04:53.693+0000] {data_modification.py:69} INFO - Updated row with Video_ID: CgWvwCHvReQ
[2026-08-16T09:04:53.694+0000] {logging_mixin.py:190} INFO - here....
[2026-08-16T09:04:53.696+0000] {data_modification.py:69} INFO - Updated row with Video_ID: e1B-bSvVg5M
[2026-08-16T09:04:53.698+0000] {logging_mixin.py:190} INFO - here....
[2026-08-16T09:04:53.701+0000] {data_modification.py:69} INFO - Updated row with Video_ID: mSJ7nABY_qE
[2026-08-16T09:04:53.702+0000] {logging_mixin.py:190} INFO - here....
[2026-08-16T09:04:53.704+0000] {data_modification.py:69} INFO - Updated row with Video_ID: M8ICGx4p0lA
[2026-08-16T09:04:53.705+0000] {logging_mixin.py:190} INFO - here....
[2026-08-16T09:04:53.707+0000] {data_modification.py:69} INFO - Updated row with Video_ID: hoPUCp7viCA
[2026-08-16T09:04:53.708+0000] {logging_mixin.py:190} INFO - here....
[2026-08-16T09:04:53.710+0000] {data_modification.py:69} INFO - Updated row with Video_ID: neHM7BTYt4w
[2026-08-16T09:04:53.711+0000] {logging_mixin.py:190} INFO - here....
[2026-08-16T09:04:53.722+0000] {data_modification.py:69} INFO - Updated row with Video_ID: HgYQo5rvehE
[2026-08-16T09:04:53.723+0000] {logging_mixin.py:190} INFO - here....
[2026-08-16T09:04:53.726+0000] {data_modification.py:69} INFO - Updated row with Video_ID: GzPeSFykqdg
[2026-08-16T09:04:53.727+0000] {logging_mixin.py:190} INFO - here....
[2026-08-16T09:04:53.730+0000] {data_modification.py:69} INFO - Updated row with Video_ID: CLujMwTj63U
[2026-08-16T09:04:53.731+0000] {logging_mixin.py:190} INFO - here....
[2026-08-16T09:04:53.733+0000] {data_modification.py:69} INFO - Updated row with Video_ID: hs6a7t53jeo
[2026-08-16T09:04:53.734+0000] {logging_mixin.py:190} INFO - here....
[2026-08-16T09:04:53.737+0000] {data_modification.py:69} INFO - Updated row with Video_ID: G3i3gneKNYo
[2026-08-16T09:04:53.738+0000] {logging_mixin.py:190} INFO - here....
[2026-08-16T09:04:53.741+0000] {data_modification.py:69} INFO - Updated row with Video_ID: zSkxqtTbEGU
[2026-08-16T09:04:53.742+0000] {logging_mixin.py:190} INFO - here....
[2026-08-16T09:04:53.751+0000] {data_modification.py:69} INFO - Updated row with Video_ID: QPXJ3VL7Li4
[2026-08-16T09:04:53.753+0000] {logging_mixin.py:190} INFO - here....
[2026-08-16T09:04:53.760+0000] {data_modification.py:69} INFO - Updated row with Video_ID: oU4ou_ISACk
[2026-08-16T09:04:53.763+0000] {logging_mixin.py:190} INFO - here....
[2026-08-16T09:04:53.769+0000] {data_modification.py:69} INFO - Updated row with Video_ID: 7tIf4wEqarg
[2026-08-16T09:04:53.771+0000] {logging_mixin.py:190} INFO - here....
[2026-08-16T09:04:53.774+0000] {data_modification.py:69} INFO - Updated row with Video_ID: QWFhkqa3_UY
[2026-08-16T09:04:53.776+0000] {logging_mixin.py:190} INFO - here....
[2026-08-16T09:04:53.780+0000] {data_modification.py:69} INFO - Updated row with Video_ID: 5pZuXAUke9w
[2026-08-16T09:04:53.781+0000] {logging_mixin.py:190} INFO - here....
[2026-08-16T09:04:53.784+0000] {data_modification.py:69} INFO - Updated row with Video_ID: QfqOMlz0u2A
[2026-08-16T09:04:53.786+0000] {logging_mixin.py:190} INFO - here....
[2026-08-16T09:04:53.788+0000] {data_modification.py:69} INFO - Updated row with Video_ID: PXMyK7JxGOk
[2026-08-16T09:04:53.789+0000] {logging_mixin.py:190} INFO - here....
[2026-08-16T09:04:53.792+0000] {data_modification.py:69} INFO - Updated row with Video_ID: nOQCJXhtfsU
[2026-08-16T09:04:53.793+0000] {logging_mixin.py:190} INFO - here....
[2026-08-16T09:04:53.796+0000] {data_modification.py:69} INFO - Updated row with Video_ID: PKMbt1EGBVA
[2026-08-16T09:04:53.797+0000] {logging_mixin.py:190} INFO - here....
[2026-08-16T09:04:53.800+0000] {data_modification.py:69} INFO - Updated row with Video_ID: bDW9qGtq2Rk
[2026-08-16T09:04:53.801+0000] {logging_mixin.py:190} INFO - here....
[2026-08-16T09:04:53.803+0000] {data_modification.py:69} INFO - Updated row with Video_ID: FhxDbWoLZtk
[2026-08-16T09:04:53.805+0000] {logging_mixin.py:190} INFO - here....
[2026-08-16T09:04:53.807+0000] {data_modification.py:69} INFO - Updated row with Video_ID: CaYdS8ci2bk
[2026-08-16T09:04:53.808+0000] {logging_mixin.py:190} INFO - here....
[2026-08-16T09:04:53.811+0000] {data_modification.py:69} INFO - Updated row with Video_ID: goZGkMQYCEk
[2026-08-16T09:04:53.812+0000] {logging_mixin.py:190} INFO - here....
[2026-08-16T09:04:53.815+0000] {data_modification.py:69} INFO - Updated row with Video_ID: kmX4uEwrPCo
[2026-08-16T09:04:53.816+0000] {logging_mixin.py:190} INFO - here....
[2026-08-16T09:04:53.819+0000] {data_modification.py:69} INFO - Updated row with Video_ID: h8MxjSpPx-o
[2026-08-16T09:04:53.820+0000] {logging_mixin.py:190} INFO - here....
[2026-08-16T09:04:53.823+0000] {data_modification.py:69} INFO - Updated row with Video_ID: RuFokbTURI0
[2026-08-16T09:04:53.824+0000] {logging_mixin.py:190} INFO - here....
[2026-08-16T09:04:53.826+0000] {data_modification.py:69} INFO - Updated row with Video_ID: BJ7ortOdLgg
[2026-08-16T09:04:53.828+0000] {logging_mixin.py:190} INFO - here....
[2026-08-16T09:04:53.830+0000] {data_modification.py:69} INFO - Updated row with Video_ID: fmJK05BKZaE
[2026-08-16T09:04:53.831+0000] {logging_mixin.py:190} INFO - here....
[2026-08-16T09:04:53.833+0000] {data_modification.py:69} INFO - Updated row with Video_ID: ZAebp-JcZpE
[2026-08-16T09:04:53.835+0000] {logging_mixin.py:190} INFO - here....
[2026-08-16T09:04:53.837+0000] {data_modification.py:69} INFO - Updated row with Video_ID: HoTR9tN-idk
[2026-08-16T09:04:53.838+0000] {logging_mixin.py:190} INFO - here....
[2026-08-16T09:04:53.841+0000] {data_modification.py:69} INFO - Updated row with Video_ID: ltUcLVfG0To
[2026-08-16T09:04:53.842+0000] {logging_mixin.py:190} INFO - here....
[2026-08-16T09:04:53.845+0000] {data_modification.py:69} INFO - Updated row with Video_ID: 4gJ77I0Jj0E
[2026-08-16T09:04:53.846+0000] {logging_mixin.py:190} INFO - here....
[2026-08-16T09:04:53.849+0000] {data_modification.py:69} INFO - Updated row with Video_ID: AQhA06A59n4
[2026-08-16T09:04:53.850+0000] {logging_mixin.py:190} INFO - here....
[2026-08-16T09:04:53.853+0000] {data_modification.py:69} INFO - Updated row with Video_ID: xpN6zHg-nQg
[2026-08-16T09:04:53.854+0000] {logging_mixin.py:190} INFO - here....
[2026-08-16T09:04:53.857+0000] {data_modification.py:69} INFO - Updated row with Video_ID: rxF3EhnwlFY
[2026-08-16T09:04:53.858+0000] {logging_mixin.py:190} INFO - here....
[2026-08-16T09:04:53.861+0000] {data_modification.py:69} INFO - Updated row with Video_ID: dYApTkZ7mMo
[2026-08-16T09:04:53.862+0000] {logging_mixin.py:190} INFO - here....
[2026-08-16T09:04:53.864+0000] {data_modification.py:31} INFO - Inserted row with video-ids:YMTJw1G3yOM
[2026-08-16T09:04:53.865+0000] {logging_mixin.py:190} INFO - here....
[2026-08-16T09:04:53.867+0000] {data_modification.py:69} INFO - Updated row with Video_ID: 1NRlbNGbXR4
[2026-08-16T09:04:53.868+0000] {logging_mixin.py:190} INFO - here....
[2026-08-16T09:04:53.872+0000] {data_modification.py:69} INFO - Updated row with Video_ID: zDmG5P1ZCD0
[2026-08-16T09:04:53.873+0000] {logging_mixin.py:190} INFO - here....
[2026-08-16T09:04:53.875+0000] {data_modification.py:69} INFO - Updated row with Video_ID: 492s4LfyVKI
[2026-08-16T09:04:53.877+0000] {logging_mixin.py:190} INFO - here....
[2026-08-16T09:04:53.879+0000] {data_modification.py:69} INFO - Updated row with Video_ID: ZDdRP0Y-v2A
[2026-08-16T09:04:53.880+0000] {logging_mixin.py:190} INFO - here....
[2026-08-16T09:04:53.882+0000] {data_modification.py:69} INFO - Updated row with Video_ID: Qv865OO-AS0
[2026-08-16T09:04:53.883+0000] {logging_mixin.py:190} INFO - here....
[2026-08-16T09:04:53.886+0000] {data_modification.py:69} INFO - Updated row with Video_ID: MHCySabjbm4
[2026-08-16T09:04:53.887+0000] {dwh.py:99} INFO - core table update completed
[2026-08-16T09:04:53.888+0000] {python.py:240} INFO - Done. Returned value was: None
[2026-08-16T09:04:53.897+0000] {taskinstance.py:340} INFO - ::group::Post task execution logs
[2026-08-16T09:04:53.899+0000] {taskinstance.py:352} INFO - Marking task as SUCCESS. dag_id=update_db, task_id=core_table, run_id=manual__2026-08-16T09:04:28.200220+00:00, execution_date=20260816T090428, start_date=20260816T090439, end_date=20260816T090453
[2026-08-16T09:04:53.944+0000] {local_task_job_runner.py:266} INFO - Task exited with return code 0
[2026-08-16T09:04:53.958+0000] {taskinstance.py:3895} INFO - 1 downstream tasks scheduled from follow-on schedule check
[2026-08-16T09:04:53.962+0000] {local_task_job_runner.py:245} INFO - ::endgroup::
