[2026-08-19T00:00:30.188+0000] {processor.py:186} INFO - Started process (PID=278) to work on /opt/airflow/dags/main.py
[2026-08-19T00:00:30.190+0000] {processor.py:914} INFO - Processing file /opt/airflow/dags/main.py for tasks to queue
[2026-08-19T00:00:30.193+0000] {logging_mixin.py:190} INFO - [2026-08-19T00:00:30.193+0000] {dagbag.py:588} INFO - Filling up the DagBag from /opt/airflow/dags/main.py
[2026-08-19T00:00:30.324+0000] {processor.py:925} INFO - DAG(s) 'update_db', 'produce_json', 'data_quality' retrieved from /opt/airflow/dags/main.py
[2026-08-19T00:00:30.350+0000] {logging_mixin.py:190} INFO - [2026-08-19T00:00:30.350+0000] {dag.py:3239} INFO - Sync 3 DAGs
[2026-08-19T00:00:30.369+0000] {logging_mixin.py:190} INFO - [2026-08-19T00:00:30.368+0000] {dag.py:4180} INFO - Setting next_dagrun for data_quality to None, run_after=None
[2026-08-19T00:00:30.373+0000] {logging_mixin.py:190} INFO - [2026-08-19T00:00:30.373+0000] {dag.py:4180} INFO - Setting next_dagrun for produce_json to 2026-08-18 11:00:00+00:00, run_after=2026-08-19 11:00:00+00:00
[2026-08-19T00:00:30.376+0000] {logging_mixin.py:190} INFO - [2026-08-19T00:00:30.375+0000] {dag.py:4180} INFO - Setting next_dagrun for update_db to None, run_after=None
[2026-08-19T00:00:30.391+0000] {processor.py:208} INFO - Processing /opt/airflow/dags/main.py took 0.209 seconds
[2026-08-19T00:01:00.645+0000] {processor.py:186} INFO - Started process (PID=285) to work on /opt/airflow/dags/main.py
[2026-08-19T00:01:00.647+0000] {processor.py:914} INFO - Processing file /opt/airflow/dags/main.py for tasks to queue
[2026-08-19T00:01:00.650+0000] {logging_mixin.py:190} INFO - [2026-08-19T00:01:00.650+0000] {dagbag.py:588} INFO - Filling up the DagBag from /opt/airflow/dags/main.py
[2026-08-19T00:01:00.779+0000] {processor.py:925} INFO - DAG(s) 'produce_json', 'update_db', 'data_quality' retrieved from /opt/airflow/dags/main.py
[2026-08-19T00:01:00.803+0000] {logging_mixin.py:190} INFO - [2026-08-19T00:01:00.803+0000] {dag.py:3239} INFO - Sync 3 DAGs
[2026-08-19T00:01:00.822+0000] {logging_mixin.py:190} INFO - [2026-08-19T00:01:00.822+0000] {dag.py:4180} INFO - Setting next_dagrun for data_quality to None, run_after=None
[2026-08-19T00:01:00.827+0000] {logging_mixin.py:190} INFO - [2026-08-19T00:01:00.827+0000] {dag.py:4180} INFO - Setting next_dagrun for produce_json to 2026-08-18 11:00:00+00:00, run_after=2026-08-19 11:00:00+00:00
[2026-08-19T00:01:00.830+0000] {logging_mixin.py:190} INFO - [2026-08-19T00:01:00.830+0000] {dag.py:4180} INFO - Setting next_dagrun for update_db to None, run_after=None
[2026-08-19T00:01:00.848+0000] {processor.py:208} INFO - Processing /opt/airflow/dags/main.py took 0.208 seconds
[2026-08-19T00:01:30.905+0000] {processor.py:186} INFO - Started process (PID=292) to work on /opt/airflow/dags/main.py
[2026-08-19T00:01:30.907+0000] {processor.py:914} INFO - Processing file /opt/airflow/dags/main.py for tasks to queue
[2026-08-19T00:01:30.910+0000] {logging_mixin.py:190} INFO - [2026-08-19T00:01:30.910+0000] {dagbag.py:588} INFO - Filling up the DagBag from /opt/airflow/dags/main.py
[2026-08-19T00:01:31.013+0000] {processor.py:925} INFO - DAG(s) 'produce_json', 'update_db', 'data_quality' retrieved from /opt/airflow/dags/main.py
[2026-08-19T00:01:31.037+0000] {logging_mixin.py:190} INFO - [2026-08-19T00:01:31.036+0000] {dag.py:3239} INFO - Sync 3 DAGs
[2026-08-19T00:01:31.055+0000] {logging_mixin.py:190} INFO - [2026-08-19T00:01:31.055+0000] {dag.py:4180} INFO - Setting next_dagrun for data_quality to None, run_after=None
[2026-08-19T00:01:31.060+0000] {logging_mixin.py:190} INFO - [2026-08-19T00:01:31.060+0000] {dag.py:4180} INFO - Setting next_dagrun for produce_json to 2026-08-18 11:00:00+00:00, run_after=2026-08-19 11:00:00+00:00
[2026-08-19T00:01:31.061+0000] {logging_mixin.py:190} INFO - [2026-08-19T00:01:31.061+0000] {dag.py:4180} INFO - Setting next_dagrun for update_db to None, run_after=None
[2026-08-19T00:01:31.080+0000] {processor.py:208} INFO - Processing /opt/airflow/dags/main.py took 0.180 seconds
[2026-08-19T00:02:01.356+0000] {processor.py:186} INFO - Started process (PID=299) to work on /opt/airflow/dags/main.py
[2026-08-19T00:02:01.358+0000] {processor.py:914} INFO - Processing file /opt/airflow/dags/main.py for tasks to queue
[2026-08-19T00:02:01.360+0000] {logging_mixin.py:190} INFO - [2026-08-19T00:02:01.360+0000] {dagbag.py:588} INFO - Filling up the DagBag from /opt/airflow/dags/main.py
[2026-08-19T00:02:01.501+0000] {processor.py:925} INFO - DAG(s) 'produce_json', 'update_db', 'data_quality' retrieved from /opt/airflow/dags/main.py
[2026-08-19T00:02:01.526+0000] {logging_mixin.py:190} INFO - [2026-08-19T00:02:01.526+0000] {dag.py:3239} INFO - Sync 3 DAGs
[2026-08-19T00:02:01.548+0000] {logging_mixin.py:190} INFO - [2026-08-19T00:02:01.547+0000] {dag.py:4180} INFO - Setting next_dagrun for data_quality to None, run_after=None
[2026-08-19T00:02:01.556+0000] {logging_mixin.py:190} INFO - [2026-08-19T00:02:01.556+0000] {dag.py:4180} INFO - Setting next_dagrun for produce_json to 2026-08-18 11:00:00+00:00, run_after=2026-08-19 11:00:00+00:00
[2026-08-19T00:02:01.560+0000] {logging_mixin.py:190} INFO - [2026-08-19T00:02:01.559+0000] {dag.py:4180} INFO - Setting next_dagrun for update_db to None, run_after=None
[2026-08-19T00:02:01.578+0000] {processor.py:208} INFO - Processing /opt/airflow/dags/main.py took 0.227 seconds
[2026-08-19T00:02:31.626+0000] {processor.py:186} INFO - Started process (PID=306) to work on /opt/airflow/dags/main.py
[2026-08-19T00:02:31.628+0000] {processor.py:914} INFO - Processing file /opt/airflow/dags/main.py for tasks to queue
[2026-08-19T00:02:31.630+0000] {logging_mixin.py:190} INFO - [2026-08-19T00:02:31.630+0000] {dagbag.py:588} INFO - Filling up the DagBag from /opt/airflow/dags/main.py
[2026-08-19T00:02:31.760+0000] {processor.py:925} INFO - DAG(s) 'update_db', 'data_quality', 'produce_json' retrieved from /opt/airflow/dags/main.py
[2026-08-19T00:02:31.783+0000] {logging_mixin.py:190} INFO - [2026-08-19T00:02:31.783+0000] {dag.py:3239} INFO - Sync 3 DAGs
[2026-08-19T00:02:31.800+0000] {logging_mixin.py:190} INFO - [2026-08-19T00:02:31.800+0000] {dag.py:4180} INFO - Setting next_dagrun for data_quality to None, run_after=None
[2026-08-19T00:02:31.804+0000] {logging_mixin.py:190} INFO - [2026-08-19T00:02:31.804+0000] {dag.py:4180} INFO - Setting next_dagrun for produce_json to 2026-08-18 11:00:00+00:00, run_after=2026-08-19 11:00:00+00:00
[2026-08-19T00:02:31.806+0000] {logging_mixin.py:190} INFO - [2026-08-19T00:02:31.806+0000] {dag.py:4180} INFO - Setting next_dagrun for update_db to None, run_after=None
[2026-08-19T00:02:31.819+0000] {processor.py:208} INFO - Processing /opt/airflow/dags/main.py took 0.199 seconds
[2026-08-19T00:03:02.101+0000] {processor.py:186} INFO - Started process (PID=314) to work on /opt/airflow/dags/main.py
[2026-08-19T00:03:02.103+0000] {processor.py:914} INFO - Processing file /opt/airflow/dags/main.py for tasks to queue
[2026-08-19T00:03:02.106+0000] {logging_mixin.py:190} INFO - [2026-08-19T00:03:02.106+0000] {dagbag.py:588} INFO - Filling up the DagBag from /opt/airflow/dags/main.py
[2026-08-19T00:03:02.254+0000] {processor.py:925} INFO - DAG(s) 'update_db', 'data_quality', 'produce_json' retrieved from /opt/airflow/dags/main.py
[2026-08-19T00:03:02.277+0000] {logging_mixin.py:190} INFO - [2026-08-19T00:03:02.276+0000] {dag.py:3239} INFO - Sync 3 DAGs
[2026-08-19T00:03:02.293+0000] {logging_mixin.py:190} INFO - [2026-08-19T00:03:02.293+0000] {dag.py:4180} INFO - Setting next_dagrun for data_quality to None, run_after=None
[2026-08-19T00:03:02.298+0000] {logging_mixin.py:190} INFO - [2026-08-19T00:03:02.298+0000] {dag.py:4180} INFO - Setting next_dagrun for produce_json to 2026-08-18 11:00:00+00:00, run_after=2026-08-19 11:00:00+00:00
[2026-08-19T00:03:02.301+0000] {logging_mixin.py:190} INFO - [2026-08-19T00:03:02.301+0000] {dag.py:4180} INFO - Setting next_dagrun for update_db to None, run_after=None
[2026-08-19T00:03:02.315+0000] {processor.py:208} INFO - Processing /opt/airflow/dags/main.py took 0.220 seconds
[2026-08-19T00:03:32.374+0000] {processor.py:186} INFO - Started process (PID=321) to work on /opt/airflow/dags/main.py
[2026-08-19T00:03:32.377+0000] {processor.py:914} INFO - Processing file /opt/airflow/dags/main.py for tasks to queue
[2026-08-19T00:03:32.381+0000] {logging_mixin.py:190} INFO - [2026-08-19T00:03:32.381+0000] {dagbag.py:588} INFO - Filling up the DagBag from /opt/airflow/dags/main.py
[2026-08-19T00:03:32.511+0000] {processor.py:925} INFO - DAG(s) 'update_db', 'produce_json', 'data_quality' retrieved from /opt/airflow/dags/main.py
[2026-08-19T00:03:32.536+0000] {logging_mixin.py:190} INFO - [2026-08-19T00:03:32.536+0000] {dag.py:3239} INFO - Sync 3 DAGs
[2026-08-19T00:03:32.554+0000] {logging_mixin.py:190} INFO - [2026-08-19T00:03:32.553+0000] {dag.py:4180} INFO - Setting next_dagrun for data_quality to None, run_after=None
[2026-08-19T00:03:32.558+0000] {logging_mixin.py:190} INFO - [2026-08-19T00:03:32.558+0000] {dag.py:4180} INFO - Setting next_dagrun for produce_json to 2026-08-18 11:00:00+00:00, run_after=2026-08-19 11:00:00+00:00
[2026-08-19T00:03:32.560+0000] {logging_mixin.py:190} INFO - [2026-08-19T00:03:32.560+0000] {dag.py:4180} INFO - Setting next_dagrun for update_db to None, run_after=None
[2026-08-19T00:03:32.574+0000] {processor.py:208} INFO - Processing /opt/airflow/dags/main.py took 0.205 seconds
[2026-08-19T00:04:02.813+0000] {processor.py:186} INFO - Started process (PID=328) to work on /opt/airflow/dags/main.py
[2026-08-19T00:04:02.815+0000] {processor.py:914} INFO - Processing file /opt/airflow/dags/main.py for tasks to queue
[2026-08-19T00:04:02.818+0000] {logging_mixin.py:190} INFO - [2026-08-19T00:04:02.818+0000] {dagbag.py:588} INFO - Filling up the DagBag from /opt/airflow/dags/main.py
[2026-08-19T00:04:02.948+0000] {processor.py:925} INFO - DAG(s) 'produce_json', 'update_db', 'data_quality' retrieved from /opt/airflow/dags/main.py
[2026-08-19T00:04:02.972+0000] {logging_mixin.py:190} INFO - [2026-08-19T00:04:02.972+0000] {dag.py:3239} INFO - Sync 3 DAGs
[2026-08-19T00:04:02.991+0000] {logging_mixin.py:190} INFO - [2026-08-19T00:04:02.990+0000] {dag.py:4180} INFO - Setting next_dagrun for data_quality to None, run_after=None
[2026-08-19T00:04:02.995+0000] {logging_mixin.py:190} INFO - [2026-08-19T00:04:02.995+0000] {dag.py:4180} INFO - Setting next_dagrun for produce_json to 2026-08-18 11:00:00+00:00, run_after=2026-08-19 11:00:00+00:00
[2026-08-19T00:04:02.998+0000] {logging_mixin.py:190} INFO - [2026-08-19T00:04:02.997+0000] {dag.py:4180} INFO - Setting next_dagrun for update_db to None, run_after=None
[2026-08-19T00:04:03.012+0000] {processor.py:208} INFO - Processing /opt/airflow/dags/main.py took 0.204 seconds
[2026-08-19T00:04:33.072+0000] {processor.py:186} INFO - Started process (PID=335) to work on /opt/airflow/dags/main.py
[2026-08-19T00:04:33.074+0000] {processor.py:914} INFO - Processing file /opt/airflow/dags/main.py for tasks to queue
[2026-08-19T00:04:33.079+0000] {logging_mixin.py:190} INFO - [2026-08-19T00:04:33.078+0000] {dagbag.py:588} INFO - Filling up the DagBag from /opt/airflow/dags/main.py
[2026-08-19T00:04:33.218+0000] {processor.py:925} INFO - DAG(s) 'produce_json', 'update_db', 'data_quality' retrieved from /opt/airflow/dags/main.py
[2026-08-19T00:04:33.242+0000] {logging_mixin.py:190} INFO - [2026-08-19T00:04:33.241+0000] {dag.py:3239} INFO - Sync 3 DAGs
[2026-08-19T00:04:33.260+0000] {logging_mixin.py:190} INFO - [2026-08-19T00:04:33.259+0000] {dag.py:4180} INFO - Setting next_dagrun for data_quality to None, run_after=None
[2026-08-19T00:04:33.265+0000] {logging_mixin.py:190} INFO - [2026-08-19T00:04:33.265+0000] {dag.py:4180} INFO - Setting next_dagrun for produce_json to 2026-08-18 11:00:00+00:00, run_after=2026-08-19 11:00:00+00:00
[2026-08-19T00:04:33.268+0000] {logging_mixin.py:190} INFO - [2026-08-19T00:04:33.267+0000] {dag.py:4180} INFO - Setting next_dagrun for update_db to None, run_after=None
[2026-08-19T00:04:33.287+0000] {processor.py:208} INFO - Processing /opt/airflow/dags/main.py took 0.221 seconds
[2026-08-19T00:05:03.483+0000] {processor.py:186} INFO - Started process (PID=342) to work on /opt/airflow/dags/main.py
[2026-08-19T00:05:03.485+0000] {processor.py:914} INFO - Processing file /opt/airflow/dags/main.py for tasks to queue
[2026-08-19T00:05:03.488+0000] {logging_mixin.py:190} INFO - [2026-08-19T00:05:03.488+0000] {dagbag.py:588} INFO - Filling up the DagBag from /opt/airflow/dags/main.py
[2026-08-19T00:05:03.599+0000] {processor.py:925} INFO - DAG(s) 'update_db', 'data_quality', 'produce_json' retrieved from /opt/airflow/dags/main.py
[2026-08-19T00:05:03.625+0000] {logging_mixin.py:190} INFO - [2026-08-19T00:05:03.625+0000] {dag.py:3239} INFO - Sync 3 DAGs
[2026-08-19T00:05:03.645+0000] {logging_mixin.py:190} INFO - [2026-08-19T00:05:03.645+0000] {dag.py:4180} INFO - Setting next_dagrun for data_quality to None, run_after=None
[2026-08-19T00:05:03.653+0000] {logging_mixin.py:190} INFO - [2026-08-19T00:05:03.652+0000] {dag.py:4180} INFO - Setting next_dagrun for produce_json to 2026-08-18 11:00:00+00:00, run_after=2026-08-19 11:00:00+00:00
[2026-08-19T00:05:03.655+0000] {logging_mixin.py:190} INFO - [2026-08-19T00:05:03.655+0000] {dag.py:4180} INFO - Setting next_dagrun for update_db to None, run_after=None
[2026-08-19T00:05:03.673+0000] {processor.py:208} INFO - Processing /opt/airflow/dags/main.py took 0.195 seconds
[2026-08-19T00:05:34.051+0000] {processor.py:186} INFO - Started process (PID=349) to work on /opt/airflow/dags/main.py
[2026-08-19T00:05:34.052+0000] {processor.py:914} INFO - Processing file /opt/airflow/dags/main.py for tasks to queue
[2026-08-19T00:05:34.055+0000] {logging_mixin.py:190} INFO - [2026-08-19T00:05:34.055+0000] {dagbag.py:588} INFO - Filling up the DagBag from /opt/airflow/dags/main.py
[2026-08-19T00:05:34.160+0000] {processor.py:925} INFO - DAG(s) 'data_quality', 'update_db', 'produce_json' retrieved from /opt/airflow/dags/main.py
[2026-08-19T00:05:34.180+0000] {logging_mixin.py:190} INFO - [2026-08-19T00:05:34.180+0000] {dag.py:3239} INFO - Sync 3 DAGs
[2026-08-19T00:05:34.198+0000] {logging_mixin.py:190} INFO - [2026-08-19T00:05:34.198+0000] {dag.py:4180} INFO - Setting next_dagrun for data_quality to None, run_after=None
[2026-08-19T00:05:34.203+0000] {logging_mixin.py:190} INFO - [2026-08-19T00:05:34.202+0000] {dag.py:4180} INFO - Setting next_dagrun for produce_json to 2026-08-18 11:00:00+00:00, run_after=2026-08-19 11:00:00+00:00
[2026-08-19T00:05:34.204+0000] {logging_mixin.py:190} INFO - [2026-08-19T00:05:34.204+0000] {dag.py:4180} INFO - Setting next_dagrun for update_db to None, run_after=None
[2026-08-19T00:05:34.219+0000] {processor.py:208} INFO - Processing /opt/airflow/dags/main.py took 0.172 seconds
[2026-08-19T00:06:04.307+0000] {processor.py:186} INFO - Started process (PID=356) to work on /opt/airflow/dags/main.py
[2026-08-19T00:06:04.308+0000] {processor.py:914} INFO - Processing file /opt/airflow/dags/main.py for tasks to queue
[2026-08-19T00:06:04.311+0000] {logging_mixin.py:190} INFO - [2026-08-19T00:06:04.311+0000] {dagbag.py:588} INFO - Filling up the DagBag from /opt/airflow/dags/main.py
[2026-08-19T00:06:04.394+0000] {processor.py:925} INFO - DAG(s) 'update_db', 'data_quality', 'produce_json' retrieved from /opt/airflow/dags/main.py
[2026-08-19T00:06:04.416+0000] {logging_mixin.py:190} INFO - [2026-08-19T00:06:04.415+0000] {dag.py:3239} INFO - Sync 3 DAGs
[2026-08-19T00:06:04.432+0000] {logging_mixin.py:190} INFO - [2026-08-19T00:06:04.432+0000] {dag.py:4180} INFO - Setting next_dagrun for data_quality to None, run_after=None
[2026-08-19T00:06:04.436+0000] {logging_mixin.py:190} INFO - [2026-08-19T00:06:04.436+0000] {dag.py:4180} INFO - Setting next_dagrun for produce_json to 2026-08-18 11:00:00+00:00, run_after=2026-08-19 11:00:00+00:00
[2026-08-19T00:06:04.438+0000] {logging_mixin.py:190} INFO - [2026-08-19T00:06:04.438+0000] {dag.py:4180} INFO - Setting next_dagrun for update_db to None, run_after=None
[2026-08-19T00:06:04.462+0000] {processor.py:208} INFO - Processing /opt/airflow/dags/main.py took 0.160 seconds
[2026-08-19T00:06:34.768+0000] {processor.py:186} INFO - Started process (PID=363) to work on /opt/airflow/dags/main.py
[2026-08-19T00:06:34.770+0000] {processor.py:914} INFO - Processing file /opt/airflow/dags/main.py for tasks to queue
[2026-08-19T00:06:34.773+0000] {logging_mixin.py:190} INFO - [2026-08-19T00:06:34.772+0000] {dagbag.py:588} INFO - Filling up the DagBag from /opt/airflow/dags/main.py
[2026-08-19T00:06:34.871+0000] {processor.py:925} INFO - DAG(s) 'data_quality', 'produce_json', 'update_db' retrieved from /opt/airflow/dags/main.py
[2026-08-19T00:06:34.893+0000] {logging_mixin.py:190} INFO - [2026-08-19T00:06:34.892+0000] {dag.py:3239} INFO - Sync 3 DAGs
[2026-08-19T00:06:34.911+0000] {logging_mixin.py:190} INFO - [2026-08-19T00:06:34.910+0000] {dag.py:4180} INFO - Setting next_dagrun for data_quality to None, run_after=None
[2026-08-19T00:06:34.916+0000] {logging_mixin.py:190} INFO - [2026-08-19T00:06:34.915+0000] {dag.py:4180} INFO - Setting next_dagrun for produce_json to 2026-08-18 11:00:00+00:00, run_after=2026-08-19 11:00:00+00:00
[2026-08-19T00:06:34.917+0000] {logging_mixin.py:190} INFO - [2026-08-19T00:06:34.917+0000] {dag.py:4180} INFO - Setting next_dagrun for update_db to None, run_after=None
[2026-08-19T00:06:34.933+0000] {processor.py:208} INFO - Processing /opt/airflow/dags/main.py took 0.169 seconds
[2026-08-19T00:07:05.022+0000] {processor.py:186} INFO - Started process (PID=371) to work on /opt/airflow/dags/main.py
[2026-08-19T00:07:05.024+0000] {processor.py:914} INFO - Processing file /opt/airflow/dags/main.py for tasks to queue
[2026-08-19T00:07:05.027+0000] {logging_mixin.py:190} INFO - [2026-08-19T00:07:05.027+0000] {dagbag.py:588} INFO - Filling up the DagBag from /opt/airflow/dags/main.py
[2026-08-19T00:07:05.170+0000] {processor.py:925} INFO - DAG(s) 'data_quality', 'produce_json', 'update_db' retrieved from /opt/airflow/dags/main.py
[2026-08-19T00:07:05.197+0000] {logging_mixin.py:190} INFO - [2026-08-19T00:07:05.197+0000] {dag.py:3239} INFO - Sync 3 DAGs
[2026-08-19T00:07:05.216+0000] {logging_mixin.py:190} INFO - [2026-08-19T00:07:05.216+0000] {dag.py:4180} INFO - Setting next_dagrun for data_quality to None, run_after=None
[2026-08-19T00:07:05.221+0000] {logging_mixin.py:190} INFO - [2026-08-19T00:07:05.221+0000] {dag.py:4180} INFO - Setting next_dagrun for produce_json to 2026-08-18 11:00:00+00:00, run_after=2026-08-19 11:00:00+00:00
[2026-08-19T00:07:05.223+0000] {logging_mixin.py:190} INFO - [2026-08-19T00:07:05.222+0000] {dag.py:4180} INFO - Setting next_dagrun for update_db to None, run_after=None
[2026-08-19T00:07:05.237+0000] {processor.py:208} INFO - Processing /opt/airflow/dags/main.py took 0.220 seconds
[2026-08-19T00:07:35.474+0000] {processor.py:186} INFO - Started process (PID=378) to work on /opt/airflow/dags/main.py
[2026-08-19T00:07:35.478+0000] {processor.py:914} INFO - Processing file /opt/airflow/dags/main.py for tasks to queue
[2026-08-19T00:07:35.482+0000] {logging_mixin.py:190} INFO - [2026-08-19T00:07:35.482+0000] {dagbag.py:588} INFO - Filling up the DagBag from /opt/airflow/dags/main.py
[2026-08-19T00:07:35.638+0000] {processor.py:925} INFO - DAG(s) 'update_db', 'produce_json', 'data_quality' retrieved from /opt/airflow/dags/main.py
[2026-08-19T00:07:35.662+0000] {logging_mixin.py:190} INFO - [2026-08-19T00:07:35.662+0000] {dag.py:3239} INFO - Sync 3 DAGs
[2026-08-19T00:07:35.682+0000] {logging_mixin.py:190} INFO - [2026-08-19T00:07:35.682+0000] {dag.py:4180} INFO - Setting next_dagrun for data_quality to None, run_after=None
[2026-08-19T00:07:35.688+0000] {logging_mixin.py:190} INFO - [2026-08-19T00:07:35.688+0000] {dag.py:4180} INFO - Setting next_dagrun for produce_json to 2026-08-18 11:00:00+00:00, run_after=2026-08-19 11:00:00+00:00
[2026-08-19T00:07:35.691+0000] {logging_mixin.py:190} INFO - [2026-08-19T00:07:35.691+0000] {dag.py:4180} INFO - Setting next_dagrun for update_db to None, run_after=None
[2026-08-19T00:07:35.708+0000] {processor.py:208} INFO - Processing /opt/airflow/dags/main.py took 0.238 seconds
[2026-08-19T00:08:50.793+0000] {processor.py:186} INFO - Started process (PID=56) to work on /opt/airflow/dags/main.py
[2026-08-19T00:08:50.795+0000] {processor.py:914} INFO - Processing file /opt/airflow/dags/main.py for tasks to queue
[2026-08-19T00:08:50.799+0000] {logging_mixin.py:190} INFO - [2026-08-19T00:08:50.799+0000] {dagbag.py:588} INFO - Filling up the DagBag from /opt/airflow/dags/main.py
[2026-08-19T00:08:50.943+0000] {processor.py:925} INFO - DAG(s) 'update_db', 'data_quality', 'produce_json' retrieved from /opt/airflow/dags/main.py
[2026-08-19T00:08:50.973+0000] {logging_mixin.py:190} INFO - [2026-08-19T00:08:50.973+0000] {dag.py:3239} INFO - Sync 3 DAGs
[2026-08-19T00:08:50.996+0000] {logging_mixin.py:190} INFO - [2026-08-19T00:08:50.996+0000] {dag.py:4180} INFO - Setting next_dagrun for data_quality to None, run_after=None
[2026-08-19T00:08:51.001+0000] {logging_mixin.py:190} INFO - [2026-08-19T00:08:51.001+0000] {dag.py:4180} INFO - Setting next_dagrun for produce_json to 2026-08-18 11:00:00+00:00, run_after=2026-08-19 11:00:00+00:00
[2026-08-19T00:08:51.003+0000] {logging_mixin.py:190} INFO - [2026-08-19T00:08:51.003+0000] {dag.py:4180} INFO - Setting next_dagrun for update_db to None, run_after=None
[2026-08-19T00:08:51.022+0000] {processor.py:208} INFO - Processing /opt/airflow/dags/main.py took 0.236 seconds
[2026-08-19T00:09:21.089+0000] {processor.py:186} INFO - Started process (PID=63) to work on /opt/airflow/dags/main.py
[2026-08-19T00:09:21.091+0000] {processor.py:914} INFO - Processing file /opt/airflow/dags/main.py for tasks to queue
[2026-08-19T00:09:21.096+0000] {logging_mixin.py:190} INFO - [2026-08-19T00:09:21.096+0000] {dagbag.py:588} INFO - Filling up the DagBag from /opt/airflow/dags/main.py
[2026-08-19T00:09:21.241+0000] {processor.py:925} INFO - DAG(s) 'update_db', 'produce_json', 'data_quality' retrieved from /opt/airflow/dags/main.py
[2026-08-19T00:09:21.266+0000] {logging_mixin.py:190} INFO - [2026-08-19T00:09:21.266+0000] {dag.py:3239} INFO - Sync 3 DAGs
[2026-08-19T00:09:21.284+0000] {logging_mixin.py:190} INFO - [2026-08-19T00:09:21.284+0000] {dag.py:4180} INFO - Setting next_dagrun for data_quality to None, run_after=None
[2026-08-19T00:09:21.291+0000] {logging_mixin.py:190} INFO - [2026-08-19T00:09:21.291+0000] {dag.py:4180} INFO - Setting next_dagrun for produce_json to 2026-08-18 11:00:00+00:00, run_after=2026-08-19 11:00:00+00:00
[2026-08-19T00:09:21.294+0000] {logging_mixin.py:190} INFO - [2026-08-19T00:09:21.294+0000] {dag.py:4180} INFO - Setting next_dagrun for update_db to None, run_after=None
[2026-08-19T00:09:21.309+0000] {processor.py:208} INFO - Processing /opt/airflow/dags/main.py took 0.227 seconds
[2026-08-19T00:09:51.542+0000] {processor.py:186} INFO - Started process (PID=70) to work on /opt/airflow/dags/main.py
[2026-08-19T00:09:51.544+0000] {processor.py:914} INFO - Processing file /opt/airflow/dags/main.py for tasks to queue
[2026-08-19T00:09:51.547+0000] {logging_mixin.py:190} INFO - [2026-08-19T00:09:51.546+0000] {dagbag.py:588} INFO - Filling up the DagBag from /opt/airflow/dags/main.py
[2026-08-19T00:09:51.660+0000] {processor.py:925} INFO - DAG(s) 'produce_json', 'data_quality', 'update_db' retrieved from /opt/airflow/dags/main.py
[2026-08-19T00:09:51.683+0000] {logging_mixin.py:190} INFO - [2026-08-19T00:09:51.682+0000] {dag.py:3239} INFO - Sync 3 DAGs
[2026-08-19T00:09:51.701+0000] {logging_mixin.py:190} INFO - [2026-08-19T00:09:51.701+0000] {dag.py:4180} INFO - Setting next_dagrun for data_quality to None, run_after=None
[2026-08-19T00:09:51.707+0000] {logging_mixin.py:190} INFO - [2026-08-19T00:09:51.706+0000] {dag.py:4180} INFO - Setting next_dagrun for produce_json to 2026-08-18 11:00:00+00:00, run_after=2026-08-19 11:00:00+00:00
[2026-08-19T00:09:51.708+0000] {logging_mixin.py:190} INFO - [2026-08-19T00:09:51.708+0000] {dag.py:4180} INFO - Setting next_dagrun for update_db to None, run_after=None
[2026-08-19T00:09:51.724+0000] {processor.py:208} INFO - Processing /opt/airflow/dags/main.py took 0.186 seconds
[2026-08-19T00:10:21.785+0000] {processor.py:186} INFO - Started process (PID=77) to work on /opt/airflow/dags/main.py
[2026-08-19T00:10:21.786+0000] {processor.py:914} INFO - Processing file /opt/airflow/dags/main.py for tasks to queue
[2026-08-19T00:10:21.790+0000] {logging_mixin.py:190} INFO - [2026-08-19T00:10:21.789+0000] {dagbag.py:588} INFO - Filling up the DagBag from /opt/airflow/dags/main.py
[2026-08-19T00:10:21.916+0000] {processor.py:925} INFO - DAG(s) 'produce_json', 'update_db', 'data_quality' retrieved from /opt/airflow/dags/main.py
[2026-08-19T00:10:21.940+0000] {logging_mixin.py:190} INFO - [2026-08-19T00:10:21.939+0000] {dag.py:3239} INFO - Sync 3 DAGs
[2026-08-19T00:10:21.958+0000] {logging_mixin.py:190} INFO - [2026-08-19T00:10:21.957+0000] {dag.py:4180} INFO - Setting next_dagrun for data_quality to None, run_after=None
[2026-08-19T00:10:21.963+0000] {logging_mixin.py:190} INFO - [2026-08-19T00:10:21.962+0000] {dag.py:4180} INFO - Setting next_dagrun for produce_json to 2026-08-18 11:00:00+00:00, run_after=2026-08-19 11:00:00+00:00
[2026-08-19T00:10:21.964+0000] {logging_mixin.py:190} INFO - [2026-08-19T00:10:21.964+0000] {dag.py:4180} INFO - Setting next_dagrun for update_db to None, run_after=None
[2026-08-19T00:10:21.978+0000] {processor.py:208} INFO - Processing /opt/airflow/dags/main.py took 0.198 seconds
[2026-08-19T00:10:52.244+0000] {processor.py:186} INFO - Started process (PID=84) to work on /opt/airflow/dags/main.py
[2026-08-19T00:10:52.245+0000] {processor.py:914} INFO - Processing file /opt/airflow/dags/main.py for tasks to queue
[2026-08-19T00:10:52.248+0000] {logging_mixin.py:190} INFO - [2026-08-19T00:10:52.248+0000] {dagbag.py:588} INFO - Filling up the DagBag from /opt/airflow/dags/main.py
[2026-08-19T00:10:52.378+0000] {processor.py:925} INFO - DAG(s) 'update_db', 'produce_json', 'data_quality' retrieved from /opt/airflow/dags/main.py
[2026-08-19T00:10:52.403+0000] {logging_mixin.py:190} INFO - [2026-08-19T00:10:52.403+0000] {dag.py:3239} INFO - Sync 3 DAGs
[2026-08-19T00:10:52.420+0000] {logging_mixin.py:190} INFO - [2026-08-19T00:10:52.420+0000] {dag.py:4180} INFO - Setting next_dagrun for data_quality to None, run_after=None
[2026-08-19T00:10:52.425+0000] {logging_mixin.py:190} INFO - [2026-08-19T00:10:52.425+0000] {dag.py:4180} INFO - Setting next_dagrun for produce_json to 2026-08-18 11:00:00+00:00, run_after=2026-08-19 11:00:00+00:00
[2026-08-19T00:10:52.427+0000] {logging_mixin.py:190} INFO - [2026-08-19T00:10:52.427+0000] {dag.py:4180} INFO - Setting next_dagrun for update_db to None, run_after=None
[2026-08-19T00:10:52.442+0000] {processor.py:208} INFO - Processing /opt/airflow/dags/main.py took 0.202 seconds
[2026-08-19T00:11:22.519+0000] {processor.py:186} INFO - Started process (PID=91) to work on /opt/airflow/dags/main.py
[2026-08-19T00:11:22.521+0000] {processor.py:914} INFO - Processing file /opt/airflow/dags/main.py for tasks to queue
[2026-08-19T00:11:22.527+0000] {logging_mixin.py:190} INFO - [2026-08-19T00:11:22.526+0000] {dagbag.py:588} INFO - Filling up the DagBag from /opt/airflow/dags/main.py
[2026-08-19T00:11:22.666+0000] {processor.py:925} INFO - DAG(s) 'produce_json', 'update_db', 'data_quality' retrieved from /opt/airflow/dags/main.py
[2026-08-19T00:11:22.687+0000] {logging_mixin.py:190} INFO - [2026-08-19T00:11:22.687+0000] {dag.py:3239} INFO - Sync 3 DAGs
[2026-08-19T00:11:22.703+0000] {logging_mixin.py:190} INFO - [2026-08-19T00:11:22.703+0000] {dag.py:4180} INFO - Setting next_dagrun for data_quality to None, run_after=None
[2026-08-19T00:11:22.709+0000] {logging_mixin.py:190} INFO - [2026-08-19T00:11:22.708+0000] {dag.py:4180} INFO - Setting next_dagrun for produce_json to 2026-08-18 11:00:00+00:00, run_after=2026-08-19 11:00:00+00:00
[2026-08-19T00:11:22.711+0000] {logging_mixin.py:190} INFO - [2026-08-19T00:11:22.711+0000] {dag.py:4180} INFO - Setting next_dagrun for update_db to None, run_after=None
[2026-08-19T00:11:22.725+0000] {processor.py:208} INFO - Processing /opt/airflow/dags/main.py took 0.213 seconds
[2026-08-19T00:11:52.988+0000] {processor.py:186} INFO - Started process (PID=98) to work on /opt/airflow/dags/main.py
[2026-08-19T00:11:52.989+0000] {processor.py:914} INFO - Processing file /opt/airflow/dags/main.py for tasks to queue
[2026-08-19T00:11:52.993+0000] {logging_mixin.py:190} INFO - [2026-08-19T00:11:52.993+0000] {dagbag.py:588} INFO - Filling up the DagBag from /opt/airflow/dags/main.py
[2026-08-19T00:11:53.145+0000] {processor.py:925} INFO - DAG(s) 'produce_json', 'data_quality', 'update_db' retrieved from /opt/airflow/dags/main.py
[2026-08-19T00:11:53.169+0000] {logging_mixin.py:190} INFO - [2026-08-19T00:11:53.169+0000] {dag.py:3239} INFO - Sync 3 DAGs
[2026-08-19T00:11:53.186+0000] {logging_mixin.py:190} INFO - [2026-08-19T00:11:53.186+0000] {dag.py:4180} INFO - Setting next_dagrun for data_quality to None, run_after=None
[2026-08-19T00:11:53.191+0000] {logging_mixin.py:190} INFO - [2026-08-19T00:11:53.190+0000] {dag.py:4180} INFO - Setting next_dagrun for produce_json to 2026-08-18 11:00:00+00:00, run_after=2026-08-19 11:00:00+00:00
[2026-08-19T00:11:53.193+0000] {logging_mixin.py:190} INFO - [2026-08-19T00:11:53.192+0000] {dag.py:4180} INFO - Setting next_dagrun for update_db to None, run_after=None
[2026-08-19T00:11:53.208+0000] {processor.py:208} INFO - Processing /opt/airflow/dags/main.py took 0.226 seconds
[2026-08-19T00:12:23.453+0000] {processor.py:186} INFO - Started process (PID=105) to work on /opt/airflow/dags/main.py
[2026-08-19T00:12:23.454+0000] {processor.py:914} INFO - Processing file /opt/airflow/dags/main.py for tasks to queue
[2026-08-19T00:12:23.457+0000] {logging_mixin.py:190} INFO - [2026-08-19T00:12:23.457+0000] {dagbag.py:588} INFO - Filling up the DagBag from /opt/airflow/dags/main.py
[2026-08-19T00:12:23.581+0000] {processor.py:925} INFO - DAG(s) 'update_db', 'produce_json', 'data_quality' retrieved from /opt/airflow/dags/main.py
[2026-08-19T00:12:23.606+0000] {logging_mixin.py:190} INFO - [2026-08-19T00:12:23.606+0000] {dag.py:3239} INFO - Sync 3 DAGs
[2026-08-19T00:12:23.626+0000] {logging_mixin.py:190} INFO - [2026-08-19T00:12:23.626+0000] {dag.py:4180} INFO - Setting next_dagrun for data_quality to None, run_after=None
[2026-08-19T00:12:23.632+0000] {logging_mixin.py:190} INFO - [2026-08-19T00:12:23.632+0000] {dag.py:4180} INFO - Setting next_dagrun for produce_json to 2026-08-18 11:00:00+00:00, run_after=2026-08-19 11:00:00+00:00
[2026-08-19T00:12:23.634+0000] {logging_mixin.py:190} INFO - [2026-08-19T00:12:23.633+0000] {dag.py:4180} INFO - Setting next_dagrun for update_db to None, run_after=None
[2026-08-19T00:12:23.649+0000] {processor.py:208} INFO - Processing /opt/airflow/dags/main.py took 0.200 seconds
[2026-08-19T00:12:53.898+0000] {processor.py:186} INFO - Started process (PID=111) to work on /opt/airflow/dags/main.py
[2026-08-19T00:12:53.899+0000] {processor.py:914} INFO - Processing file /opt/airflow/dags/main.py for tasks to queue
[2026-08-19T00:12:53.902+0000] {logging_mixin.py:190} INFO - [2026-08-19T00:12:53.902+0000] {dagbag.py:588} INFO - Filling up the DagBag from /opt/airflow/dags/main.py
[2026-08-19T00:12:54.025+0000] {processor.py:925} INFO - DAG(s) 'produce_json', 'update_db', 'data_quality' retrieved from /opt/airflow/dags/main.py
[2026-08-19T00:12:54.049+0000] {logging_mixin.py:190} INFO - [2026-08-19T00:12:54.049+0000] {dag.py:3239} INFO - Sync 3 DAGs
[2026-08-19T00:12:54.067+0000] {logging_mixin.py:190} INFO - [2026-08-19T00:12:54.066+0000] {dag.py:4180} INFO - Setting next_dagrun for data_quality to None, run_after=None
[2026-08-19T00:12:54.072+0000] {logging_mixin.py:190} INFO - [2026-08-19T00:12:54.072+0000] {dag.py:4180} INFO - Setting next_dagrun for produce_json to 2026-08-18 11:00:00+00:00, run_after=2026-08-19 11:00:00+00:00
[2026-08-19T00:12:54.076+0000] {logging_mixin.py:190} INFO - [2026-08-19T00:12:54.076+0000] {dag.py:4180} INFO - Setting next_dagrun for update_db to None, run_after=None
[2026-08-19T00:12:54.089+0000] {processor.py:208} INFO - Processing /opt/airflow/dags/main.py took 0.195 seconds
[2026-08-19T00:13:24.158+0000] {processor.py:186} INFO - Started process (PID=118) to work on /opt/airflow/dags/main.py
[2026-08-19T00:13:24.160+0000] {processor.py:914} INFO - Processing file /opt/airflow/dags/main.py for tasks to queue
[2026-08-19T00:13:24.164+0000] {logging_mixin.py:190} INFO - [2026-08-19T00:13:24.164+0000] {dagbag.py:588} INFO - Filling up the DagBag from /opt/airflow/dags/main.py
[2026-08-19T00:13:24.255+0000] {processor.py:925} INFO - DAG(s) 'produce_json', 'data_quality', 'update_db' retrieved from /opt/airflow/dags/main.py
[2026-08-19T00:13:24.277+0000] {logging_mixin.py:190} INFO - [2026-08-19T00:13:24.277+0000] {dag.py:3239} INFO - Sync 3 DAGs
[2026-08-19T00:13:24.299+0000] {logging_mixin.py:190} INFO - [2026-08-19T00:13:24.299+0000] {dag.py:4180} INFO - Setting next_dagrun for data_quality to None, run_after=None
[2026-08-19T00:13:24.307+0000] {logging_mixin.py:190} INFO - [2026-08-19T00:13:24.307+0000] {dag.py:4180} INFO - Setting next_dagrun for produce_json to 2026-08-18 11:00:00+00:00, run_after=2026-08-19 11:00:00+00:00
[2026-08-19T00:13:24.312+0000] {logging_mixin.py:190} INFO - [2026-08-19T00:13:24.311+0000] {dag.py:4180} INFO - Setting next_dagrun for update_db to None, run_after=None
[2026-08-19T00:13:24.331+0000] {processor.py:208} INFO - Processing /opt/airflow/dags/main.py took 0.177 seconds
[2026-08-19T00:13:54.739+0000] {processor.py:186} INFO - Started process (PID=131) to work on /opt/airflow/dags/main.py
[2026-08-19T00:13:54.741+0000] {processor.py:914} INFO - Processing file /opt/airflow/dags/main.py for tasks to queue
[2026-08-19T00:13:54.744+0000] {logging_mixin.py:190} INFO - [2026-08-19T00:13:54.743+0000] {dagbag.py:588} INFO - Filling up the DagBag from /opt/airflow/dags/main.py
[2026-08-19T00:13:54.867+0000] {processor.py:925} INFO - DAG(s) 'update_db', 'data_quality', 'produce_json' retrieved from /opt/airflow/dags/main.py
[2026-08-19T00:13:54.893+0000] {logging_mixin.py:190} INFO - [2026-08-19T00:13:54.893+0000] {dag.py:3239} INFO - Sync 3 DAGs
[2026-08-19T00:13:54.909+0000] {logging_mixin.py:190} INFO - [2026-08-19T00:13:54.909+0000] {dag.py:4180} INFO - Setting next_dagrun for data_quality to None, run_after=None
[2026-08-19T00:13:54.914+0000] {logging_mixin.py:190} INFO - [2026-08-19T00:13:54.914+0000] {dag.py:4180} INFO - Setting next_dagrun for produce_json to 2026-08-18 11:00:00+00:00, run_after=2026-08-19 11:00:00+00:00
[2026-08-19T00:13:54.916+0000] {logging_mixin.py:190} INFO - [2026-08-19T00:13:54.916+0000] {dag.py:4180} INFO - Setting next_dagrun for update_db to None, run_after=None
[2026-08-19T00:13:54.930+0000] {processor.py:208} INFO - Processing /opt/airflow/dags/main.py took 0.195 seconds
[2026-08-19T00:14:24.985+0000] {processor.py:186} INFO - Started process (PID=138) to work on /opt/airflow/dags/main.py
[2026-08-19T00:14:24.986+0000] {processor.py:914} INFO - Processing file /opt/airflow/dags/main.py for tasks to queue
[2026-08-19T00:14:24.989+0000] {logging_mixin.py:190} INFO - [2026-08-19T00:14:24.989+0000] {dagbag.py:588} INFO - Filling up the DagBag from /opt/airflow/dags/main.py
[2026-08-19T00:14:25.093+0000] {processor.py:925} INFO - DAG(s) 'data_quality', 'update_db', 'produce_json' retrieved from /opt/airflow/dags/main.py
[2026-08-19T00:14:25.116+0000] {logging_mixin.py:190} INFO - [2026-08-19T00:14:25.116+0000] {dag.py:3239} INFO - Sync 3 DAGs
[2026-08-19T00:14:25.132+0000] {logging_mixin.py:190} INFO - [2026-08-19T00:14:25.132+0000] {dag.py:4180} INFO - Setting next_dagrun for data_quality to None, run_after=None
[2026-08-19T00:14:25.137+0000] {logging_mixin.py:190} INFO - [2026-08-19T00:14:25.137+0000] {dag.py:4180} INFO - Setting next_dagrun for produce_json to 2026-08-18 11:00:00+00:00, run_after=2026-08-19 11:00:00+00:00
[2026-08-19T00:14:25.143+0000] {logging_mixin.py:190} INFO - [2026-08-19T00:14:25.142+0000] {dag.py:4180} INFO - Setting next_dagrun for update_db to None, run_after=None
[2026-08-19T00:14:25.159+0000] {processor.py:208} INFO - Processing /opt/airflow/dags/main.py took 0.179 seconds
[2026-08-19T00:14:55.212+0000] {processor.py:186} INFO - Started process (PID=145) to work on /opt/airflow/dags/main.py
[2026-08-19T00:14:55.213+0000] {processor.py:914} INFO - Processing file /opt/airflow/dags/main.py for tasks to queue
[2026-08-19T00:14:55.217+0000] {logging_mixin.py:190} INFO - [2026-08-19T00:14:55.217+0000] {dagbag.py:588} INFO - Filling up the DagBag from /opt/airflow/dags/main.py
[2026-08-19T00:14:55.338+0000] {processor.py:925} INFO - DAG(s) 'update_db', 'data_quality', 'produce_json' retrieved from /opt/airflow/dags/main.py
[2026-08-19T00:14:55.359+0000] {logging_mixin.py:190} INFO - [2026-08-19T00:14:55.359+0000] {dag.py:3239} INFO - Sync 3 DAGs
[2026-08-19T00:14:55.380+0000] {logging_mixin.py:190} INFO - [2026-08-19T00:14:55.380+0000] {dag.py:4180} INFO - Setting next_dagrun for data_quality to None, run_after=None
[2026-08-19T00:14:55.386+0000] {logging_mixin.py:190} INFO - [2026-08-19T00:14:55.385+0000] {dag.py:4180} INFO - Setting next_dagrun for produce_json to 2026-08-18 11:00:00+00:00, run_after=2026-08-19 11:00:00+00:00
[2026-08-19T00:14:55.388+0000] {logging_mixin.py:190} INFO - [2026-08-19T00:14:55.388+0000] {dag.py:4180} INFO - Setting next_dagrun for update_db to None, run_after=None
[2026-08-19T00:14:55.414+0000] {processor.py:208} INFO - Processing /opt/airflow/dags/main.py took 0.207 seconds
[2026-08-19T00:15:25.652+0000] {processor.py:186} INFO - Started process (PID=152) to work on /opt/airflow/dags/main.py
[2026-08-19T00:15:25.654+0000] {processor.py:914} INFO - Processing file /opt/airflow/dags/main.py for tasks to queue
[2026-08-19T00:15:25.657+0000] {logging_mixin.py:190} INFO - [2026-08-19T00:15:25.657+0000] {dagbag.py:588} INFO - Filling up the DagBag from /opt/airflow/dags/main.py
[2026-08-19T00:15:25.765+0000] {processor.py:925} INFO - DAG(s) 'update_db', 'produce_json', 'data_quality' retrieved from /opt/airflow/dags/main.py
[2026-08-19T00:15:25.789+0000] {logging_mixin.py:190} INFO - [2026-08-19T00:15:25.789+0000] {dag.py:3239} INFO - Sync 3 DAGs
[2026-08-19T00:15:25.807+0000] {logging_mixin.py:190} INFO - [2026-08-19T00:15:25.807+0000] {dag.py:4180} INFO - Setting next_dagrun for data_quality to None, run_after=None
[2026-08-19T00:15:25.812+0000] {logging_mixin.py:190} INFO - [2026-08-19T00:15:25.812+0000] {dag.py:4180} INFO - Setting next_dagrun for produce_json to 2026-08-18 11:00:00+00:00, run_after=2026-08-19 11:00:00+00:00
[2026-08-19T00:15:25.815+0000] {logging_mixin.py:190} INFO - [2026-08-19T00:15:25.814+0000] {dag.py:4180} INFO - Setting next_dagrun for update_db to None, run_after=None
[2026-08-19T00:15:25.831+0000] {processor.py:208} INFO - Processing /opt/airflow/dags/main.py took 0.184 seconds
[2026-08-19T00:15:55.926+0000] {processor.py:186} INFO - Started process (PID=159) to work on /opt/airflow/dags/main.py
[2026-08-19T00:15:55.929+0000] {processor.py:914} INFO - Processing file /opt/airflow/dags/main.py for tasks to queue
[2026-08-19T00:15:55.932+0000] {logging_mixin.py:190} INFO - [2026-08-19T00:15:55.932+0000] {dagbag.py:588} INFO - Filling up the DagBag from /opt/airflow/dags/main.py
[2026-08-19T00:15:56.055+0000] {processor.py:925} INFO - DAG(s) 'produce_json', 'update_db', 'data_quality' retrieved from /opt/airflow/dags/main.py
[2026-08-19T00:15:56.077+0000] {logging_mixin.py:190} INFO - [2026-08-19T00:15:56.077+0000] {dag.py:3239} INFO - Sync 3 DAGs
[2026-08-19T00:15:56.095+0000] {logging_mixin.py:190} INFO - [2026-08-19T00:15:56.095+0000] {dag.py:4180} INFO - Setting next_dagrun for data_quality to None, run_after=None
[2026-08-19T00:15:56.099+0000] {logging_mixin.py:190} INFO - [2026-08-19T00:15:56.099+0000] {dag.py:4180} INFO - Setting next_dagrun for produce_json to 2026-08-18 11:00:00+00:00, run_after=2026-08-19 11:00:00+00:00
[2026-08-19T00:15:56.101+0000] {logging_mixin.py:190} INFO - [2026-08-19T00:15:56.101+0000] {dag.py:4180} INFO - Setting next_dagrun for update_db to None, run_after=None
[2026-08-19T00:15:56.117+0000] {processor.py:208} INFO - Processing /opt/airflow/dags/main.py took 0.198 seconds
[2026-08-19T00:16:26.342+0000] {processor.py:186} INFO - Started process (PID=166) to work on /opt/airflow/dags/main.py
[2026-08-19T00:16:26.345+0000] {processor.py:914} INFO - Processing file /opt/airflow/dags/main.py for tasks to queue
[2026-08-19T00:16:26.348+0000] {logging_mixin.py:190} INFO - [2026-08-19T00:16:26.348+0000] {dagbag.py:588} INFO - Filling up the DagBag from /opt/airflow/dags/main.py
[2026-08-19T00:16:26.471+0000] {processor.py:925} INFO - DAG(s) 'update_db', 'data_quality', 'produce_json' retrieved from /opt/airflow/dags/main.py
[2026-08-19T00:16:26.493+0000] {logging_mixin.py:190} INFO - [2026-08-19T00:16:26.493+0000] {dag.py:3239} INFO - Sync 3 DAGs
[2026-08-19T00:16:26.510+0000] {logging_mixin.py:190} INFO - [2026-08-19T00:16:26.509+0000] {dag.py:4180} INFO - Setting next_dagrun for data_quality to None, run_after=None
[2026-08-19T00:16:26.514+0000] {logging_mixin.py:190} INFO - [2026-08-19T00:16:26.513+0000] {dag.py:4180} INFO - Setting next_dagrun for produce_json to 2026-08-18 11:00:00+00:00, run_after=2026-08-19 11:00:00+00:00
[2026-08-19T00:16:26.515+0000] {logging_mixin.py:190} INFO - [2026-08-19T00:16:26.515+0000] {dag.py:4180} INFO - Setting next_dagrun for update_db to None, run_after=None
[2026-08-19T00:16:26.529+0000] {processor.py:208} INFO - Processing /opt/airflow/dags/main.py took 0.192 seconds
[2026-08-19T00:16:56.623+0000] {processor.py:186} INFO - Started process (PID=173) to work on /opt/airflow/dags/main.py
[2026-08-19T00:16:56.625+0000] {processor.py:914} INFO - Processing file /opt/airflow/dags/main.py for tasks to queue
[2026-08-19T00:16:56.632+0000] {logging_mixin.py:190} INFO - [2026-08-19T00:16:56.631+0000] {dagbag.py:588} INFO - Filling up the DagBag from /opt/airflow/dags/main.py
[2026-08-19T00:16:56.787+0000] {processor.py:925} INFO - DAG(s) 'update_db', 'data_quality', 'produce_json' retrieved from /opt/airflow/dags/main.py
[2026-08-19T00:16:56.818+0000] {logging_mixin.py:190} INFO - [2026-08-19T00:16:56.817+0000] {dag.py:3239} INFO - Sync 3 DAGs
[2026-08-19T00:16:56.842+0000] {logging_mixin.py:190} INFO - [2026-08-19T00:16:56.842+0000] {dag.py:4180} INFO - Setting next_dagrun for data_quality to None, run_after=None
[2026-08-19T00:16:56.852+0000] {logging_mixin.py:190} INFO - [2026-08-19T00:16:56.852+0000] {dag.py:4180} INFO - Setting next_dagrun for produce_json to 2026-08-18 11:00:00+00:00, run_after=2026-08-19 11:00:00+00:00
[2026-08-19T00:16:56.856+0000] {logging_mixin.py:190} INFO - [2026-08-19T00:16:56.856+0000] {dag.py:4180} INFO - Setting next_dagrun for update_db to None, run_after=None
[2026-08-19T00:16:56.880+0000] {processor.py:208} INFO - Processing /opt/airflow/dags/main.py took 0.263 seconds
[2026-08-19T00:17:27.018+0000] {processor.py:186} INFO - Started process (PID=180) to work on /opt/airflow/dags/main.py
[2026-08-19T00:17:27.020+0000] {processor.py:914} INFO - Processing file /opt/airflow/dags/main.py for tasks to queue
[2026-08-19T00:17:27.023+0000] {logging_mixin.py:190} INFO - [2026-08-19T00:17:27.022+0000] {dagbag.py:588} INFO - Filling up the DagBag from /opt/airflow/dags/main.py
[2026-08-19T00:17:27.131+0000] {processor.py:925} INFO - DAG(s) 'update_db', 'produce_json', 'data_quality' retrieved from /opt/airflow/dags/main.py
[2026-08-19T00:17:27.154+0000] {logging_mixin.py:190} INFO - [2026-08-19T00:17:27.154+0000] {dag.py:3239} INFO - Sync 3 DAGs
[2026-08-19T00:17:27.174+0000] {logging_mixin.py:190} INFO - [2026-08-19T00:17:27.173+0000] {dag.py:4180} INFO - Setting next_dagrun for data_quality to None, run_after=None
[2026-08-19T00:17:27.179+0000] {logging_mixin.py:190} INFO - [2026-08-19T00:17:27.179+0000] {dag.py:4180} INFO - Setting next_dagrun for produce_json to 2026-08-18 11:00:00+00:00, run_after=2026-08-19 11:00:00+00:00
[2026-08-19T00:17:27.181+0000] {logging_mixin.py:190} INFO - [2026-08-19T00:17:27.181+0000] {dag.py:4180} INFO - Setting next_dagrun for update_db to None, run_after=None
[2026-08-19T00:17:27.198+0000] {processor.py:208} INFO - Processing /opt/airflow/dags/main.py took 0.184 seconds
[2026-08-19T00:17:57.389+0000] {processor.py:186} INFO - Started process (PID=187) to work on /opt/airflow/dags/main.py
[2026-08-19T00:17:57.390+0000] {processor.py:914} INFO - Processing file /opt/airflow/dags/main.py for tasks to queue
[2026-08-19T00:17:57.394+0000] {logging_mixin.py:190} INFO - [2026-08-19T00:17:57.393+0000] {dagbag.py:588} INFO - Filling up the DagBag from /opt/airflow/dags/main.py
[2026-08-19T00:17:57.526+0000] {processor.py:925} INFO - DAG(s) 'data_quality', 'produce_json', 'update_db' retrieved from /opt/airflow/dags/main.py
[2026-08-19T00:17:57.550+0000] {logging_mixin.py:190} INFO - [2026-08-19T00:17:57.550+0000] {dag.py:3239} INFO - Sync 3 DAGs
[2026-08-19T00:17:57.569+0000] {logging_mixin.py:190} INFO - [2026-08-19T00:17:57.568+0000] {dag.py:4180} INFO - Setting next_dagrun for data_quality to None, run_after=None
[2026-08-19T00:17:57.574+0000] {logging_mixin.py:190} INFO - [2026-08-19T00:17:57.574+0000] {dag.py:4180} INFO - Setting next_dagrun for produce_json to 2026-08-18 11:00:00+00:00, run_after=2026-08-19 11:00:00+00:00
[2026-08-19T00:17:57.576+0000] {logging_mixin.py:190} INFO - [2026-08-19T00:17:57.576+0000] {dag.py:4180} INFO - Setting next_dagrun for update_db to None, run_after=None
[2026-08-19T00:17:57.591+0000] {processor.py:208} INFO - Processing /opt/airflow/dags/main.py took 0.207 seconds
[2026-08-19T00:18:27.721+0000] {processor.py:186} INFO - Started process (PID=194) to work on /opt/airflow/dags/main.py
[2026-08-19T00:18:27.722+0000] {processor.py:914} INFO - Processing file /opt/airflow/dags/main.py for tasks to queue
[2026-08-19T00:18:27.725+0000] {logging_mixin.py:190} INFO - [2026-08-19T00:18:27.725+0000] {dagbag.py:588} INFO - Filling up the DagBag from /opt/airflow/dags/main.py
[2026-08-19T00:18:27.865+0000] {processor.py:925} INFO - DAG(s) 'data_quality', 'produce_json', 'update_db' retrieved from /opt/airflow/dags/main.py
[2026-08-19T00:18:27.887+0000] {logging_mixin.py:190} INFO - [2026-08-19T00:18:27.887+0000] {dag.py:3239} INFO - Sync 3 DAGs
[2026-08-19T00:18:27.908+0000] {logging_mixin.py:190} INFO - [2026-08-19T00:18:27.908+0000] {dag.py:4180} INFO - Setting next_dagrun for data_quality to None, run_after=None
[2026-08-19T00:18:27.913+0000] {logging_mixin.py:190} INFO - [2026-08-19T00:18:27.913+0000] {dag.py:4180} INFO - Setting next_dagrun for produce_json to 2026-08-18 11:00:00+00:00, run_after=2026-08-19 11:00:00+00:00
[2026-08-19T00:18:27.916+0000] {logging_mixin.py:190} INFO - [2026-08-19T00:18:27.916+0000] {dag.py:4180} INFO - Setting next_dagrun for update_db to None, run_after=None
[2026-08-19T00:18:27.933+0000] {processor.py:208} INFO - Processing /opt/airflow/dags/main.py took 0.217 seconds
[2026-08-19T00:18:58.230+0000] {processor.py:186} INFO - Started process (PID=201) to work on /opt/airflow/dags/main.py
[2026-08-19T00:18:58.231+0000] {processor.py:914} INFO - Processing file /opt/airflow/dags/main.py for tasks to queue
[2026-08-19T00:18:58.234+0000] {logging_mixin.py:190} INFO - [2026-08-19T00:18:58.234+0000] {dagbag.py:588} INFO - Filling up the DagBag from /opt/airflow/dags/main.py
[2026-08-19T00:18:58.340+0000] {processor.py:925} INFO - DAG(s) 'data_quality', 'update_db', 'produce_json' retrieved from /opt/airflow/dags/main.py
[2026-08-19T00:18:58.365+0000] {logging_mixin.py:190} INFO - [2026-08-19T00:18:58.365+0000] {dag.py:3239} INFO - Sync 3 DAGs
[2026-08-19T00:18:58.386+0000] {logging_mixin.py:190} INFO - [2026-08-19T00:18:58.386+0000] {dag.py:4180} INFO - Setting next_dagrun for data_quality to None, run_after=None
[2026-08-19T00:18:58.391+0000] {logging_mixin.py:190} INFO - [2026-08-19T00:18:58.391+0000] {dag.py:4180} INFO - Setting next_dagrun for produce_json to 2026-08-18 11:00:00+00:00, run_after=2026-08-19 11:00:00+00:00
[2026-08-19T00:18:58.394+0000] {logging_mixin.py:190} INFO - [2026-08-19T00:18:58.393+0000] {dag.py:4180} INFO - Setting next_dagrun for update_db to None, run_after=None
[2026-08-19T00:18:58.411+0000] {processor.py:208} INFO - Processing /opt/airflow/dags/main.py took 0.186 seconds
[2026-08-19T00:19:28.491+0000] {processor.py:186} INFO - Started process (PID=208) to work on /opt/airflow/dags/main.py
[2026-08-19T00:19:28.493+0000] {processor.py:914} INFO - Processing file /opt/airflow/dags/main.py for tasks to queue
[2026-08-19T00:19:28.496+0000] {logging_mixin.py:190} INFO - [2026-08-19T00:19:28.495+0000] {dagbag.py:588} INFO - Filling up the DagBag from /opt/airflow/dags/main.py
[2026-08-19T00:19:28.604+0000] {processor.py:925} INFO - DAG(s) 'produce_json', 'update_db', 'data_quality' retrieved from /opt/airflow/dags/main.py
[2026-08-19T00:19:28.631+0000] {logging_mixin.py:190} INFO - [2026-08-19T00:19:28.631+0000] {dag.py:3239} INFO - Sync 3 DAGs
[2026-08-19T00:19:28.650+0000] {logging_mixin.py:190} INFO - [2026-08-19T00:19:28.649+0000] {dag.py:4180} INFO - Setting next_dagrun for data_quality to None, run_after=None
[2026-08-19T00:19:28.654+0000] {logging_mixin.py:190} INFO - [2026-08-19T00:19:28.654+0000] {dag.py:4180} INFO - Setting next_dagrun for produce_json to 2026-08-18 11:00:00+00:00, run_after=2026-08-19 11:00:00+00:00
[2026-08-19T00:19:28.656+0000] {logging_mixin.py:190} INFO - [2026-08-19T00:19:28.656+0000] {dag.py:4180} INFO - Setting next_dagrun for update_db to None, run_after=None
[2026-08-19T00:19:28.670+0000] {processor.py:208} INFO - Processing /opt/airflow/dags/main.py took 0.183 seconds
[2026-08-19T00:19:58.901+0000] {processor.py:186} INFO - Started process (PID=215) to work on /opt/airflow/dags/main.py
[2026-08-19T00:19:58.902+0000] {processor.py:914} INFO - Processing file /opt/airflow/dags/main.py for tasks to queue
[2026-08-19T00:19:58.904+0000] {logging_mixin.py:190} INFO - [2026-08-19T00:19:58.904+0000] {dagbag.py:588} INFO - Filling up the DagBag from /opt/airflow/dags/main.py
[2026-08-19T00:19:58.999+0000] {processor.py:925} INFO - DAG(s) 'data_quality', 'produce_json', 'update_db' retrieved from /opt/airflow/dags/main.py
[2026-08-19T00:19:59.022+0000] {logging_mixin.py:190} INFO - [2026-08-19T00:19:59.022+0000] {dag.py:3239} INFO - Sync 3 DAGs
[2026-08-19T00:19:59.041+0000] {logging_mixin.py:190} INFO - [2026-08-19T00:19:59.041+0000] {dag.py:4180} INFO - Setting next_dagrun for data_quality to None, run_after=None
[2026-08-19T00:19:59.047+0000] {logging_mixin.py:190} INFO - [2026-08-19T00:19:59.047+0000] {dag.py:4180} INFO - Setting next_dagrun for produce_json to 2026-08-18 11:00:00+00:00, run_after=2026-08-19 11:00:00+00:00
[2026-08-19T00:19:59.049+0000] {logging_mixin.py:190} INFO - [2026-08-19T00:19:59.049+0000] {dag.py:4180} INFO - Setting next_dagrun for update_db to None, run_after=None
[2026-08-19T00:19:59.063+0000] {processor.py:208} INFO - Processing /opt/airflow/dags/main.py took 0.167 seconds
[2026-08-19T00:20:29.172+0000] {processor.py:186} INFO - Started process (PID=222) to work on /opt/airflow/dags/main.py
[2026-08-19T00:20:29.173+0000] {processor.py:914} INFO - Processing file /opt/airflow/dags/main.py for tasks to queue
[2026-08-19T00:20:29.176+0000] {logging_mixin.py:190} INFO - [2026-08-19T00:20:29.176+0000] {dagbag.py:588} INFO - Filling up the DagBag from /opt/airflow/dags/main.py
[2026-08-19T00:20:29.267+0000] {processor.py:925} INFO - DAG(s) 'data_quality', 'produce_json', 'update_db' retrieved from /opt/airflow/dags/main.py
[2026-08-19T00:20:29.288+0000] {logging_mixin.py:190} INFO - [2026-08-19T00:20:29.288+0000] {dag.py:3239} INFO - Sync 3 DAGs
[2026-08-19T00:20:29.305+0000] {logging_mixin.py:190} INFO - [2026-08-19T00:20:29.305+0000] {dag.py:4180} INFO - Setting next_dagrun for data_quality to None, run_after=None
[2026-08-19T00:20:29.309+0000] {logging_mixin.py:190} INFO - [2026-08-19T00:20:29.309+0000] {dag.py:4180} INFO - Setting next_dagrun for produce_json to 2026-08-18 11:00:00+00:00, run_after=2026-08-19 11:00:00+00:00
[2026-08-19T00:20:29.311+0000] {logging_mixin.py:190} INFO - [2026-08-19T00:20:29.311+0000] {dag.py:4180} INFO - Setting next_dagrun for update_db to None, run_after=None
[2026-08-19T00:20:29.324+0000] {processor.py:208} INFO - Processing /opt/airflow/dags/main.py took 0.157 seconds
[2026-08-19T00:20:59.570+0000] {processor.py:186} INFO - Started process (PID=229) to work on /opt/airflow/dags/main.py
[2026-08-19T00:20:59.572+0000] {processor.py:914} INFO - Processing file /opt/airflow/dags/main.py for tasks to queue
[2026-08-19T00:20:59.575+0000] {logging_mixin.py:190} INFO - [2026-08-19T00:20:59.575+0000] {dagbag.py:588} INFO - Filling up the DagBag from /opt/airflow/dags/main.py
[2026-08-19T00:20:59.668+0000] {processor.py:925} INFO - DAG(s) 'produce_json', 'update_db', 'data_quality' retrieved from /opt/airflow/dags/main.py
[2026-08-19T00:20:59.691+0000] {logging_mixin.py:190} INFO - [2026-08-19T00:20:59.691+0000] {dag.py:3239} INFO - Sync 3 DAGs
[2026-08-19T00:20:59.709+0000] {logging_mixin.py:190} INFO - [2026-08-19T00:20:59.709+0000] {dag.py:4180} INFO - Setting next_dagrun for data_quality to None, run_after=None
[2026-08-19T00:20:59.714+0000] {logging_mixin.py:190} INFO - [2026-08-19T00:20:59.713+0000] {dag.py:4180} INFO - Setting next_dagrun for produce_json to 2026-08-18 11:00:00+00:00, run_after=2026-08-19 11:00:00+00:00
[2026-08-19T00:20:59.715+0000] {logging_mixin.py:190} INFO - [2026-08-19T00:20:59.715+0000] {dag.py:4180} INFO - Setting next_dagrun for update_db to None, run_after=None
[2026-08-19T00:20:59.731+0000] {processor.py:208} INFO - Processing /opt/airflow/dags/main.py took 0.166 seconds
[2026-08-19T00:21:29.817+0000] {processor.py:186} INFO - Started process (PID=236) to work on /opt/airflow/dags/main.py
[2026-08-19T00:21:29.818+0000] {processor.py:914} INFO - Processing file /opt/airflow/dags/main.py for tasks to queue
[2026-08-19T00:21:29.821+0000] {logging_mixin.py:190} INFO - [2026-08-19T00:21:29.821+0000] {dagbag.py:588} INFO - Filling up the DagBag from /opt/airflow/dags/main.py
[2026-08-19T00:21:29.954+0000] {processor.py:925} INFO - DAG(s) 'produce_json', 'update_db', 'data_quality' retrieved from /opt/airflow/dags/main.py
[2026-08-19T00:21:29.978+0000] {logging_mixin.py:190} INFO - [2026-08-19T00:21:29.978+0000] {dag.py:3239} INFO - Sync 3 DAGs
[2026-08-19T00:21:30.000+0000] {logging_mixin.py:190} INFO - [2026-08-19T00:21:30.000+0000] {dag.py:4180} INFO - Setting next_dagrun for data_quality to None, run_after=None
[2026-08-19T00:21:30.006+0000] {logging_mixin.py:190} INFO - [2026-08-19T00:21:30.006+0000] {dag.py:4180} INFO - Setting next_dagrun for produce_json to 2026-08-18 11:00:00+00:00, run_after=2026-08-19 11:00:00+00:00
[2026-08-19T00:21:30.009+0000] {logging_mixin.py:190} INFO - [2026-08-19T00:21:30.009+0000] {dag.py:4180} INFO - Setting next_dagrun for update_db to None, run_after=None
[2026-08-19T00:21:30.029+0000] {processor.py:208} INFO - Processing /opt/airflow/dags/main.py took 0.218 seconds
[2026-08-19T00:22:00.217+0000] {processor.py:186} INFO - Started process (PID=243) to work on /opt/airflow/dags/main.py
[2026-08-19T00:22:00.218+0000] {processor.py:914} INFO - Processing file /opt/airflow/dags/main.py for tasks to queue
[2026-08-19T00:22:00.222+0000] {logging_mixin.py:190} INFO - [2026-08-19T00:22:00.221+0000] {dagbag.py:588} INFO - Filling up the DagBag from /opt/airflow/dags/main.py
[2026-08-19T00:22:00.343+0000] {processor.py:925} INFO - DAG(s) 'data_quality', 'update_db', 'produce_json' retrieved from /opt/airflow/dags/main.py
[2026-08-19T00:22:00.368+0000] {logging_mixin.py:190} INFO - [2026-08-19T00:22:00.368+0000] {dag.py:3239} INFO - Sync 3 DAGs
[2026-08-19T00:22:00.388+0000] {logging_mixin.py:190} INFO - [2026-08-19T00:22:00.388+0000] {dag.py:4180} INFO - Setting next_dagrun for data_quality to None, run_after=None
[2026-08-19T00:22:00.394+0000] {logging_mixin.py:190} INFO - [2026-08-19T00:22:00.394+0000] {dag.py:4180} INFO - Setting next_dagrun for produce_json to 2026-08-18 11:00:00+00:00, run_after=2026-08-19 11:00:00+00:00
[2026-08-19T00:22:00.396+0000] {logging_mixin.py:190} INFO - [2026-08-19T00:22:00.396+0000] {dag.py:4180} INFO - Setting next_dagrun for update_db to None, run_after=None
[2026-08-19T00:22:00.415+0000] {processor.py:208} INFO - Processing /opt/airflow/dags/main.py took 0.203 seconds
[2026-08-19T00:22:30.488+0000] {processor.py:186} INFO - Started process (PID=250) to work on /opt/airflow/dags/main.py
[2026-08-19T00:22:30.490+0000] {processor.py:914} INFO - Processing file /opt/airflow/dags/main.py for tasks to queue
[2026-08-19T00:22:30.495+0000] {logging_mixin.py:190} INFO - [2026-08-19T00:22:30.495+0000] {dagbag.py:588} INFO - Filling up the DagBag from /opt/airflow/dags/main.py
[2026-08-19T00:22:30.617+0000] {processor.py:925} INFO - DAG(s) 'produce_json', 'data_quality', 'update_db' retrieved from /opt/airflow/dags/main.py
[2026-08-19T00:22:30.644+0000] {logging_mixin.py:190} INFO - [2026-08-19T00:22:30.644+0000] {dag.py:3239} INFO - Sync 3 DAGs
[2026-08-19T00:22:30.663+0000] {logging_mixin.py:190} INFO - [2026-08-19T00:22:30.663+0000] {dag.py:4180} INFO - Setting next_dagrun for data_quality to None, run_after=None
[2026-08-19T00:22:30.668+0000] {logging_mixin.py:190} INFO - [2026-08-19T00:22:30.668+0000] {dag.py:4180} INFO - Setting next_dagrun for produce_json to 2026-08-18 11:00:00+00:00, run_after=2026-08-19 11:00:00+00:00
[2026-08-19T00:22:30.670+0000] {logging_mixin.py:190} INFO - [2026-08-19T00:22:30.670+0000] {dag.py:4180} INFO - Setting next_dagrun for update_db to None, run_after=None
[2026-08-19T00:22:30.686+0000] {processor.py:208} INFO - Processing /opt/airflow/dags/main.py took 0.203 seconds
[2026-08-19T00:23:00.926+0000] {processor.py:186} INFO - Started process (PID=257) to work on /opt/airflow/dags/main.py
[2026-08-19T00:23:00.929+0000] {processor.py:914} INFO - Processing file /opt/airflow/dags/main.py for tasks to queue
[2026-08-19T00:23:00.932+0000] {logging_mixin.py:190} INFO - [2026-08-19T00:23:00.932+0000] {dagbag.py:588} INFO - Filling up the DagBag from /opt/airflow/dags/main.py
[2026-08-19T00:23:01.059+0000] {processor.py:925} INFO - DAG(s) 'produce_json', 'data_quality', 'update_db' retrieved from /opt/airflow/dags/main.py
[2026-08-19T00:23:01.081+0000] {logging_mixin.py:190} INFO - [2026-08-19T00:23:01.081+0000] {dag.py:3239} INFO - Sync 3 DAGs
[2026-08-19T00:23:01.098+0000] {logging_mixin.py:190} INFO - [2026-08-19T00:23:01.098+0000] {dag.py:4180} INFO - Setting next_dagrun for data_quality to None, run_after=None
[2026-08-19T00:23:01.103+0000] {logging_mixin.py:190} INFO - [2026-08-19T00:23:01.102+0000] {dag.py:4180} INFO - Setting next_dagrun for produce_json to 2026-08-18 11:00:00+00:00, run_after=2026-08-19 11:00:00+00:00
[2026-08-19T00:23:01.105+0000] {logging_mixin.py:190} INFO - [2026-08-19T00:23:01.105+0000] {dag.py:4180} INFO - Setting next_dagrun for update_db to None, run_after=None
[2026-08-19T00:23:01.119+0000] {processor.py:208} INFO - Processing /opt/airflow/dags/main.py took 0.197 seconds
[2026-08-19T00:23:31.190+0000] {processor.py:186} INFO - Started process (PID=264) to work on /opt/airflow/dags/main.py
[2026-08-19T00:23:31.192+0000] {processor.py:914} INFO - Processing file /opt/airflow/dags/main.py for tasks to queue
[2026-08-19T00:23:31.196+0000] {logging_mixin.py:190} INFO - [2026-08-19T00:23:31.196+0000] {dagbag.py:588} INFO - Filling up the DagBag from /opt/airflow/dags/main.py
[2026-08-19T00:23:31.319+0000] {processor.py:925} INFO - DAG(s) 'data_quality', 'produce_json', 'update_db' retrieved from /opt/airflow/dags/main.py
[2026-08-19T00:23:31.347+0000] {logging_mixin.py:190} INFO - [2026-08-19T00:23:31.347+0000] {dag.py:3239} INFO - Sync 3 DAGs
[2026-08-19T00:23:31.365+0000] {logging_mixin.py:190} INFO - [2026-08-19T00:23:31.364+0000] {dag.py:4180} INFO - Setting next_dagrun for data_quality to None, run_after=None
[2026-08-19T00:23:31.370+0000] {logging_mixin.py:190} INFO - [2026-08-19T00:23:31.370+0000] {dag.py:4180} INFO - Setting next_dagrun for produce_json to 2026-08-18 11:00:00+00:00, run_after=2026-08-19 11:00:00+00:00
[2026-08-19T00:23:31.372+0000] {logging_mixin.py:190} INFO - [2026-08-19T00:23:31.372+0000] {dag.py:4180} INFO - Setting next_dagrun for update_db to None, run_after=None
[2026-08-19T00:23:31.388+0000] {processor.py:208} INFO - Processing /opt/airflow/dags/main.py took 0.202 seconds
[2026-08-19T00:24:01.802+0000] {processor.py:186} INFO - Started process (PID=271) to work on /opt/airflow/dags/main.py
[2026-08-19T00:24:01.804+0000] {processor.py:914} INFO - Processing file /opt/airflow/dags/main.py for tasks to queue
[2026-08-19T00:24:01.806+0000] {logging_mixin.py:190} INFO - [2026-08-19T00:24:01.806+0000] {dagbag.py:588} INFO - Filling up the DagBag from /opt/airflow/dags/main.py
[2026-08-19T00:24:01.926+0000] {processor.py:925} INFO - DAG(s) 'data_quality', 'update_db', 'produce_json' retrieved from /opt/airflow/dags/main.py
[2026-08-19T00:24:01.948+0000] {logging_mixin.py:190} INFO - [2026-08-19T00:24:01.948+0000] {dag.py:3239} INFO - Sync 3 DAGs
[2026-08-19T00:24:01.964+0000] {logging_mixin.py:190} INFO - [2026-08-19T00:24:01.964+0000] {dag.py:4180} INFO - Setting next_dagrun for data_quality to None, run_after=None
[2026-08-19T00:24:01.969+0000] {logging_mixin.py:190} INFO - [2026-08-19T00:24:01.968+0000] {dag.py:4180} INFO - Setting next_dagrun for produce_json to 2026-08-18 11:00:00+00:00, run_after=2026-08-19 11:00:00+00:00
[2026-08-19T00:24:01.971+0000] {logging_mixin.py:190} INFO - [2026-08-19T00:24:01.971+0000] {dag.py:4180} INFO - Setting next_dagrun for update_db to None, run_after=None
[2026-08-19T00:24:01.987+0000] {processor.py:208} INFO - Processing /opt/airflow/dags/main.py took 0.189 seconds
[2026-08-19T00:24:32.068+0000] {processor.py:186} INFO - Started process (PID=278) to work on /opt/airflow/dags/main.py
[2026-08-19T00:24:32.070+0000] {processor.py:914} INFO - Processing file /opt/airflow/dags/main.py for tasks to queue
[2026-08-19T00:24:32.073+0000] {logging_mixin.py:190} INFO - [2026-08-19T00:24:32.072+0000] {dagbag.py:588} INFO - Filling up the DagBag from /opt/airflow/dags/main.py
[2026-08-19T00:24:32.167+0000] {processor.py:925} INFO - DAG(s) 'produce_json', 'data_quality', 'update_db' retrieved from /opt/airflow/dags/main.py
[2026-08-19T00:24:32.189+0000] {logging_mixin.py:190} INFO - [2026-08-19T00:24:32.189+0000] {dag.py:3239} INFO - Sync 3 DAGs
[2026-08-19T00:24:32.209+0000] {logging_mixin.py:190} INFO - [2026-08-19T00:24:32.209+0000] {dag.py:4180} INFO - Setting next_dagrun for data_quality to None, run_after=None
[2026-08-19T00:24:32.214+0000] {logging_mixin.py:190} INFO - [2026-08-19T00:24:32.214+0000] {dag.py:4180} INFO - Setting next_dagrun for produce_json to 2026-08-18 11:00:00+00:00, run_after=2026-08-19 11:00:00+00:00
[2026-08-19T00:24:32.216+0000] {logging_mixin.py:190} INFO - [2026-08-19T00:24:32.216+0000] {dag.py:4180} INFO - Setting next_dagrun for update_db to None, run_after=None
[2026-08-19T00:24:32.231+0000] {processor.py:208} INFO - Processing /opt/airflow/dags/main.py took 0.168 seconds
[2026-08-19T00:25:02.500+0000] {processor.py:186} INFO - Started process (PID=285) to work on /opt/airflow/dags/main.py
[2026-08-19T00:25:02.501+0000] {processor.py:914} INFO - Processing file /opt/airflow/dags/main.py for tasks to queue
[2026-08-19T00:25:02.504+0000] {logging_mixin.py:190} INFO - [2026-08-19T00:25:02.504+0000] {dagbag.py:588} INFO - Filling up the DagBag from /opt/airflow/dags/main.py
[2026-08-19T00:25:02.638+0000] {processor.py:925} INFO - DAG(s) 'produce_json', 'update_db', 'data_quality' retrieved from /opt/airflow/dags/main.py
[2026-08-19T00:25:02.659+0000] {logging_mixin.py:190} INFO - [2026-08-19T00:25:02.659+0000] {dag.py:3239} INFO - Sync 3 DAGs
[2026-08-19T00:25:02.675+0000] {logging_mixin.py:190} INFO - [2026-08-19T00:25:02.675+0000] {dag.py:4180} INFO - Setting next_dagrun for data_quality to None, run_after=None
[2026-08-19T00:25:02.680+0000] {logging_mixin.py:190} INFO - [2026-08-19T00:25:02.680+0000] {dag.py:4180} INFO - Setting next_dagrun for produce_json to 2026-08-18 11:00:00+00:00, run_after=2026-08-19 11:00:00+00:00
[2026-08-19T00:25:02.682+0000] {logging_mixin.py:190} INFO - [2026-08-19T00:25:02.682+0000] {dag.py:4180} INFO - Setting next_dagrun for update_db to None, run_after=None
[2026-08-19T00:25:02.698+0000] {processor.py:208} INFO - Processing /opt/airflow/dags/main.py took 0.202 seconds
[2026-08-19T00:25:32.758+0000] {processor.py:186} INFO - Started process (PID=292) to work on /opt/airflow/dags/main.py
[2026-08-19T00:25:32.760+0000] {processor.py:914} INFO - Processing file /opt/airflow/dags/main.py for tasks to queue
[2026-08-19T00:25:32.762+0000] {logging_mixin.py:190} INFO - [2026-08-19T00:25:32.762+0000] {dagbag.py:588} INFO - Filling up the DagBag from /opt/airflow/dags/main.py
[2026-08-19T00:25:32.852+0000] {processor.py:925} INFO - DAG(s) 'data_quality', 'update_db', 'produce_json' retrieved from /opt/airflow/dags/main.py
[2026-08-19T00:25:32.874+0000] {logging_mixin.py:190} INFO - [2026-08-19T00:25:32.874+0000] {dag.py:3239} INFO - Sync 3 DAGs
[2026-08-19T00:25:32.891+0000] {logging_mixin.py:190} INFO - [2026-08-19T00:25:32.890+0000] {dag.py:4180} INFO - Setting next_dagrun for data_quality to None, run_after=None
[2026-08-19T00:25:32.895+0000] {logging_mixin.py:190} INFO - [2026-08-19T00:25:32.895+0000] {dag.py:4180} INFO - Setting next_dagrun for produce_json to 2026-08-18 11:00:00+00:00, run_after=2026-08-19 11:00:00+00:00
[2026-08-19T00:25:32.897+0000] {logging_mixin.py:190} INFO - [2026-08-19T00:25:32.897+0000] {dag.py:4180} INFO - Setting next_dagrun for update_db to None, run_after=None
[2026-08-19T00:25:32.917+0000] {processor.py:208} INFO - Processing /opt/airflow/dags/main.py took 0.163 seconds
[2026-08-19T00:26:03.190+0000] {processor.py:186} INFO - Started process (PID=299) to work on /opt/airflow/dags/main.py
[2026-08-19T00:26:03.191+0000] {processor.py:914} INFO - Processing file /opt/airflow/dags/main.py for tasks to queue
[2026-08-19T00:26:03.194+0000] {logging_mixin.py:190} INFO - [2026-08-19T00:26:03.194+0000] {dagbag.py:588} INFO - Filling up the DagBag from /opt/airflow/dags/main.py
[2026-08-19T00:26:03.285+0000] {processor.py:925} INFO - DAG(s) 'update_db', 'produce_json', 'data_quality' retrieved from /opt/airflow/dags/main.py
[2026-08-19T00:26:03.305+0000] {logging_mixin.py:190} INFO - [2026-08-19T00:26:03.305+0000] {dag.py:3239} INFO - Sync 3 DAGs
[2026-08-19T00:26:03.322+0000] {logging_mixin.py:190} INFO - [2026-08-19T00:26:03.321+0000] {dag.py:4180} INFO - Setting next_dagrun for data_quality to None, run_after=None
[2026-08-19T00:26:03.326+0000] {logging_mixin.py:190} INFO - [2026-08-19T00:26:03.326+0000] {dag.py:4180} INFO - Setting next_dagrun for produce_json to 2026-08-18 11:00:00+00:00, run_after=2026-08-19 11:00:00+00:00
[2026-08-19T00:26:03.328+0000] {logging_mixin.py:190} INFO - [2026-08-19T00:26:03.328+0000] {dag.py:4180} INFO - Setting next_dagrun for update_db to None, run_after=None
[2026-08-19T00:26:03.342+0000] {processor.py:208} INFO - Processing /opt/airflow/dags/main.py took 0.156 seconds
[2026-08-19T00:26:33.470+0000] {processor.py:186} INFO - Started process (PID=306) to work on /opt/airflow/dags/main.py
[2026-08-19T00:26:33.471+0000] {processor.py:914} INFO - Processing file /opt/airflow/dags/main.py for tasks to queue
[2026-08-19T00:26:33.475+0000] {logging_mixin.py:190} INFO - [2026-08-19T00:26:33.474+0000] {dagbag.py:588} INFO - Filling up the DagBag from /opt/airflow/dags/main.py
[2026-08-19T00:26:33.612+0000] {processor.py:925} INFO - DAG(s) 'produce_json', 'update_db', 'data_quality' retrieved from /opt/airflow/dags/main.py
[2026-08-19T00:26:33.635+0000] {logging_mixin.py:190} INFO - [2026-08-19T00:26:33.635+0000] {dag.py:3239} INFO - Sync 3 DAGs
[2026-08-19T00:26:33.653+0000] {logging_mixin.py:190} INFO - [2026-08-19T00:26:33.653+0000] {dag.py:4180} INFO - Setting next_dagrun for data_quality to None, run_after=None
[2026-08-19T00:26:33.658+0000] {logging_mixin.py:190} INFO - [2026-08-19T00:26:33.658+0000] {dag.py:4180} INFO - Setting next_dagrun for produce_json to 2026-08-18 11:00:00+00:00, run_after=2026-08-19 11:00:00+00:00
[2026-08-19T00:26:33.661+0000] {logging_mixin.py:190} INFO - [2026-08-19T00:26:33.660+0000] {dag.py:4180} INFO - Setting next_dagrun for update_db to None, run_after=None
[2026-08-19T00:26:33.678+0000] {processor.py:208} INFO - Processing /opt/airflow/dags/main.py took 0.215 seconds
[2026-08-19T00:27:03.843+0000] {processor.py:186} INFO - Started process (PID=313) to work on /opt/airflow/dags/main.py
[2026-08-19T00:27:03.845+0000] {processor.py:914} INFO - Processing file /opt/airflow/dags/main.py for tasks to queue
[2026-08-19T00:27:03.848+0000] {logging_mixin.py:190} INFO - [2026-08-19T00:27:03.848+0000] {dagbag.py:588} INFO - Filling up the DagBag from /opt/airflow/dags/main.py
[2026-08-19T00:27:03.979+0000] {processor.py:925} INFO - DAG(s) 'produce_json', 'update_db', 'data_quality' retrieved from /opt/airflow/dags/main.py
[2026-08-19T00:27:04.000+0000] {logging_mixin.py:190} INFO - [2026-08-19T00:27:04.000+0000] {dag.py:3239} INFO - Sync 3 DAGs
[2026-08-19T00:27:04.018+0000] {logging_mixin.py:190} INFO - [2026-08-19T00:27:04.018+0000] {dag.py:4180} INFO - Setting next_dagrun for data_quality to None, run_after=None
[2026-08-19T00:27:04.023+0000] {logging_mixin.py:190} INFO - [2026-08-19T00:27:04.023+0000] {dag.py:4180} INFO - Setting next_dagrun for produce_json to 2026-08-18 11:00:00+00:00, run_after=2026-08-19 11:00:00+00:00
[2026-08-19T00:27:04.025+0000] {logging_mixin.py:190} INFO - [2026-08-19T00:27:04.024+0000] {dag.py:4180} INFO - Setting next_dagrun for update_db to None, run_after=None
[2026-08-19T00:27:04.040+0000] {processor.py:208} INFO - Processing /opt/airflow/dags/main.py took 0.203 seconds
[2026-08-19T00:27:34.177+0000] {processor.py:186} INFO - Started process (PID=320) to work on /opt/airflow/dags/main.py
[2026-08-19T00:27:34.178+0000] {processor.py:914} INFO - Processing file /opt/airflow/dags/main.py for tasks to queue
[2026-08-19T00:27:34.182+0000] {logging_mixin.py:190} INFO - [2026-08-19T00:27:34.182+0000] {dagbag.py:588} INFO - Filling up the DagBag from /opt/airflow/dags/main.py
[2026-08-19T00:27:34.309+0000] {processor.py:925} INFO - DAG(s) 'produce_json', 'data_quality', 'update_db' retrieved from /opt/airflow/dags/main.py
[2026-08-19T00:27:34.333+0000] {logging_mixin.py:190} INFO - [2026-08-19T00:27:34.333+0000] {dag.py:3239} INFO - Sync 3 DAGs
[2026-08-19T00:27:34.352+0000] {logging_mixin.py:190} INFO - [2026-08-19T00:27:34.351+0000] {dag.py:4180} INFO - Setting next_dagrun for data_quality to None, run_after=None
[2026-08-19T00:27:34.357+0000] {logging_mixin.py:190} INFO - [2026-08-19T00:27:34.356+0000] {dag.py:4180} INFO - Setting next_dagrun for produce_json to 2026-08-18 11:00:00+00:00, run_after=2026-08-19 11:00:00+00:00
[2026-08-19T00:27:34.359+0000] {logging_mixin.py:190} INFO - [2026-08-19T00:27:34.359+0000] {dag.py:4180} INFO - Setting next_dagrun for update_db to None, run_after=None
[2026-08-19T00:27:34.374+0000] {processor.py:208} INFO - Processing /opt/airflow/dags/main.py took 0.204 seconds
[2026-08-19T00:28:04.550+0000] {processor.py:186} INFO - Started process (PID=327) to work on /opt/airflow/dags/main.py
[2026-08-19T00:28:04.551+0000] {processor.py:914} INFO - Processing file /opt/airflow/dags/main.py for tasks to queue
[2026-08-19T00:28:04.555+0000] {logging_mixin.py:190} INFO - [2026-08-19T00:28:04.554+0000] {dagbag.py:588} INFO - Filling up the DagBag from /opt/airflow/dags/main.py
[2026-08-19T00:28:04.677+0000] {processor.py:925} INFO - DAG(s) 'produce_json', 'data_quality', 'update_db' retrieved from /opt/airflow/dags/main.py
[2026-08-19T00:28:04.699+0000] {logging_mixin.py:190} INFO - [2026-08-19T00:28:04.699+0000] {dag.py:3239} INFO - Sync 3 DAGs
[2026-08-19T00:28:04.715+0000] {logging_mixin.py:190} INFO - [2026-08-19T00:28:04.715+0000] {dag.py:4180} INFO - Setting next_dagrun for data_quality to None, run_after=None
[2026-08-19T00:28:04.720+0000] {logging_mixin.py:190} INFO - [2026-08-19T00:28:04.720+0000] {dag.py:4180} INFO - Setting next_dagrun for produce_json to 2026-08-18 11:00:00+00:00, run_after=2026-08-19 11:00:00+00:00
[2026-08-19T00:28:04.722+0000] {logging_mixin.py:190} INFO - [2026-08-19T00:28:04.722+0000] {dag.py:4180} INFO - Setting next_dagrun for update_db to None, run_after=None
[2026-08-19T00:28:04.738+0000] {processor.py:208} INFO - Processing /opt/airflow/dags/main.py took 0.193 seconds
[2026-08-19T00:28:34.877+0000] {processor.py:186} INFO - Started process (PID=334) to work on /opt/airflow/dags/main.py
[2026-08-19T00:28:34.879+0000] {processor.py:914} INFO - Processing file /opt/airflow/dags/main.py for tasks to queue
[2026-08-19T00:28:34.882+0000] {logging_mixin.py:190} INFO - [2026-08-19T00:28:34.882+0000] {dagbag.py:588} INFO - Filling up the DagBag from /opt/airflow/dags/main.py
[2026-08-19T00:28:35.003+0000] {processor.py:925} INFO - DAG(s) 'data_quality', 'produce_json', 'update_db' retrieved from /opt/airflow/dags/main.py
[2026-08-19T00:28:35.033+0000] {logging_mixin.py:190} INFO - [2026-08-19T00:28:35.033+0000] {dag.py:3239} INFO - Sync 3 DAGs
[2026-08-19T00:28:35.062+0000] {logging_mixin.py:190} INFO - [2026-08-19T00:28:35.062+0000] {dag.py:4180} INFO - Setting next_dagrun for data_quality to None, run_after=None
[2026-08-19T00:28:35.068+0000] {logging_mixin.py:190} INFO - [2026-08-19T00:28:35.068+0000] {dag.py:4180} INFO - Setting next_dagrun for produce_json to 2026-08-18 11:00:00+00:00, run_after=2026-08-19 11:00:00+00:00
[2026-08-19T00:28:35.071+0000] {logging_mixin.py:190} INFO - [2026-08-19T00:28:35.071+0000] {dag.py:4180} INFO - Setting next_dagrun for update_db to None, run_after=None
[2026-08-19T00:28:35.095+0000] {processor.py:208} INFO - Processing /opt/airflow/dags/main.py took 0.223 seconds
[2026-08-19T00:29:05.378+0000] {processor.py:186} INFO - Started process (PID=341) to work on /opt/airflow/dags/main.py
[2026-08-19T00:29:05.379+0000] {processor.py:914} INFO - Processing file /opt/airflow/dags/main.py for tasks to queue
[2026-08-19T00:29:05.382+0000] {logging_mixin.py:190} INFO - [2026-08-19T00:29:05.381+0000] {dagbag.py:588} INFO - Filling up the DagBag from /opt/airflow/dags/main.py
[2026-08-19T00:29:05.495+0000] {processor.py:925} INFO - DAG(s) 'data_quality', 'update_db', 'produce_json' retrieved from /opt/airflow/dags/main.py
[2026-08-19T00:29:05.519+0000] {logging_mixin.py:190} INFO - [2026-08-19T00:29:05.519+0000] {dag.py:3239} INFO - Sync 3 DAGs
[2026-08-19T00:29:05.538+0000] {logging_mixin.py:190} INFO - [2026-08-19T00:29:05.537+0000] {dag.py:4180} INFO - Setting next_dagrun for data_quality to None, run_after=None
[2026-08-19T00:29:05.543+0000] {logging_mixin.py:190} INFO - [2026-08-19T00:29:05.542+0000] {dag.py:4180} INFO - Setting next_dagrun for produce_json to 2026-08-18 11:00:00+00:00, run_after=2026-08-19 11:00:00+00:00
[2026-08-19T00:29:05.545+0000] {logging_mixin.py:190} INFO - [2026-08-19T00:29:05.545+0000] {dag.py:4180} INFO - Setting next_dagrun for update_db to None, run_after=None
[2026-08-19T00:29:05.562+0000] {processor.py:208} INFO - Processing /opt/airflow/dags/main.py took 0.189 seconds
[2026-08-19T00:29:35.640+0000] {processor.py:186} INFO - Started process (PID=348) to work on /opt/airflow/dags/main.py
[2026-08-19T00:29:35.642+0000] {processor.py:914} INFO - Processing file /opt/airflow/dags/main.py for tasks to queue
[2026-08-19T00:29:35.646+0000] {logging_mixin.py:190} INFO - [2026-08-19T00:29:35.646+0000] {dagbag.py:588} INFO - Filling up the DagBag from /opt/airflow/dags/main.py
[2026-08-19T00:29:35.755+0000] {processor.py:925} INFO - DAG(s) 'produce_json', 'update_db', 'data_quality' retrieved from /opt/airflow/dags/main.py
[2026-08-19T00:29:35.779+0000] {logging_mixin.py:190} INFO - [2026-08-19T00:29:35.779+0000] {dag.py:3239} INFO - Sync 3 DAGs
[2026-08-19T00:29:35.800+0000] {logging_mixin.py:190} INFO - [2026-08-19T00:29:35.800+0000] {dag.py:4180} INFO - Setting next_dagrun for data_quality to None, run_after=None
[2026-08-19T00:29:35.805+0000] {logging_mixin.py:190} INFO - [2026-08-19T00:29:35.805+0000] {dag.py:4180} INFO - Setting next_dagrun for produce_json to 2026-08-18 11:00:00+00:00, run_after=2026-08-19 11:00:00+00:00
[2026-08-19T00:29:35.807+0000] {logging_mixin.py:190} INFO - [2026-08-19T00:29:35.807+0000] {dag.py:4180} INFO - Setting next_dagrun for update_db to None, run_after=None
[2026-08-19T00:29:35.822+0000] {processor.py:208} INFO - Processing /opt/airflow/dags/main.py took 0.188 seconds
[2026-08-19T00:30:06.066+0000] {processor.py:186} INFO - Started process (PID=355) to work on /opt/airflow/dags/main.py
[2026-08-19T00:30:06.067+0000] {processor.py:914} INFO - Processing file /opt/airflow/dags/main.py for tasks to queue
[2026-08-19T00:30:06.070+0000] {logging_mixin.py:190} INFO - [2026-08-19T00:30:06.070+0000] {dagbag.py:588} INFO - Filling up the DagBag from /opt/airflow/dags/main.py
[2026-08-19T00:30:06.174+0000] {processor.py:925} INFO - DAG(s) 'produce_json', 'data_quality', 'update_db' retrieved from /opt/airflow/dags/main.py
[2026-08-19T00:30:06.199+0000] {logging_mixin.py:190} INFO - [2026-08-19T00:30:06.199+0000] {dag.py:3239} INFO - Sync 3 DAGs
[2026-08-19T00:30:06.220+0000] {logging_mixin.py:190} INFO - [2026-08-19T00:30:06.220+0000] {dag.py:4180} INFO - Setting next_dagrun for data_quality to None, run_after=None
[2026-08-19T00:30:06.224+0000] {logging_mixin.py:190} INFO - [2026-08-19T00:30:06.224+0000] {dag.py:4180} INFO - Setting next_dagrun for produce_json to 2026-08-18 11:00:00+00:00, run_after=2026-08-19 11:00:00+00:00
[2026-08-19T00:30:06.226+0000] {logging_mixin.py:190} INFO - [2026-08-19T00:30:06.226+0000] {dag.py:4180} INFO - Setting next_dagrun for update_db to None, run_after=None
[2026-08-19T00:30:06.242+0000] {processor.py:208} INFO - Processing /opt/airflow/dags/main.py took 0.180 seconds
[2026-08-19T00:30:36.327+0000] {processor.py:186} INFO - Started process (PID=362) to work on /opt/airflow/dags/main.py
[2026-08-19T00:30:36.329+0000] {processor.py:914} INFO - Processing file /opt/airflow/dags/main.py for tasks to queue
[2026-08-19T00:30:36.333+0000] {logging_mixin.py:190} INFO - [2026-08-19T00:30:36.332+0000] {dagbag.py:588} INFO - Filling up the DagBag from /opt/airflow/dags/main.py
[2026-08-19T00:30:36.468+0000] {processor.py:925} INFO - DAG(s) 'update_db', 'data_quality', 'produce_json' retrieved from /opt/airflow/dags/main.py
[2026-08-19T00:30:36.495+0000] {logging_mixin.py:190} INFO - [2026-08-19T00:30:36.495+0000] {dag.py:3239} INFO - Sync 3 DAGs
[2026-08-19T00:30:36.516+0000] {logging_mixin.py:190} INFO - [2026-08-19T00:30:36.516+0000] {dag.py:4180} INFO - Setting next_dagrun for data_quality to None, run_after=None
[2026-08-19T00:30:36.521+0000] {logging_mixin.py:190} INFO - [2026-08-19T00:30:36.521+0000] {dag.py:4180} INFO - Setting next_dagrun for produce_json to 2026-08-18 11:00:00+00:00, run_after=2026-08-19 11:00:00+00:00
[2026-08-19T00:30:36.523+0000] {logging_mixin.py:190} INFO - [2026-08-19T00:30:36.523+0000] {dag.py:4180} INFO - Setting next_dagrun for update_db to None, run_after=None
[2026-08-19T00:30:36.540+0000] {processor.py:208} INFO - Processing /opt/airflow/dags/main.py took 0.219 seconds
[2026-08-19T00:31:06.758+0000] {processor.py:186} INFO - Started process (PID=369) to work on /opt/airflow/dags/main.py
[2026-08-19T00:31:06.759+0000] {processor.py:914} INFO - Processing file /opt/airflow/dags/main.py for tasks to queue
[2026-08-19T00:31:06.762+0000] {logging_mixin.py:190} INFO - [2026-08-19T00:31:06.762+0000] {dagbag.py:588} INFO - Filling up the DagBag from /opt/airflow/dags/main.py
[2026-08-19T00:31:06.884+0000] {processor.py:925} INFO - DAG(s) 'data_quality', 'produce_json', 'update_db' retrieved from /opt/airflow/dags/main.py
[2026-08-19T00:31:06.910+0000] {logging_mixin.py:190} INFO - [2026-08-19T00:31:06.910+0000] {dag.py:3239} INFO - Sync 3 DAGs
[2026-08-19T00:31:06.929+0000] {logging_mixin.py:190} INFO - [2026-08-19T00:31:06.929+0000] {dag.py:4180} INFO - Setting next_dagrun for data_quality to None, run_after=None
[2026-08-19T00:31:06.942+0000] {logging_mixin.py:190} INFO - [2026-08-19T00:31:06.941+0000] {dag.py:4180} INFO - Setting next_dagrun for produce_json to 2026-08-18 11:00:00+00:00, run_after=2026-08-19 11:00:00+00:00
[2026-08-19T00:31:06.945+0000] {logging_mixin.py:190} INFO - [2026-08-19T00:31:06.944+0000] {dag.py:4180} INFO - Setting next_dagrun for update_db to None, run_after=None
[2026-08-19T00:31:06.960+0000] {processor.py:208} INFO - Processing /opt/airflow/dags/main.py took 0.208 seconds
[2026-08-19T00:31:37.028+0000] {processor.py:186} INFO - Started process (PID=376) to work on /opt/airflow/dags/main.py
[2026-08-19T00:31:37.030+0000] {processor.py:914} INFO - Processing file /opt/airflow/dags/main.py for tasks to queue
[2026-08-19T00:31:37.033+0000] {logging_mixin.py:190} INFO - [2026-08-19T00:31:37.032+0000] {dagbag.py:588} INFO - Filling up the DagBag from /opt/airflow/dags/main.py
[2026-08-19T00:31:37.182+0000] {processor.py:925} INFO - DAG(s) 'data_quality', 'update_db', 'produce_json' retrieved from /opt/airflow/dags/main.py
[2026-08-19T00:31:37.212+0000] {logging_mixin.py:190} INFO - [2026-08-19T00:31:37.212+0000] {dag.py:3239} INFO - Sync 3 DAGs
[2026-08-19T00:31:37.233+0000] {logging_mixin.py:190} INFO - [2026-08-19T00:31:37.232+0000] {dag.py:4180} INFO - Setting next_dagrun for data_quality to None, run_after=None
[2026-08-19T00:31:37.240+0000] {logging_mixin.py:190} INFO - [2026-08-19T00:31:37.240+0000] {dag.py:4180} INFO - Setting next_dagrun for produce_json to 2026-08-18 11:00:00+00:00, run_after=2026-08-19 11:00:00+00:00
[2026-08-19T00:31:37.243+0000] {logging_mixin.py:190} INFO - [2026-08-19T00:31:37.243+0000] {dag.py:4180} INFO - Setting next_dagrun for update_db to None, run_after=None
[2026-08-19T00:31:37.260+0000] {processor.py:208} INFO - Processing /opt/airflow/dags/main.py took 0.237 seconds
[2026-08-19T00:32:07.491+0000] {processor.py:186} INFO - Started process (PID=383) to work on /opt/airflow/dags/main.py
[2026-08-19T00:32:07.493+0000] {processor.py:914} INFO - Processing file /opt/airflow/dags/main.py for tasks to queue
[2026-08-19T00:32:07.497+0000] {logging_mixin.py:190} INFO - [2026-08-19T00:32:07.497+0000] {dagbag.py:588} INFO - Filling up the DagBag from /opt/airflow/dags/main.py
[2026-08-19T00:32:07.642+0000] {processor.py:925} INFO - DAG(s) 'data_quality', 'update_db', 'produce_json' retrieved from /opt/airflow/dags/main.py
[2026-08-19T00:32:07.665+0000] {logging_mixin.py:190} INFO - [2026-08-19T00:32:07.664+0000] {dag.py:3239} INFO - Sync 3 DAGs
[2026-08-19T00:32:07.682+0000] {logging_mixin.py:190} INFO - [2026-08-19T00:32:07.682+0000] {dag.py:4180} INFO - Setting next_dagrun for data_quality to None, run_after=None
[2026-08-19T00:32:07.687+0000] {logging_mixin.py:190} INFO - [2026-08-19T00:32:07.687+0000] {dag.py:4180} INFO - Setting next_dagrun for produce_json to 2026-08-18 11:00:00+00:00, run_after=2026-08-19 11:00:00+00:00
[2026-08-19T00:32:07.689+0000] {logging_mixin.py:190} INFO - [2026-08-19T00:32:07.689+0000] {dag.py:4180} INFO - Setting next_dagrun for update_db to None, run_after=None
[2026-08-19T00:32:07.707+0000] {processor.py:208} INFO - Processing /opt/airflow/dags/main.py took 0.221 seconds
[2026-08-19T00:32:37.961+0000] {processor.py:186} INFO - Started process (PID=390) to work on /opt/airflow/dags/main.py
[2026-08-19T00:32:37.963+0000] {processor.py:914} INFO - Processing file /opt/airflow/dags/main.py for tasks to queue
[2026-08-19T00:32:37.966+0000] {logging_mixin.py:190} INFO - [2026-08-19T00:32:37.966+0000] {dagbag.py:588} INFO - Filling up the DagBag from /opt/airflow/dags/main.py
[2026-08-19T00:32:38.061+0000] {processor.py:925} INFO - DAG(s) 'produce_json', 'data_quality', 'update_db' retrieved from /opt/airflow/dags/main.py
[2026-08-19T00:32:38.083+0000] {logging_mixin.py:190} INFO - [2026-08-19T00:32:38.083+0000] {dag.py:3239} INFO - Sync 3 DAGs
[2026-08-19T00:32:38.102+0000] {logging_mixin.py:190} INFO - [2026-08-19T00:32:38.102+0000] {dag.py:4180} INFO - Setting next_dagrun for data_quality to None, run_after=None
[2026-08-19T00:32:38.109+0000] {logging_mixin.py:190} INFO - [2026-08-19T00:32:38.109+0000] {dag.py:4180} INFO - Setting next_dagrun for produce_json to 2026-08-18 11:00:00+00:00, run_after=2026-08-19 11:00:00+00:00
[2026-08-19T00:32:38.112+0000] {logging_mixin.py:190} INFO - [2026-08-19T00:32:38.112+0000] {dag.py:4180} INFO - Setting next_dagrun for update_db to None, run_after=None
[2026-08-19T00:32:38.128+0000] {processor.py:208} INFO - Processing /opt/airflow/dags/main.py took 0.172 seconds
[2026-08-19T00:33:08.217+0000] {processor.py:186} INFO - Started process (PID=397) to work on /opt/airflow/dags/main.py
[2026-08-19T00:33:08.219+0000] {processor.py:914} INFO - Processing file /opt/airflow/dags/main.py for tasks to queue
[2026-08-19T00:33:08.225+0000] {logging_mixin.py:190} INFO - [2026-08-19T00:33:08.224+0000] {dagbag.py:588} INFO - Filling up the DagBag from /opt/airflow/dags/main.py
[2026-08-19T00:33:08.440+0000] {processor.py:925} INFO - DAG(s) 'produce_json', 'data_quality', 'update_db' retrieved from /opt/airflow/dags/main.py
[2026-08-19T00:33:08.479+0000] {logging_mixin.py:190} INFO - [2026-08-19T00:33:08.479+0000] {dag.py:3239} INFO - Sync 3 DAGs
[2026-08-19T00:33:08.503+0000] {logging_mixin.py:190} INFO - [2026-08-19T00:33:08.502+0000] {dag.py:4180} INFO - Setting next_dagrun for data_quality to None, run_after=None
[2026-08-19T00:33:08.509+0000] {logging_mixin.py:190} INFO - [2026-08-19T00:33:08.508+0000] {dag.py:4180} INFO - Setting next_dagrun for produce_json to 2026-08-18 11:00:00+00:00, run_after=2026-08-19 11:00:00+00:00
[2026-08-19T00:33:08.513+0000] {logging_mixin.py:190} INFO - [2026-08-19T00:33:08.513+0000] {dag.py:4180} INFO - Setting next_dagrun for update_db to None, run_after=None
[2026-08-19T00:33:08.541+0000] {processor.py:208} INFO - Processing /opt/airflow/dags/main.py took 0.330 seconds
[2026-08-19T00:33:38.618+0000] {processor.py:186} INFO - Started process (PID=404) to work on /opt/airflow/dags/main.py
[2026-08-19T00:33:38.619+0000] {processor.py:914} INFO - Processing file /opt/airflow/dags/main.py for tasks to queue
[2026-08-19T00:33:38.624+0000] {logging_mixin.py:190} INFO - [2026-08-19T00:33:38.623+0000] {dagbag.py:588} INFO - Filling up the DagBag from /opt/airflow/dags/main.py
[2026-08-19T00:33:38.717+0000] {processor.py:925} INFO - DAG(s) 'data_quality', 'update_db', 'produce_json' retrieved from /opt/airflow/dags/main.py
[2026-08-19T00:33:38.742+0000] {logging_mixin.py:190} INFO - [2026-08-19T00:33:38.742+0000] {dag.py:3239} INFO - Sync 3 DAGs
[2026-08-19T00:33:38.764+0000] {logging_mixin.py:190} INFO - [2026-08-19T00:33:38.763+0000] {dag.py:4180} INFO - Setting next_dagrun for data_quality to None, run_after=None
[2026-08-19T00:33:38.769+0000] {logging_mixin.py:190} INFO - [2026-08-19T00:33:38.769+0000] {dag.py:4180} INFO - Setting next_dagrun for produce_json to 2026-08-18 11:00:00+00:00, run_after=2026-08-19 11:00:00+00:00
[2026-08-19T00:33:38.772+0000] {logging_mixin.py:190} INFO - [2026-08-19T00:33:38.772+0000] {dag.py:4180} INFO - Setting next_dagrun for update_db to None, run_after=None
[2026-08-19T00:33:38.791+0000] {processor.py:208} INFO - Processing /opt/airflow/dags/main.py took 0.177 seconds
[2026-08-19T00:34:09.168+0000] {processor.py:186} INFO - Started process (PID=411) to work on /opt/airflow/dags/main.py
[2026-08-19T00:34:09.169+0000] {processor.py:914} INFO - Processing file /opt/airflow/dags/main.py for tasks to queue
[2026-08-19T00:34:09.171+0000] {logging_mixin.py:190} INFO - [2026-08-19T00:34:09.171+0000] {dagbag.py:588} INFO - Filling up the DagBag from /opt/airflow/dags/main.py
[2026-08-19T00:34:09.251+0000] {processor.py:925} INFO - DAG(s) 'update_db', 'produce_json', 'data_quality' retrieved from /opt/airflow/dags/main.py
[2026-08-19T00:34:09.272+0000] {logging_mixin.py:190} INFO - [2026-08-19T00:34:09.272+0000] {dag.py:3239} INFO - Sync 3 DAGs
[2026-08-19T00:34:09.287+0000] {logging_mixin.py:190} INFO - [2026-08-19T00:34:09.287+0000] {dag.py:4180} INFO - Setting next_dagrun for data_quality to None, run_after=None
[2026-08-19T00:34:09.291+0000] {logging_mixin.py:190} INFO - [2026-08-19T00:34:09.291+0000] {dag.py:4180} INFO - Setting next_dagrun for produce_json to 2026-08-18 11:00:00+00:00, run_after=2026-08-19 11:00:00+00:00
[2026-08-19T00:34:09.293+0000] {logging_mixin.py:190} INFO - [2026-08-19T00:34:09.293+0000] {dag.py:4180} INFO - Setting next_dagrun for update_db to None, run_after=None
[2026-08-19T00:34:09.307+0000] {processor.py:208} INFO - Processing /opt/airflow/dags/main.py took 0.143 seconds
[2026-08-19T00:34:39.435+0000] {processor.py:186} INFO - Started process (PID=418) to work on /opt/airflow/dags/main.py
[2026-08-19T00:34:39.436+0000] {processor.py:914} INFO - Processing file /opt/airflow/dags/main.py for tasks to queue
[2026-08-19T00:34:39.438+0000] {logging_mixin.py:190} INFO - [2026-08-19T00:34:39.438+0000] {dagbag.py:588} INFO - Filling up the DagBag from /opt/airflow/dags/main.py
[2026-08-19T00:34:39.522+0000] {processor.py:925} INFO - DAG(s) 'update_db', 'data_quality', 'produce_json' retrieved from /opt/airflow/dags/main.py
[2026-08-19T00:34:39.545+0000] {logging_mixin.py:190} INFO - [2026-08-19T00:34:39.545+0000] {dag.py:3239} INFO - Sync 3 DAGs
[2026-08-19T00:34:39.563+0000] {logging_mixin.py:190} INFO - [2026-08-19T00:34:39.563+0000] {dag.py:4180} INFO - Setting next_dagrun for data_quality to None, run_after=None
[2026-08-19T00:34:39.568+0000] {logging_mixin.py:190} INFO - [2026-08-19T00:34:39.567+0000] {dag.py:4180} INFO - Setting next_dagrun for produce_json to 2026-08-18 11:00:00+00:00, run_after=2026-08-19 11:00:00+00:00
[2026-08-19T00:34:39.569+0000] {logging_mixin.py:190} INFO - [2026-08-19T00:34:39.569+0000] {dag.py:4180} INFO - Setting next_dagrun for update_db to None, run_after=None
[2026-08-19T00:34:39.587+0000] {processor.py:208} INFO - Processing /opt/airflow/dags/main.py took 0.157 seconds
[2026-08-19T00:35:09.874+0000] {processor.py:186} INFO - Started process (PID=425) to work on /opt/airflow/dags/main.py
[2026-08-19T00:35:09.876+0000] {processor.py:914} INFO - Processing file /opt/airflow/dags/main.py for tasks to queue
[2026-08-19T00:35:09.879+0000] {logging_mixin.py:190} INFO - [2026-08-19T00:35:09.878+0000] {dagbag.py:588} INFO - Filling up the DagBag from /opt/airflow/dags/main.py
[2026-08-19T00:35:10.005+0000] {processor.py:925} INFO - DAG(s) 'produce_json', 'update_db', 'data_quality' retrieved from /opt/airflow/dags/main.py
[2026-08-19T00:35:10.029+0000] {logging_mixin.py:190} INFO - [2026-08-19T00:35:10.029+0000] {dag.py:3239} INFO - Sync 3 DAGs
[2026-08-19T00:35:10.047+0000] {logging_mixin.py:190} INFO - [2026-08-19T00:35:10.046+0000] {dag.py:4180} INFO - Setting next_dagrun for data_quality to None, run_after=None
[2026-08-19T00:35:10.052+0000] {logging_mixin.py:190} INFO - [2026-08-19T00:35:10.052+0000] {dag.py:4180} INFO - Setting next_dagrun for produce_json to 2026-08-18 11:00:00+00:00, run_after=2026-08-19 11:00:00+00:00
[2026-08-19T00:35:10.055+0000] {logging_mixin.py:190} INFO - [2026-08-19T00:35:10.055+0000] {dag.py:4180} INFO - Setting next_dagrun for update_db to None, run_after=None
[2026-08-19T00:35:10.073+0000] {processor.py:208} INFO - Processing /opt/airflow/dags/main.py took 0.204 seconds
[2026-08-19T00:35:40.118+0000] {processor.py:186} INFO - Started process (PID=432) to work on /opt/airflow/dags/main.py
[2026-08-19T00:35:40.120+0000] {processor.py:914} INFO - Processing file /opt/airflow/dags/main.py for tasks to queue
[2026-08-19T00:35:40.123+0000] {logging_mixin.py:190} INFO - [2026-08-19T00:35:40.122+0000] {dagbag.py:588} INFO - Filling up the DagBag from /opt/airflow/dags/main.py
[2026-08-19T00:35:40.249+0000] {processor.py:925} INFO - DAG(s) 'produce_json', 'data_quality', 'update_db' retrieved from /opt/airflow/dags/main.py
[2026-08-19T00:35:40.278+0000] {logging_mixin.py:190} INFO - [2026-08-19T00:35:40.278+0000] {dag.py:3239} INFO - Sync 3 DAGs
[2026-08-19T00:35:40.299+0000] {logging_mixin.py:190} INFO - [2026-08-19T00:35:40.299+0000] {dag.py:4180} INFO - Setting next_dagrun for data_quality to None, run_after=None
[2026-08-19T00:35:40.304+0000] {logging_mixin.py:190} INFO - [2026-08-19T00:35:40.304+0000] {dag.py:4180} INFO - Setting next_dagrun for produce_json to 2026-08-18 11:00:00+00:00, run_after=2026-08-19 11:00:00+00:00
[2026-08-19T00:35:40.307+0000] {logging_mixin.py:190} INFO - [2026-08-19T00:35:40.306+0000] {dag.py:4180} INFO - Setting next_dagrun for update_db to None, run_after=None
[2026-08-19T00:35:40.324+0000] {processor.py:208} INFO - Processing /opt/airflow/dags/main.py took 0.211 seconds
[2026-08-19T00:36:10.560+0000] {processor.py:186} INFO - Started process (PID=439) to work on /opt/airflow/dags/main.py
[2026-08-19T00:36:10.561+0000] {processor.py:914} INFO - Processing file /opt/airflow/dags/main.py for tasks to queue
[2026-08-19T00:36:10.564+0000] {logging_mixin.py:190} INFO - [2026-08-19T00:36:10.564+0000] {dagbag.py:588} INFO - Filling up the DagBag from /opt/airflow/dags/main.py
[2026-08-19T00:36:10.680+0000] {processor.py:925} INFO - DAG(s) 'produce_json', 'update_db', 'data_quality' retrieved from /opt/airflow/dags/main.py
[2026-08-19T00:36:10.699+0000] {logging_mixin.py:190} INFO - [2026-08-19T00:36:10.699+0000] {dag.py:3239} INFO - Sync 3 DAGs
[2026-08-19T00:36:10.716+0000] {logging_mixin.py:190} INFO - [2026-08-19T00:36:10.716+0000] {dag.py:4180} INFO - Setting next_dagrun for data_quality to None, run_after=None
[2026-08-19T00:36:10.721+0000] {logging_mixin.py:190} INFO - [2026-08-19T00:36:10.721+0000] {dag.py:4180} INFO - Setting next_dagrun for produce_json to 2026-08-18 11:00:00+00:00, run_after=2026-08-19 11:00:00+00:00
[2026-08-19T00:36:10.723+0000] {logging_mixin.py:190} INFO - [2026-08-19T00:36:10.723+0000] {dag.py:4180} INFO - Setting next_dagrun for update_db to None, run_after=None
[2026-08-19T00:36:10.738+0000] {processor.py:208} INFO - Processing /opt/airflow/dags/main.py took 0.182 seconds
[2026-08-19T00:36:40.819+0000] {processor.py:186} INFO - Started process (PID=446) to work on /opt/airflow/dags/main.py
[2026-08-19T00:36:40.820+0000] {processor.py:914} INFO - Processing file /opt/airflow/dags/main.py for tasks to queue
[2026-08-19T00:36:40.824+0000] {logging_mixin.py:190} INFO - [2026-08-19T00:36:40.824+0000] {dagbag.py:588} INFO - Filling up the DagBag from /opt/airflow/dags/main.py
[2026-08-19T00:36:40.939+0000] {processor.py:925} INFO - DAG(s) 'produce_json', 'data_quality', 'update_db' retrieved from /opt/airflow/dags/main.py
[2026-08-19T00:36:40.964+0000] {logging_mixin.py:190} INFO - [2026-08-19T00:36:40.964+0000] {dag.py:3239} INFO - Sync 3 DAGs
[2026-08-19T00:36:40.989+0000] {logging_mixin.py:190} INFO - [2026-08-19T00:36:40.989+0000] {dag.py:4180} INFO - Setting next_dagrun for data_quality to None, run_after=None
[2026-08-19T00:36:40.997+0000] {logging_mixin.py:190} INFO - [2026-08-19T00:36:40.997+0000] {dag.py:4180} INFO - Setting next_dagrun for produce_json to 2026-08-18 11:00:00+00:00, run_after=2026-08-19 11:00:00+00:00
[2026-08-19T00:36:41.000+0000] {logging_mixin.py:190} INFO - [2026-08-19T00:36:41.000+0000] {dag.py:4180} INFO - Setting next_dagrun for update_db to None, run_after=None
[2026-08-19T00:36:41.023+0000] {processor.py:208} INFO - Processing /opt/airflow/dags/main.py took 0.208 seconds
[2026-08-19T00:37:11.244+0000] {processor.py:186} INFO - Started process (PID=453) to work on /opt/airflow/dags/main.py
[2026-08-19T00:37:11.246+0000] {processor.py:914} INFO - Processing file /opt/airflow/dags/main.py for tasks to queue
[2026-08-19T00:37:11.249+0000] {logging_mixin.py:190} INFO - [2026-08-19T00:37:11.249+0000] {dagbag.py:588} INFO - Filling up the DagBag from /opt/airflow/dags/main.py
[2026-08-19T00:37:11.372+0000] {processor.py:925} INFO - DAG(s) 'produce_json', 'data_quality', 'update_db' retrieved from /opt/airflow/dags/main.py
[2026-08-19T00:37:11.409+0000] {logging_mixin.py:190} INFO - [2026-08-19T00:37:11.409+0000] {dag.py:3239} INFO - Sync 3 DAGs
[2026-08-19T00:37:11.437+0000] {logging_mixin.py:190} INFO - [2026-08-19T00:37:11.437+0000] {dag.py:4180} INFO - Setting next_dagrun for data_quality to None, run_after=None
[2026-08-19T00:37:11.444+0000] {logging_mixin.py:190} INFO - [2026-08-19T00:37:11.443+0000] {dag.py:4180} INFO - Setting next_dagrun for produce_json to 2026-08-18 11:00:00+00:00, run_after=2026-08-19 11:00:00+00:00
[2026-08-19T00:37:11.447+0000] {logging_mixin.py:190} INFO - [2026-08-19T00:37:11.447+0000] {dag.py:4180} INFO - Setting next_dagrun for update_db to None, run_after=None
[2026-08-19T00:37:11.470+0000] {processor.py:208} INFO - Processing /opt/airflow/dags/main.py took 0.232 seconds
[2026-08-19T00:37:41.738+0000] {processor.py:186} INFO - Started process (PID=460) to work on /opt/airflow/dags/main.py
[2026-08-19T00:37:41.740+0000] {processor.py:914} INFO - Processing file /opt/airflow/dags/main.py for tasks to queue
[2026-08-19T00:37:41.743+0000] {logging_mixin.py:190} INFO - [2026-08-19T00:37:41.743+0000] {dagbag.py:588} INFO - Filling up the DagBag from /opt/airflow/dags/main.py
[2026-08-19T00:37:41.858+0000] {processor.py:925} INFO - DAG(s) 'produce_json', 'data_quality', 'update_db' retrieved from /opt/airflow/dags/main.py
[2026-08-19T00:37:41.887+0000] {logging_mixin.py:190} INFO - [2026-08-19T00:37:41.887+0000] {dag.py:3239} INFO - Sync 3 DAGs
[2026-08-19T00:37:41.907+0000] {logging_mixin.py:190} INFO - [2026-08-19T00:37:41.907+0000] {dag.py:4180} INFO - Setting next_dagrun for data_quality to None, run_after=None
[2026-08-19T00:37:41.914+0000] {logging_mixin.py:190} INFO - [2026-08-19T00:37:41.914+0000] {dag.py:4180} INFO - Setting next_dagrun for produce_json to 2026-08-18 11:00:00+00:00, run_after=2026-08-19 11:00:00+00:00
[2026-08-19T00:37:41.917+0000] {logging_mixin.py:190} INFO - [2026-08-19T00:37:41.916+0000] {dag.py:4180} INFO - Setting next_dagrun for update_db to None, run_after=None
[2026-08-19T00:37:41.938+0000] {processor.py:208} INFO - Processing /opt/airflow/dags/main.py took 0.206 seconds
[2026-08-19T00:38:12.221+0000] {processor.py:186} INFO - Started process (PID=467) to work on /opt/airflow/dags/main.py
[2026-08-19T00:38:12.223+0000] {processor.py:914} INFO - Processing file /opt/airflow/dags/main.py for tasks to queue
[2026-08-19T00:38:12.226+0000] {logging_mixin.py:190} INFO - [2026-08-19T00:38:12.225+0000] {dagbag.py:588} INFO - Filling up the DagBag from /opt/airflow/dags/main.py
[2026-08-19T00:38:12.356+0000] {processor.py:925} INFO - DAG(s) 'update_db', 'data_quality', 'produce_json' retrieved from /opt/airflow/dags/main.py
[2026-08-19T00:38:12.379+0000] {logging_mixin.py:190} INFO - [2026-08-19T00:38:12.379+0000] {dag.py:3239} INFO - Sync 3 DAGs
[2026-08-19T00:38:12.399+0000] {logging_mixin.py:190} INFO - [2026-08-19T00:38:12.399+0000] {dag.py:4180} INFO - Setting next_dagrun for data_quality to None, run_after=None
[2026-08-19T00:38:12.404+0000] {logging_mixin.py:190} INFO - [2026-08-19T00:38:12.404+0000] {dag.py:4180} INFO - Setting next_dagrun for produce_json to 2026-08-18 11:00:00+00:00, run_after=2026-08-19 11:00:00+00:00
[2026-08-19T00:38:12.407+0000] {logging_mixin.py:190} INFO - [2026-08-19T00:38:12.406+0000] {dag.py:4180} INFO - Setting next_dagrun for update_db to None, run_after=None
[2026-08-19T00:38:12.424+0000] {processor.py:208} INFO - Processing /opt/airflow/dags/main.py took 0.208 seconds
[2026-08-19T00:38:42.492+0000] {processor.py:186} INFO - Started process (PID=474) to work on /opt/airflow/dags/main.py
[2026-08-19T00:38:42.493+0000] {processor.py:914} INFO - Processing file /opt/airflow/dags/main.py for tasks to queue
[2026-08-19T00:38:42.497+0000] {logging_mixin.py:190} INFO - [2026-08-19T00:38:42.496+0000] {dagbag.py:588} INFO - Filling up the DagBag from /opt/airflow/dags/main.py
[2026-08-19T00:38:42.599+0000] {processor.py:925} INFO - DAG(s) 'update_db', 'produce_json', 'data_quality' retrieved from /opt/airflow/dags/main.py
[2026-08-19T00:38:42.620+0000] {logging_mixin.py:190} INFO - [2026-08-19T00:38:42.620+0000] {dag.py:3239} INFO - Sync 3 DAGs
[2026-08-19T00:38:42.637+0000] {logging_mixin.py:190} INFO - [2026-08-19T00:38:42.637+0000] {dag.py:4180} INFO - Setting next_dagrun for data_quality to None, run_after=None
[2026-08-19T00:38:42.642+0000] {logging_mixin.py:190} INFO - [2026-08-19T00:38:42.642+0000] {dag.py:4180} INFO - Setting next_dagrun for produce_json to 2026-08-18 11:00:00+00:00, run_after=2026-08-19 11:00:00+00:00
[2026-08-19T00:38:42.644+0000] {logging_mixin.py:190} INFO - [2026-08-19T00:38:42.644+0000] {dag.py:4180} INFO - Setting next_dagrun for update_db to None, run_after=None
[2026-08-19T00:38:42.660+0000] {processor.py:208} INFO - Processing /opt/airflow/dags/main.py took 0.173 seconds
