[2026-08-16T22:45:57.463+0000] {manager.py:483} INFO - Processing files using up to 2 processes at a time 
[2026-08-16T22:45:57.470+0000] {manager.py:484} INFO - Process each file at most once every 30 seconds
[2026-08-16T22:45:57.474+0000] {manager.py:485} INFO - Checking for new files in /opt/airflow/dags every 300 seconds
[2026-08-16T22:45:57.476+0000] {manager.py:821} INFO - Searching for files in /opt/airflow/dags
[2026-08-16T22:45:57.730+0000] {manager.py:824} INFO - There are 1 files in /opt/airflow/dags
[2026-08-16T22:45:57.911+0000] {manager.py:997} INFO - 
================================================================================
DAG File Processing Stats

File Path                    PID  Runtime      # DAGs    # Errors  Last Runtime    Last Run      Last # of DB Queries
-------------------------  -----  ---------  --------  ----------  --------------  ----------  ----------------------
/opt/airflow/dags/main.py     68  0.06s             0           0                                                   0
================================================================================
[2026-08-16T22:46:28.152+0000] {manager.py:997} INFO - 
================================================================================
DAG File Processing Stats

File Path                  PID    Runtime      # DAGs    # Errors  Last Runtime    Last Run               Last # of DB Queries
-------------------------  -----  ---------  --------  ----------  --------------  -------------------  ----------------------
/opt/airflow/dags/main.py                           3           0  0.60s           2026-08-16T22:45:58                      18
================================================================================
[2026-08-16T22:46:58.316+0000] {manager.py:997} INFO - 
================================================================================
DAG File Processing Stats

File Path                  PID    Runtime      # DAGs    # Errors  Last Runtime    Last Run               Last # of DB Queries
-------------------------  -----  ---------  --------  ----------  --------------  -------------------  ----------------------
/opt/airflow/dags/main.py                           3           0  0.39s           2026-08-16T22:46:29                      18
================================================================================
[2026-08-16T22:47:28.566+0000] {manager.py:997} INFO - 
================================================================================
DAG File Processing Stats

File Path                  PID    Runtime      # DAGs    # Errors  Last Runtime    Last Run               Last # of DB Queries
-------------------------  -----  ---------  --------  ----------  --------------  -------------------  ----------------------
/opt/airflow/dags/main.py                           3           0  0.26s           2026-08-16T22:46:59                      18
================================================================================
[2026-08-16T22:47:59.063+0000] {manager.py:997} INFO - 
================================================================================
DAG File Processing Stats

File Path                  PID    Runtime      # DAGs    # Errors  Last Runtime    Last Run               Last # of DB Queries
-------------------------  -----  ---------  --------  ----------  --------------  -------------------  ----------------------
/opt/airflow/dags/main.py                           3           0  0.29s           2026-08-16T22:47:30                      18
================================================================================
[2026-08-16T22:48:29.577+0000] {manager.py:997} INFO - 
================================================================================
DAG File Processing Stats

File Path                  PID    Runtime      # DAGs    # Errors  Last Runtime    Last Run               Last # of DB Queries
-------------------------  -----  ---------  --------  ----------  --------------  -------------------  ----------------------
/opt/airflow/dags/main.py                           3           0  0.25s           2026-08-16T22:48:00                      18
================================================================================
[2026-08-16T22:49:00.043+0000] {manager.py:997} INFO - 
================================================================================
DAG File Processing Stats

File Path                  PID    Runtime      # DAGs    # Errors  Last Runtime    Last Run               Last # of DB Queries
-------------------------  -----  ---------  --------  ----------  --------------  -------------------  ----------------------
/opt/airflow/dags/main.py                           3           0  0.30s           2026-08-16T22:48:31                      18
================================================================================
[2026-08-16T22:49:30.562+0000] {manager.py:997} INFO - 
================================================================================
DAG File Processing Stats

File Path                  PID    Runtime      # DAGs    # Errors  Last Runtime    Last Run               Last # of DB Queries
-------------------------  -----  ---------  --------  ----------  --------------  -------------------  ----------------------
/opt/airflow/dags/main.py                           3           0  0.29s           2026-08-16T22:49:01                      18
================================================================================
[2026-08-16T22:50:01.087+0000] {manager.py:997} INFO - 
================================================================================
DAG File Processing Stats

File Path                  PID    Runtime      # DAGs    # Errors  Last Runtime    Last Run               Last # of DB Queries
-------------------------  -----  ---------  --------  ----------  --------------  -------------------  ----------------------
/opt/airflow/dags/main.py                           3           0  0.25s           2026-08-16T22:49:32                      18
================================================================================
[2026-08-16T22:50:31.536+0000] {manager.py:997} INFO - 
================================================================================
DAG File Processing Stats

File Path                  PID    Runtime      # DAGs    # Errors  Last Runtime    Last Run               Last # of DB Queries
-------------------------  -----  ---------  --------  ----------  --------------  -------------------  ----------------------
/opt/airflow/dags/main.py                           3           0  0.25s           2026-08-16T22:50:02                      18
================================================================================
[2026-08-16T22:50:57.779+0000] {manager.py:821} INFO - Searching for files in /opt/airflow/dags
[2026-08-16T22:50:57.972+0000] {manager.py:824} INFO - There are 1 files in /opt/airflow/dags
[2026-08-16T22:51:02.030+0000] {manager.py:997} INFO - 
================================================================================
DAG File Processing Stats

File Path                  PID    Runtime      # DAGs    # Errors  Last Runtime    Last Run               Last # of DB Queries
-------------------------  -----  ---------  --------  ----------  --------------  -------------------  ----------------------
/opt/airflow/dags/main.py                           3           0  0.29s           2026-08-16T22:50:32                      18
================================================================================
[2026-08-16T22:51:32.316+0000] {manager.py:997} INFO - 
================================================================================
DAG File Processing Stats

File Path                  PID    Runtime      # DAGs    # Errors  Last Runtime    Last Run               Last # of DB Queries
-------------------------  -----  ---------  --------  ----------  --------------  -------------------  ----------------------
/opt/airflow/dags/main.py                           3           0  0.23s           2026-08-16T22:51:03                      18
================================================================================
[2026-08-16T22:52:02.727+0000] {manager.py:997} INFO - 
================================================================================
DAG File Processing Stats

File Path                  PID    Runtime      # DAGs    # Errors  Last Runtime    Last Run               Last # of DB Queries
-------------------------  -----  ---------  --------  ----------  --------------  -------------------  ----------------------
/opt/airflow/dags/main.py                           3           0  0.29s           2026-08-16T22:51:33                      18
================================================================================
[2026-08-16T22:52:33.073+0000] {manager.py:997} INFO - 
================================================================================
DAG File Processing Stats

File Path                  PID    Runtime      # DAGs    # Errors  Last Runtime    Last Run               Last # of DB Queries
-------------------------  -----  ---------  --------  ----------  --------------  -------------------  ----------------------
/opt/airflow/dags/main.py                           3           0  0.27s           2026-08-16T22:52:04                      18
================================================================================
[2026-08-16T22:53:03.490+0000] {manager.py:997} INFO - 
================================================================================
DAG File Processing Stats

File Path                  PID    Runtime      # DAGs    # Errors  Last Runtime    Last Run               Last # of DB Queries
-------------------------  -----  ---------  --------  ----------  --------------  -------------------  ----------------------
/opt/airflow/dags/main.py                           3           0  0.24s           2026-08-16T22:52:34                      18
================================================================================
[2026-08-16T22:53:33.813+0000] {manager.py:997} INFO - 
================================================================================
DAG File Processing Stats

File Path                  PID    Runtime      # DAGs    # Errors  Last Runtime    Last Run               Last # of DB Queries
-------------------------  -----  ---------  --------  ----------  --------------  -------------------  ----------------------
/opt/airflow/dags/main.py                           3           0  0.21s           2026-08-16T22:53:04                      18
================================================================================
[2026-08-16T22:54:04.195+0000] {manager.py:997} INFO - 
================================================================================
DAG File Processing Stats

File Path                  PID    Runtime      # DAGs    # Errors  Last Runtime    Last Run               Last # of DB Queries
-------------------------  -----  ---------  --------  ----------  --------------  -------------------  ----------------------
/opt/airflow/dags/main.py                           3           0  0.25s           2026-08-16T22:53:35                      18
================================================================================
[2026-08-16T22:54:34.534+0000] {manager.py:997} INFO - 
================================================================================
DAG File Processing Stats

File Path                  PID    Runtime      # DAGs    # Errors  Last Runtime    Last Run               Last # of DB Queries
-------------------------  -----  ---------  --------  ----------  --------------  -------------------  ----------------------
/opt/airflow/dags/main.py                           3           0  0.33s           2026-08-16T22:54:05                      18
================================================================================
[2026-08-16T22:55:05.028+0000] {manager.py:997} INFO - 
================================================================================
DAG File Processing Stats

File Path                  PID    Runtime      # DAGs    # Errors  Last Runtime    Last Run               Last # of DB Queries
-------------------------  -----  ---------  --------  ----------  --------------  -------------------  ----------------------
/opt/airflow/dags/main.py                           3           0  0.26s           2026-08-16T22:54:36                      18
================================================================================
[2026-08-16T22:55:35.501+0000] {manager.py:997} INFO - 
================================================================================
DAG File Processing Stats

File Path                  PID    Runtime      # DAGs    # Errors  Last Runtime    Last Run               Last # of DB Queries
-------------------------  -----  ---------  --------  ----------  --------------  -------------------  ----------------------
/opt/airflow/dags/main.py                           3           0  0.25s           2026-08-16T22:55:06                      18
================================================================================
[2026-08-16T22:55:57.866+0000] {manager.py:821} INFO - Searching for files in /opt/airflow/dags
[2026-08-16T22:55:58.077+0000] {manager.py:824} INFO - There are 1 files in /opt/airflow/dags
[2026-08-16T22:56:05.745+0000] {manager.py:997} INFO - 
================================================================================
DAG File Processing Stats

File Path                  PID    Runtime      # DAGs    # Errors  Last Runtime    Last Run               Last # of DB Queries
-------------------------  -----  ---------  --------  ----------  --------------  -------------------  ----------------------
/opt/airflow/dags/main.py                           3           0  0.22s           2026-08-16T22:55:36                      18
================================================================================
[2026-08-16T22:56:35.997+0000] {manager.py:997} INFO - 
================================================================================
DAG File Processing Stats

File Path                  PID    Runtime      # DAGs    # Errors  Last Runtime    Last Run               Last # of DB Queries
-------------------------  -----  ---------  --------  ----------  --------------  -------------------  ----------------------
/opt/airflow/dags/main.py                           3           0  0.28s           2026-08-16T22:56:07                      18
================================================================================
[2026-08-16T22:57:06.519+0000] {manager.py:997} INFO - 
================================================================================
DAG File Processing Stats

File Path                  PID    Runtime      # DAGs    # Errors  Last Runtime    Last Run               Last # of DB Queries
-------------------------  -----  ---------  --------  ----------  --------------  -------------------  ----------------------
/opt/airflow/dags/main.py                           3           0  0.30s           2026-08-16T22:56:37                      18
================================================================================
[2026-08-16T22:57:37.029+0000] {manager.py:997} INFO - 
================================================================================
DAG File Processing Stats

File Path                  PID    Runtime      # DAGs    # Errors  Last Runtime    Last Run               Last # of DB Queries
-------------------------  -----  ---------  --------  ----------  --------------  -------------------  ----------------------
/opt/airflow/dags/main.py                           3           0  0.28s           2026-08-16T22:57:08                      18
================================================================================
[2026-08-16T22:58:07.523+0000] {manager.py:997} INFO - 
================================================================================
DAG File Processing Stats

File Path                  PID    Runtime      # DAGs    # Errors  Last Runtime    Last Run               Last # of DB Queries
-------------------------  -----  ---------  --------  ----------  --------------  -------------------  ----------------------
/opt/airflow/dags/main.py                           3           0  0.27s           2026-08-16T22:57:38                      18
================================================================================
[2026-08-16T22:58:38.048+0000] {manager.py:997} INFO - 
================================================================================
DAG File Processing Stats

File Path                  PID    Runtime      # DAGs    # Errors  Last Runtime    Last Run               Last # of DB Queries
-------------------------  -----  ---------  --------  ----------  --------------  -------------------  ----------------------
/opt/airflow/dags/main.py                           3           0  0.29s           2026-08-16T22:58:09                      18
================================================================================
[2026-08-16T22:59:08.078+0000] {manager.py:997} INFO - 
================================================================================
DAG File Processing Stats

File Path                  PID    Runtime      # DAGs    # Errors  Last Runtime    Last Run               Last # of DB Queries
-------------------------  -----  ---------  --------  ----------  --------------  -------------------  ----------------------
/opt/airflow/dags/main.py                           3           0  0.28s           2026-08-16T22:58:58                      15
================================================================================
[2026-08-16T22:59:38.307+0000] {manager.py:997} INFO - 
================================================================================
DAG File Processing Stats

File Path                  PID    Runtime      # DAGs    # Errors  Last Runtime    Last Run               Last # of DB Queries
-------------------------  -----  ---------  --------  ----------  --------------  -------------------  ----------------------
/opt/airflow/dags/main.py                           3           0  0.29s           2026-08-16T22:59:28                      18
================================================================================
[2026-08-16T23:00:08.833+0000] {manager.py:997} INFO - 
================================================================================
DAG File Processing Stats

File Path                  PID    Runtime      # DAGs    # Errors  Last Runtime    Last Run               Last # of DB Queries
-------------------------  -----  ---------  --------  ----------  --------------  -------------------  ----------------------
/opt/airflow/dags/main.py                           3           0  0.41s           2026-08-16T22:59:59                      18
================================================================================
[2026-08-16T23:00:39.464+0000] {manager.py:997} INFO - 
================================================================================
DAG File Processing Stats

File Path                  PID    Runtime      # DAGs    # Errors  Last Runtime    Last Run               Last # of DB Queries
-------------------------  -----  ---------  --------  ----------  --------------  -------------------  ----------------------
/opt/airflow/dags/main.py                           3           0  0.27s           2026-08-16T23:00:29                      18
================================================================================
[2026-08-16T23:00:58.612+0000] {manager.py:821} INFO - Searching for files in /opt/airflow/dags
[2026-08-16T23:00:58.868+0000] {manager.py:824} INFO - There are 1 files in /opt/airflow/dags
[2026-08-16T23:01:09.997+0000] {manager.py:997} INFO - 
================================================================================
DAG File Processing Stats

File Path                  PID    Runtime      # DAGs    # Errors  Last Runtime    Last Run               Last # of DB Queries
-------------------------  -----  ---------  --------  ----------  --------------  -------------------  ----------------------
/opt/airflow/dags/main.py                           3           0  0.29s           2026-08-16T23:01:00                      18
================================================================================
[2026-08-16T23:01:40.520+0000] {manager.py:997} INFO - 
================================================================================
DAG File Processing Stats

File Path                  PID    Runtime      # DAGs    # Errors  Last Runtime    Last Run               Last # of DB Queries
-------------------------  -----  ---------  --------  ----------  --------------  -------------------  ----------------------
/opt/airflow/dags/main.py                           3           0  0.27s           2026-08-16T23:01:30                      18
================================================================================
[2026-08-16T23:02:11.004+0000] {manager.py:997} INFO - 
================================================================================
DAG File Processing Stats

File Path                  PID    Runtime      # DAGs    # Errors  Last Runtime    Last Run               Last # of DB Queries
-------------------------  -----  ---------  --------  ----------  --------------  -------------------  ----------------------
/opt/airflow/dags/main.py                           3           0  0.29s           2026-08-16T23:02:01                      18
================================================================================
[2026-08-16T23:02:41.518+0000] {manager.py:997} INFO - 
================================================================================
DAG File Processing Stats

File Path                  PID    Runtime      # DAGs    # Errors  Last Runtime    Last Run               Last # of DB Queries
-------------------------  -----  ---------  --------  ----------  --------------  -------------------  ----------------------
/opt/airflow/dags/main.py                           3           0  0.28s           2026-08-16T23:02:31                      18
================================================================================
[2026-08-16T23:03:12.024+0000] {manager.py:997} INFO - 
================================================================================
DAG File Processing Stats

File Path                  PID    Runtime      # DAGs    # Errors  Last Runtime    Last Run               Last # of DB Queries
-------------------------  -----  ---------  --------  ----------  --------------  -------------------  ----------------------
/opt/airflow/dags/main.py                           3           0  0.32s           2026-08-16T23:03:02                      18
================================================================================
[2026-08-16T23:03:42.572+0000] {manager.py:997} INFO - 
================================================================================
DAG File Processing Stats

File Path                  PID    Runtime      # DAGs    # Errors  Last Runtime    Last Run               Last # of DB Queries
-------------------------  -----  ---------  --------  ----------  --------------  -------------------  ----------------------
/opt/airflow/dags/main.py                           3           0  0.29s           2026-08-16T23:03:32                      18
================================================================================
[2026-08-16T23:04:13.096+0000] {manager.py:997} INFO - 
================================================================================
DAG File Processing Stats

File Path                  PID    Runtime      # DAGs    # Errors  Last Runtime    Last Run               Last # of DB Queries
-------------------------  -----  ---------  --------  ----------  --------------  -------------------  ----------------------
/opt/airflow/dags/main.py                           3           0  0.27s           2026-08-16T23:04:03                      18
================================================================================
[2026-08-16T23:04:43.589+0000] {manager.py:997} INFO - 
================================================================================
DAG File Processing Stats

File Path                  PID    Runtime      # DAGs    # Errors  Last Runtime    Last Run               Last # of DB Queries
-------------------------  -----  ---------  --------  ----------  --------------  -------------------  ----------------------
/opt/airflow/dags/main.py                           3           0  0.27s           2026-08-16T23:04:33                      18
================================================================================
[2026-08-16T23:05:14.080+0000] {manager.py:997} INFO - 
================================================================================
DAG File Processing Stats

File Path                  PID    Runtime      # DAGs    # Errors  Last Runtime    Last Run               Last # of DB Queries
-------------------------  -----  ---------  --------  ----------  --------------  -------------------  ----------------------
/opt/airflow/dags/main.py                           3           0  0.26s           2026-08-16T23:05:04                      18
================================================================================
[2026-08-16T23:05:44.554+0000] {manager.py:997} INFO - 
================================================================================
DAG File Processing Stats

File Path                  PID    Runtime      # DAGs    # Errors  Last Runtime    Last Run               Last # of DB Queries
-------------------------  -----  ---------  --------  ----------  --------------  -------------------  ----------------------
/opt/airflow/dags/main.py                           3           0  0.28s           2026-08-16T23:05:34                      18
================================================================================
[2026-08-16T23:05:58.654+0000] {manager.py:821} INFO - Searching for files in /opt/airflow/dags
[2026-08-16T23:05:58.973+0000] {manager.py:824} INFO - There are 1 files in /opt/airflow/dags
[2026-08-16T23:06:15.155+0000] {manager.py:997} INFO - 
================================================================================
DAG File Processing Stats

File Path                  PID    Runtime      # DAGs    # Errors  Last Runtime    Last Run               Last # of DB Queries
-------------------------  -----  ---------  --------  ----------  --------------  -------------------  ----------------------
/opt/airflow/dags/main.py                           3           0  0.24s           2026-08-16T23:06:05                      18
================================================================================
[2026-08-16T23:06:45.582+0000] {manager.py:997} INFO - 
================================================================================
DAG File Processing Stats

File Path                  PID    Runtime      # DAGs    # Errors  Last Runtime    Last Run               Last # of DB Queries
-------------------------  -----  ---------  --------  ----------  --------------  -------------------  ----------------------
/opt/airflow/dags/main.py                           3           0  0.23s           2026-08-16T23:06:35                      18
================================================================================
[2026-08-16T23:07:15.850+0000] {manager.py:997} INFO - 
================================================================================
DAG File Processing Stats

File Path                  PID    Runtime      # DAGs    # Errors  Last Runtime    Last Run               Last # of DB Queries
-------------------------  -----  ---------  --------  ----------  --------------  -------------------  ----------------------
/opt/airflow/dags/main.py                           3           0  0.30s           2026-08-16T23:07:06                      18
================================================================================
[2026-08-16T23:07:46.355+0000] {manager.py:997} INFO - 
================================================================================
DAG File Processing Stats

File Path                  PID    Runtime      # DAGs    # Errors  Last Runtime    Last Run               Last # of DB Queries
-------------------------  -----  ---------  --------  ----------  --------------  -------------------  ----------------------
/opt/airflow/dags/main.py                           3           0  0.27s           2026-08-16T23:07:36                      18
================================================================================
[2026-08-16T23:08:16.864+0000] {manager.py:997} INFO - 
================================================================================
DAG File Processing Stats

File Path                  PID    Runtime      # DAGs    # Errors  Last Runtime    Last Run               Last # of DB Queries
-------------------------  -----  ---------  --------  ----------  --------------  -------------------  ----------------------
/opt/airflow/dags/main.py                           3           0  0.26s           2026-08-16T23:08:07                      18
================================================================================
[2026-08-16T23:08:47.342+0000] {manager.py:997} INFO - 
================================================================================
DAG File Processing Stats

File Path                  PID    Runtime      # DAGs    # Errors  Last Runtime    Last Run               Last # of DB Queries
-------------------------  -----  ---------  --------  ----------  --------------  -------------------  ----------------------
/opt/airflow/dags/main.py                           3           0  0.27s           2026-08-16T23:08:37                      18
================================================================================
[2026-08-16T23:09:17.835+0000] {manager.py:997} INFO - 
================================================================================
DAG File Processing Stats

File Path                  PID    Runtime      # DAGs    # Errors  Last Runtime    Last Run               Last # of DB Queries
-------------------------  -----  ---------  --------  ----------  --------------  -------------------  ----------------------
/opt/airflow/dags/main.py                           3           0  0.26s           2026-08-16T23:09:08                      18
================================================================================
[2026-08-16T23:09:48.317+0000] {manager.py:997} INFO - 
================================================================================
DAG File Processing Stats

File Path                  PID    Runtime      # DAGs    # Errors  Last Runtime    Last Run               Last # of DB Queries
-------------------------  -----  ---------  --------  ----------  --------------  -------------------  ----------------------
/opt/airflow/dags/main.py                           3           0  0.30s           2026-08-16T23:09:38                      18
================================================================================
[2026-08-16T23:10:18.839+0000] {manager.py:997} INFO - 
================================================================================
DAG File Processing Stats

File Path                  PID    Runtime      # DAGs    # Errors  Last Runtime    Last Run               Last # of DB Queries
-------------------------  -----  ---------  --------  ----------  --------------  -------------------  ----------------------
/opt/airflow/dags/main.py                           3           0  0.28s           2026-08-16T23:10:09                      18
================================================================================
[2026-08-16T23:10:49.350+0000] {manager.py:997} INFO - 
================================================================================
DAG File Processing Stats

File Path                  PID    Runtime      # DAGs    # Errors  Last Runtime    Last Run               Last # of DB Queries
-------------------------  -----  ---------  --------  ----------  --------------  -------------------  ----------------------
/opt/airflow/dags/main.py                           3           0  0.32s           2026-08-16T23:10:39                      18
================================================================================
[2026-08-16T23:10:58.723+0000] {manager.py:821} INFO - Searching for files in /opt/airflow/dags
[2026-08-16T23:10:58.909+0000] {manager.py:824} INFO - There are 1 files in /opt/airflow/dags
[2026-08-16T23:11:19.374+0000] {manager.py:997} INFO - 
================================================================================
DAG File Processing Stats

File Path                  PID    Runtime      # DAGs    # Errors  Last Runtime    Last Run               Last # of DB Queries
-------------------------  -----  ---------  --------  ----------  --------------  -------------------  ----------------------
/opt/airflow/dags/main.py                           3           0  0.26s           2026-08-16T23:11:10                      18
================================================================================
[2026-08-16T23:11:49.602+0000] {manager.py:997} INFO - 
================================================================================
DAG File Processing Stats

File Path                  PID    Runtime      # DAGs    # Errors  Last Runtime    Last Run               Last # of DB Queries
-------------------------  -----  ---------  --------  ----------  --------------  -------------------  ----------------------
/opt/airflow/dags/main.py                           3           0  0.26s           2026-08-16T23:11:40                      18
================================================================================
[2026-08-18T18:36:17.970+0000] {manager.py:483} INFO - Processing files using up to 2 processes at a time 
[2026-08-18T18:36:17.975+0000] {manager.py:484} INFO - Process each file at most once every 30 seconds
[2026-08-18T18:36:17.977+0000] {manager.py:485} INFO - Checking for new files in /opt/airflow/dags every 300 seconds
[2026-08-18T18:36:17.979+0000] {manager.py:821} INFO - Searching for files in /opt/airflow/dags
[2026-08-18T18:36:18.343+0000] {manager.py:824} INFO - There are 1 files in /opt/airflow/dags
[2026-08-18T18:36:18.437+0000] {manager.py:997} INFO - 
================================================================================
DAG File Processing Stats

File Path                    PID  Runtime      # DAGs    # Errors  Last Runtime    Last Run      Last # of DB Queries
-------------------------  -----  ---------  --------  ----------  --------------  ----------  ----------------------
/opt/airflow/dags/main.py     57  0.03s             0           0                                                   0
================================================================================
[2026-08-18T18:36:48.657+0000] {manager.py:997} INFO - 
================================================================================
DAG File Processing Stats

File Path                  PID    Runtime      # DAGs    # Errors  Last Runtime    Last Run               Last # of DB Queries
-------------------------  -----  ---------  --------  ----------  --------------  -------------------  ----------------------
/opt/airflow/dags/main.py                           3           0  0.46s           2026-08-18T18:36:18                      18
================================================================================
[2026-08-18T18:37:19.273+0000] {manager.py:997} INFO - 
================================================================================
DAG File Processing Stats

File Path                  PID    Runtime      # DAGs    # Errors  Last Runtime    Last Run               Last # of DB Queries
-------------------------  -----  ---------  --------  ----------  --------------  -------------------  ----------------------
/opt/airflow/dags/main.py                           3           0  0.26s           2026-08-18T18:36:49                      18
================================================================================
[2026-08-18T18:37:49.744+0000] {manager.py:997} INFO - 
================================================================================
DAG File Processing Stats

File Path                    PID  Runtime      # DAGs    # Errors  Last Runtime    Last Run               Last # of DB Queries
-------------------------  -----  ---------  --------  ----------  --------------  -------------------  ----------------------
/opt/airflow/dags/main.py    104  0.01s             3           0  0.19s           2026-08-18T18:37:19                      18
================================================================================
[2026-08-18T18:38:20.135+0000] {manager.py:997} INFO - 
================================================================================
DAG File Processing Stats

File Path                    PID  Runtime      # DAGs    # Errors  Last Runtime    Last Run               Last # of DB Queries
-------------------------  -----  ---------  --------  ----------  --------------  -------------------  ----------------------
/opt/airflow/dags/main.py    111  0.00s             3           0  0.18s           2026-08-18T18:37:49                      18
================================================================================
[2026-08-18T18:38:50.400+0000] {manager.py:997} INFO - 
================================================================================
DAG File Processing Stats

File Path                    PID  Runtime      # DAGs    # Errors  Last Runtime    Last Run               Last # of DB Queries
-------------------------  -----  ---------  --------  ----------  --------------  -------------------  ----------------------
/opt/airflow/dags/main.py    118  0.00s             3           0  0.17s           2026-08-18T18:38:20                      18
================================================================================
[2026-08-18T18:39:20.802+0000] {manager.py:997} INFO - 
================================================================================
DAG File Processing Stats

File Path                    PID  Runtime      # DAGs    # Errors  Last Runtime    Last Run               Last # of DB Queries
-------------------------  -----  ---------  --------  ----------  --------------  -------------------  ----------------------
/opt/airflow/dags/main.py    125  0.00s             3           0  0.17s           2026-08-18T18:38:50                      18
================================================================================
[2026-08-18T18:39:51.046+0000] {manager.py:997} INFO - 
================================================================================
DAG File Processing Stats

File Path                    PID  Runtime      # DAGs    # Errors  Last Runtime    Last Run               Last # of DB Queries
-------------------------  -----  ---------  --------  ----------  --------------  -------------------  ----------------------
/opt/airflow/dags/main.py    132  0.00s             3           0  0.19s           2026-08-18T18:39:20                      18
================================================================================
[2026-08-18T18:40:21.464+0000] {manager.py:997} INFO - 
================================================================================
DAG File Processing Stats

File Path                    PID  Runtime      # DAGs    # Errors  Last Runtime    Last Run               Last # of DB Queries
-------------------------  -----  ---------  --------  ----------  --------------  -------------------  ----------------------
/opt/airflow/dags/main.py    139  0.00s             3           0  0.21s           2026-08-18T18:39:51                      18
================================================================================
[2026-08-18T18:40:31.198+0000] {manager.py:465} INFO - Exiting gracefully upon receiving signal 15
[2026-08-18T18:41:08.061+0000] {manager.py:483} INFO - Processing files using up to 2 processes at a time 
[2026-08-18T18:41:08.063+0000] {manager.py:484} INFO - Process each file at most once every 30 seconds
[2026-08-18T18:41:08.065+0000] {manager.py:485} INFO - Checking for new files in /opt/airflow/dags every 300 seconds
[2026-08-18T18:41:08.066+0000] {manager.py:821} INFO - Searching for files in /opt/airflow/dags
[2026-08-18T18:41:08.238+0000] {manager.py:824} INFO - There are 1 files in /opt/airflow/dags
[2026-08-18T18:41:08.331+0000] {manager.py:997} INFO - 
================================================================================
DAG File Processing Stats

File Path                    PID  Runtime      # DAGs    # Errors  Last Runtime    Last Run      Last # of DB Queries
-------------------------  -----  ---------  --------  ----------  --------------  ----------  ----------------------
/opt/airflow/dags/main.py     56  0.03s             0           0                                                   0
================================================================================
[2026-08-18T18:41:38.556+0000] {manager.py:997} INFO - 
================================================================================
DAG File Processing Stats

File Path                  PID    Runtime      # DAGs    # Errors  Last Runtime    Last Run               Last # of DB Queries
-------------------------  -----  ---------  --------  ----------  --------------  -------------------  ----------------------
/opt/airflow/dags/main.py                           3           0  0.26s           2026-08-18T18:41:08                      18
================================================================================
[2026-08-18T18:42:09.030+0000] {manager.py:997} INFO - 
================================================================================
DAG File Processing Stats

File Path                    PID  Runtime      # DAGs    # Errors  Last Runtime    Last Run               Last # of DB Queries
-------------------------  -----  ---------  --------  ----------  --------------  -------------------  ----------------------
/opt/airflow/dags/main.py     70  0.00s             3           0  0.19s           2026-08-18T18:41:38                      18
================================================================================
[2026-08-18T18:42:39.420+0000] {manager.py:997} INFO - 
================================================================================
DAG File Processing Stats

File Path                    PID  Runtime      # DAGs    # Errors  Last Runtime    Last Run               Last # of DB Queries
-------------------------  -----  ---------  --------  ----------  --------------  -------------------  ----------------------
/opt/airflow/dags/main.py     77  0.00s             3           0  0.22s           2026-08-18T18:42:09                      18
================================================================================
[2026-08-18T18:43:09.666+0000] {manager.py:997} INFO - 
================================================================================
DAG File Processing Stats

File Path                    PID  Runtime      # DAGs    # Errors  Last Runtime    Last Run               Last # of DB Queries
-------------------------  -----  ---------  --------  ----------  --------------  -------------------  ----------------------
/opt/airflow/dags/main.py     84  0.01s             3           0  0.21s           2026-08-18T18:42:39                      18
================================================================================
[2026-08-18T18:43:40.069+0000] {manager.py:997} INFO - 
================================================================================
DAG File Processing Stats

File Path                    PID  Runtime      # DAGs    # Errors  Last Runtime    Last Run               Last # of DB Queries
-------------------------  -----  ---------  --------  ----------  --------------  -------------------  ----------------------
/opt/airflow/dags/main.py     91  0.01s             3           0  0.26s           2026-08-18T18:43:09                      18
================================================================================
[2026-08-18T18:43:56.325+0000] {manager.py:465} INFO - Exiting gracefully upon receiving signal 15
[2026-08-18T18:44:38.769+0000] {manager.py:483} INFO - Processing files using up to 2 processes at a time 
[2026-08-18T18:44:38.771+0000] {manager.py:484} INFO - Process each file at most once every 30 seconds
[2026-08-18T18:44:38.773+0000] {manager.py:485} INFO - Checking for new files in /opt/airflow/dags every 300 seconds
[2026-08-18T18:44:38.774+0000] {manager.py:821} INFO - Searching for files in /opt/airflow/dags
[2026-08-18T18:44:38.969+0000] {manager.py:824} INFO - There are 1 files in /opt/airflow/dags
[2026-08-18T18:44:39.077+0000] {manager.py:997} INFO - 
================================================================================
DAG File Processing Stats

File Path                    PID  Runtime      # DAGs    # Errors  Last Runtime    Last Run      Last # of DB Queries
-------------------------  -----  ---------  --------  ----------  --------------  ----------  ----------------------
/opt/airflow/dags/main.py     62  0.03s             0           0                                                   0
================================================================================
[2026-08-18T18:45:09.281+0000] {manager.py:997} INFO - 
================================================================================
DAG File Processing Stats

File Path                  PID    Runtime      # DAGs    # Errors  Last Runtime    Last Run               Last # of DB Queries
-------------------------  -----  ---------  --------  ----------  --------------  -------------------  ----------------------
/opt/airflow/dags/main.py                           3           0  0.37s           2026-08-18T18:44:39                      18
================================================================================
[2026-08-18T18:45:39.301+0000] {manager.py:997} INFO - 
================================================================================
DAG File Processing Stats

File Path                  PID    Runtime      # DAGs    # Errors  Last Runtime    Last Run               Last # of DB Queries
-------------------------  -----  ---------  --------  ----------  --------------  -------------------  ----------------------
/opt/airflow/dags/main.py                           3           0  0.47s           2026-08-18T18:45:14                      18
================================================================================
[2026-08-18T18:46:09.481+0000] {manager.py:997} INFO - 
================================================================================
DAG File Processing Stats

File Path                  PID    Runtime      # DAGs    # Errors  Last Runtime    Last Run               Last # of DB Queries
-------------------------  -----  ---------  --------  ----------  --------------  -------------------  ----------------------
/opt/airflow/dags/main.py                           3           0  0.22s           2026-08-18T18:45:44                      18
================================================================================
[2026-08-18T18:46:39.883+0000] {manager.py:997} INFO - 
================================================================================
DAG File Processing Stats

File Path                  PID    Runtime      # DAGs    # Errors  Last Runtime    Last Run               Last # of DB Queries
-------------------------  -----  ---------  --------  ----------  --------------  -------------------  ----------------------
/opt/airflow/dags/main.py                           3           0  0.22s           2026-08-18T18:46:34                      18
================================================================================
[2026-08-18T18:47:10.114+0000] {manager.py:997} INFO - 
================================================================================
DAG File Processing Stats

File Path                  PID    Runtime      # DAGs    # Errors  Last Runtime    Last Run               Last # of DB Queries
-------------------------  -----  ---------  --------  ----------  --------------  -------------------  ----------------------
/opt/airflow/dags/main.py                           3           0  0.22s           2026-08-18T18:47:05                      18
================================================================================
[2026-08-18T18:47:40.327+0000] {manager.py:997} INFO - 
================================================================================
DAG File Processing Stats

File Path                  PID    Runtime      # DAGs    # Errors  Last Runtime    Last Run               Last # of DB Queries
-------------------------  -----  ---------  --------  ----------  --------------  -------------------  ----------------------
/opt/airflow/dags/main.py                           3           0  0.19s           2026-08-18T18:47:35                      18
================================================================================
[2026-08-18T18:48:10.722+0000] {manager.py:997} INFO - 
================================================================================
DAG File Processing Stats

File Path                  PID    Runtime      # DAGs    # Errors  Last Runtime    Last Run               Last # of DB Queries
-------------------------  -----  ---------  --------  ----------  --------------  -------------------  ----------------------
/opt/airflow/dags/main.py                           3           0  0.23s           2026-08-18T18:48:05                      18
================================================================================
[2026-08-18T18:48:41.077+0000] {manager.py:997} INFO - 
================================================================================
DAG File Processing Stats

File Path                  PID    Runtime      # DAGs    # Errors  Last Runtime    Last Run               Last # of DB Queries
-------------------------  -----  ---------  --------  ----------  --------------  -------------------  ----------------------
/opt/airflow/dags/main.py                           3           0  0.21s           2026-08-18T18:48:36                      18
================================================================================
[2026-08-18T18:49:11.397+0000] {manager.py:997} INFO - 
================================================================================
DAG File Processing Stats

File Path                  PID    Runtime      # DAGs    # Errors  Last Runtime    Last Run               Last # of DB Queries
-------------------------  -----  ---------  --------  ----------  --------------  -------------------  ----------------------
/opt/airflow/dags/main.py                           3           0  0.24s           2026-08-18T18:49:06                      18
================================================================================
[2026-08-18T18:49:38.812+0000] {manager.py:821} INFO - Searching for files in /opt/airflow/dags
[2026-08-18T18:49:38.928+0000] {manager.py:824} INFO - There are 1 files in /opt/airflow/dags
[2026-08-18T18:49:41.767+0000] {manager.py:997} INFO - 
================================================================================
DAG File Processing Stats

File Path                  PID    Runtime      # DAGs    # Errors  Last Runtime    Last Run               Last # of DB Queries
-------------------------  -----  ---------  --------  ----------  --------------  -------------------  ----------------------
/opt/airflow/dags/main.py                           3           0  0.20s           2026-08-18T18:49:36                      18
================================================================================
[2026-08-18T18:50:12.213+0000] {manager.py:997} INFO - 
================================================================================
DAG File Processing Stats

File Path                  PID    Runtime      # DAGs    # Errors  Last Runtime    Last Run               Last # of DB Queries
-------------------------  -----  ---------  --------  ----------  --------------  -------------------  ----------------------
/opt/airflow/dags/main.py                           3           0  0.26s           2026-08-18T18:50:07                      18
================================================================================
[2026-08-18T18:50:42.544+0000] {manager.py:997} INFO - 
================================================================================
DAG File Processing Stats

File Path                  PID    Runtime      # DAGs    # Errors  Last Runtime    Last Run               Last # of DB Queries
-------------------------  -----  ---------  --------  ----------  --------------  -------------------  ----------------------
/opt/airflow/dags/main.py                           3           0  0.24s           2026-08-18T18:50:37                      18
================================================================================
[2026-08-18T18:51:12.971+0000] {manager.py:997} INFO - 
================================================================================
DAG File Processing Stats

File Path                  PID    Runtime      # DAGs    # Errors  Last Runtime    Last Run               Last # of DB Queries
-------------------------  -----  ---------  --------  ----------  --------------  -------------------  ----------------------
/opt/airflow/dags/main.py                           3           0  0.31s           2026-08-18T18:51:08                      18
================================================================================
[2026-08-18T18:51:43.374+0000] {manager.py:997} INFO - 
================================================================================
DAG File Processing Stats

File Path                  PID    Runtime      # DAGs    # Errors  Last Runtime    Last Run               Last # of DB Queries
-------------------------  -----  ---------  --------  ----------  --------------  -------------------  ----------------------
/opt/airflow/dags/main.py                           3           0  0.19s           2026-08-18T18:51:38                      18
================================================================================
[2026-08-18T18:52:13.674+0000] {manager.py:997} INFO - 
================================================================================
DAG File Processing Stats

File Path                  PID    Runtime      # DAGs    # Errors  Last Runtime    Last Run               Last # of DB Queries
-------------------------  -----  ---------  --------  ----------  --------------  -------------------  ----------------------
/opt/airflow/dags/main.py                           3           0  0.18s           2026-08-18T18:52:08                      18
================================================================================
[2026-08-18T18:52:44.112+0000] {manager.py:997} INFO - 
================================================================================
DAG File Processing Stats

File Path                  PID    Runtime      # DAGs    # Errors  Last Runtime    Last Run               Last # of DB Queries
-------------------------  -----  ---------  --------  ----------  --------------  -------------------  ----------------------
/opt/airflow/dags/main.py                           3           0  0.29s           2026-08-18T18:52:39                      18
================================================================================
[2026-08-18T18:53:14.548+0000] {manager.py:997} INFO - 
================================================================================
DAG File Processing Stats

File Path                  PID    Runtime      # DAGs    # Errors  Last Runtime    Last Run               Last # of DB Queries
-------------------------  -----  ---------  --------  ----------  --------------  -------------------  ----------------------
/opt/airflow/dags/main.py                           3           0  0.26s           2026-08-18T18:53:09                      18
================================================================================
[2026-08-18T18:53:44.906+0000] {manager.py:997} INFO - 
================================================================================
DAG File Processing Stats

File Path                  PID    Runtime      # DAGs    # Errors  Last Runtime    Last Run               Last # of DB Queries
-------------------------  -----  ---------  --------  ----------  --------------  -------------------  ----------------------
/opt/airflow/dags/main.py                           3           0  0.23s           2026-08-18T18:53:40                      18
================================================================================
[2026-08-18T18:57:13.838+0000] {manager.py:821} INFO - Searching for files in /opt/airflow/dags
[2026-08-18T18:57:14.039+0000] {manager.py:824} INFO - There are 1 files in /opt/airflow/dags
[2026-08-18T18:57:37.268+0000] {manager.py:997} INFO - 
================================================================================
DAG File Processing Stats

File Path                  PID    Runtime      # DAGs    # Errors  Last Runtime    Last Run               Last # of DB Queries
-------------------------  -----  ---------  --------  ----------  --------------  -------------------  ----------------------
/opt/airflow/dags/main.py                           3           0  1.01s           2026-08-18T18:57:15                      18
================================================================================
[2026-08-18T18:58:07.556+0000] {manager.py:997} INFO - 
================================================================================
DAG File Processing Stats

File Path                  PID    Runtime      # DAGs    # Errors  Last Runtime    Last Run               Last # of DB Queries
-------------------------  -----  ---------  --------  ----------  --------------  -------------------  ----------------------
/opt/airflow/dags/main.py                           3           0  0.24s           2026-08-18T18:57:45                      18
================================================================================
[2026-08-18T18:58:37.945+0000] {manager.py:997} INFO - 
================================================================================
DAG File Processing Stats

File Path                  PID    Runtime      # DAGs    # Errors  Last Runtime    Last Run               Last # of DB Queries
-------------------------  -----  ---------  --------  ----------  --------------  -------------------  ----------------------
/opt/airflow/dags/main.py                           3           0  0.22s           2026-08-18T18:58:15                      18
================================================================================
[2026-08-18T18:59:08.215+0000] {manager.py:997} INFO - 
================================================================================
DAG File Processing Stats

File Path                  PID    Runtime      # DAGs    # Errors  Last Runtime    Last Run               Last # of DB Queries
-------------------------  -----  ---------  --------  ----------  --------------  -------------------  ----------------------
/opt/airflow/dags/main.py                           3           0  0.21s           2026-08-18T18:58:46                      18
================================================================================
[2026-08-18T18:59:38.581+0000] {manager.py:997} INFO - 
================================================================================
DAG File Processing Stats

File Path                  PID    Runtime      # DAGs    # Errors  Last Runtime    Last Run               Last # of DB Queries
-------------------------  -----  ---------  --------  ----------  --------------  -------------------  ----------------------
/opt/airflow/dags/main.py                           3           0  0.23s           2026-08-18T18:59:16                      18
================================================================================
[2026-08-18T19:00:08.964+0000] {manager.py:997} INFO - 
================================================================================
DAG File Processing Stats

File Path                  PID    Runtime      # DAGs    # Errors  Last Runtime    Last Run               Last # of DB Queries
-------------------------  -----  ---------  --------  ----------  --------------  -------------------  ----------------------
/opt/airflow/dags/main.py                           3           0  0.22s           2026-08-18T18:59:46                      18
================================================================================
[2026-08-18T19:00:39.246+0000] {manager.py:997} INFO - 
================================================================================
DAG File Processing Stats

File Path                  PID    Runtime      # DAGs    # Errors  Last Runtime    Last Run               Last # of DB Queries
-------------------------  -----  ---------  --------  ----------  --------------  -------------------  ----------------------
/opt/airflow/dags/main.py                           3           0  0.22s           2026-08-18T19:00:17                      18
================================================================================
[2026-08-18T19:01:09.638+0000] {manager.py:997} INFO - 
================================================================================
DAG File Processing Stats

File Path                  PID    Runtime      # DAGs    # Errors  Last Runtime    Last Run               Last # of DB Queries
-------------------------  -----  ---------  --------  ----------  --------------  -------------------  ----------------------
/opt/airflow/dags/main.py                           3           0  0.24s           2026-08-18T19:00:47                      18
================================================================================
[2026-08-18T19:01:39.949+0000] {manager.py:997} INFO - 
================================================================================
DAG File Processing Stats

File Path                  PID    Runtime      # DAGs    # Errors  Last Runtime    Last Run               Last # of DB Queries
-------------------------  -----  ---------  --------  ----------  --------------  -------------------  ----------------------
/opt/airflow/dags/main.py                           3           0  0.22s           2026-08-18T19:01:17                      18
================================================================================
[2026-08-18T19:02:10.358+0000] {manager.py:997} INFO - 
================================================================================
DAG File Processing Stats

File Path                  PID    Runtime      # DAGs    # Errors  Last Runtime    Last Run               Last # of DB Queries
-------------------------  -----  ---------  --------  ----------  --------------  -------------------  ----------------------
/opt/airflow/dags/main.py                           3           0  0.20s           2026-08-18T19:01:48                      18
================================================================================
[2026-08-18T19:02:14.388+0000] {manager.py:821} INFO - Searching for files in /opt/airflow/dags
[2026-08-18T19:02:14.536+0000] {manager.py:824} INFO - There are 1 files in /opt/airflow/dags
[2026-08-18T19:02:40.763+0000] {manager.py:997} INFO - 
================================================================================
DAG File Processing Stats

File Path                  PID    Runtime      # DAGs    # Errors  Last Runtime    Last Run               Last # of DB Queries
-------------------------  -----  ---------  --------  ----------  --------------  -------------------  ----------------------
/opt/airflow/dags/main.py                           3           0  0.28s           2026-08-18T19:02:18                      18
================================================================================
[2026-08-18T19:03:11.240+0000] {manager.py:997} INFO - 
================================================================================
DAG File Processing Stats

File Path                  PID    Runtime      # DAGs    # Errors  Last Runtime    Last Run               Last # of DB Queries
-------------------------  -----  ---------  --------  ----------  --------------  -------------------  ----------------------
/opt/airflow/dags/main.py                           3           0  0.24s           2026-08-18T19:02:49                      18
================================================================================
[2026-08-18T19:03:41.706+0000] {manager.py:997} INFO - 
================================================================================
DAG File Processing Stats

File Path                  PID    Runtime      # DAGs    # Errors  Last Runtime    Last Run               Last # of DB Queries
-------------------------  -----  ---------  --------  ----------  --------------  -------------------  ----------------------
/opt/airflow/dags/main.py                           3           0  0.22s           2026-08-18T19:03:19                      18
================================================================================
[2026-08-18T19:04:12.137+0000] {manager.py:997} INFO - 
================================================================================
DAG File Processing Stats

File Path                  PID    Runtime      # DAGs    # Errors  Last Runtime    Last Run               Last # of DB Queries
-------------------------  -----  ---------  --------  ----------  --------------  -------------------  ----------------------
/opt/airflow/dags/main.py                           3           0  0.24s           2026-08-18T19:03:50                      18
================================================================================
[2026-08-18T19:04:42.368+0000] {manager.py:997} INFO - 
================================================================================
DAG File Processing Stats

File Path                  PID    Runtime      # DAGs    # Errors  Last Runtime    Last Run               Last # of DB Queries
-------------------------  -----  ---------  --------  ----------  --------------  -------------------  ----------------------
/opt/airflow/dags/main.py                           3           0  0.28s           2026-08-18T19:04:20                      18
================================================================================
[2026-08-18T19:05:12.857+0000] {manager.py:997} INFO - 
================================================================================
DAG File Processing Stats

File Path                  PID    Runtime      # DAGs    # Errors  Last Runtime    Last Run               Last # of DB Queries
-------------------------  -----  ---------  --------  ----------  --------------  -------------------  ----------------------
/opt/airflow/dags/main.py                           3           0  0.19s           2026-08-18T19:04:50                      18
================================================================================
[2026-08-18T19:05:43.270+0000] {manager.py:997} INFO - 
================================================================================
DAG File Processing Stats

File Path                  PID    Runtime      # DAGs    # Errors  Last Runtime    Last Run               Last # of DB Queries
-------------------------  -----  ---------  --------  ----------  --------------  -------------------  ----------------------
/opt/airflow/dags/main.py                           3           0  0.21s           2026-08-18T19:05:21                      18
================================================================================
[2026-08-18T19:06:13.523+0000] {manager.py:997} INFO - 
================================================================================
DAG File Processing Stats

File Path                  PID    Runtime      # DAGs    # Errors  Last Runtime    Last Run               Last # of DB Queries
-------------------------  -----  ---------  --------  ----------  --------------  -------------------  ----------------------
/opt/airflow/dags/main.py                           3           0  0.19s           2026-08-18T19:05:51                      18
================================================================================
[2026-08-18T19:06:43.949+0000] {manager.py:997} INFO - 
================================================================================
DAG File Processing Stats

File Path                  PID    Runtime      # DAGs    # Errors  Last Runtime    Last Run               Last # of DB Queries
-------------------------  -----  ---------  --------  ----------  --------------  -------------------  ----------------------
/opt/airflow/dags/main.py                           3           0  0.21s           2026-08-18T19:06:21                      18
================================================================================
[2026-08-18T19:07:14.264+0000] {manager.py:997} INFO - 
================================================================================
DAG File Processing Stats

File Path                  PID    Runtime      # DAGs    # Errors  Last Runtime    Last Run               Last # of DB Queries
-------------------------  -----  ---------  --------  ----------  --------------  -------------------  ----------------------
/opt/airflow/dags/main.py                           3           0  0.20s           2026-08-18T19:06:52                      18
================================================================================
[2026-08-18T19:07:15.271+0000] {manager.py:821} INFO - Searching for files in /opt/airflow/dags
[2026-08-18T19:07:15.447+0000] {manager.py:824} INFO - There are 1 files in /opt/airflow/dags
[2026-08-18T19:07:44.704+0000] {manager.py:997} INFO - 
================================================================================
DAG File Processing Stats

File Path                  PID    Runtime      # DAGs    # Errors  Last Runtime    Last Run               Last # of DB Queries
-------------------------  -----  ---------  --------  ----------  --------------  -------------------  ----------------------
/opt/airflow/dags/main.py                           3           0  0.19s           2026-08-18T19:07:22                      18
================================================================================
[2026-08-18T19:08:15.136+0000] {manager.py:997} INFO - 
================================================================================
DAG File Processing Stats

File Path                  PID    Runtime      # DAGs    # Errors  Last Runtime    Last Run               Last # of DB Queries
-------------------------  -----  ---------  --------  ----------  --------------  -------------------  ----------------------
/opt/airflow/dags/main.py                           3           0  0.21s           2026-08-18T19:07:52                      18
================================================================================
[2026-08-18T19:08:45.411+0000] {manager.py:997} INFO - 
================================================================================
DAG File Processing Stats

File Path                  PID    Runtime      # DAGs    # Errors  Last Runtime    Last Run               Last # of DB Queries
-------------------------  -----  ---------  --------  ----------  --------------  -------------------  ----------------------
/opt/airflow/dags/main.py                           3           0  0.23s           2026-08-18T19:08:23                      18
================================================================================
[2026-08-18T19:09:15.821+0000] {manager.py:997} INFO - 
================================================================================
DAG File Processing Stats

File Path                  PID    Runtime      # DAGs    # Errors  Last Runtime    Last Run               Last # of DB Queries
-------------------------  -----  ---------  --------  ----------  --------------  -------------------  ----------------------
/opt/airflow/dags/main.py                           3           0  0.20s           2026-08-18T19:08:53                      18
================================================================================
[2026-08-18T19:09:46.103+0000] {manager.py:997} INFO - 
================================================================================
DAG File Processing Stats

File Path                  PID    Runtime      # DAGs    # Errors  Last Runtime    Last Run               Last # of DB Queries
-------------------------  -----  ---------  --------  ----------  --------------  -------------------  ----------------------
/opt/airflow/dags/main.py                           3           0  0.19s           2026-08-18T19:09:24                      18
================================================================================
[2026-08-18T19:10:16.495+0000] {manager.py:997} INFO - 
================================================================================
DAG File Processing Stats

File Path                  PID    Runtime      # DAGs    # Errors  Last Runtime    Last Run               Last # of DB Queries
-------------------------  -----  ---------  --------  ----------  --------------  -------------------  ----------------------
/opt/airflow/dags/main.py                           3           0  0.20s           2026-08-18T19:09:54                      18
================================================================================
[2026-08-18T19:10:46.742+0000] {manager.py:997} INFO - 
================================================================================
DAG File Processing Stats

File Path                  PID    Runtime      # DAGs    # Errors  Last Runtime    Last Run               Last # of DB Queries
-------------------------  -----  ---------  --------  ----------  --------------  -------------------  ----------------------
/opt/airflow/dags/main.py                           3           0  0.22s           2026-08-18T19:10:24                      18
================================================================================
[2026-08-18T19:11:17.195+0000] {manager.py:997} INFO - 
================================================================================
DAG File Processing Stats

File Path                  PID    Runtime      # DAGs    # Errors  Last Runtime    Last Run               Last # of DB Queries
-------------------------  -----  ---------  --------  ----------  --------------  -------------------  ----------------------
/opt/airflow/dags/main.py                           3           0  0.22s           2026-08-18T19:10:55                      18
================================================================================
[2026-08-18T19:11:47.437+0000] {manager.py:997} INFO - 
================================================================================
DAG File Processing Stats

File Path                  PID    Runtime      # DAGs    # Errors  Last Runtime    Last Run               Last # of DB Queries
-------------------------  -----  ---------  --------  ----------  --------------  -------------------  ----------------------
/opt/airflow/dags/main.py                           3           0  0.23s           2026-08-18T19:11:25                      18
================================================================================
[2026-08-18T19:12:15.936+0000] {manager.py:821} INFO - Searching for files in /opt/airflow/dags
[2026-08-18T19:12:16.084+0000] {manager.py:824} INFO - There are 1 files in /opt/airflow/dags
[2026-08-18T19:12:18.113+0000] {manager.py:997} INFO - 
================================================================================
DAG File Processing Stats

File Path                  PID    Runtime      # DAGs    # Errors  Last Runtime    Last Run               Last # of DB Queries
-------------------------  -----  ---------  --------  ----------  --------------  -------------------  ----------------------
/opt/airflow/dags/main.py                           3           0  0.24s           2026-08-18T19:11:56                      18
================================================================================
[2026-08-18T19:12:48.421+0000] {manager.py:997} INFO - 
================================================================================
DAG File Processing Stats

File Path                  PID    Runtime      # DAGs    # Errors  Last Runtime    Last Run               Last # of DB Queries
-------------------------  -----  ---------  --------  ----------  --------------  -------------------  ----------------------
/opt/airflow/dags/main.py                           3           0  0.20s           2026-08-18T19:12:26                      18
================================================================================
[2026-08-18T19:13:18.768+0000] {manager.py:997} INFO - 
================================================================================
DAG File Processing Stats

File Path                  PID    Runtime      # DAGs    # Errors  Last Runtime    Last Run               Last # of DB Queries
-------------------------  -----  ---------  --------  ----------  --------------  -------------------  ----------------------
/opt/airflow/dags/main.py                           3           0  0.20s           2026-08-18T19:12:56                      18
================================================================================
[2026-08-18T19:13:49.074+0000] {manager.py:997} INFO - 
================================================================================
DAG File Processing Stats

File Path                  PID    Runtime      # DAGs    # Errors  Last Runtime    Last Run               Last # of DB Queries
-------------------------  -----  ---------  --------  ----------  --------------  -------------------  ----------------------
/opt/airflow/dags/main.py                           3           0  0.21s           2026-08-18T19:13:27                      18
================================================================================
[2026-08-18T19:14:19.441+0000] {manager.py:997} INFO - 
================================================================================
DAG File Processing Stats

File Path                  PID    Runtime      # DAGs    # Errors  Last Runtime    Last Run               Last # of DB Queries
-------------------------  -----  ---------  --------  ----------  --------------  -------------------  ----------------------
/opt/airflow/dags/main.py                           3           0  0.19s           2026-08-18T19:13:57                      18
================================================================================
[2026-08-18T19:14:49.703+0000] {manager.py:997} INFO - 
================================================================================
DAG File Processing Stats

File Path                  PID    Runtime      # DAGs    # Errors  Last Runtime    Last Run               Last # of DB Queries
-------------------------  -----  ---------  --------  ----------  --------------  -------------------  ----------------------
/opt/airflow/dags/main.py                           3           0  0.21s           2026-08-18T19:14:27                      18
================================================================================
[2026-08-18T19:15:20.149+0000] {manager.py:997} INFO - 
================================================================================
DAG File Processing Stats

File Path                  PID    Runtime      # DAGs    # Errors  Last Runtime    Last Run               Last # of DB Queries
-------------------------  -----  ---------  --------  ----------  --------------  -------------------  ----------------------
/opt/airflow/dags/main.py                           3           0  0.21s           2026-08-18T19:14:57                      18
================================================================================
[2026-08-18T19:15:50.397+0000] {manager.py:997} INFO - 
================================================================================
DAG File Processing Stats

File Path                  PID    Runtime      # DAGs    # Errors  Last Runtime    Last Run               Last # of DB Queries
-------------------------  -----  ---------  --------  ----------  --------------  -------------------  ----------------------
/opt/airflow/dags/main.py                           3           0  0.24s           2026-08-18T19:15:28                      18
================================================================================
[2026-08-18T19:16:20.843+0000] {manager.py:997} INFO - 
================================================================================
DAG File Processing Stats

File Path                  PID    Runtime      # DAGs    # Errors  Last Runtime    Last Run               Last # of DB Queries
-------------------------  -----  ---------  --------  ----------  --------------  -------------------  ----------------------
/opt/airflow/dags/main.py                           3           0  0.20s           2026-08-18T19:15:58                      18
================================================================================
[2026-08-18T19:16:51.076+0000] {manager.py:997} INFO - 
================================================================================
DAG File Processing Stats

File Path                  PID    Runtime      # DAGs    # Errors  Last Runtime    Last Run               Last # of DB Queries
-------------------------  -----  ---------  --------  ----------  --------------  -------------------  ----------------------
/opt/airflow/dags/main.py                           3           0  0.18s           2026-08-18T19:16:29                      18
================================================================================
[2026-08-18T19:17:16.414+0000] {manager.py:821} INFO - Searching for files in /opt/airflow/dags
[2026-08-18T19:17:16.560+0000] {manager.py:824} INFO - There are 1 files in /opt/airflow/dags
[2026-08-18T19:17:21.608+0000] {manager.py:997} INFO - 
================================================================================
DAG File Processing Stats

File Path                  PID    Runtime      # DAGs    # Errors  Last Runtime    Last Run               Last # of DB Queries
-------------------------  -----  ---------  --------  ----------  --------------  -------------------  ----------------------
/opt/airflow/dags/main.py                           3           0  0.23s           2026-08-18T19:16:59                      18
================================================================================
[2026-08-18T19:17:51.851+0000] {manager.py:997} INFO - 
================================================================================
DAG File Processing Stats

File Path                  PID    Runtime      # DAGs    # Errors  Last Runtime    Last Run               Last # of DB Queries
-------------------------  -----  ---------  --------  ----------  --------------  -------------------  ----------------------
/opt/airflow/dags/main.py                           3           0  0.17s           2026-08-18T19:17:29                      18
================================================================================
[2026-08-18T19:18:22.199+0000] {manager.py:997} INFO - 
================================================================================
DAG File Processing Stats

File Path                  PID    Runtime      # DAGs    # Errors  Last Runtime    Last Run               Last # of DB Queries
-------------------------  -----  ---------  --------  ----------  --------------  -------------------  ----------------------
/opt/airflow/dags/main.py                           3           0  0.22s           2026-08-18T19:18:00                      18
================================================================================
[2026-08-18T19:18:52.519+0000] {manager.py:997} INFO - 
================================================================================
DAG File Processing Stats

File Path                  PID    Runtime      # DAGs    # Errors  Last Runtime    Last Run               Last # of DB Queries
-------------------------  -----  ---------  --------  ----------  --------------  -------------------  ----------------------
/opt/airflow/dags/main.py                           3           0  0.19s           2026-08-18T19:18:30                      18
================================================================================
[2026-08-18T19:19:22.882+0000] {manager.py:997} INFO - 
================================================================================
DAG File Processing Stats

File Path                  PID    Runtime      # DAGs    # Errors  Last Runtime    Last Run               Last # of DB Queries
-------------------------  -----  ---------  --------  ----------  --------------  -------------------  ----------------------
/opt/airflow/dags/main.py                           3           0  0.19s           2026-08-18T19:19:00                      18
================================================================================
[2026-08-18T19:19:53.188+0000] {manager.py:997} INFO - 
================================================================================
DAG File Processing Stats

File Path                  PID    Runtime      # DAGs    # Errors  Last Runtime    Last Run               Last # of DB Queries
-------------------------  -----  ---------  --------  ----------  --------------  -------------------  ----------------------
/opt/airflow/dags/main.py                           3           0  0.23s           2026-08-18T19:19:31                      18
================================================================================
[2026-08-18T19:20:23.625+0000] {manager.py:997} INFO - 
================================================================================
DAG File Processing Stats

File Path                  PID    Runtime      # DAGs    # Errors  Last Runtime    Last Run               Last # of DB Queries
-------------------------  -----  ---------  --------  ----------  --------------  -------------------  ----------------------
/opt/airflow/dags/main.py                           3           0  0.24s           2026-08-18T19:20:01                      18
================================================================================
[2026-08-18T19:20:53.920+0000] {manager.py:997} INFO - 
================================================================================
DAG File Processing Stats

File Path                  PID    Runtime      # DAGs    # Errors  Last Runtime    Last Run               Last # of DB Queries
-------------------------  -----  ---------  --------  ----------  --------------  -------------------  ----------------------
/opt/airflow/dags/main.py                           3           0  0.17s           2026-08-18T19:20:31                      18
================================================================================
[2026-08-18T19:21:24.271+0000] {manager.py:997} INFO - 
================================================================================
DAG File Processing Stats

File Path                  PID    Runtime      # DAGs    # Errors  Last Runtime    Last Run               Last # of DB Queries
-------------------------  -----  ---------  --------  ----------  --------------  -------------------  ----------------------
/opt/airflow/dags/main.py                           3           0  0.21s           2026-08-18T19:21:02                      18
================================================================================
[2026-08-18T19:21:54.662+0000] {manager.py:997} INFO - 
================================================================================
DAG File Processing Stats

File Path                  PID    Runtime      # DAGs    # Errors  Last Runtime    Last Run               Last # of DB Queries
-------------------------  -----  ---------  --------  ----------  --------------  -------------------  ----------------------
/opt/airflow/dags/main.py                           3           0  0.18s           2026-08-18T19:21:32                      18
================================================================================
[2026-08-18T19:22:16.912+0000] {manager.py:821} INFO - Searching for files in /opt/airflow/dags
[2026-08-18T19:22:17.010+0000] {manager.py:824} INFO - There are 1 files in /opt/airflow/dags
[2026-08-18T19:22:25.093+0000] {manager.py:997} INFO - 
================================================================================
DAG File Processing Stats

File Path                  PID    Runtime      # DAGs    # Errors  Last Runtime    Last Run               Last # of DB Queries
-------------------------  -----  ---------  --------  ----------  --------------  -------------------  ----------------------
/opt/airflow/dags/main.py                           3           0  0.20s           2026-08-18T19:22:02                      18
================================================================================
[2026-08-18T19:22:55.444+0000] {manager.py:997} INFO - 
================================================================================
DAG File Processing Stats

File Path                  PID    Runtime      # DAGs    # Errors  Last Runtime    Last Run               Last # of DB Queries
-------------------------  -----  ---------  --------  ----------  --------------  -------------------  ----------------------
/opt/airflow/dags/main.py                           3           0  0.22s           2026-08-18T19:22:33                      18
================================================================================
[2026-08-18T19:23:25.821+0000] {manager.py:997} INFO - 
================================================================================
DAG File Processing Stats

File Path                  PID    Runtime      # DAGs    # Errors  Last Runtime    Last Run               Last # of DB Queries
-------------------------  -----  ---------  --------  ----------  --------------  -------------------  ----------------------
/opt/airflow/dags/main.py                           3           0  0.19s           2026-08-18T19:23:03                      18
================================================================================
[2026-08-18T19:23:56.140+0000] {manager.py:997} INFO - 
================================================================================
DAG File Processing Stats

File Path                  PID    Runtime      # DAGs    # Errors  Last Runtime    Last Run               Last # of DB Queries
-------------------------  -----  ---------  --------  ----------  --------------  -------------------  ----------------------
/opt/airflow/dags/main.py                           3           0  0.24s           2026-08-18T19:23:34                      18
================================================================================
[2026-08-18T19:35:03.622+0000] {manager.py:821} INFO - Searching for files in /opt/airflow/dags
[2026-08-18T19:35:04.152+0000] {manager.py:824} INFO - There are 1 files in /opt/airflow/dags
[2026-08-18T19:35:06.309+0000] {manager.py:997} INFO - 
================================================================================
DAG File Processing Stats

File Path                  PID    Runtime      # DAGs    # Errors  Last Runtime    Last Run               Last # of DB Queries
-------------------------  -----  ---------  --------  ----------  --------------  -------------------  ----------------------
/opt/airflow/dags/main.py                           3           0  0.37s           2026-08-18T19:35:04                      18
================================================================================
[2026-08-18T19:35:36.601+0000] {manager.py:997} INFO - 
================================================================================
DAG File Processing Stats

File Path                  PID    Runtime      # DAGs    # Errors  Last Runtime    Last Run               Last # of DB Queries
-------------------------  -----  ---------  --------  ----------  --------------  -------------------  ----------------------
/opt/airflow/dags/main.py                           3           0  0.19s           2026-08-18T19:35:34                      18
================================================================================
[2026-08-18T19:36:07.009+0000] {manager.py:997} INFO - 
================================================================================
DAG File Processing Stats

File Path                  PID    Runtime      # DAGs    # Errors  Last Runtime    Last Run               Last # of DB Queries
-------------------------  -----  ---------  --------  ----------  --------------  -------------------  ----------------------
/opt/airflow/dags/main.py                           3           0  0.23s           2026-08-18T19:36:05                      18
================================================================================
[2026-08-18T19:36:37.294+0000] {manager.py:997} INFO - 
================================================================================
DAG File Processing Stats

File Path                  PID    Runtime      # DAGs    # Errors  Last Runtime    Last Run               Last # of DB Queries
-------------------------  -----  ---------  --------  ----------  --------------  -------------------  ----------------------
/opt/airflow/dags/main.py                           3           0  0.21s           2026-08-18T19:36:35                      18
================================================================================
[2026-08-18T19:37:07.690+0000] {manager.py:997} INFO - 
================================================================================
DAG File Processing Stats

File Path                  PID    Runtime      # DAGs    # Errors  Last Runtime    Last Run               Last # of DB Queries
-------------------------  -----  ---------  --------  ----------  --------------  -------------------  ----------------------
/opt/airflow/dags/main.py                           3           0  0.21s           2026-08-18T19:37:05                      18
================================================================================
[2026-08-18T19:37:37.982+0000] {manager.py:997} INFO - 
================================================================================
DAG File Processing Stats

File Path                  PID    Runtime      # DAGs    # Errors  Last Runtime    Last Run               Last # of DB Queries
-------------------------  -----  ---------  --------  ----------  --------------  -------------------  ----------------------
/opt/airflow/dags/main.py                           3           0  0.19s           2026-08-18T19:37:36                      18
================================================================================
[2026-08-18T19:38:08.384+0000] {manager.py:997} INFO - 
================================================================================
DAG File Processing Stats

File Path                  PID    Runtime      # DAGs    # Errors  Last Runtime    Last Run               Last # of DB Queries
-------------------------  -----  ---------  --------  ----------  --------------  -------------------  ----------------------
/opt/airflow/dags/main.py                           3           0  0.19s           2026-08-18T19:38:06                      18
================================================================================
[2026-08-18T19:38:38.712+0000] {manager.py:997} INFO - 
================================================================================
DAG File Processing Stats

File Path                  PID    Runtime      # DAGs    # Errors  Last Runtime    Last Run               Last # of DB Queries
-------------------------  -----  ---------  --------  ----------  --------------  -------------------  ----------------------
/opt/airflow/dags/main.py                           3           0  0.19s           2026-08-18T19:38:36                      18
================================================================================
[2026-08-18T19:39:09.193+0000] {manager.py:997} INFO - 
================================================================================
DAG File Processing Stats

File Path                  PID    Runtime      # DAGs    # Errors  Last Runtime    Last Run               Last # of DB Queries
-------------------------  -----  ---------  --------  ----------  --------------  -------------------  ----------------------
/opt/airflow/dags/main.py                           3           0  0.26s           2026-08-18T19:39:07                      18
================================================================================
[2026-08-18T19:39:39.460+0000] {manager.py:997} INFO - 
================================================================================
DAG File Processing Stats

File Path                  PID    Runtime      # DAGs    # Errors  Last Runtime    Last Run               Last # of DB Queries
-------------------------  -----  ---------  --------  ----------  --------------  -------------------  ----------------------
/opt/airflow/dags/main.py                           3           0  0.17s           2026-08-18T19:39:37                      18
================================================================================
[2026-08-18T19:40:03.647+0000] {manager.py:821} INFO - Searching for files in /opt/airflow/dags
[2026-08-18T19:40:03.762+0000] {manager.py:824} INFO - There are 1 files in /opt/airflow/dags
[2026-08-18T19:40:09.887+0000] {manager.py:997} INFO - 
================================================================================
DAG File Processing Stats

File Path                  PID    Runtime      # DAGs    # Errors  Last Runtime    Last Run               Last # of DB Queries
-------------------------  -----  ---------  --------  ----------  --------------  -------------------  ----------------------
/opt/airflow/dags/main.py                           3           0  0.21s           2026-08-18T19:40:08                      18
================================================================================
[2026-08-18T19:40:40.253+0000] {manager.py:997} INFO - 
================================================================================
DAG File Processing Stats

File Path                  PID    Runtime      # DAGs    # Errors  Last Runtime    Last Run               Last # of DB Queries
-------------------------  -----  ---------  --------  ----------  --------------  -------------------  ----------------------
/opt/airflow/dags/main.py                           3           0  0.21s           2026-08-18T19:40:38                      18
================================================================================
[2026-08-18T19:41:10.603+0000] {manager.py:997} INFO - 
================================================================================
DAG File Processing Stats

File Path                  PID    Runtime      # DAGs    # Errors  Last Runtime    Last Run               Last # of DB Queries
-------------------------  -----  ---------  --------  ----------  --------------  -------------------  ----------------------
/opt/airflow/dags/main.py                           3           0  0.24s           2026-08-18T19:41:08                      18
================================================================================
[2026-08-18T19:41:40.994+0000] {manager.py:997} INFO - 
================================================================================
DAG File Processing Stats

File Path                  PID    Runtime      # DAGs    # Errors  Last Runtime    Last Run               Last # of DB Queries
-------------------------  -----  ---------  --------  ----------  --------------  -------------------  ----------------------
/opt/airflow/dags/main.py                           3           0  0.20s           2026-08-18T19:41:39                      18
================================================================================
[2026-08-18T19:42:11.287+0000] {manager.py:997} INFO - 
================================================================================
DAG File Processing Stats

File Path                  PID    Runtime      # DAGs    # Errors  Last Runtime    Last Run               Last # of DB Queries
-------------------------  -----  ---------  --------  ----------  --------------  -------------------  ----------------------
/opt/airflow/dags/main.py                           3           0  0.22s           2026-08-18T19:42:09                      18
================================================================================
[2026-08-18T20:44:55.654+0000] {manager.py:821} INFO - Searching for files in /opt/airflow/dags
[2026-08-18T20:44:56.020+0000] {manager.py:824} INFO - There are 1 files in /opt/airflow/dags
[2026-08-18T20:45:02.707+0000] {manager.py:997} INFO - 
================================================================================
DAG File Processing Stats

File Path                  PID    Runtime      # DAGs    # Errors  Last Runtime    Last Run               Last # of DB Queries
-------------------------  -----  ---------  --------  ----------  --------------  -------------------  ----------------------
/opt/airflow/dags/main.py                           3           0  0.60s           2026-08-18T20:44:56                      18
================================================================================
[2026-08-18T20:45:32.949+0000] {manager.py:997} INFO - 
================================================================================
DAG File Processing Stats

File Path                  PID    Runtime      # DAGs    # Errors  Last Runtime    Last Run               Last # of DB Queries
-------------------------  -----  ---------  --------  ----------  --------------  -------------------  ----------------------
/opt/airflow/dags/main.py                           3           0  0.23s           2026-08-18T20:45:27                      18
================================================================================
[2026-08-18T20:46:03.422+0000] {manager.py:997} INFO - 
================================================================================
DAG File Processing Stats

File Path                  PID    Runtime      # DAGs    # Errors  Last Runtime    Last Run               Last # of DB Queries
-------------------------  -----  ---------  --------  ----------  --------------  -------------------  ----------------------
/opt/airflow/dags/main.py                           3           0  0.37s           2026-08-18T20:45:57                      18
================================================================================
[2026-08-18T20:46:33.826+0000] {manager.py:997} INFO - 
================================================================================
DAG File Processing Stats

File Path                  PID    Runtime      # DAGs    # Errors  Last Runtime    Last Run               Last # of DB Queries
-------------------------  -----  ---------  --------  ----------  --------------  -------------------  ----------------------
/opt/airflow/dags/main.py                           3           0  0.21s           2026-08-18T20:46:27                      18
================================================================================
[2026-08-18T20:47:04.079+0000] {manager.py:997} INFO - 
================================================================================
DAG File Processing Stats

File Path                  PID    Runtime      # DAGs    # Errors  Last Runtime    Last Run               Last # of DB Queries
-------------------------  -----  ---------  --------  ----------  --------------  -------------------  ----------------------
/opt/airflow/dags/main.py                           3           0  0.21s           2026-08-18T20:46:58                      18
================================================================================
[2026-08-18T20:47:34.489+0000] {manager.py:997} INFO - 
================================================================================
DAG File Processing Stats

File Path                  PID    Runtime      # DAGs    # Errors  Last Runtime    Last Run               Last # of DB Queries
-------------------------  -----  ---------  --------  ----------  --------------  -------------------  ----------------------
/opt/airflow/dags/main.py                           3           0  0.22s           2026-08-18T20:47:28                      18
================================================================================
[2026-08-18T20:48:04.749+0000] {manager.py:997} INFO - 
================================================================================
DAG File Processing Stats

File Path                  PID    Runtime      # DAGs    # Errors  Last Runtime    Last Run               Last # of DB Queries
-------------------------  -----  ---------  --------  ----------  --------------  -------------------  ----------------------
/opt/airflow/dags/main.py                           3           0  0.21s           2026-08-18T20:47:58                      18
================================================================================
[2026-08-18T20:48:35.218+0000] {manager.py:997} INFO - 
================================================================================
DAG File Processing Stats

File Path                  PID    Runtime      # DAGs    # Errors  Last Runtime    Last Run               Last # of DB Queries
-------------------------  -----  ---------  --------  ----------  --------------  -------------------  ----------------------
/opt/airflow/dags/main.py                           3           0  0.19s           2026-08-18T20:48:29                      18
================================================================================
[2026-08-18T20:49:05.604+0000] {manager.py:997} INFO - 
================================================================================
DAG File Processing Stats

File Path                  PID    Runtime      # DAGs    # Errors  Last Runtime    Last Run               Last # of DB Queries
-------------------------  -----  ---------  --------  ----------  --------------  -------------------  ----------------------
/opt/airflow/dags/main.py                           3           0  0.18s           2026-08-18T20:48:59                      18
================================================================================
[2026-08-18T20:49:35.991+0000] {manager.py:997} INFO - 
================================================================================
DAG File Processing Stats

File Path                  PID    Runtime      # DAGs    # Errors  Last Runtime    Last Run               Last # of DB Queries
-------------------------  -----  ---------  --------  ----------  --------------  -------------------  ----------------------
/opt/airflow/dags/main.py                           3           0  0.18s           2026-08-18T20:49:30                      18
================================================================================
[2026-08-18T20:49:56.164+0000] {manager.py:821} INFO - Searching for files in /opt/airflow/dags
[2026-08-18T20:49:56.516+0000] {manager.py:824} INFO - There are 1 files in /opt/airflow/dags
[2026-08-18T20:50:06.645+0000] {manager.py:997} INFO - 
================================================================================
DAG File Processing Stats

File Path                  PID    Runtime      # DAGs    # Errors  Last Runtime    Last Run               Last # of DB Queries
-------------------------  -----  ---------  --------  ----------  --------------  -------------------  ----------------------
/opt/airflow/dags/main.py                           3           0  0.18s           2026-08-18T20:50:00                      18
================================================================================
[2026-08-18T20:50:37.048+0000] {manager.py:997} INFO - 
================================================================================
DAG File Processing Stats

File Path                  PID    Runtime      # DAGs    # Errors  Last Runtime    Last Run               Last # of DB Queries
-------------------------  -----  ---------  --------  ----------  --------------  -------------------  ----------------------
/opt/airflow/dags/main.py                           3           0  0.18s           2026-08-18T20:50:31                      18
================================================================================
[2026-08-18T20:51:07.330+0000] {manager.py:997} INFO - 
================================================================================
DAG File Processing Stats

File Path                  PID    Runtime      # DAGs    # Errors  Last Runtime    Last Run               Last # of DB Queries
-------------------------  -----  ---------  --------  ----------  --------------  -------------------  ----------------------
/opt/airflow/dags/main.py                           3           0  0.18s           2026-08-18T20:51:01                      18
================================================================================
[2026-08-18T20:51:37.718+0000] {manager.py:997} INFO - 
================================================================================
DAG File Processing Stats

File Path                  PID    Runtime      # DAGs    # Errors  Last Runtime    Last Run               Last # of DB Queries
-------------------------  -----  ---------  --------  ----------  --------------  -------------------  ----------------------
/opt/airflow/dags/main.py                           3           0  0.22s           2026-08-18T20:51:31                      18
================================================================================
[2026-08-18T20:52:08.069+0000] {manager.py:997} INFO - 
================================================================================
DAG File Processing Stats

File Path                  PID    Runtime      # DAGs    # Errors  Last Runtime    Last Run               Last # of DB Queries
-------------------------  -----  ---------  --------  ----------  --------------  -------------------  ----------------------
/opt/airflow/dags/main.py                           3           0  0.17s           2026-08-18T20:52:02                      18
================================================================================
[2026-08-18T21:54:18.953+0000] {manager.py:997} INFO - 
================================================================================
DAG File Processing Stats

File Path                  PID    Runtime      # DAGs    # Errors  Last Runtime    Last Run               Last # of DB Queries
-------------------------  -----  ---------  --------  ----------  --------------  -------------------  ----------------------
/opt/airflow/dags/main.py                           3           0  0.18s           2026-08-18T20:52:32                      18
================================================================================
[2026-08-18T21:54:19.082+0000] {manager.py:821} INFO - Searching for files in /opt/airflow/dags
[2026-08-18T21:54:19.696+0000] {manager.py:824} INFO - There are 1 files in /opt/airflow/dags
[2026-08-18T21:54:49.551+0000] {manager.py:997} INFO - 
================================================================================
DAG File Processing Stats

File Path                  PID    Runtime      # DAGs    # Errors  Last Runtime    Last Run               Last # of DB Queries
-------------------------  -----  ---------  --------  ----------  --------------  -------------------  ----------------------
/opt/airflow/dags/main.py                           3           0  0.26s           2026-08-18T21:54:19                      18
================================================================================
[2026-08-18T21:55:20.614+0000] {manager.py:997} INFO - 
================================================================================
DAG File Processing Stats

File Path                  PID    Runtime      # DAGs    # Errors  Last Runtime    Last Run               Last # of DB Queries
-------------------------  -----  ---------  --------  ----------  --------------  -------------------  ----------------------
/opt/airflow/dags/main.py                           3           0  0.28s           2026-08-18T21:54:50                      18
================================================================================
[2026-08-18T21:55:49.852+0000] {manager.py:997} INFO - 
================================================================================
DAG File Processing Stats

File Path                  PID    Runtime      # DAGs    # Errors  Last Runtime    Last Run               Last # of DB Queries
-------------------------  -----  ---------  --------  ----------  --------------  -------------------  ----------------------
/opt/airflow/dags/main.py                           3           0  0.18s           2026-08-18T21:55:21                      18
================================================================================
[2026-08-18T21:56:20.464+0000] {manager.py:997} INFO - 
================================================================================
DAG File Processing Stats

File Path                  PID    Runtime      # DAGs    # Errors  Last Runtime    Last Run               Last # of DB Queries
-------------------------  -----  ---------  --------  ----------  --------------  -------------------  ----------------------
/opt/airflow/dags/main.py                           3           0  0.21s           2026-08-18T21:55:52                      18
================================================================================
[2026-08-18T21:56:51.284+0000] {manager.py:997} INFO - 
================================================================================
DAG File Processing Stats

File Path                  PID    Runtime      # DAGs    # Errors  Last Runtime    Last Run               Last # of DB Queries
-------------------------  -----  ---------  --------  ----------  --------------  -------------------  ----------------------
/opt/airflow/dags/main.py                           3           0  0.18s           2026-08-18T21:56:22                      18
================================================================================
[2026-08-18T23:28:01.731+0000] {manager.py:821} INFO - Searching for files in /opt/airflow/dags
[2026-08-18T23:28:01.946+0000] {manager.py:824} INFO - There are 1 files in /opt/airflow/dags
[2026-08-18T23:28:30.190+0000] {manager.py:997} INFO - 
================================================================================
DAG File Processing Stats

File Path                  PID    Runtime      # DAGs    # Errors  Last Runtime    Last Run               Last # of DB Queries
-------------------------  -----  ---------  --------  ----------  --------------  -------------------  ----------------------
/opt/airflow/dags/main.py                           3           0  0.26s           2026-08-18T23:28:02                      18
================================================================================
[2026-08-18T23:29:00.645+0000] {manager.py:997} INFO - 
================================================================================
DAG File Processing Stats

File Path                  PID    Runtime      # DAGs    # Errors  Last Runtime    Last Run               Last # of DB Queries
-------------------------  -----  ---------  --------  ----------  --------------  -------------------  ----------------------
/opt/airflow/dags/main.py                           3           0  0.23s           2026-08-18T23:28:32                      18
================================================================================
[2026-08-18T23:29:31.106+0000] {manager.py:997} INFO - 
================================================================================
DAG File Processing Stats

File Path                  PID    Runtime      # DAGs    # Errors  Last Runtime    Last Run               Last # of DB Queries
-------------------------  -----  ---------  --------  ----------  --------------  -------------------  ----------------------
/opt/airflow/dags/main.py                           3           0  0.21s           2026-08-18T23:29:03                      18
================================================================================
[2026-08-18T23:30:01.534+0000] {manager.py:997} INFO - 
================================================================================
DAG File Processing Stats

File Path                  PID    Runtime      # DAGs    # Errors  Last Runtime    Last Run               Last # of DB Queries
-------------------------  -----  ---------  --------  ----------  --------------  -------------------  ----------------------
/opt/airflow/dags/main.py                           3           0  0.22s           2026-08-18T23:29:33                      18
================================================================================
[2026-08-18T23:30:31.781+0000] {manager.py:997} INFO - 
================================================================================
DAG File Processing Stats

File Path                  PID    Runtime      # DAGs    # Errors  Last Runtime    Last Run               Last # of DB Queries
-------------------------  -----  ---------  --------  ----------  --------------  -------------------  ----------------------
/opt/airflow/dags/main.py                           3           0  0.20s           2026-08-18T23:30:03                      18
================================================================================
[2026-08-18T23:31:02.183+0000] {manager.py:997} INFO - 
================================================================================
DAG File Processing Stats

File Path                  PID    Runtime      # DAGs    # Errors  Last Runtime    Last Run               Last # of DB Queries
-------------------------  -----  ---------  --------  ----------  --------------  -------------------  ----------------------
/opt/airflow/dags/main.py                           3           0  0.17s           2026-08-18T23:30:33                      18
================================================================================
[2026-08-18T23:31:32.437+0000] {manager.py:997} INFO - 
================================================================================
DAG File Processing Stats

File Path                  PID    Runtime      # DAGs    # Errors  Last Runtime    Last Run               Last # of DB Queries
-------------------------  -----  ---------  --------  ----------  --------------  -------------------  ----------------------
/opt/airflow/dags/main.py                           3           0  0.18s           2026-08-18T23:31:04                      18
================================================================================
[2026-08-18T23:32:02.812+0000] {manager.py:997} INFO - 
================================================================================
DAG File Processing Stats

File Path                  PID    Runtime      # DAGs    # Errors  Last Runtime    Last Run               Last # of DB Queries
-------------------------  -----  ---------  --------  ----------  --------------  -------------------  ----------------------
/opt/airflow/dags/main.py                           3           0  0.20s           2026-08-18T23:31:34                      18
================================================================================
[2026-08-18T23:32:33.085+0000] {manager.py:997} INFO - 
================================================================================
DAG File Processing Stats

File Path                  PID    Runtime      # DAGs    # Errors  Last Runtime    Last Run               Last # of DB Queries
-------------------------  -----  ---------  --------  ----------  --------------  -------------------  ----------------------
/opt/airflow/dags/main.py                           3           0  0.20s           2026-08-18T23:32:05                      18
================================================================================
[2026-08-18T23:33:02.474+0000] {manager.py:821} INFO - Searching for files in /opt/airflow/dags
[2026-08-18T23:33:02.615+0000] {manager.py:824} INFO - There are 1 files in /opt/airflow/dags
[2026-08-18T23:33:03.634+0000] {manager.py:997} INFO - 
================================================================================
DAG File Processing Stats

File Path                  PID    Runtime      # DAGs    # Errors  Last Runtime    Last Run               Last # of DB Queries
-------------------------  -----  ---------  --------  ----------  --------------  -------------------  ----------------------
/opt/airflow/dags/main.py                           3           0  0.21s           2026-08-18T23:32:35                      18
================================================================================
[2026-08-18T23:33:33.895+0000] {manager.py:997} INFO - 
================================================================================
DAG File Processing Stats

File Path                  PID    Runtime      # DAGs    # Errors  Last Runtime    Last Run               Last # of DB Queries
-------------------------  -----  ---------  --------  ----------  --------------  -------------------  ----------------------
/opt/airflow/dags/main.py                           3           0  0.22s           2026-08-18T23:33:05                      18
================================================================================
[2026-08-18T23:34:04.152+0000] {manager.py:997} INFO - 
================================================================================
DAG File Processing Stats

File Path                  PID    Runtime      # DAGs    # Errors  Last Runtime    Last Run               Last # of DB Queries
-------------------------  -----  ---------  --------  ----------  --------------  -------------------  ----------------------
/opt/airflow/dags/main.py                           3           0  0.18s           2026-08-18T23:33:36                      18
================================================================================
[2026-08-18T23:34:34.580+0000] {manager.py:997} INFO - 
================================================================================
DAG File Processing Stats

File Path                  PID    Runtime      # DAGs    # Errors  Last Runtime    Last Run               Last # of DB Queries
-------------------------  -----  ---------  --------  ----------  --------------  -------------------  ----------------------
/opt/airflow/dags/main.py                           3           0  0.18s           2026-08-18T23:34:06                      18
================================================================================
[2026-08-18T23:35:04.842+0000] {manager.py:997} INFO - 
================================================================================
DAG File Processing Stats

File Path                  PID    Runtime      # DAGs    # Errors  Last Runtime    Last Run               Last # of DB Queries
-------------------------  -----  ---------  --------  ----------  --------------  -------------------  ----------------------
/opt/airflow/dags/main.py                           3           0  0.17s           2026-08-18T23:34:36                      18
================================================================================
[2026-08-18T23:35:35.230+0000] {manager.py:997} INFO - 
================================================================================
DAG File Processing Stats

File Path                  PID    Runtime      # DAGs    # Errors  Last Runtime    Last Run               Last # of DB Queries
-------------------------  -----  ---------  --------  ----------  --------------  -------------------  ----------------------
/opt/airflow/dags/main.py                           3           0  0.17s           2026-08-18T23:35:07                      18
================================================================================
[2026-08-18T23:36:05.481+0000] {manager.py:997} INFO - 
================================================================================
DAG File Processing Stats

File Path                  PID    Runtime      # DAGs    # Errors  Last Runtime    Last Run               Last # of DB Queries
-------------------------  -----  ---------  --------  ----------  --------------  -------------------  ----------------------
/opt/airflow/dags/main.py                           3           0  0.20s           2026-08-18T23:35:37                      18
================================================================================
[2026-08-18T23:36:35.746+0000] {manager.py:997} INFO - 
================================================================================
DAG File Processing Stats

File Path                  PID    Runtime      # DAGs    # Errors  Last Runtime    Last Run               Last # of DB Queries
-------------------------  -----  ---------  --------  ----------  --------------  -------------------  ----------------------
/opt/airflow/dags/main.py                           3           0  0.18s           2026-08-18T23:36:07                      18
================================================================================
[2026-08-18T23:37:06.161+0000] {manager.py:997} INFO - 
================================================================================
DAG File Processing Stats

File Path                  PID    Runtime      # DAGs    # Errors  Last Runtime    Last Run               Last # of DB Queries
-------------------------  -----  ---------  --------  ----------  --------------  -------------------  ----------------------
/opt/airflow/dags/main.py                           3           0  0.17s           2026-08-18T23:36:37                      18
================================================================================
[2026-08-18T23:37:36.424+0000] {manager.py:997} INFO - 
================================================================================
DAG File Processing Stats

File Path                  PID    Runtime      # DAGs    # Errors  Last Runtime    Last Run               Last # of DB Queries
-------------------------  -----  ---------  --------  ----------  --------------  -------------------  ----------------------
/opt/airflow/dags/main.py                           3           0  0.18s           2026-08-18T23:37:08                      18
================================================================================
[2026-08-18T23:38:02.817+0000] {manager.py:821} INFO - Searching for files in /opt/airflow/dags
[2026-08-18T23:38:03.058+0000] {manager.py:824} INFO - There are 1 files in /opt/airflow/dags
[2026-08-18T23:38:07.103+0000] {manager.py:997} INFO - 
================================================================================
DAG File Processing Stats

File Path                  PID    Runtime      # DAGs    # Errors  Last Runtime    Last Run               Last # of DB Queries
-------------------------  -----  ---------  --------  ----------  --------------  -------------------  ----------------------
/opt/airflow/dags/main.py                           3           0  0.21s           2026-08-18T23:37:38                      18
================================================================================
[2026-08-18T23:39:57.735+0000] {manager.py:997} INFO - 
================================================================================
DAG File Processing Stats

File Path                    PID  Runtime      # DAGs    # Errors  Last Runtime    Last Run               Last # of DB Queries
-------------------------  -----  ---------  --------  ----------  --------------  -------------------  ----------------------
/opt/airflow/dags/main.py    971  0.00s             3           0  0.21s           2026-08-18T23:38:09                      18
================================================================================
[2026-08-18T23:40:28.117+0000] {manager.py:997} INFO - 
================================================================================
DAG File Processing Stats

File Path                    PID  Runtime      # DAGs    # Errors  Last Runtime    Last Run               Last # of DB Queries
-------------------------  -----  ---------  --------  ----------  --------------  -------------------  ----------------------
/opt/airflow/dags/main.py    978  0.00s             3           0  0.19s           2026-08-18T23:39:57                      18
================================================================================
[2026-08-18T23:40:58.366+0000] {manager.py:997} INFO - 
================================================================================
DAG File Processing Stats

File Path                    PID  Runtime      # DAGs    # Errors  Last Runtime    Last Run               Last # of DB Queries
-------------------------  -----  ---------  --------  ----------  --------------  -------------------  ----------------------
/opt/airflow/dags/main.py    985  0.00s             3           0  0.23s           2026-08-18T23:40:28                      18
================================================================================
[2026-08-18T23:41:28.812+0000] {manager.py:997} INFO - 
================================================================================
DAG File Processing Stats

File Path                    PID  Runtime      # DAGs    # Errors  Last Runtime    Last Run               Last # of DB Queries
-------------------------  -----  ---------  --------  ----------  --------------  -------------------  ----------------------
/opt/airflow/dags/main.py    992  0.00s             3           0  0.21s           2026-08-18T23:40:58                      18
================================================================================
[2026-08-18T23:41:59.069+0000] {manager.py:997} INFO - 
================================================================================
DAG File Processing Stats

File Path                    PID  Runtime      # DAGs    # Errors  Last Runtime    Last Run               Last # of DB Queries
-------------------------  -----  ---------  --------  ----------  --------------  -------------------  ----------------------
/opt/airflow/dags/main.py    999  0.01s             3           0  0.21s           2026-08-18T23:41:29                      18
================================================================================
[2026-08-18T23:42:29.457+0000] {manager.py:997} INFO - 
================================================================================
DAG File Processing Stats

File Path                    PID  Runtime      # DAGs    # Errors  Last Runtime    Last Run               Last # of DB Queries
-------------------------  -----  ---------  --------  ----------  --------------  -------------------  ----------------------
/opt/airflow/dags/main.py   1006  0.00s             3           0  0.22s           2026-08-18T23:41:59                      18
================================================================================
[2026-08-18T23:45:17.511+0000] {manager.py:483} INFO - Processing files using up to 2 processes at a time 
[2026-08-18T23:45:17.516+0000] {manager.py:484} INFO - Process each file at most once every 30 seconds
[2026-08-18T23:45:17.519+0000] {manager.py:485} INFO - Checking for new files in /opt/airflow/dags every 300 seconds
[2026-08-18T23:45:17.523+0000] {manager.py:821} INFO - Searching for files in /opt/airflow/dags
[2026-08-18T23:45:17.791+0000] {manager.py:824} INFO - There are 1 files in /opt/airflow/dags
[2026-08-18T23:45:17.989+0000] {manager.py:997} INFO - 
================================================================================
DAG File Processing Stats

File Path                    PID  Runtime      # DAGs    # Errors  Last Runtime    Last Run      Last # of DB Queries
-------------------------  -----  ---------  --------  ----------  --------------  ----------  ----------------------
/opt/airflow/dags/main.py     62  0.06s             0           0                                                   0
================================================================================
[2026-08-18T23:45:48.012+0000] {manager.py:997} INFO - 
================================================================================
DAG File Processing Stats

File Path                  PID    Runtime      # DAGs    # Errors  Last Runtime    Last Run               Last # of DB Queries
-------------------------  -----  ---------  --------  ----------  --------------  -------------------  ----------------------
/opt/airflow/dags/main.py                           3           0  0.82s           2026-08-18T23:45:18                      18
================================================================================
[2026-08-18T23:46:18.477+0000] {manager.py:997} INFO - 
================================================================================
DAG File Processing Stats

File Path                  PID    Runtime      # DAGs    # Errors  Last Runtime    Last Run               Last # of DB Queries
-------------------------  -----  ---------  --------  ----------  --------------  -------------------  ----------------------
/opt/airflow/dags/main.py                           3           0  0.24s           2026-08-18T23:45:49                      18
================================================================================
[2026-08-18T23:46:48.825+0000] {manager.py:997} INFO - 
================================================================================
DAG File Processing Stats

File Path                  PID    Runtime      # DAGs    # Errors  Last Runtime    Last Run               Last # of DB Queries
-------------------------  -----  ---------  --------  ----------  --------------  -------------------  ----------------------
/opt/airflow/dags/main.py                           3           0  0.19s           2026-08-18T23:46:19                      18
================================================================================
[2026-08-18T23:47:19.115+0000] {manager.py:997} INFO - 
================================================================================
DAG File Processing Stats

File Path                  PID    Runtime      # DAGs    # Errors  Last Runtime    Last Run               Last # of DB Queries
-------------------------  -----  ---------  --------  ----------  --------------  -------------------  ----------------------
/opt/airflow/dags/main.py                           3           0  0.18s           2026-08-18T23:46:50                      18
================================================================================
[2026-08-18T23:47:49.505+0000] {manager.py:997} INFO - 
================================================================================
DAG File Processing Stats

File Path                  PID    Runtime      # DAGs    # Errors  Last Runtime    Last Run               Last # of DB Queries
-------------------------  -----  ---------  --------  ----------  --------------  -------------------  ----------------------
/opt/airflow/dags/main.py                           3           0  0.18s           2026-08-18T23:47:20                      18
================================================================================
[2026-08-18T23:48:19.771+0000] {manager.py:997} INFO - 
================================================================================
DAG File Processing Stats

File Path                  PID    Runtime      # DAGs    # Errors  Last Runtime    Last Run               Last # of DB Queries
-------------------------  -----  ---------  --------  ----------  --------------  -------------------  ----------------------
/opt/airflow/dags/main.py                           3           0  0.18s           2026-08-18T23:47:50                      18
================================================================================
[2026-08-18T23:48:50.147+0000] {manager.py:997} INFO - 
================================================================================
DAG File Processing Stats

File Path                  PID    Runtime      # DAGs    # Errors  Last Runtime    Last Run               Last # of DB Queries
-------------------------  -----  ---------  --------  ----------  --------------  -------------------  ----------------------
/opt/airflow/dags/main.py                           3           0  0.23s           2026-08-18T23:48:21                      18
================================================================================
[2026-08-18T23:49:20.433+0000] {manager.py:997} INFO - 
================================================================================
DAG File Processing Stats

File Path                  PID    Runtime      # DAGs    # Errors  Last Runtime    Last Run               Last # of DB Queries
-------------------------  -----  ---------  --------  ----------  --------------  -------------------  ----------------------
/opt/airflow/dags/main.py                           3           0  0.20s           2026-08-18T23:48:51                      18
================================================================================
[2026-08-18T23:49:50.828+0000] {manager.py:997} INFO - 
================================================================================
DAG File Processing Stats

File Path                  PID    Runtime      # DAGs    # Errors  Last Runtime    Last Run               Last # of DB Queries
-------------------------  -----  ---------  --------  ----------  --------------  -------------------  ----------------------
/opt/airflow/dags/main.py                           3           0  0.23s           2026-08-18T23:49:21                      18
================================================================================
[2026-08-18T23:50:18.126+0000] {manager.py:821} INFO - Searching for files in /opt/airflow/dags
[2026-08-18T23:50:18.231+0000] {manager.py:824} INFO - There are 1 files in /opt/airflow/dags
[2026-08-18T23:50:21.272+0000] {manager.py:997} INFO - 
================================================================================
DAG File Processing Stats

File Path                  PID    Runtime      # DAGs    # Errors  Last Runtime    Last Run               Last # of DB Queries
-------------------------  -----  ---------  --------  ----------  --------------  -------------------  ----------------------
/opt/airflow/dags/main.py                           3           0  0.19s           2026-08-18T23:49:52                      18
================================================================================
[2026-08-18T23:50:51.517+0000] {manager.py:997} INFO - 
================================================================================
DAG File Processing Stats

File Path                  PID    Runtime      # DAGs    # Errors  Last Runtime    Last Run               Last # of DB Queries
-------------------------  -----  ---------  --------  ----------  --------------  -------------------  ----------------------
/opt/airflow/dags/main.py                           3           0  0.23s           2026-08-18T23:50:22                      18
================================================================================
[2026-08-18T23:51:21.966+0000] {manager.py:997} INFO - 
================================================================================
DAG File Processing Stats

File Path                  PID    Runtime      # DAGs    # Errors  Last Runtime    Last Run               Last # of DB Queries
-------------------------  -----  ---------  --------  ----------  --------------  -------------------  ----------------------
/opt/airflow/dags/main.py                           3           0  0.22s           2026-08-18T23:50:52                      18
================================================================================
[2026-08-18T23:51:52.223+0000] {manager.py:997} INFO - 
================================================================================
DAG File Processing Stats

File Path                  PID    Runtime      # DAGs    # Errors  Last Runtime    Last Run               Last # of DB Queries
-------------------------  -----  ---------  --------  ----------  --------------  -------------------  ----------------------
/opt/airflow/dags/main.py                           3           0  0.21s           2026-08-18T23:51:23                      18
================================================================================
[2026-08-18T23:52:22.633+0000] {manager.py:997} INFO - 
================================================================================
DAG File Processing Stats

File Path                  PID    Runtime      # DAGs    # Errors  Last Runtime    Last Run               Last # of DB Queries
-------------------------  -----  ---------  --------  ----------  --------------  -------------------  ----------------------
/opt/airflow/dags/main.py                           3           0  0.25s           2026-08-18T23:51:53                      18
================================================================================
[2026-08-18T23:52:52.964+0000] {manager.py:997} INFO - 
================================================================================
DAG File Processing Stats

File Path                  PID    Runtime      # DAGs    # Errors  Last Runtime    Last Run               Last # of DB Queries
-------------------------  -----  ---------  --------  ----------  --------------  -------------------  ----------------------
/opt/airflow/dags/main.py                           3           0  0.22s           2026-08-18T23:52:23                      18
================================================================================
[2026-08-18T23:53:23.312+0000] {manager.py:997} INFO - 
================================================================================
DAG File Processing Stats

File Path                  PID    Runtime      # DAGs    # Errors  Last Runtime    Last Run               Last # of DB Queries
-------------------------  -----  ---------  --------  ----------  --------------  -------------------  ----------------------
/opt/airflow/dags/main.py                           3           0  0.19s           2026-08-18T23:52:54                      18
================================================================================
[2026-08-18T23:53:53.637+0000] {manager.py:997} INFO - 
================================================================================
DAG File Processing Stats

File Path                  PID    Runtime      # DAGs    # Errors  Last Runtime    Last Run               Last # of DB Queries
-------------------------  -----  ---------  --------  ----------  --------------  -------------------  ----------------------
/opt/airflow/dags/main.py                           3           0  0.26s           2026-08-18T23:53:24                      18
================================================================================
[2026-08-18T23:54:24.054+0000] {manager.py:997} INFO - 
================================================================================
DAG File Processing Stats

File Path                  PID    Runtime      # DAGs    # Errors  Last Runtime    Last Run               Last # of DB Queries
-------------------------  -----  ---------  --------  ----------  --------------  -------------------  ----------------------
/opt/airflow/dags/main.py                           3           0  0.25s           2026-08-18T23:53:54                      18
================================================================================
[2026-08-18T23:54:54.335+0000] {manager.py:997} INFO - 
================================================================================
DAG File Processing Stats

File Path                  PID    Runtime      # DAGs    # Errors  Last Runtime    Last Run               Last # of DB Queries
-------------------------  -----  ---------  --------  ----------  --------------  -------------------  ----------------------
/opt/airflow/dags/main.py                           3           0  0.22s           2026-08-18T23:54:25                      18
================================================================================
[2026-08-18T23:55:18.669+0000] {manager.py:821} INFO - Searching for files in /opt/airflow/dags
[2026-08-18T23:55:18.871+0000] {manager.py:824} INFO - There are 1 files in /opt/airflow/dags
[2026-08-18T23:55:24.938+0000] {manager.py:997} INFO - 
================================================================================
DAG File Processing Stats

File Path                  PID    Runtime      # DAGs    # Errors  Last Runtime    Last Run               Last # of DB Queries
-------------------------  -----  ---------  --------  ----------  --------------  -------------------  ----------------------
/opt/airflow/dags/main.py                           3           0  0.25s           2026-08-18T23:54:55                      18
================================================================================
[2026-08-18T23:55:55.184+0000] {manager.py:997} INFO - 
================================================================================
DAG File Processing Stats

File Path                  PID    Runtime      # DAGs    # Errors  Last Runtime    Last Run               Last # of DB Queries
-------------------------  -----  ---------  --------  ----------  --------------  -------------------  ----------------------
/opt/airflow/dags/main.py                           3           0  0.24s           2026-08-18T23:55:26                      18
================================================================================
[2026-08-18T23:56:25.645+0000] {manager.py:997} INFO - 
================================================================================
DAG File Processing Stats

File Path                  PID    Runtime      # DAGs    # Errors  Last Runtime    Last Run               Last # of DB Queries
-------------------------  -----  ---------  --------  ----------  --------------  -------------------  ----------------------
/opt/airflow/dags/main.py                           3           0  0.23s           2026-08-18T23:55:56                      18
================================================================================
[2026-08-18T23:56:56.060+0000] {manager.py:997} INFO - 
================================================================================
DAG File Processing Stats

File Path                  PID    Runtime      # DAGs    # Errors  Last Runtime    Last Run               Last # of DB Queries
-------------------------  -----  ---------  --------  ----------  --------------  -------------------  ----------------------
/opt/airflow/dags/main.py                           3           0  0.24s           2026-08-18T23:56:26                      18
================================================================================
[2026-08-18T23:57:26.353+0000] {manager.py:997} INFO - 
================================================================================
DAG File Processing Stats

File Path                  PID    Runtime      # DAGs    # Errors  Last Runtime    Last Run               Last # of DB Queries
-------------------------  -----  ---------  --------  ----------  --------------  -------------------  ----------------------
/opt/airflow/dags/main.py                           3           0  0.26s           2026-08-18T23:56:57                      18
================================================================================
[2026-08-18T23:57:56.794+0000] {manager.py:997} INFO - 
================================================================================
DAG File Processing Stats

File Path                  PID    Runtime      # DAGs    # Errors  Last Runtime    Last Run               Last # of DB Queries
-------------------------  -----  ---------  --------  ----------  --------------  -------------------  ----------------------
/opt/airflow/dags/main.py                           3           0  0.21s           2026-08-18T23:57:27                      18
================================================================================
[2026-08-18T23:58:27.035+0000] {manager.py:997} INFO - 
================================================================================
DAG File Processing Stats

File Path                  PID    Runtime      # DAGs    # Errors  Last Runtime    Last Run               Last # of DB Queries
-------------------------  -----  ---------  --------  ----------  --------------  -------------------  ----------------------
/opt/airflow/dags/main.py                           3           0  0.28s           2026-08-18T23:57:58                      18
================================================================================
[2026-08-18T23:58:57.569+0000] {manager.py:997} INFO - 
================================================================================
DAG File Processing Stats

File Path                  PID    Runtime      # DAGs    # Errors  Last Runtime    Last Run               Last # of DB Queries
-------------------------  -----  ---------  --------  ----------  --------------  -------------------  ----------------------
/opt/airflow/dags/main.py                           3           0  0.23s           2026-08-18T23:58:28                      18
================================================================================
[2026-08-18T23:59:28.016+0000] {manager.py:997} INFO - 
================================================================================
DAG File Processing Stats

File Path                  PID    Runtime      # DAGs    # Errors  Last Runtime    Last Run               Last # of DB Queries
-------------------------  -----  ---------  --------  ----------  --------------  -------------------  ----------------------
/opt/airflow/dags/main.py                           3           0  0.23s           2026-08-18T23:58:58                      18
================================================================================
[2026-08-18T23:59:58.263+0000] {manager.py:997} INFO - 
================================================================================
DAG File Processing Stats

File Path                  PID    Runtime      # DAGs    # Errors  Last Runtime    Last Run               Last # of DB Queries
-------------------------  -----  ---------  --------  ----------  --------------  -------------------  ----------------------
/opt/airflow/dags/main.py                           3           0  0.24s           2026-08-18T23:59:29                      18
================================================================================
[2026-08-19T00:00:18.875+0000] {manager.py:821} INFO - Searching for files in /opt/airflow/dags
[2026-08-19T00:00:19.062+0000] {manager.py:824} INFO - There are 1 files in /opt/airflow/dags
[2026-08-19T00:00:28.718+0000] {manager.py:997} INFO - 
================================================================================
DAG File Processing Stats

File Path                  PID    Runtime      # DAGs    # Errors  Last Runtime    Last Run               Last # of DB Queries
-------------------------  -----  ---------  --------  ----------  --------------  -------------------  ----------------------
/opt/airflow/dags/main.py                           3           0  0.24s           2026-08-18T23:59:59                      18
================================================================================
[2026-08-19T00:00:59.373+0000] {manager.py:997} INFO - 
================================================================================
DAG File Processing Stats

File Path                  PID    Runtime      # DAGs    # Errors  Last Runtime    Last Run               Last # of DB Queries
-------------------------  -----  ---------  --------  ----------  --------------  -------------------  ----------------------
/opt/airflow/dags/main.py                           3           0  0.24s           2026-08-19T00:00:30                      18
================================================================================
[2026-08-19T00:01:29.870+0000] {manager.py:997} INFO - 
================================================================================
DAG File Processing Stats

File Path                  PID    Runtime      # DAGs    # Errors  Last Runtime    Last Run               Last # of DB Queries
-------------------------  -----  ---------  --------  ----------  --------------  -------------------  ----------------------
/opt/airflow/dags/main.py                           3           0  0.23s           2026-08-19T00:01:00                      18
================================================================================
[2026-08-19T00:02:00.290+0000] {manager.py:997} INFO - 
================================================================================
DAG File Processing Stats

File Path                  PID    Runtime      # DAGs    # Errors  Last Runtime    Last Run               Last # of DB Queries
-------------------------  -----  ---------  --------  ----------  --------------  -------------------  ----------------------
/opt/airflow/dags/main.py                           3           0  0.20s           2026-08-19T00:01:31                      18
================================================================================
[2026-08-19T00:02:30.585+0000] {manager.py:997} INFO - 
================================================================================
DAG File Processing Stats

File Path                  PID    Runtime      # DAGs    # Errors  Last Runtime    Last Run               Last # of DB Queries
-------------------------  -----  ---------  --------  ----------  --------------  -------------------  ----------------------
/opt/airflow/dags/main.py                           3           0  0.26s           2026-08-19T00:02:01                      18
================================================================================
[2026-08-19T00:03:01.053+0000] {manager.py:997} INFO - 
================================================================================
DAG File Processing Stats

File Path                  PID    Runtime      # DAGs    # Errors  Last Runtime    Last Run               Last # of DB Queries
-------------------------  -----  ---------  --------  ----------  --------------  -------------------  ----------------------
/opt/airflow/dags/main.py                           3           0  0.22s           2026-08-19T00:02:31                      18
================================================================================
[2026-08-19T00:03:31.326+0000] {manager.py:997} INFO - 
================================================================================
DAG File Processing Stats

File Path                  PID    Runtime      # DAGs    # Errors  Last Runtime    Last Run               Last # of DB Queries
-------------------------  -----  ---------  --------  ----------  --------------  -------------------  ----------------------
/opt/airflow/dags/main.py                           3           0  0.24s           2026-08-19T00:03:02                      18
================================================================================
[2026-08-19T00:04:01.572+0000] {manager.py:997} INFO - 
================================================================================
DAG File Processing Stats

File Path                  PID    Runtime      # DAGs    # Errors  Last Runtime    Last Run               Last # of DB Queries
-------------------------  -----  ---------  --------  ----------  --------------  -------------------  ----------------------
/opt/airflow/dags/main.py                           3           0  0.24s           2026-08-19T00:03:32                      18
================================================================================
[2026-08-19T00:04:32.030+0000] {manager.py:997} INFO - 
================================================================================
DAG File Processing Stats

File Path                  PID    Runtime      # DAGs    # Errors  Last Runtime    Last Run               Last # of DB Queries
-------------------------  -----  ---------  --------  ----------  --------------  -------------------  ----------------------
/opt/airflow/dags/main.py                           3           0  0.23s           2026-08-19T00:04:03                      18
================================================================================
[2026-08-19T00:05:02.444+0000] {manager.py:997} INFO - 
================================================================================
DAG File Processing Stats

File Path                  PID    Runtime      # DAGs    # Errors  Last Runtime    Last Run               Last # of DB Queries
-------------------------  -----  ---------  --------  ----------  --------------  -------------------  ----------------------
/opt/airflow/dags/main.py                           3           0  0.25s           2026-08-19T00:04:33                      18
================================================================================
[2026-08-19T00:05:19.657+0000] {manager.py:821} INFO - Searching for files in /opt/airflow/dags
[2026-08-19T00:05:19.870+0000] {manager.py:824} INFO - There are 1 files in /opt/airflow/dags
[2026-08-19T00:05:33.011+0000] {manager.py:997} INFO - 
================================================================================
DAG File Processing Stats

File Path                  PID    Runtime      # DAGs    # Errors  Last Runtime    Last Run               Last # of DB Queries
-------------------------  -----  ---------  --------  ----------  --------------  -------------------  ----------------------
/opt/airflow/dags/main.py                           3           0  0.22s           2026-08-19T00:05:03                      18
================================================================================
[2026-08-19T00:06:03.272+0000] {manager.py:997} INFO - 
================================================================================
DAG File Processing Stats

File Path                  PID    Runtime      # DAGs    # Errors  Last Runtime    Last Run               Last # of DB Queries
-------------------------  -----  ---------  --------  ----------  --------------  -------------------  ----------------------
/opt/airflow/dags/main.py                           3           0  0.20s           2026-08-19T00:05:34                      18
================================================================================
[2026-08-19T00:06:33.732+0000] {manager.py:997} INFO - 
================================================================================
DAG File Processing Stats

File Path                  PID    Runtime      # DAGs    # Errors  Last Runtime    Last Run               Last # of DB Queries
-------------------------  -----  ---------  --------  ----------  --------------  -------------------  ----------------------
/opt/airflow/dags/main.py                           3           0  0.18s           2026-08-19T00:06:04                      18
================================================================================
[2026-08-19T00:07:03.986+0000] {manager.py:997} INFO - 
================================================================================
DAG File Processing Stats

File Path                  PID    Runtime      # DAGs    # Errors  Last Runtime    Last Run               Last # of DB Queries
-------------------------  -----  ---------  --------  ----------  --------------  -------------------  ----------------------
/opt/airflow/dags/main.py                           3           0  0.19s           2026-08-19T00:06:34                      18
================================================================================
[2026-08-19T00:07:34.433+0000] {manager.py:997} INFO - 
================================================================================
DAG File Processing Stats

File Path                  PID    Runtime      # DAGs    # Errors  Last Runtime    Last Run               Last # of DB Queries
-------------------------  -----  ---------  --------  ----------  --------------  -------------------  ----------------------
/opt/airflow/dags/main.py                           3           0  0.24s           2026-08-19T00:07:05                      18
================================================================================
[2026-08-19T00:08:04.666+0000] {manager.py:997} INFO - 
================================================================================
DAG File Processing Stats

File Path                  PID    Runtime      # DAGs    # Errors  Last Runtime    Last Run               Last # of DB Queries
-------------------------  -----  ---------  --------  ----------  --------------  -------------------  ----------------------
/opt/airflow/dags/main.py                           3           0  0.26s           2026-08-19T00:07:35                      18
================================================================================
[2026-08-19T00:08:50.489+0000] {manager.py:483} INFO - Processing files using up to 2 processes at a time 
[2026-08-19T00:08:50.491+0000] {manager.py:484} INFO - Process each file at most once every 30 seconds
[2026-08-19T00:08:50.494+0000] {manager.py:485} INFO - Checking for new files in /opt/airflow/dags every 300 seconds
[2026-08-19T00:08:50.495+0000] {manager.py:821} INFO - Searching for files in /opt/airflow/dags
[2026-08-19T00:08:50.682+0000] {manager.py:824} INFO - There are 1 files in /opt/airflow/dags
[2026-08-19T00:08:50.798+0000] {manager.py:997} INFO - 
================================================================================
DAG File Processing Stats

File Path                    PID  Runtime      # DAGs    # Errors  Last Runtime    Last Run      Last # of DB Queries
-------------------------  -----  ---------  --------  ----------  --------------  ----------  ----------------------
/opt/airflow/dags/main.py     56  0.03s             0           0                                                   0
================================================================================
[2026-08-19T00:09:21.064+0000] {manager.py:997} INFO - 
================================================================================
DAG File Processing Stats

File Path                    PID  Runtime      # DAGs    # Errors  Last Runtime    Last Run               Last # of DB Queries
-------------------------  -----  ---------  --------  ----------  --------------  -------------------  ----------------------
/opt/airflow/dags/main.py     63  0.01s             3           0  0.26s           2026-08-19T00:08:51                      18
================================================================================
[2026-08-19T00:09:51.514+0000] {manager.py:997} INFO - 
================================================================================
DAG File Processing Stats

File Path                    PID  Runtime      # DAGs    # Errors  Last Runtime    Last Run               Last # of DB Queries
-------------------------  -----  ---------  --------  ----------  --------------  -------------------  ----------------------
/opt/airflow/dags/main.py     70  0.00s             3           0  0.26s           2026-08-19T00:09:21                      18
================================================================================
[2026-08-19T00:10:21.768+0000] {manager.py:997} INFO - 
================================================================================
DAG File Processing Stats

File Path                    PID  Runtime      # DAGs    # Errors  Last Runtime    Last Run               Last # of DB Queries
-------------------------  -----  ---------  --------  ----------  --------------  -------------------  ----------------------
/opt/airflow/dags/main.py     77  0.01s             3           0  0.22s           2026-08-19T00:09:51                      18
================================================================================
[2026-08-19T00:10:52.228+0000] {manager.py:997} INFO - 
================================================================================
DAG File Processing Stats

File Path                    PID  Runtime      # DAGs    # Errors  Last Runtime    Last Run               Last # of DB Queries
-------------------------  -----  ---------  --------  ----------  --------------  -------------------  ----------------------
/opt/airflow/dags/main.py     84  0.01s             3           0  0.23s           2026-08-19T00:10:21                      18
================================================================================
[2026-08-19T00:11:22.486+0000] {manager.py:997} INFO - 
================================================================================
DAG File Processing Stats

File Path                    PID  Runtime      # DAGs    # Errors  Last Runtime    Last Run               Last # of DB Queries
-------------------------  -----  ---------  --------  ----------  --------------  -------------------  ----------------------
/opt/airflow/dags/main.py     91  0.01s             3           0  0.23s           2026-08-19T00:10:52                      18
================================================================================
[2026-08-19T00:11:52.727+0000] {manager.py:997} INFO - 
================================================================================
DAG File Processing Stats

File Path                  PID    Runtime      # DAGs    # Errors  Last Runtime    Last Run               Last # of DB Queries
-------------------------  -----  ---------  --------  ----------  --------------  -------------------  ----------------------
/opt/airflow/dags/main.py                           3           0  0.27s           2026-08-19T00:11:22                      18
================================================================================
[2026-08-19T00:12:23.190+0000] {manager.py:997} INFO - 
================================================================================
DAG File Processing Stats

File Path                  PID    Runtime      # DAGs    # Errors  Last Runtime    Last Run               Last # of DB Queries
-------------------------  -----  ---------  --------  ----------  --------------  -------------------  ----------------------
/opt/airflow/dags/main.py                           3           0  0.26s           2026-08-19T00:11:53                      18
================================================================================
[2026-08-19T00:12:53.654+0000] {manager.py:997} INFO - 
================================================================================
DAG File Processing Stats

File Path                  PID    Runtime      # DAGs    # Errors  Last Runtime    Last Run               Last # of DB Queries
-------------------------  -----  ---------  --------  ----------  --------------  -------------------  ----------------------
/opt/airflow/dags/main.py                           3           0  0.23s           2026-08-19T00:12:23                      18
================================================================================
[2026-08-19T00:13:24.146+0000] {manager.py:997} INFO - 
================================================================================
DAG File Processing Stats

File Path                    PID  Runtime      # DAGs    # Errors  Last Runtime    Last Run               Last # of DB Queries
-------------------------  -----  ---------  --------  ----------  --------------  -------------------  ----------------------
/opt/airflow/dags/main.py    118  0.00s             3           0  0.22s           2026-08-19T00:12:54                      18
================================================================================
[2026-08-19T00:13:50.549+0000] {manager.py:821} INFO - Searching for files in /opt/airflow/dags
[2026-08-19T00:13:50.667+0000] {manager.py:824} INFO - There are 1 files in /opt/airflow/dags
[2026-08-19T00:13:54.724+0000] {manager.py:997} INFO - 
================================================================================
DAG File Processing Stats

File Path                    PID  Runtime      # DAGs    # Errors  Last Runtime    Last Run               Last # of DB Queries
-------------------------  -----  ---------  --------  ----------  --------------  -------------------  ----------------------
/opt/airflow/dags/main.py    131  0.00s             3           0  0.20s           2026-08-19T00:13:24                      18
================================================================================
[2026-08-19T00:14:24.972+0000] {manager.py:997} INFO - 
================================================================================
DAG File Processing Stats

File Path                    PID  Runtime      # DAGs    # Errors  Last Runtime    Last Run               Last # of DB Queries
-------------------------  -----  ---------  --------  ----------  --------------  -------------------  ----------------------
/opt/airflow/dags/main.py    138  0.00s             3           0  0.22s           2026-08-19T00:13:54                      18
================================================================================
[2026-08-19T00:14:55.193+0000] {manager.py:997} INFO - 
================================================================================
DAG File Processing Stats

File Path                    PID  Runtime      # DAGs    # Errors  Last Runtime    Last Run               Last # of DB Queries
-------------------------  -----  ---------  --------  ----------  --------------  -------------------  ----------------------
/opt/airflow/dags/main.py    145  0.00s             3           0  0.20s           2026-08-19T00:14:25                      18
================================================================================
[2026-08-19T00:15:25.631+0000] {manager.py:997} INFO - 
================================================================================
DAG File Processing Stats

File Path                    PID  Runtime      # DAGs    # Errors  Last Runtime    Last Run               Last # of DB Queries
-------------------------  -----  ---------  --------  ----------  --------------  -------------------  ----------------------
/opt/airflow/dags/main.py    152  0.00s             3           0  0.24s           2026-08-19T00:14:55                      18
================================================================================
[2026-08-19T00:15:55.903+0000] {manager.py:997} INFO - 
================================================================================
DAG File Processing Stats

File Path                    PID  Runtime      # DAGs    # Errors  Last Runtime    Last Run               Last # of DB Queries
-------------------------  -----  ---------  --------  ----------  --------------  -------------------  ----------------------
/opt/airflow/dags/main.py    159  0.00s             3           0  0.21s           2026-08-19T00:15:25                      18
================================================================================
[2026-08-19T00:16:26.324+0000] {manager.py:997} INFO - 
================================================================================
DAG File Processing Stats

File Path                    PID  Runtime      # DAGs    # Errors  Last Runtime    Last Run               Last # of DB Queries
-------------------------  -----  ---------  --------  ----------  --------------  -------------------  ----------------------
/opt/airflow/dags/main.py    166  0.00s             3           0  0.23s           2026-08-19T00:15:56                      18
================================================================================
[2026-08-19T00:16:56.598+0000] {manager.py:997} INFO - 
================================================================================
DAG File Processing Stats

File Path                    PID  Runtime      # DAGs    # Errors  Last Runtime    Last Run               Last # of DB Queries
-------------------------  -----  ---------  --------  ----------  --------------  -------------------  ----------------------
/opt/airflow/dags/main.py    173  0.01s             3           0  0.22s           2026-08-19T00:16:26                      18
================================================================================
[2026-08-19T00:17:27.003+0000] {manager.py:997} INFO - 
================================================================================
DAG File Processing Stats

File Path                    PID  Runtime      # DAGs    # Errors  Last Runtime    Last Run               Last # of DB Queries
-------------------------  -----  ---------  --------  ----------  --------------  -------------------  ----------------------
/opt/airflow/dags/main.py    180  0.00s             3           0  0.30s           2026-08-19T00:16:56                      18
================================================================================
[2026-08-19T00:17:57.372+0000] {manager.py:997} INFO - 
================================================================================
DAG File Processing Stats

File Path                    PID  Runtime      # DAGs    # Errors  Last Runtime    Last Run               Last # of DB Queries
-------------------------  -----  ---------  --------  ----------  --------------  -------------------  ----------------------
/opt/airflow/dags/main.py    187  0.00s             3           0  0.21s           2026-08-19T00:17:27                      18
================================================================================
[2026-08-19T00:18:27.703+0000] {manager.py:997} INFO - 
================================================================================
DAG File Processing Stats

File Path                    PID  Runtime      # DAGs    # Errors  Last Runtime    Last Run               Last # of DB Queries
-------------------------  -----  ---------  --------  ----------  --------------  -------------------  ----------------------
/opt/airflow/dags/main.py    194  0.00s             3           0  0.23s           2026-08-19T00:17:57                      18
================================================================================
[2026-08-19T00:18:50.969+0000] {manager.py:821} INFO - Searching for files in /opt/airflow/dags
[2026-08-19T00:18:51.127+0000] {manager.py:824} INFO - There are 1 files in /opt/airflow/dags
[2026-08-19T00:18:58.216+0000] {manager.py:997} INFO - 
================================================================================
DAG File Processing Stats

File Path                    PID  Runtime      # DAGs    # Errors  Last Runtime    Last Run               Last # of DB Queries
-------------------------  -----  ---------  --------  ----------  --------------  -------------------  ----------------------
/opt/airflow/dags/main.py    201  0.00s             3           0  0.24s           2026-08-19T00:18:27                      18
================================================================================
[2026-08-19T00:19:28.478+0000] {manager.py:997} INFO - 
================================================================================
DAG File Processing Stats

File Path                    PID  Runtime      # DAGs    # Errors  Last Runtime    Last Run               Last # of DB Queries
-------------------------  -----  ---------  --------  ----------  --------------  -------------------  ----------------------
/opt/airflow/dags/main.py    208  0.00s             3           0  0.21s           2026-08-19T00:18:58                      18
================================================================================
[2026-08-19T00:19:58.884+0000] {manager.py:997} INFO - 
================================================================================
DAG File Processing Stats

File Path                    PID  Runtime      # DAGs    # Errors  Last Runtime    Last Run               Last # of DB Queries
-------------------------  -----  ---------  --------  ----------  --------------  -------------------  ----------------------
/opt/airflow/dags/main.py    215  0.00s             3           0  0.20s           2026-08-19T00:19:28                      18
================================================================================
[2026-08-19T00:20:29.159+0000] {manager.py:997} INFO - 
================================================================================
DAG File Processing Stats

File Path                    PID  Runtime      # DAGs    # Errors  Last Runtime    Last Run               Last # of DB Queries
-------------------------  -----  ---------  --------  ----------  --------------  -------------------  ----------------------
/opt/airflow/dags/main.py    222  0.01s             3           0  0.19s           2026-08-19T00:19:59                      18
================================================================================
[2026-08-19T00:20:59.553+0000] {manager.py:997} INFO - 
================================================================================
DAG File Processing Stats

File Path                    PID  Runtime      # DAGs    # Errors  Last Runtime    Last Run               Last # of DB Queries
-------------------------  -----  ---------  --------  ----------  --------------  -------------------  ----------------------
/opt/airflow/dags/main.py    229  0.01s             3           0  0.18s           2026-08-19T00:20:29                      18
================================================================================
[2026-08-19T00:21:29.798+0000] {manager.py:997} INFO - 
================================================================================
DAG File Processing Stats

File Path                    PID  Runtime      # DAGs    # Errors  Last Runtime    Last Run               Last # of DB Queries
-------------------------  -----  ---------  --------  ----------  --------------  -------------------  ----------------------
/opt/airflow/dags/main.py    236  0.01s             3           0  0.19s           2026-08-19T00:20:59                      18
================================================================================
[2026-08-19T00:22:00.201+0000] {manager.py:997} INFO - 
================================================================================
DAG File Processing Stats

File Path                    PID  Runtime      # DAGs    # Errors  Last Runtime    Last Run               Last # of DB Queries
-------------------------  -----  ---------  --------  ----------  --------------  -------------------  ----------------------
/opt/airflow/dags/main.py    243  0.00s             3           0  0.25s           2026-08-19T00:21:30                      18
================================================================================
[2026-08-19T00:22:30.471+0000] {manager.py:997} INFO - 
================================================================================
DAG File Processing Stats

File Path                    PID  Runtime      # DAGs    # Errors  Last Runtime    Last Run               Last # of DB Queries
-------------------------  -----  ---------  --------  ----------  --------------  -------------------  ----------------------
/opt/airflow/dags/main.py    250  0.00s             3           0  0.23s           2026-08-19T00:22:00                      18
================================================================================
[2026-08-19T00:23:00.913+0000] {manager.py:997} INFO - 
================================================================================
DAG File Processing Stats

File Path                    PID  Runtime      # DAGs    # Errors  Last Runtime    Last Run               Last # of DB Queries
-------------------------  -----  ---------  --------  ----------  --------------  -------------------  ----------------------
/opt/airflow/dags/main.py    257  0.01s             3           0  0.23s           2026-08-19T00:22:30                      18
================================================================================
[2026-08-19T00:23:31.172+0000] {manager.py:997} INFO - 
================================================================================
DAG File Processing Stats

File Path                    PID  Runtime      # DAGs    # Errors  Last Runtime    Last Run               Last # of DB Queries
-------------------------  -----  ---------  --------  ----------  --------------  -------------------  ----------------------
/opt/airflow/dags/main.py    264  0.00s             3           0  0.22s           2026-08-19T00:23:01                      18
================================================================================
[2026-08-19T00:23:51.501+0000] {manager.py:821} INFO - Searching for files in /opt/airflow/dags
[2026-08-19T00:23:51.677+0000] {manager.py:824} INFO - There are 1 files in /opt/airflow/dags
[2026-08-19T00:24:01.785+0000] {manager.py:997} INFO - 
================================================================================
DAG File Processing Stats

File Path                    PID  Runtime      # DAGs    # Errors  Last Runtime    Last Run               Last # of DB Queries
-------------------------  -----  ---------  --------  ----------  --------------  -------------------  ----------------------
/opt/airflow/dags/main.py    271  0.00s             3           0  0.23s           2026-08-19T00:23:31                      18
================================================================================
[2026-08-19T00:24:32.052+0000] {manager.py:997} INFO - 
================================================================================
DAG File Processing Stats

File Path                    PID  Runtime      # DAGs    # Errors  Last Runtime    Last Run               Last # of DB Queries
-------------------------  -----  ---------  --------  ----------  --------------  -------------------  ----------------------
/opt/airflow/dags/main.py    278  0.00s             3           0  0.21s           2026-08-19T00:24:01                      18
================================================================================
[2026-08-19T00:25:02.482+0000] {manager.py:997} INFO - 
================================================================================
DAG File Processing Stats

File Path                    PID  Runtime      # DAGs    # Errors  Last Runtime    Last Run               Last # of DB Queries
-------------------------  -----  ---------  --------  ----------  --------------  -------------------  ----------------------
/opt/airflow/dags/main.py    285  0.00s             3           0  0.19s           2026-08-19T00:24:32                      18
================================================================================
[2026-08-19T00:25:32.742+0000] {manager.py:997} INFO - 
================================================================================
DAG File Processing Stats

File Path                    PID  Runtime      # DAGs    # Errors  Last Runtime    Last Run               Last # of DB Queries
-------------------------  -----  ---------  --------  ----------  --------------  -------------------  ----------------------
/opt/airflow/dags/main.py    292  0.00s             3           0  0.23s           2026-08-19T00:25:02                      18
================================================================================
[2026-08-19T00:26:03.176+0000] {manager.py:997} INFO - 
================================================================================
DAG File Processing Stats

File Path                    PID  Runtime      # DAGs    # Errors  Last Runtime    Last Run               Last # of DB Queries
-------------------------  -----  ---------  --------  ----------  --------------  -------------------  ----------------------
/opt/airflow/dags/main.py    299  0.00s             3           0  0.19s           2026-08-19T00:25:32                      18
================================================================================
[2026-08-19T00:26:33.449+0000] {manager.py:997} INFO - 
================================================================================
DAG File Processing Stats

File Path                    PID  Runtime      # DAGs    # Errors  Last Runtime    Last Run               Last # of DB Queries
-------------------------  -----  ---------  --------  ----------  --------------  -------------------  ----------------------
/opt/airflow/dags/main.py    306  0.00s             3           0  0.18s           2026-08-19T00:26:03                      18
================================================================================
[2026-08-19T00:27:03.825+0000] {manager.py:997} INFO - 
================================================================================
DAG File Processing Stats

File Path                    PID  Runtime      # DAGs    # Errors  Last Runtime    Last Run               Last # of DB Queries
-------------------------  -----  ---------  --------  ----------  --------------  -------------------  ----------------------
/opt/airflow/dags/main.py    313  0.00s             3           0  0.24s           2026-08-19T00:26:33                      18
================================================================================
[2026-08-19T00:27:34.156+0000] {manager.py:997} INFO - 
================================================================================
DAG File Processing Stats

File Path                    PID  Runtime      # DAGs    # Errors  Last Runtime    Last Run               Last # of DB Queries
-------------------------  -----  ---------  --------  ----------  --------------  -------------------  ----------------------
/opt/airflow/dags/main.py    320  0.00s             3           0  0.23s           2026-08-19T00:27:04                      18
================================================================================
[2026-08-19T00:28:04.531+0000] {manager.py:997} INFO - 
================================================================================
DAG File Processing Stats

File Path                    PID  Runtime      # DAGs    # Errors  Last Runtime    Last Run               Last # of DB Queries
-------------------------  -----  ---------  --------  ----------  --------------  -------------------  ----------------------
/opt/airflow/dags/main.py    327  0.00s             3           0  0.23s           2026-08-19T00:27:34                      18
================================================================================
[2026-08-19T00:28:34.865+0000] {manager.py:997} INFO - 
================================================================================
DAG File Processing Stats

File Path                    PID  Runtime      # DAGs    # Errors  Last Runtime    Last Run               Last # of DB Queries
-------------------------  -----  ---------  --------  ----------  --------------  -------------------  ----------------------
/opt/airflow/dags/main.py    334  0.00s             3           0  0.22s           2026-08-19T00:28:04                      18
================================================================================
[2026-08-19T00:28:52.107+0000] {manager.py:821} INFO - Searching for files in /opt/airflow/dags
[2026-08-19T00:28:52.232+0000] {manager.py:824} INFO - There are 1 files in /opt/airflow/dags
[2026-08-19T00:29:05.362+0000] {manager.py:997} INFO - 
================================================================================
DAG File Processing Stats

File Path                    PID  Runtime      # DAGs    # Errors  Last Runtime    Last Run               Last # of DB Queries
-------------------------  -----  ---------  --------  ----------  --------------  -------------------  ----------------------
/opt/airflow/dags/main.py    341  0.00s             3           0  0.24s           2026-08-19T00:28:35                      18
================================================================================
[2026-08-19T00:29:35.622+0000] {manager.py:997} INFO - 
================================================================================
DAG File Processing Stats

File Path                    PID  Runtime      # DAGs    # Errors  Last Runtime    Last Run               Last # of DB Queries
-------------------------  -----  ---------  --------  ----------  --------------  -------------------  ----------------------
/opt/airflow/dags/main.py    348  0.00s             3           0  0.21s           2026-08-19T00:29:05                      18
================================================================================
[2026-08-19T00:30:06.053+0000] {manager.py:997} INFO - 
================================================================================
DAG File Processing Stats

File Path                    PID  Runtime      # DAGs    # Errors  Last Runtime    Last Run               Last # of DB Queries
-------------------------  -----  ---------  --------  ----------  --------------  -------------------  ----------------------
/opt/airflow/dags/main.py    355  0.00s             3           0  0.21s           2026-08-19T00:29:35                      18
================================================================================
[2026-08-19T00:30:36.307+0000] {manager.py:997} INFO - 
================================================================================
DAG File Processing Stats

File Path                    PID  Runtime      # DAGs    # Errors  Last Runtime    Last Run               Last # of DB Queries
-------------------------  -----  ---------  --------  ----------  --------------  -------------------  ----------------------
/opt/airflow/dags/main.py    362  0.00s             3           0  0.20s           2026-08-19T00:30:06                      18
================================================================================
[2026-08-19T00:31:06.739+0000] {manager.py:997} INFO - 
================================================================================
DAG File Processing Stats

File Path                    PID  Runtime      # DAGs    # Errors  Last Runtime    Last Run               Last # of DB Queries
-------------------------  -----  ---------  --------  ----------  --------------  -------------------  ----------------------
/opt/airflow/dags/main.py    369  0.00s             3           0  0.24s           2026-08-19T00:30:36                      18
================================================================================
[2026-08-19T00:31:37.011+0000] {manager.py:997} INFO - 
================================================================================
DAG File Processing Stats

File Path                    PID  Runtime      # DAGs    # Errors  Last Runtime    Last Run               Last # of DB Queries
-------------------------  -----  ---------  --------  ----------  --------------  -------------------  ----------------------
/opt/airflow/dags/main.py    376  0.00s             3           0  0.23s           2026-08-19T00:31:06                      18
================================================================================
[2026-08-19T00:32:07.467+0000] {manager.py:997} INFO - 
================================================================================
DAG File Processing Stats

File Path                    PID  Runtime      # DAGs    # Errors  Last Runtime    Last Run               Last # of DB Queries
-------------------------  -----  ---------  --------  ----------  --------------  -------------------  ----------------------
/opt/airflow/dags/main.py    383  0.00s             3           0  0.26s           2026-08-19T00:31:37                      18
================================================================================
[2026-08-19T00:32:37.704+0000] {manager.py:997} INFO - 
================================================================================
DAG File Processing Stats

File Path                  PID    Runtime      # DAGs    # Errors  Last Runtime    Last Run               Last # of DB Queries
-------------------------  -----  ---------  --------  ----------  --------------  -------------------  ----------------------
/opt/airflow/dags/main.py                           3           0  0.25s           2026-08-19T00:32:07                      18
================================================================================
[2026-08-19T00:33:08.194+0000] {manager.py:997} INFO - 
================================================================================
DAG File Processing Stats

File Path                    PID  Runtime      # DAGs    # Errors  Last Runtime    Last Run               Last # of DB Queries
-------------------------  -----  ---------  --------  ----------  --------------  -------------------  ----------------------
/opt/airflow/dags/main.py    397  0.01s             3           0  0.20s           2026-08-19T00:32:38                      18
================================================================================
[2026-08-19T00:33:38.599+0000] {manager.py:997} INFO - 
================================================================================
DAG File Processing Stats

File Path                    PID  Runtime      # DAGs    # Errors  Last Runtime    Last Run               Last # of DB Queries
-------------------------  -----  ---------  --------  ----------  --------------  -------------------  ----------------------
/opt/airflow/dags/main.py    404  0.00s             3           0  0.36s           2026-08-19T00:33:08                      18
================================================================================
[2026-08-19T00:33:52.888+0000] {manager.py:821} INFO - Searching for files in /opt/airflow/dags
[2026-08-19T00:33:52.997+0000] {manager.py:824} INFO - There are 1 files in /opt/airflow/dags
[2026-08-19T00:34:09.154+0000] {manager.py:997} INFO - 
================================================================================
DAG File Processing Stats

File Path                    PID  Runtime      # DAGs    # Errors  Last Runtime    Last Run               Last # of DB Queries
-------------------------  -----  ---------  --------  ----------  --------------  -------------------  ----------------------
/opt/airflow/dags/main.py    411  0.00s             3           0  0.20s           2026-08-19T00:33:38                      18
================================================================================
[2026-08-19T00:34:39.422+0000] {manager.py:997} INFO - 
================================================================================
DAG File Processing Stats

File Path                    PID  Runtime      # DAGs    # Errors  Last Runtime    Last Run               Last # of DB Queries
-------------------------  -----  ---------  --------  ----------  --------------  -------------------  ----------------------
/opt/airflow/dags/main.py    418  0.00s             3           0  0.17s           2026-08-19T00:34:09                      18
================================================================================
[2026-08-19T00:35:09.851+0000] {manager.py:997} INFO - 
================================================================================
DAG File Processing Stats

File Path                    PID  Runtime      # DAGs    # Errors  Last Runtime    Last Run               Last # of DB Queries
-------------------------  -----  ---------  --------  ----------  --------------  -------------------  ----------------------
/opt/airflow/dags/main.py    425  0.00s             3           0  0.18s           2026-08-19T00:34:39                      18
================================================================================
[2026-08-19T00:35:40.103+0000] {manager.py:997} INFO - 
================================================================================
DAG File Processing Stats

File Path                    PID  Runtime      # DAGs    # Errors  Last Runtime    Last Run               Last # of DB Queries
-------------------------  -----  ---------  --------  ----------  --------------  -------------------  ----------------------
/opt/airflow/dags/main.py    432  0.00s             3           0  0.23s           2026-08-19T00:35:10                      18
================================================================================
[2026-08-19T00:36:10.538+0000] {manager.py:997} INFO - 
================================================================================
DAG File Processing Stats

File Path                    PID  Runtime      # DAGs    # Errors  Last Runtime    Last Run               Last # of DB Queries
-------------------------  -----  ---------  --------  ----------  --------------  -------------------  ----------------------
/opt/airflow/dags/main.py    439  0.00s             3           0  0.23s           2026-08-19T00:35:40                      18
================================================================================
[2026-08-19T00:36:40.804+0000] {manager.py:997} INFO - 
================================================================================
DAG File Processing Stats

File Path                    PID  Runtime      # DAGs    # Errors  Last Runtime    Last Run               Last # of DB Queries
-------------------------  -----  ---------  --------  ----------  --------------  -------------------  ----------------------
/opt/airflow/dags/main.py    446  0.01s             3           0  0.21s           2026-08-19T00:36:10                      18
================================================================================
[2026-08-19T00:37:11.226+0000] {manager.py:997} INFO - 
================================================================================
DAG File Processing Stats

File Path                    PID  Runtime      # DAGs    # Errors  Last Runtime    Last Run               Last # of DB Queries
-------------------------  -----  ---------  --------  ----------  --------------  -------------------  ----------------------
/opt/airflow/dags/main.py    453  0.00s             3           0  0.24s           2026-08-19T00:36:41                      18
================================================================================
[2026-08-19T00:37:41.473+0000] {manager.py:997} INFO - 
================================================================================
DAG File Processing Stats

File Path                  PID    Runtime      # DAGs    # Errors  Last Runtime    Last Run               Last # of DB Queries
-------------------------  -----  ---------  --------  ----------  --------------  -------------------  ----------------------
/opt/airflow/dags/main.py                           3           0  0.26s           2026-08-19T00:37:11                      18
================================================================================
[2026-08-19T00:38:11.949+0000] {manager.py:997} INFO - 
================================================================================
DAG File Processing Stats

File Path                  PID    Runtime      # DAGs    # Errors  Last Runtime    Last Run               Last # of DB Queries
-------------------------  -----  ---------  --------  ----------  --------------  -------------------  ----------------------
/opt/airflow/dags/main.py                           3           0  0.23s           2026-08-19T00:37:41                      18
================================================================================
[2026-08-19T00:38:42.474+0000] {manager.py:997} INFO - 
================================================================================
DAG File Processing Stats

File Path                    PID  Runtime      # DAGs    # Errors  Last Runtime    Last Run               Last # of DB Queries
-------------------------  -----  ---------  --------  ----------  --------------  -------------------  ----------------------
/opt/airflow/dags/main.py    474  0.00s             3           0  0.23s           2026-08-19T00:38:12                      18
================================================================================
[2026-08-19T00:38:53.734+0000] {manager.py:821} INFO - Searching for files in /opt/airflow/dags
[2026-08-19T00:38:53.907+0000] {manager.py:824} INFO - There are 1 files in /opt/airflow/dags
